nohup: ignoring input
Namespace(steps=70000, model_name='cifar100_efficiency_models/cifar100_20_no_replay_70000_seed9.net', treatment='FSEML', checkpoint=False, saved_model='FSEML_Model_20260427_main.net', seed=9, seeds=[10], tasks=1, meta_lr=0.0005, meta_lr_schedule_steps=[], meta_lr_schedule_values=[], update_lr=0.1, update_step=10, name='CIFAR100/0_0005/cifar100_20_no_replay_70000_seed9', dataset='CIFAR100', data_root='../data/cifar100', classes_per_task=20, task_protocol='cifar100_protocols/cifar100_20classes_seed9.json', query_scope='global', support_sampling='balanced', no_data_augmentation=False, num_workers=4, encoder_channels=32, latent_dim=128, adapter_dim=256, sparsity_target=0.05, sparsity_weight=0.005, reconstruction_weight=0.1, fisher_reconstruction_weight=0.1, weight_decay_weight=0.0, fda_weight=0.1, commit=False, no_reset=True, rln=6, replay=False, replay_mode='fse', replay_content='decoder', replay_buffer_size=1000, replay_gap=960, replay_rate=0.05, replay_top_p=32, replay_partitions=10, visualize_replay=False, replay_viz_dir='replay_visualizations', replay_viz_max=10, replay_analysis_dir=None, replay_analysis_max_events=0, replay_analysis_plot_events=[], replay_analysis_cumulative_plot_events=[], replay_analysis_cumulative_plot_max_points=0, replay_analysis_track_events=[], replay_analysis_track_all_events=False, replay_analysis_track_count=0, replay_analysis_run_id='20260428_01', replay_analysis_expanded_eval_samples=0, replay_analysis_save_probe_data=False, reconstruction_fidelity=False, reference_classifier=None, final_fidelity_export=False, fidelity_eval_batch_size=128, model='none')
{'steps': 70000, 'model_name': 'cifar100_efficiency_models/cifar100_20_no_replay_70000_seed9.net', 'treatment': 'FSEML', 'checkpoint': False, 'saved_model': 'FSEML_Model_20260427_main.net', 'seed': 9, 'seeds': [10], 'tasks': 1, 'meta_lr': 0.0005, 'meta_lr_schedule_steps': [], 'meta_lr_schedule_values': [], 'update_lr': 0.1, 'update_step': 10, 'name': 'CIFAR100/0_0005/cifar100_20_no_replay_70000_seed9', 'dataset': 'CIFAR100', 'data_root': '../data/cifar100', 'classes_per_task': 20, 'task_protocol': 'cifar100_protocols/cifar100_20classes_seed9.json', 'query_scope': 'global', 'support_sampling': 'balanced', 'no_data_augmentation': False, 'num_workers': 4, 'encoder_channels': 32, 'latent_dim': 128, 'adapter_dim': 256, 'sparsity_target': 0.05, 'sparsity_weight': 0.005, 'reconstruction_weight': 0.1, 'fisher_reconstruction_weight': 0.1, 'weight_decay_weight': 0.0, 'fda_weight': 0.1, 'commit': False, 'no_reset': True, 'rln': 6, 'replay': False, 'replay_mode': 'fse', 'replay_content': 'decoder', 'replay_buffer_size': 1000, 'replay_gap': 960, 'replay_rate': 0.05, 'replay_top_p': 32, 'replay_partitions': 10, 'visualize_replay': False, 'replay_viz_dir': 'replay_visualizations', 'replay_viz_max': 10, 'replay_analysis_dir': None, 'replay_analysis_max_events': 0, 'replay_analysis_plot_events': [], 'replay_analysis_cumulative_plot_events': [], 'replay_analysis_cumulative_plot_max_points': 0, 'replay_analysis_track_events': [], 'replay_analysis_track_all_events': False, 'replay_analysis_track_count': 0, 'replay_analysis_run_id': '20260428_01', 'replay_analysis_expanded_eval_samples': 0, 'replay_analysis_save_probe_data': False, 'reconstruction_fidelity': False, 'reference_classifier': None, 'final_fidelity_export': False, 'fidelity_eval_batch_size': 128, 'model': 'none'}
experiment  : INFO     [32m[32mRun code dir = ANML-master_20260808[0m[0m
experiment  : INFO     [32m[32mRun cwd = /remote-home/elison/FSEML-rewrite-2026/ANML-master_20260808[0m[0m
experiment  : INFO     [32m[32mCommand args = python mrcl_classification.py --dataset CIFAR100 --data-root ../data/cifar100 --classes-per-task 20 --task-protocol cifar100_protocols/cifar100_20classes_seed9.json --model_name cifar100_efficiency_models/cifar100_20_no_replay_70000_seed9.net --steps 70000 --name cifar100_20_no_replay_70000_seed9 --treatment FSEML --seed 9 --tasks 1 --meta_lr 0.0005 --update_lr 0.1 --update_step 10 --num-workers 4 --encoder-channels 32 --latent-dim 128 --adapter-dim 256 --sparsity-target 0.05 --sparsity-weight 0.005 --reconstruction-weight 0.1 --fisher-reconstruction-weight 0.1 --weight-decay-weight 0.0 --fda-weight 0.1 --query-scope global --support-sampling balanced --no-reset --no-replay --replay-mode fse --replay-content decoder --replay-buffer-size 1000 --replay-rate 0.05 --replay-gap 960 --replay-top-p 32 --replay-partitions 10[0m[0m
CIFAR100 found locally: /remote-home/elison/FSEML-rewrite-2026/data/cifar100
CIFAR100 found locally: /remote-home/elison/FSEML-rewrite-2026/data/cifar100
CIFAR100 found locally: /remote-home/elison/FSEML-rewrite-2026/data/cifar100
experiment  : INFO     [32m[32mCIFAR100-20 protocol: 3 meta-train tasks, 2 meta-test tasks; query scope: global; classifier reset: False; support sampling: balanced[0m[0m
experiment  : INFO     [32m[32mMeta-training prediction protocol: global query with unmasked 100-class logits (class-incremental prediction)[0m[0m
experiment  : INFO     [32m[32mReplay protocol: enabled=False, mode=fse, content=decoder, buffer=1000, gap=960 samples, rate=0.0500, top_p=32, partitions=10[0m[0m
experiment  : INFO     [32m[32mstep: 0 	 meta_lr 0.000500 	 training acc 0.046875 and training loss tensor(4.6248, device='cuda:0', grad_fn=<AddBackward0>), loss_auto: tensor(0.3978, device='cuda:0', grad_fn=<AddBackward0>), loss_pre: tensor(4.5850, device='cuda:0', grad_fn=<NllLossBackward0>)[0m[0m
experiment  : INFO     [32m[32mstep: 40 	 meta_lr 0.000500 	 training acc 0.03125 and training loss tensor(4.1418, device='cuda:0', grad_fn=<AddBackward0>), loss_auto: tensor(0.3437, device='cuda:0', grad_fn=<AddBackward0>), loss_pre: tensor(4.1075, device='cuda:0', grad_fn=<NllLossBackward0>)[0m[0m
experiment  : INFO     [32m[32mstep: 80 	 meta_lr 0.000500 	 training acc 0.078125 and training loss tensor(3.8888, device='cuda:0', grad_fn=<AddBackward0>), loss_auto: tensor(0.3131, device='cuda:0', grad_fn=<AddBackward0>), loss_pre: tensor(3.8575, device='cuda:0', grad_fn=<NllLossBackward0>)[0m[0m
experiment  : INFO     [32m[32mstep: 120 	 meta_lr 0.000500 	 training acc 0.109375 and training loss tensor(3.7823, device='cuda:0', grad_fn=<AddBackward0>), loss_auto: tensor(0.3118, device='cuda:0', grad_fn=<AddBackward0>), loss_pre: tensor(3.7511, device='cuda:0', grad_fn=<NllLossBackward0>)[0m[0m
experiment  : INFO     [32m[32mstep: 160 	 meta_lr 0.000500 	 training acc 0.046875 and training loss tensor(3.6146, device='cuda:0', grad_fn=<AddBackward0>), loss_auto: tensor(0.3131, device='cuda:0', grad_fn=<AddBackward0>), loss_pre: tensor(3.5833, device='cuda:0', grad_fn=<NllLossBackward0>)[0m[0m
experiment  : INFO     [32m[32mstep: 200 	 meta_lr 0.000500 	 training acc 0.09375 and training loss tensor(3.5928, device='cuda:0', grad_fn=<AddBackward0>), loss_auto: tensor(0.3093, device='cuda:0', grad_fn=<AddBackward0>), loss_pre: tensor(3.5619, device='cuda:0', grad_fn=<NllLossBackward0>)[0m[0m
experiment  : INFO     [32m[32mstep: 240 	 meta_lr 0.000500 	 training acc 0.078125 and training loss tensor(3.5065, device='cuda:0', grad_fn=<AddBackward0>), loss_auto: tensor(0.3236, device='cuda:0', grad_fn=<AddBackward0>), loss_pre: tensor(3.4741, device='cuda:0', grad_fn=<NllLossBackward0>)[0m[0m
experiment  : INFO     [32m[32mstep: 280 	 meta_lr 0.000500 	 training acc 0.109375 and training loss tensor(3.5386, device='cuda:0', grad_fn=<AddBackward0>), loss_auto: tensor(0.3096, device='cuda:0', grad_fn=<AddBackward0>), loss_pre: tensor(3.5077, device='cuda:0', grad_fn=<NllLossBackward0>)[0m[0m
experiment  : INFO     [32m[32mstep: 320 	 meta_lr 0.000500 	 training acc 0.109375 and training loss tensor(3.4456, device='cuda:0', grad_fn=<AddBackward0>), loss_auto: tensor(0.3200, device='cuda:0', grad_fn=<AddBackward0>), loss_pre: tensor(3.4136, device='cuda:0', grad_fn=<NllLossBackward0>)[0m[0m
experiment  : INFO     [32m[32mstep: 360 	 meta_lr 0.000500 	 training acc 0.171875 and training loss tensor(3.5076, device='cuda:0', grad_fn=<AddBackward0>), loss_auto: tensor(0.3060, device='cuda:0', grad_fn=<AddBackward0>), loss_pre: tensor(3.4770, device='cuda:0', grad_fn=<NllLossBackward0>)[0m[0m
experiment  : INFO     [32m[32mstep: 400 	 meta_lr 0.000500 	 training acc 0.09375 and training loss tensor(3.4934, device='cuda:0', grad_fn=<AddBackward0>), loss_auto: tensor(0.3196, device='cuda:0', grad_fn=<AddBackward0>), loss_pre: tensor(3.4614, device='cuda:0', grad_fn=<NllLossBackward0>)[0m[0m
experiment  : INFO     [32m[32mstep: 440 	 meta_lr 0.000500 	 training acc 0.140625 and training loss tensor(3.1920, device='cuda:0', grad_fn=<AddBackward0>), loss_auto: tensor(0.3123, device='cuda:0', grad_fn=<AddBackward0>), loss_pre: tensor(3.1608, device='cuda:0', grad_fn=<NllLossBackward0>)[0m[0m
experiment  : INFO     [32m[32mstep: 480 	 meta_lr 0.000500 	 training acc 0.171875 and training loss tensor(3.3826, device='cuda:0', grad_fn=<AddBackward0>), loss_auto: tensor(0.3218, device='cuda:0', grad_fn=<AddBackward0>), loss_pre: tensor(3.3505, device='cuda:0', grad_fn=<NllLossBackward0>)[0m[0m
experiment  : INFO     [32m[32mTrain Accuracy = 0.18665780141843974[0m[0m
experiment  : INFO     [32m[32mTest Accuracy = 0.0[0m[0m
experiment  : INFO     [32m[32mstep: 520 	 meta_lr 0.000500 	 training acc 0.15625 and training loss tensor(3.3645, device='cuda:0', grad_fn=<AddBackward0>), loss_auto: tensor(0.3079, device='cuda:0', grad_fn=<AddBackward0>), loss_pre: tensor(3.3337, device='cuda:0', grad_fn=<NllLossBackward0>)[0m[0m
experiment  : INFO     [32m[32mstep: 560 	 meta_lr 0.000500 	 training acc 0.171875 and training loss tensor(3.2321, device='cuda:0', grad_fn=<AddBackward0>), loss_auto: tensor(0.3071, device='cuda:0', grad_fn=<AddBackward0>), loss_pre: tensor(3.2014, device='cuda:0', grad_fn=<NllLossBackward0>)[0m[0m
experiment  : INFO     [32m[32mstep: 600 	 meta_lr 0.000500 	 training acc 0.125 and training loss tensor(3.3254, device='cuda:0', grad_fn=<AddBackward0>), loss_auto: tensor(0.3076, device='cuda:0', grad_fn=<AddBackward0>), loss_pre: tensor(3.2946, device='cuda:0', grad_fn=<NllLossBackward0>)[0m[0m
experiment  : INFO     [32m[32mstep: 640 	 meta_lr 0.000500 	 training acc 0.09375 and training loss tensor(3.3182, device='cuda:0', grad_fn=<AddBackward0>), loss_auto: tensor(0.3055, device='cuda:0', grad_fn=<AddBackward0>), loss_pre: tensor(3.2876, device='cuda:0', grad_fn=<NllLossBackward0>)[0m[0m
experiment  : INFO     [32m[32mstep: 680 	 meta_lr 0.000500 	 training acc 0.265625 and training loss tensor(2.9047, device='cuda:0', grad_fn=<AddBackward0>), loss_auto: tensor(0.3103, device='cuda:0', grad_fn=<AddBackward0>), loss_pre: tensor(2.8737, device='cuda:0', grad_fn=<NllLossBackward0>)[0m[0m
experiment  : INFO     [32m[32mstep: 720 	 meta_lr 0.000500 	 training acc 0.109375 and training loss tensor(3.3454, device='cuda:0', grad_fn=<AddBackward0>), loss_auto: tensor(0.3167, device='cuda:0', grad_fn=<AddBackward0>), loss_pre: tensor(3.3137, device='cuda:0', grad_fn=<NllLossBackward0>)[0m[0m
experiment  : INFO     [32m[32mstep: 760 	 meta_lr 0.000500 	 training acc 0.140625 and training loss tensor(3.1707, device='cuda:0', grad_fn=<AddBackward0>), loss_auto: tensor(0.3072, device='cuda:0', grad_fn=<AddBackward0>), loss_pre: tensor(3.1400, device='cuda:0', grad_fn=<NllLossBackward0>)[0m[0m
experiment  : INFO     [32m[32mstep: 800 	 meta_lr 0.000500 	 training acc 0.265625 and training loss tensor(3.2069, device='cuda:0', grad_fn=<AddBackward0>), loss_auto: tensor(0.3123, device='cuda:0', grad_fn=<AddBackward0>), loss_pre: tensor(3.1757, device='cuda:0', grad_fn=<NllLossBackward0>)[0m[0m
experiment  : INFO     [32m[32mstep: 840 	 meta_lr 0.000500 	 training acc 0.171875 and training loss tensor(3.7470, device='cuda:0', grad_fn=<AddBackward0>), loss_auto: tensor(0.3023, device='cuda:0', grad_fn=<AddBackward0>), loss_pre: tensor(3.7168, device='cuda:0', grad_fn=<NllLossBackward0>)[0m[0m
experiment  : INFO     [32m[32mstep: 880 	 meta_lr 0.000500 	 training acc 0.1875 and training loss tensor(3.0956, device='cuda:0', grad_fn=<AddBackward0>), loss_auto: tensor(0.3142, device='cuda:0', grad_fn=<AddBackward0>), loss_pre: tensor(3.0641, device='cuda:0', grad_fn=<NllLossBackward0>)[0m[0m
experiment  : INFO     [32m[32mstep: 920 	 meta_lr 0.000500 	 training acc 0.171875 and training loss tensor(3.0038, device='cuda:0', grad_fn=<AddBackward0>), loss_auto: tensor(0.2997, device='cuda:0', grad_fn=<AddBackward0>), loss_pre: tensor(2.9739, device='cuda:0', grad_fn=<NllLossBackward0>)[0m[0m
experiment  : INFO     [32m[32mstep: 960 	 meta_lr 0.000500 	 training acc 0.296875 and training loss tensor(2.8168, device='cuda:0', grad_fn=<AddBackward0>), loss_auto: tensor(0.3063, device='cuda:0', grad_fn=<AddBackward0>), loss_pre: tensor(2.7861, device='cuda:0', grad_fn=<NllLossBackward0>)[0m[0m
experiment  : INFO     [32m[32mstep: 1000 	 meta_lr 0.000500 	 training acc 0.28125 and training loss tensor(2.9463, device='cuda:0', grad_fn=<AddBackward0>), loss_auto: tensor(0.3145, device='cuda:0', grad_fn=<AddBackward0>), loss_pre: tensor(2.9148, device='cuda:0', grad_fn=<NllLossBackward0>)[0m[0m
experiment  : INFO     [32m[32mTrain Accuracy = 0.24469193262411346[0m[0m
experiment  : INFO     [32m[32mTest Accuracy = 0.0[0m[0m
experiment  : INFO     [32m[32mstep: 1040 	 meta_lr 0.000500 	 training acc 0.15625 and training loss tensor(3.2522, device='cuda:0', grad_fn=<AddBackward0>), loss_auto: tensor(0.3017, device='cuda:0', grad_fn=<AddBackward0>), loss_pre: tensor(3.2221, device='cuda:0', grad_fn=<NllLossBackward0>)[0m[0m
experiment  : INFO     [32m[32mstep: 1080 	 meta_lr 0.000500 	 training acc 0.25 and training loss tensor(3.3363, device='cuda:0', grad_fn=<AddBackward0>), loss_auto: tensor(0.3120, device='cuda:0', grad_fn=<AddBackward0>), loss_pre: tensor(3.3051, device='cuda:0', grad_fn=<NllLossBackward0>)[0m[0m
experiment  : INFO     [32m[32mstep: 1120 	 meta_lr 0.000500 	 training acc 0.21875 and training loss tensor(3.1065, device='cuda:0', grad_fn=<AddBackward0>), loss_auto: tensor(0.3063, device='cuda:0', grad_fn=<AddBackward0>), loss_pre: tensor(3.0758, device='cuda:0', grad_fn=<NllLossBackward0>)[0m[0m
experiment  : INFO     [32m[32mstep: 1160 	 meta_lr 0.000500 	 training acc 0.265625 and training loss tensor(2.9152, device='cuda:0', grad_fn=<AddBackward0>), loss_auto: tensor(0.3007, device='cuda:0', grad_fn=<AddBackward0>), loss_pre: tensor(2.8851, device='cuda:0', grad_fn=<NllLossBackward0>)[0m[0m
experiment  : INFO     [32m[32mstep: 1200 	 meta_lr 0.000500 	 training acc 0.25 and training loss tensor(3.0287, device='cuda:0', grad_fn=<AddBackward0>), loss_auto: tensor(0.3153, device='cuda:0', grad_fn=<AddBackward0>), loss_pre: tensor(2.9971, device='cuda:0', grad_fn=<NllLossBackward0>)[0m[0m
experiment  : INFO     [32m[32mstep: 1240 	 meta_lr 0.000500 	 training acc 0.265625 and training loss tensor(2.8771, device='cuda:0', grad_fn=<AddBackward0>), loss_auto: tensor(0.3163, device='cuda:0', grad_fn=<AddBackward0>), loss_pre: tensor(2.8455, device='cuda:0', grad_fn=<NllLossBackward0>)[0m[0m
experiment  : INFO     [32m[32mstep: 1280 	 meta_lr 0.000500 	 training acc 0.328125 and training loss tensor(2.9346, device='cuda:0', grad_fn=<AddBackward0>), loss_auto: tensor(0.3091, device='cuda:0', grad_fn=<AddBackward0>), loss_pre: tensor(2.9037, device='cuda:0', grad_fn=<NllLossBackward0>)[0m[0m
experiment  : INFO     [32m[32mstep: 1320 	 meta_lr 0.000500 	 training acc 0.15625 and training loss tensor(3.8714, device='cuda:0', grad_fn=<AddBackward0>), loss_auto: tensor(0.3052, device='cuda:0', grad_fn=<AddBackward0>), loss_pre: tensor(3.8408, device='cuda:0', grad_fn=<NllLossBackward0>)[0m[0m
experiment  : INFO     [32m[32mstep: 1360 	 meta_lr 0.000500 	 training acc 0.3125 and training loss tensor(2.8707, device='cuda:0', grad_fn=<AddBackward0>), loss_auto: tensor(0.3118, device='cuda:0', grad_fn=<AddBackward0>), loss_pre: tensor(2.8395, device='cuda:0', grad_fn=<NllLossBackward0>)[0m[0m
experiment  : INFO     [32m[32mstep: 1400 	 meta_lr 0.000500 	 training acc 0.25 and training loss tensor(2.9622, device='cuda:0', grad_fn=<AddBackward0>), loss_auto: tensor(0.3120, device='cuda:0', grad_fn=<AddBackward0>), loss_pre: tensor(2.9310, device='cuda:0', grad_fn=<NllLossBackward0>)[0m[0m
experiment  : INFO     [32m[32mstep: 1440 	 meta_lr 0.000500 	 training acc 0.234375 and training loss tensor(2.9085, device='cuda:0', grad_fn=<AddBackward0>), loss_auto: tensor(0.2983, device='cuda:0', grad_fn=<AddBackward0>), loss_pre: tensor(2.8787, device='cuda:0', grad_fn=<NllLossBackward0>)[0m[0m
experiment  : INFO     [32m[32mstep: 1480 	 meta_lr 0.000500 	 training acc 0.28125 and training loss tensor(2.6641, device='cuda:0', grad_fn=<AddBackward0>), loss_auto: tensor(0.3087, device='cuda:0', grad_fn=<AddBackward0>), loss_pre: tensor(2.6332, device='cuda:0', grad_fn=<NllLossBackward0>)[0m[0m
experiment  : INFO     [32m[32mTrain Accuracy = 0.3104831560283688[0m[0m
experiment  : INFO     [32m[32mTest Accuracy = 0.0[0m[0m
experiment  : INFO     [32m[32mstep: 1520 	 meta_lr 0.000500 	 training acc 0.28125 and training loss tensor(2.6705, device='cuda:0', grad_fn=<AddBackward0>), loss_auto: tensor(0.3064, device='cuda:0', grad_fn=<AddBackward0>), loss_pre: tensor(2.6398, device='cuda:0', grad_fn=<NllLossBackward0>)[0m[0m
experiment  : INFO     [32m[32mstep: 1560 	 meta_lr 0.000500 	 training acc 0.25 and training loss tensor(2.7220, device='cuda:0', grad_fn=<AddBackward0>), loss_auto: tensor(0.2961, device='cuda:0', grad_fn=<AddBackward0>), loss_pre: tensor(2.6924, device='cuda:0', grad_fn=<NllLossBackward0>)[0m[0m
experiment  : INFO     [32m[32mstep: 1600 	 meta_lr 0.000500 	 training acc 0.234375 and training loss tensor(2.7145, device='cuda:0', grad_fn=<AddBackward0>), loss_auto: tensor(0.3079, device='cuda:0', grad_fn=<AddBackward0>), loss_pre: tensor(2.6837, device='cuda:0', grad_fn=<NllLossBackward0>)[0m[0m
experiment  : INFO     [32m[32mstep: 1640 	 meta_lr 0.000500 	 training acc 0.296875 and training loss tensor(2.5794, device='cuda:0', grad_fn=<AddBackward0>), loss_auto: tensor(0.3104, device='cuda:0', grad_fn=<AddBackward0>), loss_pre: tensor(2.5484, device='cuda:0', grad_fn=<NllLossBackward0>)[0m[0m
experiment  : INFO     [32m[32mstep: 1680 	 meta_lr 0.000500 	 training acc 0.140625 and training loss tensor(2.9785, device='cuda:0', grad_fn=<AddBackward0>), loss_auto: tensor(0.3043, device='cuda:0', grad_fn=<AddBackward0>), loss_pre: tensor(2.9481, device='cuda:0', grad_fn=<NllLossBackward0>)[0m[0m
experiment  : INFO     [32m[32mstep: 1720 	 meta_lr 0.000500 	 training acc 0.296875 and training loss tensor(2.9361, device='cuda:0', grad_fn=<AddBackward0>), loss_auto: tensor(0.3030, device='cuda:0', grad_fn=<AddBackward0>), loss_pre: tensor(2.9058, device='cuda:0', grad_fn=<NllLossBackward0>)[0m[0m
experiment  : INFO     [32m[32mstep: 1760 	 meta_lr 0.000500 	 training acc 0.40625 and training loss tensor(2.3726, device='cuda:0', grad_fn=<AddBackward0>), loss_auto: tensor(0.2948, device='cuda:0', grad_fn=<AddBackward0>), loss_pre: tensor(2.3432, device='cuda:0', grad_fn=<NllLossBackward0>)[0m[0m
experiment  : INFO     [32m[32mstep: 1800 	 meta_lr 0.000500 	 training acc 0.375 and training loss tensor(2.6009, device='cuda:0', grad_fn=<AddBackward0>), loss_auto: tensor(0.3123, device='cuda:0', grad_fn=<AddBackward0>), loss_pre: tensor(2.5697, device='cuda:0', grad_fn=<NllLossBackward0>)[0m[0m
experiment  : INFO     [32m[32mstep: 1840 	 meta_lr 0.000500 	 training acc 0.1875 and training loss tensor(2.6337, device='cuda:0', grad_fn=<AddBackward0>), loss_auto: tensor(0.3038, device='cuda:0', grad_fn=<AddBackward0>), loss_pre: tensor(2.6033, device='cuda:0', grad_fn=<NllLossBackward0>)[0m[0m
experiment  : INFO     [32m[32mstep: 1880 	 meta_lr 0.000500 	 training acc 0.171875 and training loss tensor(3.1202, device='cuda:0', grad_fn=<AddBackward0>), loss_auto: tensor(0.3096, device='cuda:0', grad_fn=<AddBackward0>), loss_pre: tensor(3.0892, device='cuda:0', grad_fn=<NllLossBackward0>)[0m[0m
experiment  : INFO     [32m[32mstep: 1920 	 meta_lr 0.000500 	 training acc 0.1875 and training loss tensor(3.0327, device='cuda:0', grad_fn=<AddBackward0>), loss_auto: tensor(0.3108, device='cuda:0', grad_fn=<AddBackward0>), loss_pre: tensor(3.0016, device='cuda:0', grad_fn=<NllLossBackward0>)[0m[0m
experiment  : INFO     [32m[32mstep: 1960 	 meta_lr 0.000500 	 training acc 0.234375 and training loss tensor(2.8284, device='cuda:0', grad_fn=<AddBackward0>), loss_auto: tensor(0.3057, device='cuda:0', grad_fn=<AddBackward0>), loss_pre: tensor(2.7978, device='cuda:0', grad_fn=<NllLossBackward0>)[0m[0m
experiment  : INFO     [32m[32mstep: 2000 	 meta_lr 0.000500 	 training acc 0.296875 and training loss tensor(2.9063, device='cuda:0', grad_fn=<AddBackward0>), loss_auto: tensor(0.3128, device='cuda:0', grad_fn=<AddBackward0>), loss_pre: tensor(2.8750, device='cuda:0', grad_fn=<NllLossBackward0>)[0m[0m
experiment  : INFO     [32m[32mTrain Accuracy = 0.35787898936170215[0m[0m
experiment  : INFO     [32m[32mTest Accuracy = 0.0[0m[0m
experiment  : INFO     [32m[32mstep: 2040 	 meta_lr 0.000500 	 training acc 0.265625 and training loss tensor(2.5489, device='cuda:0', grad_fn=<AddBackward0>), loss_auto: tensor(0.3005, device='cuda:0', grad_fn=<AddBackward0>), loss_pre: tensor(2.5189, device='cuda:0', grad_fn=<NllLossBackward0>)[0m[0m
experiment  : INFO     [32m[32mstep: 2080 	 meta_lr 0.000500 	 training acc 0.328125 and training loss tensor(2.7300, device='cuda:0', grad_fn=<AddBackward0>), loss_auto: tensor(0.3035, device='cuda:0', grad_fn=<AddBackward0>), loss_pre: tensor(2.6997, device='cuda:0', grad_fn=<NllLossBackward0>)[0m[0m
experiment  : INFO     [32m[32mstep: 2120 	 meta_lr 0.000500 	 training acc 0.328125 and training loss tensor(2.4270, device='cuda:0', grad_fn=<AddBackward0>), loss_auto: tensor(0.3033, device='cuda:0', grad_fn=<AddBackward0>), loss_pre: tensor(2.3966, device='cuda:0', grad_fn=<NllLossBackward0>)[0m[0m
experiment  : INFO     [32m[32mstep: 2160 	 meta_lr 0.000500 	 training acc 0.3125 and training loss tensor(2.7708, device='cuda:0', grad_fn=<AddBackward0>), loss_auto: tensor(0.3196, device='cuda:0', grad_fn=<AddBackward0>), loss_pre: tensor(2.7388, device='cuda:0', grad_fn=<NllLossBackward0>)[0m[0m
experiment  : INFO     [32m[32mstep: 2200 	 meta_lr 0.000500 	 training acc 0.34375 and training loss tensor(2.5034, device='cuda:0', grad_fn=<AddBackward0>), loss_auto: tensor(0.3119, device='cuda:0', grad_fn=<AddBackward0>), loss_pre: tensor(2.4722, device='cuda:0', grad_fn=<NllLossBackward0>)[0m[0m
experiment  : INFO     [32m[32mstep: 2240 	 meta_lr 0.000500 	 training acc 0.265625 and training loss tensor(2.7485, device='cuda:0', grad_fn=<AddBackward0>), loss_auto: tensor(0.3009, device='cuda:0', grad_fn=<AddBackward0>), loss_pre: tensor(2.7185, device='cuda:0', grad_fn=<NllLossBackward0>)[0m[0m
experiment  : INFO     [32m[32mstep: 2280 	 meta_lr 0.000500 	 training acc 0.25 and training loss tensor(2.6376, device='cuda:0', grad_fn=<AddBackward0>), loss_auto: tensor(0.3053, device='cuda:0', grad_fn=<AddBackward0>), loss_pre: tensor(2.6071, device='cuda:0', grad_fn=<NllLossBackward0>)[0m[0m
experiment  : INFO     [32m[32mstep: 2320 	 meta_lr 0.000500 	 training acc 0.328125 and training loss tensor(2.5999, device='cuda:0', grad_fn=<AddBackward0>), loss_auto: tensor(0.3080, device='cuda:0', grad_fn=<AddBackward0>), loss_pre: tensor(2.5691, device='cuda:0', grad_fn=<NllLossBackward0>)[0m[0m
experiment  : INFO     [32m[32mstep: 2360 	 meta_lr 0.000500 	 training acc 0.28125 and training loss tensor(2.7265, device='cuda:0', grad_fn=<AddBackward0>), loss_auto: tensor(0.3055, device='cuda:0', grad_fn=<AddBackward0>), loss_pre: tensor(2.6959, device='cuda:0', grad_fn=<NllLossBackward0>)[0m[0m
experiment  : INFO     [32m[32mstep: 2400 	 meta_lr 0.000500 	 training acc 0.328125 and training loss tensor(2.6306, device='cuda:0', grad_fn=<AddBackward0>), loss_auto: tensor(0.3011, device='cuda:0', grad_fn=<AddBackward0>), loss_pre: tensor(2.6005, device='cuda:0', grad_fn=<NllLossBackward0>)[0m[0m
experiment  : INFO     [32m[32mstep: 2440 	 meta_lr 0.000500 	 training acc 0.296875 and training loss tensor(2.7197, device='cuda:0', grad_fn=<AddBackward0>), loss_auto: tensor(0.3055, device='cuda:0', grad_fn=<AddBackward0>), loss_pre: tensor(2.6892, device='cuda:0', grad_fn=<NllLossBackward0>)[0m[0m
experiment  : INFO     [32m[32mstep: 2480 	 meta_lr 0.000500 	 training acc 0.4375 and training loss tensor(2.3375, device='cuda:0', grad_fn=<AddBackward0>), loss_auto: tensor(0.3047, device='cuda:0', grad_fn=<AddBackward0>), loss_pre: tensor(2.3070, device='cuda:0', grad_fn=<NllLossBackward0>)[0m[0m
experiment  : INFO     [32m[32mTrain Accuracy = 0.37995345744680853[0m[0m
experiment  : INFO     [32m[32mTest Accuracy = 0.0[0m[0m
experiment  : INFO     [32m[32mstep: 2520 	 meta_lr 0.000500 	 training acc 0.265625 and training loss tensor(2.8876, device='cuda:0', grad_fn=<AddBackward0>), loss_auto: tensor(0.3098, device='cuda:0', grad_fn=<AddBackward0>), loss_pre: tensor(2.8567, device='cuda:0', grad_fn=<NllLossBackward0>)[0m[0m
experiment  : INFO     [32m[32mstep: 2560 	 meta_lr 0.000500 	 training acc 0.34375 and training loss tensor(2.4030, device='cuda:0', grad_fn=<AddBackward0>), loss_auto: tensor(0.3009, device='cuda:0', grad_fn=<AddBackward0>), loss_pre: tensor(2.3729, device='cuda:0', grad_fn=<NllLossBackward0>)[0m[0m
experiment  : INFO     [32m[32mstep: 2600 	 meta_lr 0.000500 	 training acc 0.28125 and training loss tensor(2.6669, device='cuda:0', grad_fn=<AddBackward0>), loss_auto: tensor(0.3019, device='cuda:0', grad_fn=<AddBackward0>), loss_pre: tensor(2.6367, device='cuda:0', grad_fn=<NllLossBackward0>)[0m[0m
experiment  : INFO     [32m[32mstep: 2640 	 meta_lr 0.000500 	 training acc 0.390625 and training loss tensor(2.5433, device='cuda:0', grad_fn=<AddBackward0>), loss_auto: tensor(0.3149, device='cuda:0', grad_fn=<AddBackward0>), loss_pre: tensor(2.5118, device='cuda:0', grad_fn=<NllLossBackward0>)[0m[0m
experiment  : INFO     [32m[32mstep: 2680 	 meta_lr 0.000500 	 training acc 0.40625 and training loss tensor(2.2591, device='cuda:0', grad_fn=<AddBackward0>), loss_auto: tensor(0.3081, device='cuda:0', grad_fn=<AddBackward0>), loss_pre: tensor(2.2283, device='cuda:0', grad_fn=<NllLossBackward0>)[0m[0m
experiment  : INFO     [32m[32mstep: 2720 	 meta_lr 0.000500 	 training acc 0.359375 and training loss tensor(2.4028, device='cuda:0', grad_fn=<AddBackward0>), loss_auto: tensor(0.3150, device='cuda:0', grad_fn=<AddBackward0>), loss_pre: tensor(2.3713, device='cuda:0', grad_fn=<NllLossBackward0>)[0m[0m
experiment  : INFO     [32m[32mstep: 2760 	 meta_lr 0.000500 	 training acc 0.421875 and training loss tensor(2.4006, device='cuda:0', grad_fn=<AddBackward0>), loss_auto: tensor(0.3115, device='cuda:0', grad_fn=<AddBackward0>), loss_pre: tensor(2.3694, device='cuda:0', grad_fn=<NllLossBackward0>)[0m[0m
experiment  : INFO     [32m[32mstep: 2800 	 meta_lr 0.000500 	 training acc 0.359375 and training loss tensor(2.5536, device='cuda:0', grad_fn=<AddBackward0>), loss_auto: tensor(0.3027, device='cuda:0', grad_fn=<AddBackward0>), loss_pre: tensor(2.5233, device='cuda:0', grad_fn=<NllLossBackward0>)[0m[0m
experiment  : INFO     [32m[32mstep: 2840 	 meta_lr 0.000500 	 training acc 0.34375 and training loss tensor(2.7336, device='cuda:0', grad_fn=<AddBackward0>), loss_auto: tensor(0.3008, device='cuda:0', grad_fn=<AddBackward0>), loss_pre: tensor(2.7035, device='cuda:0', grad_fn=<NllLossBackward0>)[0m[0m
experiment  : INFO     [32m[32mstep: 2880 	 meta_lr 0.000500 	 training acc 0.3125 and training loss tensor(2.5460, device='cuda:0', grad_fn=<AddBackward0>), loss_auto: tensor(0.3131, device='cuda:0', grad_fn=<AddBackward0>), loss_pre: tensor(2.5147, device='cuda:0', grad_fn=<NllLossBackward0>)[0m[0m
experiment  : INFO     [32m[32mstep: 2920 	 meta_lr 0.000500 	 training acc 0.359375 and training loss tensor(2.6287, device='cuda:0', grad_fn=<AddBackward0>), loss_auto: tensor(0.3003, device='cuda:0', grad_fn=<AddBackward0>), loss_pre: tensor(2.5987, device='cuda:0', grad_fn=<NllLossBackward0>)[0m[0m
experiment  : INFO     [32m[32mstep: 2960 	 meta_lr 0.000500 	 training acc 0.359375 and training loss tensor(2.5488, device='cuda:0', grad_fn=<AddBackward0>), loss_auto: tensor(0.2979, device='cuda:0', grad_fn=<AddBackward0>), loss_pre: tensor(2.5190, device='cuda:0', grad_fn=<NllLossBackward0>)[0m[0m
experiment  : INFO     [32m[32mstep: 3000 	 meta_lr 0.000500 	 training acc 0.5 and training loss tensor(2.0018, device='cuda:0', grad_fn=<AddBackward0>), loss_auto: tensor(0.3123, device='cuda:0', grad_fn=<AddBackward0>), loss_pre: tensor(1.9706, device='cuda:0', grad_fn=<NllLossBackward0>)[0m[0m
experiment  : INFO     [32m[32mTrain Accuracy = 0.4023492907801418[0m[0m
experiment  : INFO     [32m[32mTest Accuracy = 0.0[0m[0m
experiment  : INFO     [32m[32mstep: 3040 	 meta_lr 0.000500 	 training acc 0.484375 and training loss tensor(2.0037, device='cuda:0', grad_fn=<AddBackward0>), loss_auto: tensor(0.3088, device='cuda:0', grad_fn=<AddBackward0>), loss_pre: tensor(1.9728, device='cuda:0', grad_fn=<NllLossBackward0>)[0m[0m
experiment  : INFO     [32m[32mstep: 3080 	 meta_lr 0.000500 	 training acc 0.375 and training loss tensor(2.6520, device='cuda:0', grad_fn=<AddBackward0>), loss_auto: tensor(0.3105, device='cuda:0', grad_fn=<AddBackward0>), loss_pre: tensor(2.6210, device='cuda:0', grad_fn=<NllLossBackward0>)[0m[0m
experiment  : INFO     [32m[32mstep: 3120 	 meta_lr 0.000500 	 training acc 0.375 and training loss tensor(2.4105, device='cuda:0', grad_fn=<AddBackward0>), loss_auto: tensor(0.2965, device='cuda:0', grad_fn=<AddBackward0>), loss_pre: tensor(2.3809, device='cuda:0', grad_fn=<NllLossBackward0>)[0m[0m
experiment  : INFO     [32m[32mstep: 3160 	 meta_lr 0.000500 	 training acc 0.4375 and training loss tensor(2.2407, device='cuda:0', grad_fn=<AddBackward0>), loss_auto: tensor(0.3133, device='cuda:0', grad_fn=<AddBackward0>), loss_pre: tensor(2.2094, device='cuda:0', grad_fn=<NllLossBackward0>)[0m[0m
experiment  : INFO     [32m[32mstep: 3200 	 meta_lr 0.000500 	 training acc 0.359375 and training loss tensor(2.1197, device='cuda:0', grad_fn=<AddBackward0>), loss_auto: tensor(0.3174, device='cuda:0', grad_fn=<AddBackward0>), loss_pre: tensor(2.0880, device='cuda:0', grad_fn=<NllLossBackward0>)[0m[0m
experiment  : INFO     [32m[32mstep: 3240 	 meta_lr 0.000500 	 training acc 0.34375 and training loss tensor(2.5924, device='cuda:0', grad_fn=<AddBackward0>), loss_auto: tensor(0.2951, device='cuda:0', grad_fn=<AddBackward0>), loss_pre: tensor(2.5629, device='cuda:0', grad_fn=<NllLossBackward0>)[0m[0m
experiment  : INFO     [32m[32mstep: 3280 	 meta_lr 0.000500 	 training acc 0.265625 and training loss tensor(2.7177, device='cuda:0', grad_fn=<AddBackward0>), loss_auto: tensor(0.2965, device='cuda:0', grad_fn=<AddBackward0>), loss_pre: tensor(2.6881, device='cuda:0', grad_fn=<NllLossBackward0>)[0m[0m
experiment  : INFO     [32m[32mstep: 3320 	 meta_lr 0.000500 	 training acc 0.421875 and training loss tensor(2.4505, device='cuda:0', grad_fn=<AddBackward0>), loss_auto: tensor(0.3008, device='cuda:0', grad_fn=<AddBackward0>), loss_pre: tensor(2.4204, device='cuda:0', grad_fn=<NllLossBackward0>)[0m[0m
experiment  : INFO     [32m[32mstep: 3360 	 meta_lr 0.000500 	 training acc 0.3125 and training loss tensor(2.4307, device='cuda:0', grad_fn=<AddBackward0>), loss_auto: tensor(0.3129, device='cuda:0', grad_fn=<AddBackward0>), loss_pre: tensor(2.3994, device='cuda:0', grad_fn=<NllLossBackward0>)[0m[0m
experiment  : INFO     [32m[32mstep: 3400 	 meta_lr 0.000500 	 training acc 0.46875 and training loss tensor(2.1886, device='cuda:0', grad_fn=<AddBackward0>), loss_auto: tensor(0.3038, device='cuda:0', grad_fn=<AddBackward0>), loss_pre: tensor(2.1582, device='cuda:0', grad_fn=<NllLossBackward0>)[0m[0m
experiment  : INFO     [32m[32mstep: 3440 	 meta_lr 0.000500 	 training acc 0.4375 and training loss tensor(2.2730, device='cuda:0', grad_fn=<AddBackward0>), loss_auto: tensor(0.3043, device='cuda:0', grad_fn=<AddBackward0>), loss_pre: tensor(2.2426, device='cuda:0', grad_fn=<NllLossBackward0>)[0m[0m
experiment  : INFO     [32m[32mstep: 3480 	 meta_lr 0.000500 	 training acc 0.515625 and training loss tensor(1.9162, device='cuda:0', grad_fn=<AddBackward0>), loss_auto: tensor(0.3017, device='cuda:0', grad_fn=<AddBackward0>), loss_pre: tensor(1.8860, device='cuda:0', grad_fn=<NllLossBackward0>)[0m[0m
experiment  : INFO     [32m[32mTrain Accuracy = 0.454332890070922[0m[0m
experiment  : INFO     [32m[32mTest Accuracy = 0.0[0m[0m
experiment  : INFO     [32m[32mstep: 3520 	 meta_lr 0.000500 	 training acc 0.34375 and training loss tensor(2.2932, device='cuda:0', grad_fn=<AddBackward0>), loss_auto: tensor(0.3121, device='cuda:0', grad_fn=<AddBackward0>), loss_pre: tensor(2.2620, device='cuda:0', grad_fn=<NllLossBackward0>)[0m[0m
experiment  : INFO     [32m[32mstep: 3560 	 meta_lr 0.000500 	 training acc 0.34375 and training loss tensor(2.4114, device='cuda:0', grad_fn=<AddBackward0>), loss_auto: tensor(0.3115, device='cuda:0', grad_fn=<AddBackward0>), loss_pre: tensor(2.3803, device='cuda:0', grad_fn=<NllLossBackward0>)[0m[0m
experiment  : INFO     [32m[32mstep: 3600 	 meta_lr 0.000500 	 training acc 0.28125 and training loss tensor(2.7168, device='cuda:0', grad_fn=<AddBackward0>), loss_auto: tensor(0.3114, device='cuda:0', grad_fn=<AddBackward0>), loss_pre: tensor(2.6856, device='cuda:0', grad_fn=<NllLossBackward0>)[0m[0m
experiment  : INFO     [32m[32mstep: 3640 	 meta_lr 0.000500 	 training acc 0.40625 and training loss tensor(2.4169, device='cuda:0', grad_fn=<AddBackward0>), loss_auto: tensor(0.3012, device='cuda:0', grad_fn=<AddBackward0>), loss_pre: tensor(2.3868, device='cuda:0', grad_fn=<NllLossBackward0>)[0m[0m
experiment  : INFO     [32m[32mstep: 3680 	 meta_lr 0.000500 	 training acc 0.421875 and training loss tensor(2.0872, device='cuda:0', grad_fn=<AddBackward0>), loss_auto: tensor(0.3094, device='cuda:0', grad_fn=<AddBackward0>), loss_pre: tensor(2.0563, device='cuda:0', grad_fn=<NllLossBackward0>)[0m[0m
experiment  : INFO     [32m[32mstep: 3720 	 meta_lr 0.000500 	 training acc 0.359375 and training loss tensor(2.2801, device='cuda:0', grad_fn=<AddBackward0>), loss_auto: tensor(0.3092, device='cuda:0', grad_fn=<AddBackward0>), loss_pre: tensor(2.2491, device='cuda:0', grad_fn=<NllLossBackward0>)[0m[0m
experiment  : INFO     [32m[32mstep: 3760 	 meta_lr 0.000500 	 training acc 0.390625 and training loss tensor(2.1800, device='cuda:0', grad_fn=<AddBackward0>), loss_auto: tensor(0.3109, device='cuda:0', grad_fn=<AddBackward0>), loss_pre: tensor(2.1489, device='cuda:0', grad_fn=<NllLossBackward0>)[0m[0m
experiment  : INFO     [32m[32mstep: 3800 	 meta_lr 0.000500 	 training acc 0.421875 and training loss tensor(2.0137, device='cuda:0', grad_fn=<AddBackward0>), loss_auto: tensor(0.3042, device='cuda:0', grad_fn=<AddBackward0>), loss_pre: tensor(1.9833, device='cuda:0', grad_fn=<NllLossBackward0>)[0m[0m
experiment  : INFO     [32m[32mstep: 3840 	 meta_lr 0.000500 	 training acc 0.46875 and training loss tensor(1.9773, device='cuda:0', grad_fn=<AddBackward0>), loss_auto: tensor(0.3162, device='cuda:0', grad_fn=<AddBackward0>), loss_pre: tensor(1.9457, device='cuda:0', grad_fn=<NllLossBackward0>)[0m[0m
experiment  : INFO     [32m[32mstep: 3880 	 meta_lr 0.000500 	 training acc 0.359375 and training loss tensor(2.0636, device='cuda:0', grad_fn=<AddBackward0>), loss_auto: tensor(0.3085, device='cuda:0', grad_fn=<AddBackward0>), loss_pre: tensor(2.0327, device='cuda:0', grad_fn=<NllLossBackward0>)[0m[0m
experiment  : INFO     [32m[32mstep: 3920 	 meta_lr 0.000500 	 training acc 0.40625 and training loss tensor(2.2966, device='cuda:0', grad_fn=<AddBackward0>), loss_auto: tensor(0.3107, device='cuda:0', grad_fn=<AddBackward0>), loss_pre: tensor(2.2655, device='cuda:0', grad_fn=<NllLossBackward0>)[0m[0m
experiment  : INFO     [32m[32mstep: 3960 	 meta_lr 0.000500 	 training acc 0.5 and training loss tensor(1.8709, device='cuda:0', grad_fn=<AddBackward0>), loss_auto: tensor(0.2965, device='cuda:0', grad_fn=<AddBackward0>), loss_pre: tensor(1.8412, device='cuda:0', grad_fn=<NllLossBackward0>)[0m[0m
experiment  : INFO     [32m[32mstep: 4000 	 meta_lr 0.000500 	 training acc 0.390625 and training loss tensor(2.1196, device='cuda:0', grad_fn=<AddBackward0>), loss_auto: tensor(0.3050, device='cuda:0', grad_fn=<AddBackward0>), loss_pre: tensor(2.0891, device='cuda:0', grad_fn=<NllLossBackward0>)[0m[0m
experiment  : INFO     [32m[32mTrain Accuracy = 0.45868794326241136[0m[0m
experiment  : INFO     [32m[32mTest Accuracy = 0.0[0m[0m
experiment  : INFO     [32m[32mstep: 4040 	 meta_lr 0.000500 	 training acc 0.4375 and training loss tensor(2.1805, device='cuda:0', grad_fn=<AddBackward0>), loss_auto: tensor(0.3079, device='cuda:0', grad_fn=<AddBackward0>), loss_pre: tensor(2.1497, device='cuda:0', grad_fn=<NllLossBackward0>)[0m[0m
experiment  : INFO     [32m[32mstep: 4080 	 meta_lr 0.000500 	 training acc 0.46875 and training loss tensor(2.2531, device='cuda:0', grad_fn=<AddBackward0>), loss_auto: tensor(0.3068, device='cuda:0', grad_fn=<AddBackward0>), loss_pre: tensor(2.2224, device='cuda:0', grad_fn=<NllLossBackward0>)[0m[0m
experiment  : INFO     [32m[32mstep: 4120 	 meta_lr 0.000500 	 training acc 0.421875 and training loss tensor(2.0002, device='cuda:0', grad_fn=<AddBackward0>), loss_auto: tensor(0.3025, device='cuda:0', grad_fn=<AddBackward0>), loss_pre: tensor(1.9699, device='cuda:0', grad_fn=<NllLossBackward0>)[0m[0m
experiment  : INFO     [32m[32mstep: 4160 	 meta_lr 0.000500 	 training acc 0.40625 and training loss tensor(2.1608, device='cuda:0', grad_fn=<AddBackward0>), loss_auto: tensor(0.3076, device='cuda:0', grad_fn=<AddBackward0>), loss_pre: tensor(2.1301, device='cuda:0', grad_fn=<NllLossBackward0>)[0m[0m
experiment  : INFO     [32m[32mstep: 4200 	 meta_lr 0.000500 	 training acc 0.53125 and training loss tensor(1.8264, device='cuda:0', grad_fn=<AddBackward0>), loss_auto: tensor(0.3060, device='cuda:0', grad_fn=<AddBackward0>), loss_pre: tensor(1.7958, device='cuda:0', grad_fn=<NllLossBackward0>)[0m[0m
experiment  : INFO     [32m[32mstep: 4240 	 meta_lr 0.000500 	 training acc 0.453125 and training loss tensor(1.9974, device='cuda:0', grad_fn=<AddBackward0>), loss_auto: tensor(0.2984, device='cuda:0', grad_fn=<AddBackward0>), loss_pre: tensor(1.9675, device='cuda:0', grad_fn=<NllLossBackward0>)[0m[0m
experiment  : INFO     [32m[32mstep: 4280 	 meta_lr 0.000500 	 training acc 0.359375 and training loss tensor(2.4301, device='cuda:0', grad_fn=<AddBackward0>), loss_auto: tensor(0.3024, device='cuda:0', grad_fn=<AddBackward0>), loss_pre: tensor(2.3999, device='cuda:0', grad_fn=<NllLossBackward0>)[0m[0m
experiment  : INFO     [32m[32mstep: 4320 	 meta_lr 0.000500 	 training acc 0.421875 and training loss tensor(2.2420, device='cuda:0', grad_fn=<AddBackward0>), loss_auto: tensor(0.2997, device='cuda:0', grad_fn=<AddBackward0>), loss_pre: tensor(2.2120, device='cuda:0', grad_fn=<NllLossBackward0>)[0m[0m
experiment  : INFO     [32m[32mstep: 4360 	 meta_lr 0.000500 	 training acc 0.390625 and training loss tensor(2.3542, device='cuda:0', grad_fn=<AddBackward0>), loss_auto: tensor(0.2980, device='cuda:0', grad_fn=<AddBackward0>), loss_pre: tensor(2.3244, device='cuda:0', grad_fn=<NllLossBackward0>)[0m[0m
experiment  : INFO     [32m[32mstep: 4400 	 meta_lr 0.000500 	 training acc 0.4375 and training loss tensor(2.1435, device='cuda:0', grad_fn=<AddBackward0>), loss_auto: tensor(0.3088, device='cuda:0', grad_fn=<AddBackward0>), loss_pre: tensor(2.1127, device='cuda:0', grad_fn=<NllLossBackward0>)[0m[0m
experiment  : INFO     [32m[32mstep: 4440 	 meta_lr 0.000500 	 training acc 0.421875 and training loss tensor(2.1306, device='cuda:0', grad_fn=<AddBackward0>), loss_auto: tensor(0.3083, device='cuda:0', grad_fn=<AddBackward0>), loss_pre: tensor(2.0998, device='cuda:0', grad_fn=<NllLossBackward0>)[0m[0m
experiment  : INFO     [32m[32mstep: 4480 	 meta_lr 0.000500 	 training acc 0.515625 and training loss tensor(1.7388, device='cuda:0', grad_fn=<AddBackward0>), loss_auto: tensor(0.3087, device='cuda:0', grad_fn=<AddBackward0>), loss_pre: tensor(1.7079, device='cuda:0', grad_fn=<NllLossBackward0>)[0m[0m
experiment  : INFO     [32m[32mTrain Accuracy = 0.47082225177304965[0m[0m
experiment  : INFO     [32m[32mTest Accuracy = 0.0[0m[0m
experiment  : INFO     [32m[32mstep: 4520 	 meta_lr 0.000500 	 training acc 0.46875 and training loss tensor(1.9381, device='cuda:0', grad_fn=<AddBackward0>), loss_auto: tensor(0.3088, device='cuda:0', grad_fn=<AddBackward0>), loss_pre: tensor(1.9073, device='cuda:0', grad_fn=<NllLossBackward0>)[0m[0m
experiment  : INFO     [32m[32mstep: 4560 	 meta_lr 0.000500 	 training acc 0.328125 and training loss tensor(2.3709, device='cuda:0', grad_fn=<AddBackward0>), loss_auto: tensor(0.2986, device='cuda:0', grad_fn=<AddBackward0>), loss_pre: tensor(2.3411, device='cuda:0', grad_fn=<NllLossBackward0>)[0m[0m
experiment  : INFO     [32m[32mstep: 4600 	 meta_lr 0.000500 	 training acc 0.375 and training loss tensor(2.2569, device='cuda:0', grad_fn=<AddBackward0>), loss_auto: tensor(0.3037, device='cuda:0', grad_fn=<AddBackward0>), loss_pre: tensor(2.2265, device='cuda:0', grad_fn=<NllLossBackward0>)[0m[0m
experiment  : INFO     [32m[32mstep: 4640 	 meta_lr 0.000500 	 training acc 0.5 and training loss tensor(1.8392, device='cuda:0', grad_fn=<AddBackward0>), loss_auto: tensor(0.3117, device='cuda:0', grad_fn=<AddBackward0>), loss_pre: tensor(1.8080, device='cuda:0', grad_fn=<NllLossBackward0>)[0m[0m
experiment  : INFO     [32m[32mstep: 4680 	 meta_lr 0.000500 	 training acc 0.421875 and training loss tensor(2.4410, device='cuda:0', grad_fn=<AddBackward0>), loss_auto: tensor(0.3057, device='cuda:0', grad_fn=<AddBackward0>), loss_pre: tensor(2.4104, device='cuda:0', grad_fn=<NllLossBackward0>)[0m[0m
experiment  : INFO     [32m[32mstep: 4720 	 meta_lr 0.000500 	 training acc 0.421875 and training loss tensor(2.0844, device='cuda:0', grad_fn=<AddBackward0>), loss_auto: tensor(0.3064, device='cuda:0', grad_fn=<AddBackward0>), loss_pre: tensor(2.0538, device='cuda:0', grad_fn=<NllLossBackward0>)[0m[0m
experiment  : INFO     [32m[32mstep: 4760 	 meta_lr 0.000500 	 training acc 0.390625 and training loss tensor(2.3881, device='cuda:0', grad_fn=<AddBackward0>), loss_auto: tensor(0.3006, device='cuda:0', grad_fn=<AddBackward0>), loss_pre: tensor(2.3581, device='cuda:0', grad_fn=<NllLossBackward0>)[0m[0m
experiment  : INFO     [32m[32mstep: 4800 	 meta_lr 0.000500 	 training acc 0.46875 and training loss tensor(1.9269, device='cuda:0', grad_fn=<AddBackward0>), loss_auto: tensor(0.3078, device='cuda:0', grad_fn=<AddBackward0>), loss_pre: tensor(1.8961, device='cuda:0', grad_fn=<NllLossBackward0>)[0m[0m
experiment  : INFO     [32m[32mstep: 4840 	 meta_lr 0.000500 	 training acc 0.4375 and training loss tensor(2.0877, device='cuda:0', grad_fn=<AddBackward0>), loss_auto: tensor(0.2992, device='cuda:0', grad_fn=<AddBackward0>), loss_pre: tensor(2.0578, device='cuda:0', grad_fn=<NllLossBackward0>)[0m[0m
experiment  : INFO     [32m[32mstep: 4880 	 meta_lr 0.000500 	 training acc 0.4375 and training loss tensor(2.0192, device='cuda:0', grad_fn=<AddBackward0>), loss_auto: tensor(0.2966, device='cuda:0', grad_fn=<AddBackward0>), loss_pre: tensor(1.9896, device='cuda:0', grad_fn=<NllLossBackward0>)[0m[0m
experiment  : INFO     [32m[32mstep: 4920 	 meta_lr 0.000500 	 training acc 0.46875 and training loss tensor(1.8052, device='cuda:0', grad_fn=<AddBackward0>), loss_auto: tensor(0.3048, device='cuda:0', grad_fn=<AddBackward0>), loss_pre: tensor(1.7747, device='cuda:0', grad_fn=<NllLossBackward0>)[0m[0m
experiment  : INFO     [32m[32mstep: 4960 	 meta_lr 0.000500 	 training acc 0.390625 and training loss tensor(2.0984, device='cuda:0', grad_fn=<AddBackward0>), loss_auto: tensor(0.3035, device='cuda:0', grad_fn=<AddBackward0>), loss_pre: tensor(2.0680, device='cuda:0', grad_fn=<NllLossBackward0>)[0m[0m
experiment  : INFO     [32m[32mstep: 5000 	 meta_lr 0.000500 	 training acc 0.484375 and training loss tensor(1.8579, device='cuda:0', grad_fn=<AddBackward0>), loss_auto: tensor(0.3091, device='cuda:0', grad_fn=<AddBackward0>), loss_pre: tensor(1.8270, device='cuda:0', grad_fn=<NllLossBackward0>)[0m[0m
experiment  : INFO     [32m[32mTrain Accuracy = 0.4929742907801418[0m[0m
experiment  : INFO     [32m[32mTest Accuracy = 0.0[0m[0m
experiment  : INFO     [32m[32mstep: 5040 	 meta_lr 0.000500 	 training acc 0.453125 and training loss tensor(1.9402, device='cuda:0', grad_fn=<AddBackward0>), loss_auto: tensor(0.3065, device='cuda:0', grad_fn=<AddBackward0>), loss_pre: tensor(1.9095, device='cuda:0', grad_fn=<NllLossBackward0>)[0m[0m
experiment  : INFO     [32m[32mstep: 5080 	 meta_lr 0.000500 	 training acc 0.53125 and training loss tensor(1.8406, device='cuda:0', grad_fn=<AddBackward0>), loss_auto: tensor(0.3016, device='cuda:0', grad_fn=<AddBackward0>), loss_pre: tensor(1.8104, device='cuda:0', grad_fn=<NllLossBackward0>)[0m[0m
experiment  : INFO     [32m[32mstep: 5120 	 meta_lr 0.000500 	 training acc 0.453125 and training loss tensor(1.8762, device='cuda:0', grad_fn=<AddBackward0>), loss_auto: tensor(0.3029, device='cuda:0', grad_fn=<AddBackward0>), loss_pre: tensor(1.8459, device='cuda:0', grad_fn=<NllLossBackward0>)[0m[0m
experiment  : INFO     [32m[32mstep: 5160 	 meta_lr 0.000500 	 training acc 0.453125 and training loss tensor(1.9710, device='cuda:0', grad_fn=<AddBackward0>), loss_auto: tensor(0.3025, device='cuda:0', grad_fn=<AddBackward0>), loss_pre: tensor(1.9407, device='cuda:0', grad_fn=<NllLossBackward0>)[0m[0m
experiment  : INFO     [32m[32mstep: 5200 	 meta_lr 0.000500 	 training acc 0.484375 and training loss tensor(2.0037, device='cuda:0', grad_fn=<AddBackward0>), loss_auto: tensor(0.3058, device='cuda:0', grad_fn=<AddBackward0>), loss_pre: tensor(1.9731, device='cuda:0', grad_fn=<NllLossBackward0>)[0m[0m
experiment  : INFO     [32m[32mstep: 5240 	 meta_lr 0.000500 	 training acc 0.46875 and training loss tensor(1.8704, device='cuda:0', grad_fn=<AddBackward0>), loss_auto: tensor(0.3021, device='cuda:0', grad_fn=<AddBackward0>), loss_pre: tensor(1.8402, device='cuda:0', grad_fn=<NllLossBackward0>)[0m[0m
experiment  : INFO     [32m[32mstep: 5280 	 meta_lr 0.000500 	 training acc 0.375 and training loss tensor(2.1620, device='cuda:0', grad_fn=<AddBackward0>), loss_auto: tensor(0.3111, device='cuda:0', grad_fn=<AddBackward0>), loss_pre: tensor(2.1309, device='cuda:0', grad_fn=<NllLossBackward0>)[0m[0m
experiment  : INFO     [32m[32mstep: 5320 	 meta_lr 0.000500 	 training acc 0.40625 and training loss tensor(1.8596, device='cuda:0', grad_fn=<AddBackward0>), loss_auto: tensor(0.3078, device='cuda:0', grad_fn=<AddBackward0>), loss_pre: tensor(1.8288, device='cuda:0', grad_fn=<NllLossBackward0>)[0m[0m
experiment  : INFO     [32m[32mstep: 5360 	 meta_lr 0.000500 	 training acc 0.390625 and training loss tensor(2.1812, device='cuda:0', grad_fn=<AddBackward0>), loss_auto: tensor(0.3057, device='cuda:0', grad_fn=<AddBackward0>), loss_pre: tensor(2.1507, device='cuda:0', grad_fn=<NllLossBackward0>)[0m[0m
experiment  : INFO     [32m[32mstep: 5400 	 meta_lr 0.000500 	 training acc 0.5 and training loss tensor(1.7266, device='cuda:0', grad_fn=<AddBackward0>), loss_auto: tensor(0.3007, device='cuda:0', grad_fn=<AddBackward0>), loss_pre: tensor(1.6965, device='cuda:0', grad_fn=<NllLossBackward0>)[0m[0m
experiment  : INFO     [32m[32mstep: 5440 	 meta_lr 0.000500 	 training acc 0.578125 and training loss tensor(1.6619, device='cuda:0', grad_fn=<AddBackward0>), loss_auto: tensor(0.3028, device='cuda:0', grad_fn=<AddBackward0>), loss_pre: tensor(1.6316, device='cuda:0', grad_fn=<NllLossBackward0>)[0m[0m
experiment  : INFO     [32m[32mstep: 5480 	 meta_lr 0.000500 	 training acc 0.5 and training loss tensor(2.0369, device='cuda:0', grad_fn=<AddBackward0>), loss_auto: tensor(0.3023, device='cuda:0', grad_fn=<AddBackward0>), loss_pre: tensor(2.0067, device='cuda:0', grad_fn=<NllLossBackward0>)[0m[0m
experiment  : INFO     [32m[32mTrain Accuracy = 0.5053302304964539[0m[0m
experiment  : INFO     [32m[32mTest Accuracy = 0.0[0m[0m
experiment  : INFO     [32m[32mstep: 5520 	 meta_lr 0.000500 	 training acc 0.5 and training loss tensor(1.8143, device='cuda:0', grad_fn=<AddBackward0>), loss_auto: tensor(0.2991, device='cuda:0', grad_fn=<AddBackward0>), loss_pre: tensor(1.7844, device='cuda:0', grad_fn=<NllLossBackward0>)[0m[0m
experiment  : INFO     [32m[32mstep: 5560 	 meta_lr 0.000500 	 training acc 0.46875 and training loss tensor(1.6291, device='cuda:0', grad_fn=<AddBackward0>), loss_auto: tensor(0.3073, device='cuda:0', grad_fn=<AddBackward0>), loss_pre: tensor(1.5984, device='cuda:0', grad_fn=<NllLossBackward0>)[0m[0m
experiment  : INFO     [32m[32mstep: 5600 	 meta_lr 0.000500 	 training acc 0.515625 and training loss tensor(1.7709, device='cuda:0', grad_fn=<AddBackward0>), loss_auto: tensor(0.2944, device='cuda:0', grad_fn=<AddBackward0>), loss_pre: tensor(1.7414, device='cuda:0', grad_fn=<NllLossBackward0>)[0m[0m
experiment  : INFO     [32m[32mstep: 5640 	 meta_lr 0.000500 	 training acc 0.484375 and training loss tensor(1.8434, device='cuda:0', grad_fn=<AddBackward0>), loss_auto: tensor(0.3048, device='cuda:0', grad_fn=<AddBackward0>), loss_pre: tensor(1.8129, device='cuda:0', grad_fn=<NllLossBackward0>)[0m[0m
experiment  : INFO     [32m[32mstep: 5680 	 meta_lr 0.000500 	 training acc 0.34375 and training loss tensor(2.1851, device='cuda:0', grad_fn=<AddBackward0>), loss_auto: tensor(0.3026, device='cuda:0', grad_fn=<AddBackward0>), loss_pre: tensor(2.1548, device='cuda:0', grad_fn=<NllLossBackward0>)[0m[0m
experiment  : INFO     [32m[32mstep: 5720 	 meta_lr 0.000500 	 training acc 0.359375 and training loss tensor(2.4382, device='cuda:0', grad_fn=<AddBackward0>), loss_auto: tensor(0.3038, device='cuda:0', grad_fn=<AddBackward0>), loss_pre: tensor(2.4078, device='cuda:0', grad_fn=<NllLossBackward0>)[0m[0m
experiment  : INFO     [32m[32mstep: 5760 	 meta_lr 0.000500 	 training acc 0.59375 and training loss tensor(1.4856, device='cuda:0', grad_fn=<AddBackward0>), loss_auto: tensor(0.2995, device='cuda:0', grad_fn=<AddBackward0>), loss_pre: tensor(1.4556, device='cuda:0', grad_fn=<NllLossBackward0>)[0m[0m
experiment  : INFO     [32m[32mstep: 5800 	 meta_lr 0.000500 	 training acc 0.5 and training loss tensor(1.7762, device='cuda:0', grad_fn=<AddBackward0>), loss_auto: tensor(0.3063, device='cuda:0', grad_fn=<AddBackward0>), loss_pre: tensor(1.7455, device='cuda:0', grad_fn=<NllLossBackward0>)[0m[0m
experiment  : INFO     [32m[32mstep: 5840 	 meta_lr 0.000500 	 training acc 0.453125 and training loss tensor(1.9456, device='cuda:0', grad_fn=<AddBackward0>), loss_auto: tensor(0.3028, device='cuda:0', grad_fn=<AddBackward0>), loss_pre: tensor(1.9154, device='cuda:0', grad_fn=<NllLossBackward0>)[0m[0m
experiment  : INFO     [32m[32mstep: 5880 	 meta_lr 0.000500 	 training acc 0.453125 and training loss tensor(1.8464, device='cuda:0', grad_fn=<AddBackward0>), loss_auto: tensor(0.3058, device='cuda:0', grad_fn=<AddBackward0>), loss_pre: tensor(1.8158, device='cuda:0', grad_fn=<NllLossBackward0>)[0m[0m
experiment  : INFO     [32m[32mstep: 5920 	 meta_lr 0.000500 	 training acc 0.453125 and training loss tensor(2.0212, device='cuda:0', grad_fn=<AddBackward0>), loss_auto: tensor(0.3041, device='cuda:0', grad_fn=<AddBackward0>), loss_pre: tensor(1.9908, device='cuda:0', grad_fn=<NllLossBackward0>)[0m[0m
experiment  : INFO     [32m[32mstep: 5960 	 meta_lr 0.000500 	 training acc 0.40625 and training loss tensor(2.2232, device='cuda:0', grad_fn=<AddBackward0>), loss_auto: tensor(0.3060, device='cuda:0', grad_fn=<AddBackward0>), loss_pre: tensor(2.1926, device='cuda:0', grad_fn=<NllLossBackward0>)[0m[0m
experiment  : INFO     [32m[32mstep: 6000 	 meta_lr 0.000500 	 training acc 0.453125 and training loss tensor(1.6320, device='cuda:0', grad_fn=<AddBackward0>), loss_auto: tensor(0.3019, device='cuda:0', grad_fn=<AddBackward0>), loss_pre: tensor(1.6018, device='cuda:0', grad_fn=<NllLossBackward0>)[0m[0m
experiment  : INFO     [32m[32mTrain Accuracy = 0.5397163120567375[0m[0m
experiment  : INFO     [32m[32mTest Accuracy = 0.0[0m[0m
experiment  : INFO     [32m[32mstep: 6040 	 meta_lr 0.000500 	 training acc 0.375 and training loss tensor(2.1182, device='cuda:0', grad_fn=<AddBackward0>), loss_auto: tensor(0.3012, device='cuda:0', grad_fn=<AddBackward0>), loss_pre: tensor(2.0881, device='cuda:0', grad_fn=<NllLossBackward0>)[0m[0m
experiment  : INFO     [32m[32mstep: 6080 	 meta_lr 0.000500 	 training acc 0.5 and training loss tensor(1.9483, device='cuda:0', grad_fn=<AddBackward0>), loss_auto: tensor(0.3026, device='cuda:0', grad_fn=<AddBackward0>), loss_pre: tensor(1.9181, device='cuda:0', grad_fn=<NllLossBackward0>)[0m[0m
experiment  : INFO     [32m[32mstep: 6120 	 meta_lr 0.000500 	 training acc 0.546875 and training loss tensor(1.4950, device='cuda:0', grad_fn=<AddBackward0>), loss_auto: tensor(0.3037, device='cuda:0', grad_fn=<AddBackward0>), loss_pre: tensor(1.4646, device='cuda:0', grad_fn=<NllLossBackward0>)[0m[0m
experiment  : INFO     [32m[32mstep: 6160 	 meta_lr 0.000500 	 training acc 0.375 and training loss tensor(2.0739, device='cuda:0', grad_fn=<AddBackward0>), loss_auto: tensor(0.3021, device='cuda:0', grad_fn=<AddBackward0>), loss_pre: tensor(2.0437, device='cuda:0', grad_fn=<NllLossBackward0>)[0m[0m
experiment  : INFO     [32m[32mstep: 6200 	 meta_lr 0.000500 	 training acc 0.484375 and training loss tensor(2.0314, device='cuda:0', grad_fn=<AddBackward0>), loss_auto: tensor(0.3021, device='cuda:0', grad_fn=<AddBackward0>), loss_pre: tensor(2.0012, device='cuda:0', grad_fn=<NllLossBackward0>)[0m[0m
experiment  : INFO     [32m[32mstep: 6240 	 meta_lr 0.000500 	 training acc 0.421875 and training loss tensor(1.9572, device='cuda:0', grad_fn=<AddBackward0>), loss_auto: tensor(0.3083, device='cuda:0', grad_fn=<AddBackward0>), loss_pre: tensor(1.9263, device='cuda:0', grad_fn=<NllLossBackward0>)[0m[0m
experiment  : INFO     [32m[32mstep: 6280 	 meta_lr 0.000500 	 training acc 0.515625 and training loss tensor(1.7861, device='cuda:0', grad_fn=<AddBackward0>), loss_auto: tensor(0.3013, device='cuda:0', grad_fn=<AddBackward0>), loss_pre: tensor(1.7560, device='cuda:0', grad_fn=<NllLossBackward0>)[0m[0m
experiment  : INFO     [32m[32mstep: 6320 	 meta_lr 0.000500 	 training acc 0.5625 and training loss tensor(1.6140, device='cuda:0', grad_fn=<AddBackward0>), loss_auto: tensor(0.2982, device='cuda:0', grad_fn=<AddBackward0>), loss_pre: tensor(1.5842, device='cuda:0', grad_fn=<NllLossBackward0>)[0m[0m
experiment  : INFO     [32m[32mstep: 6360 	 meta_lr 0.000500 	 training acc 0.578125 and training loss tensor(1.5176, device='cuda:0', grad_fn=<AddBackward0>), loss_auto: tensor(0.3075, device='cuda:0', grad_fn=<AddBackward0>), loss_pre: tensor(1.4868, device='cuda:0', grad_fn=<NllLossBackward0>)[0m[0m
experiment  : INFO     [32m[32mstep: 6400 	 meta_lr 0.000500 	 training acc 0.40625 and training loss tensor(1.6911, device='cuda:0', grad_fn=<AddBackward0>), loss_auto: tensor(0.3024, device='cuda:0', grad_fn=<AddBackward0>), loss_pre: tensor(1.6609, device='cuda:0', grad_fn=<NllLossBackward0>)[0m[0m
experiment  : INFO     [32m[32mstep: 6440 	 meta_lr 0.000500 	 training acc 0.5625 and training loss tensor(1.4889, device='cuda:0', grad_fn=<AddBackward0>), loss_auto: tensor(0.3036, device='cuda:0', grad_fn=<AddBackward0>), loss_pre: tensor(1.4586, device='cuda:0', grad_fn=<NllLossBackward0>)[0m[0m
experiment  : INFO     [32m[32mstep: 6480 	 meta_lr 0.000500 	 training acc 0.59375 and training loss tensor(1.4919, device='cuda:0', grad_fn=<AddBackward0>), loss_auto: tensor(0.3038, device='cuda:0', grad_fn=<AddBackward0>), loss_pre: tensor(1.4616, device='cuda:0', grad_fn=<NllLossBackward0>)[0m[0m
experiment  : INFO     [32m[32mTrain Accuracy = 0.5451906028368794[0m[0m
experiment  : INFO     [32m[32mTest Accuracy = 0.0[0m[0m
experiment  : INFO     [32m[32mstep: 6520 	 meta_lr 0.000500 	 training acc 0.59375 and training loss tensor(1.4068, device='cuda:0', grad_fn=<AddBackward0>), loss_auto: tensor(0.3116, device='cuda:0', grad_fn=<AddBackward0>), loss_pre: tensor(1.3756, device='cuda:0', grad_fn=<NllLossBackward0>)[0m[0m
experiment  : INFO     [32m[32mstep: 6560 	 meta_lr 0.000500 	 training acc 0.546875 and training loss tensor(1.7163, device='cuda:0', grad_fn=<AddBackward0>), loss_auto: tensor(0.3053, device='cuda:0', grad_fn=<AddBackward0>), loss_pre: tensor(1.6858, device='cuda:0', grad_fn=<NllLossBackward0>)[0m[0m
experiment  : INFO     [32m[32mstep: 6600 	 meta_lr 0.000500 	 training acc 0.4375 and training loss tensor(1.7790, device='cuda:0', grad_fn=<AddBackward0>), loss_auto: tensor(0.3017, device='cuda:0', grad_fn=<AddBackward0>), loss_pre: tensor(1.7488, device='cuda:0', grad_fn=<NllLossBackward0>)[0m[0m
experiment  : INFO     [32m[32mstep: 6640 	 meta_lr 0.000500 	 training acc 0.46875 and training loss tensor(1.8512, device='cuda:0', grad_fn=<AddBackward0>), loss_auto: tensor(0.2960, device='cuda:0', grad_fn=<AddBackward0>), loss_pre: tensor(1.8216, device='cuda:0', grad_fn=<NllLossBackward0>)[0m[0m
experiment  : INFO     [32m[32mstep: 6680 	 meta_lr 0.000500 	 training acc 0.5 and training loss tensor(1.6378, device='cuda:0', grad_fn=<AddBackward0>), loss_auto: tensor(0.3031, device='cuda:0', grad_fn=<AddBackward0>), loss_pre: tensor(1.6075, device='cuda:0', grad_fn=<NllLossBackward0>)[0m[0m
experiment  : INFO     [32m[32mstep: 6720 	 meta_lr 0.000500 	 training acc 0.40625 and training loss tensor(1.8492, device='cuda:0', grad_fn=<AddBackward0>), loss_auto: tensor(0.3010, device='cuda:0', grad_fn=<AddBackward0>), loss_pre: tensor(1.8191, device='cuda:0', grad_fn=<NllLossBackward0>)[0m[0m
experiment  : INFO     [32m[32mstep: 6760 	 meta_lr 0.000500 	 training acc 0.53125 and training loss tensor(1.6537, device='cuda:0', grad_fn=<AddBackward0>), loss_auto: tensor(0.3047, device='cuda:0', grad_fn=<AddBackward0>), loss_pre: tensor(1.6232, device='cuda:0', grad_fn=<NllLossBackward0>)[0m[0m
experiment  : INFO     [32m[32mstep: 6800 	 meta_lr 0.000500 	 training acc 0.484375 and training loss tensor(1.9419, device='cuda:0', grad_fn=<AddBackward0>), loss_auto: tensor(0.3096, device='cuda:0', grad_fn=<AddBackward0>), loss_pre: tensor(1.9110, device='cuda:0', grad_fn=<NllLossBackward0>)[0m[0m
experiment  : INFO     [32m[32mstep: 6840 	 meta_lr 0.000500 	 training acc 0.5 and training loss tensor(1.7561, device='cuda:0', grad_fn=<AddBackward0>), loss_auto: tensor(0.3031, device='cuda:0', grad_fn=<AddBackward0>), loss_pre: tensor(1.7258, device='cuda:0', grad_fn=<NllLossBackward0>)[0m[0m
experiment  : INFO     [32m[32mstep: 6880 	 meta_lr 0.000500 	 training acc 0.453125 and training loss tensor(1.7826, device='cuda:0', grad_fn=<AddBackward0>), loss_auto: tensor(0.3027, device='cuda:0', grad_fn=<AddBackward0>), loss_pre: tensor(1.7523, device='cuda:0', grad_fn=<NllLossBackward0>)[0m[0m
experiment  : INFO     [32m[32mstep: 6920 	 meta_lr 0.000500 	 training acc 0.484375 and training loss tensor(1.8482, device='cuda:0', grad_fn=<AddBackward0>), loss_auto: tensor(0.3078, device='cuda:0', grad_fn=<AddBackward0>), loss_pre: tensor(1.8174, device='cuda:0', grad_fn=<NllLossBackward0>)[0m[0m
experiment  : INFO     [32m[32mstep: 6960 	 meta_lr 0.000500 	 training acc 0.4375 and training loss tensor(1.8313, device='cuda:0', grad_fn=<AddBackward0>), loss_auto: tensor(0.3048, device='cuda:0', grad_fn=<AddBackward0>), loss_pre: tensor(1.8008, device='cuda:0', grad_fn=<NllLossBackward0>)[0m[0m
experiment  : INFO     [32m[32mstep: 7000 	 meta_lr 0.000500 	 training acc 0.5625 and training loss tensor(1.5524, device='cuda:0', grad_fn=<AddBackward0>), loss_auto: tensor(0.2982, device='cuda:0', grad_fn=<AddBackward0>), loss_pre: tensor(1.5226, device='cuda:0', grad_fn=<NllLossBackward0>)[0m[0m
experiment  : INFO     [32m[32mTrain Accuracy = 0.5504765070921985[0m[0m
experiment  : INFO     [32m[32mTest Accuracy = 0.0[0m[0m
experiment  : INFO     [32m[32mstep: 7040 	 meta_lr 0.000500 	 training acc 0.59375 and training loss tensor(1.5418, device='cuda:0', grad_fn=<AddBackward0>), loss_auto: tensor(0.3042, device='cuda:0', grad_fn=<AddBackward0>), loss_pre: tensor(1.5113, device='cuda:0', grad_fn=<NllLossBackward0>)[0m[0m
experiment  : INFO     [32m[32mstep: 7080 	 meta_lr 0.000500 	 training acc 0.734375 and training loss tensor(1.0344, device='cuda:0', grad_fn=<AddBackward0>), loss_auto: tensor(0.3028, device='cuda:0', grad_fn=<AddBackward0>), loss_pre: tensor(1.0041, device='cuda:0', grad_fn=<NllLossBackward0>)[0m[0m
experiment  : INFO     [32m[32mstep: 7120 	 meta_lr 0.000500 	 training acc 0.5 and training loss tensor(1.6711, device='cuda:0', grad_fn=<AddBackward0>), loss_auto: tensor(0.3065, device='cuda:0', grad_fn=<AddBackward0>), loss_pre: tensor(1.6404, device='cuda:0', grad_fn=<NllLossBackward0>)[0m[0m
experiment  : INFO     [32m[32mstep: 7160 	 meta_lr 0.000500 	 training acc 0.4375 and training loss tensor(1.9893, device='cuda:0', grad_fn=<AddBackward0>), loss_auto: tensor(0.3020, device='cuda:0', grad_fn=<AddBackward0>), loss_pre: tensor(1.9591, device='cuda:0', grad_fn=<NllLossBackward0>)[0m[0m
experiment  : INFO     [32m[32mstep: 7200 	 meta_lr 0.000500 	 training acc 0.390625 and training loss tensor(1.8573, device='cuda:0', grad_fn=<AddBackward0>), loss_auto: tensor(0.3027, device='cuda:0', grad_fn=<AddBackward0>), loss_pre: tensor(1.8271, device='cuda:0', grad_fn=<NllLossBackward0>)[0m[0m
experiment  : INFO     [32m[32mstep: 7240 	 meta_lr 0.000500 	 training acc 0.4375 and training loss tensor(1.9255, device='cuda:0', grad_fn=<AddBackward0>), loss_auto: tensor(0.3094, device='cuda:0', grad_fn=<AddBackward0>), loss_pre: tensor(1.8945, device='cuda:0', grad_fn=<NllLossBackward0>)[0m[0m
experiment  : INFO     [32m[32mstep: 7280 	 meta_lr 0.000500 	 training acc 0.65625 and training loss tensor(1.5309, device='cuda:0', grad_fn=<AddBackward0>), loss_auto: tensor(0.3097, device='cuda:0', grad_fn=<AddBackward0>), loss_pre: tensor(1.4999, device='cuda:0', grad_fn=<NllLossBackward0>)[0m[0m
experiment  : INFO     [32m[32mstep: 7320 	 meta_lr 0.000500 	 training acc 0.578125 and training loss tensor(1.4644, device='cuda:0', grad_fn=<AddBackward0>), loss_auto: tensor(0.3038, device='cuda:0', grad_fn=<AddBackward0>), loss_pre: tensor(1.4340, device='cuda:0', grad_fn=<NllLossBackward0>)[0m[0m
experiment  : INFO     [32m[32mstep: 7360 	 meta_lr 0.000500 	 training acc 0.453125 and training loss tensor(1.9790, device='cuda:0', grad_fn=<AddBackward0>), loss_auto: tensor(0.3023, device='cuda:0', grad_fn=<AddBackward0>), loss_pre: tensor(1.9487, device='cuda:0', grad_fn=<NllLossBackward0>)[0m[0m
experiment  : INFO     [32m[32mstep: 7400 	 meta_lr 0.000500 	 training acc 0.5 and training loss tensor(1.8900, device='cuda:0', grad_fn=<AddBackward0>), loss_auto: tensor(0.3048, device='cuda:0', grad_fn=<AddBackward0>), loss_pre: tensor(1.8596, device='cuda:0', grad_fn=<NllLossBackward0>)[0m[0m
experiment  : INFO     [32m[32mstep: 7440 	 meta_lr 0.000500 	 training acc 0.578125 and training loss tensor(1.4081, device='cuda:0', grad_fn=<AddBackward0>), loss_auto: tensor(0.3007, device='cuda:0', grad_fn=<AddBackward0>), loss_pre: tensor(1.3780, device='cuda:0', grad_fn=<NllLossBackward0>)[0m[0m
experiment  : INFO     [32m[32mstep: 7480 	 meta_lr 0.000500 	 training acc 0.515625 and training loss tensor(1.6077, device='cuda:0', grad_fn=<AddBackward0>), loss_auto: tensor(0.2958, device='cuda:0', grad_fn=<AddBackward0>), loss_pre: tensor(1.5781, device='cuda:0', grad_fn=<NllLossBackward0>)[0m[0m
experiment  : INFO     [32m[32mTrain Accuracy = 0.5632978723404255[0m[0m
experiment  : INFO     [32m[32mTest Accuracy = 0.0[0m[0m
experiment  : INFO     [32m[32mstep: 7520 	 meta_lr 0.000500 	 training acc 0.515625 and training loss tensor(1.5238, device='cuda:0', grad_fn=<AddBackward0>), loss_auto: tensor(0.3011, device='cuda:0', grad_fn=<AddBackward0>), loss_pre: tensor(1.4937, device='cuda:0', grad_fn=<NllLossBackward0>)[0m[0m
experiment  : INFO     [32m[32mstep: 7560 	 meta_lr 0.000500 	 training acc 0.671875 and training loss tensor(1.2091, device='cuda:0', grad_fn=<AddBackward0>), loss_auto: tensor(0.3060, device='cuda:0', grad_fn=<AddBackward0>), loss_pre: tensor(1.1785, device='cuda:0', grad_fn=<NllLossBackward0>)[0m[0m
experiment  : INFO     [32m[32mstep: 7600 	 meta_lr 0.000500 	 training acc 0.53125 and training loss tensor(1.9010, device='cuda:0', grad_fn=<AddBackward0>), loss_auto: tensor(0.2999, device='cuda:0', grad_fn=<AddBackward0>), loss_pre: tensor(1.8710, device='cuda:0', grad_fn=<NllLossBackward0>)[0m[0m
experiment  : INFO     [32m[32mstep: 7640 	 meta_lr 0.000500 	 training acc 0.46875 and training loss tensor(1.6258, device='cuda:0', grad_fn=<AddBackward0>), loss_auto: tensor(0.3049, device='cuda:0', grad_fn=<AddBackward0>), loss_pre: tensor(1.5953, device='cuda:0', grad_fn=<NllLossBackward0>)[0m[0m
experiment  : INFO     [32m[32mstep: 7680 	 meta_lr 0.000500 	 training acc 0.484375 and training loss tensor(1.9654, device='cuda:0', grad_fn=<AddBackward0>), loss_auto: tensor(0.3034, device='cuda:0', grad_fn=<AddBackward0>), loss_pre: tensor(1.9351, device='cuda:0', grad_fn=<NllLossBackward0>)[0m[0m
experiment  : INFO     [32m[32mstep: 7720 	 meta_lr 0.000500 	 training acc 0.65625 and training loss tensor(1.6393, device='cuda:0', grad_fn=<AddBackward0>), loss_auto: tensor(0.2998, device='cuda:0', grad_fn=<AddBackward0>), loss_pre: tensor(1.6093, device='cuda:0', grad_fn=<NllLossBackward0>)[0m[0m
experiment  : INFO     [32m[32mstep: 7760 	 meta_lr 0.000500 	 training acc 0.5625 and training loss tensor(1.4326, device='cuda:0', grad_fn=<AddBackward0>), loss_auto: tensor(0.3082, device='cuda:0', grad_fn=<AddBackward0>), loss_pre: tensor(1.4018, device='cuda:0', grad_fn=<NllLossBackward0>)[0m[0m
experiment  : INFO     [32m[32mstep: 7800 	 meta_lr 0.000500 	 training acc 0.53125 and training loss tensor(1.5677, device='cuda:0', grad_fn=<AddBackward0>), loss_auto: tensor(0.2979, device='cuda:0', grad_fn=<AddBackward0>), loss_pre: tensor(1.5379, device='cuda:0', grad_fn=<NllLossBackward0>)[0m[0m
experiment  : INFO     [32m[32mstep: 7840 	 meta_lr 0.000500 	 training acc 0.5 and training loss tensor(1.8684, device='cuda:0', grad_fn=<AddBackward0>), loss_auto: tensor(0.3043, device='cuda:0', grad_fn=<AddBackward0>), loss_pre: tensor(1.8379, device='cuda:0', grad_fn=<NllLossBackward0>)[0m[0m
experiment  : INFO     [32m[32mstep: 7880 	 meta_lr 0.000500 	 training acc 0.5 and training loss tensor(1.7697, device='cuda:0', grad_fn=<AddBackward0>), loss_auto: tensor(0.2998, device='cuda:0', grad_fn=<AddBackward0>), loss_pre: tensor(1.7397, device='cuda:0', grad_fn=<NllLossBackward0>)[0m[0m
experiment  : INFO     [32m[32mstep: 7920 	 meta_lr 0.000500 	 training acc 0.53125 and training loss tensor(1.4491, device='cuda:0', grad_fn=<AddBackward0>), loss_auto: tensor(0.3048, device='cuda:0', grad_fn=<AddBackward0>), loss_pre: tensor(1.4186, device='cuda:0', grad_fn=<NllLossBackward0>)[0m[0m
experiment  : INFO     [32m[32mstep: 7960 	 meta_lr 0.000500 	 training acc 0.578125 and training loss tensor(1.5653, device='cuda:0', grad_fn=<AddBackward0>), loss_auto: tensor(0.3078, device='cuda:0', grad_fn=<AddBackward0>), loss_pre: tensor(1.5345, device='cuda:0', grad_fn=<NllLossBackward0>)[0m[0m
experiment  : INFO     [32m[32mstep: 8000 	 meta_lr 0.000500 	 training acc 0.625 and training loss tensor(1.3853, device='cuda:0', grad_fn=<AddBackward0>), loss_auto: tensor(0.3011, device='cuda:0', grad_fn=<AddBackward0>), loss_pre: tensor(1.3552, device='cuda:0', grad_fn=<NllLossBackward0>)[0m[0m
experiment  : INFO     [32m[32mTrain Accuracy = 0.5825908687943262[0m[0m
experiment  : INFO     [32m[32mTest Accuracy = 0.0[0m[0m
experiment  : INFO     [32m[32mstep: 8040 	 meta_lr 0.000500 	 training acc 0.5 and training loss tensor(1.6508, device='cuda:0', grad_fn=<AddBackward0>), loss_auto: tensor(0.3077, device='cuda:0', grad_fn=<AddBackward0>), loss_pre: tensor(1.6201, device='cuda:0', grad_fn=<NllLossBackward0>)[0m[0m
experiment  : INFO     [32m[32mstep: 8080 	 meta_lr 0.000500 	 training acc 0.59375 and training loss tensor(1.3627, device='cuda:0', grad_fn=<AddBackward0>), loss_auto: tensor(0.3084, device='cuda:0', grad_fn=<AddBackward0>), loss_pre: tensor(1.3319, device='cuda:0', grad_fn=<NllLossBackward0>)[0m[0m
experiment  : INFO     [32m[32mstep: 8120 	 meta_lr 0.000500 	 training acc 0.578125 and training loss tensor(1.3396, device='cuda:0', grad_fn=<AddBackward0>), loss_auto: tensor(0.3018, device='cuda:0', grad_fn=<AddBackward0>), loss_pre: tensor(1.3094, device='cuda:0', grad_fn=<NllLossBackward0>)[0m[0m
experiment  : INFO     [32m[32mstep: 8160 	 meta_lr 0.000500 	 training acc 0.578125 and training loss tensor(1.7120, device='cuda:0', grad_fn=<AddBackward0>), loss_auto: tensor(0.3078, device='cuda:0', grad_fn=<AddBackward0>), loss_pre: tensor(1.6812, device='cuda:0', grad_fn=<NllLossBackward0>)[0m[0m
experiment  : INFO     [32m[32mstep: 8200 	 meta_lr 0.000500 	 training acc 0.59375 and training loss tensor(1.5752, device='cuda:0', grad_fn=<AddBackward0>), loss_auto: tensor(0.2989, device='cuda:0', grad_fn=<AddBackward0>), loss_pre: tensor(1.5453, device='cuda:0', grad_fn=<NllLossBackward0>)[0m[0m
experiment  : INFO     [32m[32mstep: 8240 	 meta_lr 0.000500 	 training acc 0.46875 and training loss tensor(1.6749, device='cuda:0', grad_fn=<AddBackward0>), loss_auto: tensor(0.3026, device='cuda:0', grad_fn=<AddBackward0>), loss_pre: tensor(1.6447, device='cuda:0', grad_fn=<NllLossBackward0>)[0m[0m
experiment  : INFO     [32m[32mstep: 8280 	 meta_lr 0.000500 	 training acc 0.609375 and training loss tensor(1.8209, device='cuda:0', grad_fn=<AddBackward0>), loss_auto: tensor(0.2999, device='cuda:0', grad_fn=<AddBackward0>), loss_pre: tensor(1.7909, device='cuda:0', grad_fn=<NllLossBackward0>)[0m[0m
experiment  : INFO     [32m[32mstep: 8320 	 meta_lr 0.000500 	 training acc 0.640625 and training loss tensor(1.4786, device='cuda:0', grad_fn=<AddBackward0>), loss_auto: tensor(0.3047, device='cuda:0', grad_fn=<AddBackward0>), loss_pre: tensor(1.4481, device='cuda:0', grad_fn=<NllLossBackward0>)[0m[0m
experiment  : INFO     [32m[32mstep: 8360 	 meta_lr 0.000500 	 training acc 0.546875 and training loss tensor(1.2818, device='cuda:0', grad_fn=<AddBackward0>), loss_auto: tensor(0.2991, device='cuda:0', grad_fn=<AddBackward0>), loss_pre: tensor(1.2518, device='cuda:0', grad_fn=<NllLossBackward0>)[0m[0m
experiment  : INFO     [32m[32mstep: 8400 	 meta_lr 0.000500 	 training acc 0.53125 and training loss tensor(1.5813, device='cuda:0', grad_fn=<AddBackward0>), loss_auto: tensor(0.2978, device='cuda:0', grad_fn=<AddBackward0>), loss_pre: tensor(1.5515, device='cuda:0', grad_fn=<NllLossBackward0>)[0m[0m
experiment  : INFO     [32m[32mstep: 8440 	 meta_lr 0.000500 	 training acc 0.59375 and training loss tensor(1.6028, device='cuda:0', grad_fn=<AddBackward0>), loss_auto: tensor(0.3027, device='cuda:0', grad_fn=<AddBackward0>), loss_pre: tensor(1.5725, device='cuda:0', grad_fn=<NllLossBackward0>)[0m[0m
experiment  : INFO     [32m[32mstep: 8480 	 meta_lr 0.000500 	 training acc 0.609375 and training loss tensor(1.4555, device='cuda:0', grad_fn=<AddBackward0>), loss_auto: tensor(0.3038, device='cuda:0', grad_fn=<AddBackward0>), loss_pre: tensor(1.4252, device='cuda:0', grad_fn=<NllLossBackward0>)[0m[0m
experiment  : INFO     [32m[32mTrain Accuracy = 0.6069703014184398[0m[0m
experiment  : INFO     [32m[32mTest Accuracy = 0.0[0m[0m
experiment  : INFO     [32m[32mstep: 8520 	 meta_lr 0.000500 	 training acc 0.546875 and training loss tensor(1.5598, device='cuda:0', grad_fn=<AddBackward0>), loss_auto: tensor(0.3006, device='cuda:0', grad_fn=<AddBackward0>), loss_pre: tensor(1.5298, device='cuda:0', grad_fn=<NllLossBackward0>)[0m[0m
experiment  : INFO     [32m[32mstep: 8560 	 meta_lr 0.000500 	 training acc 0.671875 and training loss tensor(1.4272, device='cuda:0', grad_fn=<AddBackward0>), loss_auto: tensor(0.3025, device='cuda:0', grad_fn=<AddBackward0>), loss_pre: tensor(1.3970, device='cuda:0', grad_fn=<NllLossBackward0>)[0m[0m
experiment  : INFO     [32m[32mstep: 8600 	 meta_lr 0.000500 	 training acc 0.59375 and training loss tensor(1.4711, device='cuda:0', grad_fn=<AddBackward0>), loss_auto: tensor(0.3087, device='cuda:0', grad_fn=<AddBackward0>), loss_pre: tensor(1.4402, device='cuda:0', grad_fn=<NllLossBackward0>)[0m[0m
experiment  : INFO     [32m[32mstep: 8640 	 meta_lr 0.000500 	 training acc 0.515625 and training loss tensor(1.5880, device='cuda:0', grad_fn=<AddBackward0>), loss_auto: tensor(0.3035, device='cuda:0', grad_fn=<AddBackward0>), loss_pre: tensor(1.5577, device='cuda:0', grad_fn=<NllLossBackward0>)[0m[0m
experiment  : INFO     [32m[32mstep: 8680 	 meta_lr 0.000500 	 training acc 0.5625 and training loss tensor(1.3687, device='cuda:0', grad_fn=<AddBackward0>), loss_auto: tensor(0.3020, device='cuda:0', grad_fn=<AddBackward0>), loss_pre: tensor(1.3385, device='cuda:0', grad_fn=<NllLossBackward0>)[0m[0m
experiment  : INFO     [32m[32mstep: 8720 	 meta_lr 0.000500 	 training acc 0.5 and training loss tensor(1.5104, device='cuda:0', grad_fn=<AddBackward0>), loss_auto: tensor(0.3067, device='cuda:0', grad_fn=<AddBackward0>), loss_pre: tensor(1.4797, device='cuda:0', grad_fn=<NllLossBackward0>)[0m[0m
experiment  : INFO     [32m[32mstep: 8760 	 meta_lr 0.000500 	 training acc 0.5 and training loss tensor(1.6771, device='cuda:0', grad_fn=<AddBackward0>), loss_auto: tensor(0.3059, device='cuda:0', grad_fn=<AddBackward0>), loss_pre: tensor(1.6465, device='cuda:0', grad_fn=<NllLossBackward0>)[0m[0m
experiment  : INFO     [32m[32mstep: 8800 	 meta_lr 0.000500 	 training acc 0.59375 and training loss tensor(1.3525, device='cuda:0', grad_fn=<AddBackward0>), loss_auto: tensor(0.3106, device='cuda:0', grad_fn=<AddBackward0>), loss_pre: tensor(1.3215, device='cuda:0', grad_fn=<NllLossBackward0>)[0m[0m
experiment  : INFO     [32m[32mstep: 8840 	 meta_lr 0.000500 	 training acc 0.546875 and training loss tensor(2.0204, device='cuda:0', grad_fn=<AddBackward0>), loss_auto: tensor(0.3097, device='cuda:0', grad_fn=<AddBackward0>), loss_pre: tensor(1.9894, device='cuda:0', grad_fn=<NllLossBackward0>)[0m[0m
experiment  : INFO     [32m[32mstep: 8880 	 meta_lr 0.000500 	 training acc 0.5 and training loss tensor(1.7395, device='cuda:0', grad_fn=<AddBackward0>), loss_auto: tensor(0.3066, device='cuda:0', grad_fn=<AddBackward0>), loss_pre: tensor(1.7088, device='cuda:0', grad_fn=<NllLossBackward0>)[0m[0m
experiment  : INFO     [32m[32mstep: 8920 	 meta_lr 0.000500 	 training acc 0.484375 and training loss tensor(1.4108, device='cuda:0', grad_fn=<AddBackward0>), loss_auto: tensor(0.3086, device='cuda:0', grad_fn=<AddBackward0>), loss_pre: tensor(1.3799, device='cuda:0', grad_fn=<NllLossBackward0>)[0m[0m
experiment  : INFO     [32m[32mstep: 8960 	 meta_lr 0.000500 	 training acc 0.625 and training loss tensor(1.3424, device='cuda:0', grad_fn=<AddBackward0>), loss_auto: tensor(0.3035, device='cuda:0', grad_fn=<AddBackward0>), loss_pre: tensor(1.3121, device='cuda:0', grad_fn=<NllLossBackward0>)[0m[0m
experiment  : INFO     [32m[32mstep: 9000 	 meta_lr 0.000500 	 training acc 0.65625 and training loss tensor(1.2838, device='cuda:0', grad_fn=<AddBackward0>), loss_auto: tensor(0.3059, device='cuda:0', grad_fn=<AddBackward0>), loss_pre: tensor(1.2532, device='cuda:0', grad_fn=<NllLossBackward0>)[0m[0m
experiment  : INFO     [32m[32mTrain Accuracy = 0.5841422872340426[0m[0m
experiment  : INFO     [32m[32mTest Accuracy = 0.0[0m[0m
experiment  : INFO     [32m[32mstep: 9040 	 meta_lr 0.000500 	 training acc 0.609375 and training loss tensor(1.3962, device='cuda:0', grad_fn=<AddBackward0>), loss_auto: tensor(0.3083, device='cuda:0', grad_fn=<AddBackward0>), loss_pre: tensor(1.3653, device='cuda:0', grad_fn=<NllLossBackward0>)[0m[0m
experiment  : INFO     [32m[32mstep: 9080 	 meta_lr 0.000500 	 training acc 0.65625 and training loss tensor(1.1202, device='cuda:0', grad_fn=<AddBackward0>), loss_auto: tensor(0.3021, device='cuda:0', grad_fn=<AddBackward0>), loss_pre: tensor(1.0900, device='cuda:0', grad_fn=<NllLossBackward0>)[0m[0m
experiment  : INFO     [32m[32mstep: 9120 	 meta_lr 0.000500 	 training acc 0.5 and training loss tensor(1.9665, device='cuda:0', grad_fn=<AddBackward0>), loss_auto: tensor(0.3014, device='cuda:0', grad_fn=<AddBackward0>), loss_pre: tensor(1.9364, device='cuda:0', grad_fn=<NllLossBackward0>)[0m[0m
experiment  : INFO     [32m[32mstep: 9160 	 meta_lr 0.000500 	 training acc 0.546875 and training loss tensor(1.4353, device='cuda:0', grad_fn=<AddBackward0>), loss_auto: tensor(0.3000, device='cuda:0', grad_fn=<AddBackward0>), loss_pre: tensor(1.4053, device='cuda:0', grad_fn=<NllLossBackward0>)[0m[0m
experiment  : INFO     [32m[32mstep: 9200 	 meta_lr 0.000500 	 training acc 0.6875 and training loss tensor(1.3707, device='cuda:0', grad_fn=<AddBackward0>), loss_auto: tensor(0.2995, device='cuda:0', grad_fn=<AddBackward0>), loss_pre: tensor(1.3408, device='cuda:0', grad_fn=<NllLossBackward0>)[0m[0m
experiment  : INFO     [32m[32mstep: 9240 	 meta_lr 0.000500 	 training acc 0.59375 and training loss tensor(1.3889, device='cuda:0', grad_fn=<AddBackward0>), loss_auto: tensor(0.2993, device='cuda:0', grad_fn=<AddBackward0>), loss_pre: tensor(1.3590, device='cuda:0', grad_fn=<NllLossBackward0>)[0m[0m
experiment  : INFO     [32m[32mstep: 9280 	 meta_lr 0.000500 	 training acc 0.546875 and training loss tensor(1.5317, device='cuda:0', grad_fn=<AddBackward0>), loss_auto: tensor(0.3026, device='cuda:0', grad_fn=<AddBackward0>), loss_pre: tensor(1.5014, device='cuda:0', grad_fn=<NllLossBackward0>)[0m[0m
experiment  : INFO     [32m[32mstep: 9320 	 meta_lr 0.000500 	 training acc 0.65625 and training loss tensor(1.2950, device='cuda:0', grad_fn=<AddBackward0>), loss_auto: tensor(0.3103, device='cuda:0', grad_fn=<AddBackward0>), loss_pre: tensor(1.2640, device='cuda:0', grad_fn=<NllLossBackward0>)[0m[0m
experiment  : INFO     [32m[32mstep: 9360 	 meta_lr 0.000500 	 training acc 0.5 and training loss tensor(1.5799, device='cuda:0', grad_fn=<AddBackward0>), loss_auto: tensor(0.3026, device='cuda:0', grad_fn=<AddBackward0>), loss_pre: tensor(1.5496, device='cuda:0', grad_fn=<NllLossBackward0>)[0m[0m
experiment  : INFO     [32m[32mstep: 9400 	 meta_lr 0.000500 	 training acc 0.5 and training loss tensor(1.6759, device='cuda:0', grad_fn=<AddBackward0>), loss_auto: tensor(0.3013, device='cuda:0', grad_fn=<AddBackward0>), loss_pre: tensor(1.6458, device='cuda:0', grad_fn=<NllLossBackward0>)[0m[0m
experiment  : INFO     [32m[32mstep: 9440 	 meta_lr 0.000500 	 training acc 0.6875 and training loss tensor(1.1237, device='cuda:0', grad_fn=<AddBackward0>), loss_auto: tensor(0.3001, device='cuda:0', grad_fn=<AddBackward0>), loss_pre: tensor(1.0937, device='cuda:0', grad_fn=<NllLossBackward0>)[0m[0m
experiment  : INFO     [32m[32mstep: 9480 	 meta_lr 0.000500 	 training acc 0.609375 and training loss tensor(1.6330, device='cuda:0', grad_fn=<AddBackward0>), loss_auto: tensor(0.3046, device='cuda:0', grad_fn=<AddBackward0>), loss_pre: tensor(1.6025, device='cuda:0', grad_fn=<NllLossBackward0>)[0m[0m
experiment  : INFO     [32m[32mTrain Accuracy = 0.6234818262411347[0m[0m
experiment  : INFO     [32m[32mTest Accuracy = 0.0[0m[0m
experiment  : INFO     [32m[32mstep: 9520 	 meta_lr 0.000500 	 training acc 0.703125 and training loss tensor(1.1956, device='cuda:0', grad_fn=<AddBackward0>), loss_auto: tensor(0.3094, device='cuda:0', grad_fn=<AddBackward0>), loss_pre: tensor(1.1647, device='cuda:0', grad_fn=<NllLossBackward0>)[0m[0m
experiment  : INFO     [32m[32mstep: 9560 	 meta_lr 0.000500 	 training acc 0.59375 and training loss tensor(1.3517, device='cuda:0', grad_fn=<AddBackward0>), loss_auto: tensor(0.3034, device='cuda:0', grad_fn=<AddBackward0>), loss_pre: tensor(1.3213, device='cuda:0', grad_fn=<NllLossBackward0>)[0m[0m
experiment  : INFO     [32m[32mstep: 9600 	 meta_lr 0.000500 	 training acc 0.515625 and training loss tensor(1.3985, device='cuda:0', grad_fn=<AddBackward0>), loss_auto: tensor(0.3004, device='cuda:0', grad_fn=<AddBackward0>), loss_pre: tensor(1.3684, device='cuda:0', grad_fn=<NllLossBackward0>)[0m[0m
experiment  : INFO     [32m[32mstep: 9640 	 meta_lr 0.000500 	 training acc 0.59375 and training loss tensor(1.4785, device='cuda:0', grad_fn=<AddBackward0>), loss_auto: tensor(0.3000, device='cuda:0', grad_fn=<AddBackward0>), loss_pre: tensor(1.4485, device='cuda:0', grad_fn=<NllLossBackward0>)[0m[0m
experiment  : INFO     [32m[32mstep: 9680 	 meta_lr 0.000500 	 training acc 0.453125 and training loss tensor(1.7307, device='cuda:0', grad_fn=<AddBackward0>), loss_auto: tensor(0.2998, device='cuda:0', grad_fn=<AddBackward0>), loss_pre: tensor(1.7007, device='cuda:0', grad_fn=<NllLossBackward0>)[0m[0m
experiment  : INFO     [32m[32mstep: 9720 	 meta_lr 0.000500 	 training acc 0.359375 and training loss tensor(1.9145, device='cuda:0', grad_fn=<AddBackward0>), loss_auto: tensor(0.3077, device='cuda:0', grad_fn=<AddBackward0>), loss_pre: tensor(1.8837, device='cuda:0', grad_fn=<NllLossBackward0>)[0m[0m
experiment  : INFO     [32m[32mstep: 9760 	 meta_lr 0.000500 	 training acc 0.671875 and training loss tensor(1.2116, device='cuda:0', grad_fn=<AddBackward0>), loss_auto: tensor(0.3005, device='cuda:0', grad_fn=<AddBackward0>), loss_pre: tensor(1.1816, device='cuda:0', grad_fn=<NllLossBackward0>)[0m[0m
experiment  : INFO     [32m[32mstep: 9800 	 meta_lr 0.000500 	 training acc 0.609375 and training loss tensor(1.4482, device='cuda:0', grad_fn=<AddBackward0>), loss_auto: tensor(0.3048, device='cuda:0', grad_fn=<AddBackward0>), loss_pre: tensor(1.4177, device='cuda:0', grad_fn=<NllLossBackward0>)[0m[0m
experiment  : INFO     [32m[32mstep: 9840 	 meta_lr 0.000500 	 training acc 0.53125 and training loss tensor(1.5924, device='cuda:0', grad_fn=<AddBackward0>), loss_auto: tensor(0.3069, device='cuda:0', grad_fn=<AddBackward0>), loss_pre: tensor(1.5617, device='cuda:0', grad_fn=<NllLossBackward0>)[0m[0m
experiment  : INFO     [32m[32mstep: 9880 	 meta_lr 0.000500 	 training acc 0.609375 and training loss tensor(1.6264, device='cuda:0', grad_fn=<AddBackward0>), loss_auto: tensor(0.3030, device='cuda:0', grad_fn=<AddBackward0>), loss_pre: tensor(1.5961, device='cuda:0', grad_fn=<NllLossBackward0>)[0m[0m
experiment  : INFO     [32m[32mstep: 9920 	 meta_lr 0.000500 	 training acc 0.546875 and training loss tensor(1.5366, device='cuda:0', grad_fn=<AddBackward0>), loss_auto: tensor(0.3071, device='cuda:0', grad_fn=<AddBackward0>), loss_pre: tensor(1.5059, device='cuda:0', grad_fn=<NllLossBackward0>)[0m[0m
experiment  : INFO     [32m[32mstep: 9960 	 meta_lr 0.000500 	 training acc 0.484375 and training loss tensor(1.5605, device='cuda:0', grad_fn=<AddBackward0>), loss_auto: tensor(0.3045, device='cuda:0', grad_fn=<AddBackward0>), loss_pre: tensor(1.5301, device='cuda:0', grad_fn=<NllLossBackward0>)[0m[0m
experiment  : INFO     [32m[32mstep: 10000 	 meta_lr 0.000500 	 training acc 0.578125 and training loss tensor(1.4787, device='cuda:0', grad_fn=<AddBackward0>), loss_auto: tensor(0.3023, device='cuda:0', grad_fn=<AddBackward0>), loss_pre: tensor(1.4485, device='cuda:0', grad_fn=<NllLossBackward0>)[0m[0m
experiment  : INFO     [32m[32mTrain Accuracy = 0.6318816489361702[0m[0m
experiment  : INFO     [32m[32mTest Accuracy = 0.0[0m[0m
experiment  : INFO     [32m[32mstep: 10040 	 meta_lr 0.000500 	 training acc 0.609375 and training loss tensor(1.4489, device='cuda:0', grad_fn=<AddBackward0>), loss_auto: tensor(0.3058, device='cuda:0', grad_fn=<AddBackward0>), loss_pre: tensor(1.4183, device='cuda:0', grad_fn=<NllLossBackward0>)[0m[0m
experiment  : INFO     [32m[32mstep: 10080 	 meta_lr 0.000500 	 training acc 0.53125 and training loss tensor(1.8985, device='cuda:0', grad_fn=<AddBackward0>), loss_auto: tensor(0.3019, device='cuda:0', grad_fn=<AddBackward0>), loss_pre: tensor(1.8683, device='cuda:0', grad_fn=<NllLossBackward0>)[0m[0m
experiment  : INFO     [32m[32mstep: 10120 	 meta_lr 0.000500 	 training acc 0.65625 and training loss tensor(1.3443, device='cuda:0', grad_fn=<AddBackward0>), loss_auto: tensor(0.3016, device='cuda:0', grad_fn=<AddBackward0>), loss_pre: tensor(1.3142, device='cuda:0', grad_fn=<NllLossBackward0>)[0m[0m
experiment  : INFO     [32m[32mstep: 10160 	 meta_lr 0.000500 	 training acc 0.6875 and training loss tensor(1.1453, device='cuda:0', grad_fn=<AddBackward0>), loss_auto: tensor(0.3033, device='cuda:0', grad_fn=<AddBackward0>), loss_pre: tensor(1.1149, device='cuda:0', grad_fn=<NllLossBackward0>)[0m[0m
experiment  : INFO     [32m[32mstep: 10200 	 meta_lr 0.000500 	 training acc 0.5625 and training loss tensor(1.5681, device='cuda:0', grad_fn=<AddBackward0>), loss_auto: tensor(0.3046, device='cuda:0', grad_fn=<AddBackward0>), loss_pre: tensor(1.5377, device='cuda:0', grad_fn=<NllLossBackward0>)[0m[0m
experiment  : INFO     [32m[32mstep: 10240 	 meta_lr 0.000500 	 training acc 0.53125 and training loss tensor(1.4471, device='cuda:0', grad_fn=<AddBackward0>), loss_auto: tensor(0.3025, device='cuda:0', grad_fn=<AddBackward0>), loss_pre: tensor(1.4168, device='cuda:0', grad_fn=<NllLossBackward0>)[0m[0m
experiment  : INFO     [32m[32mstep: 10280 	 meta_lr 0.000500 	 training acc 0.609375 and training loss tensor(1.6044, device='cuda:0', grad_fn=<AddBackward0>), loss_auto: tensor(0.2951, device='cuda:0', grad_fn=<AddBackward0>), loss_pre: tensor(1.5749, device='cuda:0', grad_fn=<NllLossBackward0>)[0m[0m
experiment  : INFO     [32m[32mstep: 10320 	 meta_lr 0.000500 	 training acc 0.609375 and training loss tensor(1.7119, device='cuda:0', grad_fn=<AddBackward0>), loss_auto: tensor(0.2969, device='cuda:0', grad_fn=<AddBackward0>), loss_pre: tensor(1.6822, device='cuda:0', grad_fn=<NllLossBackward0>)[0m[0m
experiment  : INFO     [32m[32mstep: 10360 	 meta_lr 0.000500 	 training acc 0.640625 and training loss tensor(1.3197, device='cuda:0', grad_fn=<AddBackward0>), loss_auto: tensor(0.2997, device='cuda:0', grad_fn=<AddBackward0>), loss_pre: tensor(1.2897, device='cuda:0', grad_fn=<NllLossBackward0>)[0m[0m
experiment  : INFO     [32m[32mstep: 10400 	 meta_lr 0.000500 	 training acc 0.6875 and training loss tensor(1.1524, device='cuda:0', grad_fn=<AddBackward0>), loss_auto: tensor(0.3027, device='cuda:0', grad_fn=<AddBackward0>), loss_pre: tensor(1.1221, device='cuda:0', grad_fn=<NllLossBackward0>)[0m[0m
experiment  : INFO     [32m[32mstep: 10440 	 meta_lr 0.000500 	 training acc 0.46875 and training loss tensor(1.5139, device='cuda:0', grad_fn=<AddBackward0>), loss_auto: tensor(0.2999, device='cuda:0', grad_fn=<AddBackward0>), loss_pre: tensor(1.4839, device='cuda:0', grad_fn=<NllLossBackward0>)[0m[0m
experiment  : INFO     [32m[32mstep: 10480 	 meta_lr 0.000500 	 training acc 0.546875 and training loss tensor(1.5036, device='cuda:0', grad_fn=<AddBackward0>), loss_auto: tensor(0.3044, device='cuda:0', grad_fn=<AddBackward0>), loss_pre: tensor(1.4732, device='cuda:0', grad_fn=<NllLossBackward0>)[0m[0m
experiment  : INFO     [32m[32mTrain Accuracy = 0.6552969858156028[0m[0m
experiment  : INFO     [32m[32mTest Accuracy = 0.0[0m[0m
experiment  : INFO     [32m[32mstep: 10520 	 meta_lr 0.000500 	 training acc 0.609375 and training loss tensor(1.4485, device='cuda:0', grad_fn=<AddBackward0>), loss_auto: tensor(0.3047, device='cuda:0', grad_fn=<AddBackward0>), loss_pre: tensor(1.4180, device='cuda:0', grad_fn=<NllLossBackward0>)[0m[0m
experiment  : INFO     [32m[32mstep: 10560 	 meta_lr 0.000500 	 training acc 0.625 and training loss tensor(1.3857, device='cuda:0', grad_fn=<AddBackward0>), loss_auto: tensor(0.3019, device='cuda:0', grad_fn=<AddBackward0>), loss_pre: tensor(1.3555, device='cuda:0', grad_fn=<NllLossBackward0>)[0m[0m
experiment  : INFO     [32m[32mstep: 10600 	 meta_lr 0.000500 	 training acc 0.515625 and training loss tensor(1.4985, device='cuda:0', grad_fn=<AddBackward0>), loss_auto: tensor(0.2982, device='cuda:0', grad_fn=<AddBackward0>), loss_pre: tensor(1.4687, device='cuda:0', grad_fn=<NllLossBackward0>)[0m[0m
experiment  : INFO     [32m[32mstep: 10640 	 meta_lr 0.000500 	 training acc 0.4375 and training loss tensor(1.6142, device='cuda:0', grad_fn=<AddBackward0>), loss_auto: tensor(0.3026, device='cuda:0', grad_fn=<AddBackward0>), loss_pre: tensor(1.5839, device='cuda:0', grad_fn=<NllLossBackward0>)[0m[0m
experiment  : INFO     [32m[32mstep: 10680 	 meta_lr 0.000500 	 training acc 0.671875 and training loss tensor(1.2393, device='cuda:0', grad_fn=<AddBackward0>), loss_auto: tensor(0.3010, device='cuda:0', grad_fn=<AddBackward0>), loss_pre: tensor(1.2092, device='cuda:0', grad_fn=<NllLossBackward0>)[0m[0m
experiment  : INFO     [32m[32mstep: 10720 	 meta_lr 0.000500 	 training acc 0.546875 and training loss tensor(1.6251, device='cuda:0', grad_fn=<AddBackward0>), loss_auto: tensor(0.3008, device='cuda:0', grad_fn=<AddBackward0>), loss_pre: tensor(1.5950, device='cuda:0', grad_fn=<NllLossBackward0>)[0m[0m
experiment  : INFO     [32m[32mstep: 10760 	 meta_lr 0.000500 	 training acc 0.703125 and training loss tensor(0.9136, device='cuda:0', grad_fn=<AddBackward0>), loss_auto: tensor(0.3050, device='cuda:0', grad_fn=<AddBackward0>), loss_pre: tensor(0.8831, device='cuda:0', grad_fn=<NllLossBackward0>)[0m[0m
experiment  : INFO     [32m[32mstep: 10800 	 meta_lr 0.000500 	 training acc 0.65625 and training loss tensor(1.0506, device='cuda:0', grad_fn=<AddBackward0>), loss_auto: tensor(0.3022, device='cuda:0', grad_fn=<AddBackward0>), loss_pre: tensor(1.0204, device='cuda:0', grad_fn=<NllLossBackward0>)[0m[0m
experiment  : INFO     [32m[32mstep: 10840 	 meta_lr 0.000500 	 training acc 0.484375 and training loss tensor(1.9272, device='cuda:0', grad_fn=<AddBackward0>), loss_auto: tensor(0.3017, device='cuda:0', grad_fn=<AddBackward0>), loss_pre: tensor(1.8971, device='cuda:0', grad_fn=<NllLossBackward0>)[0m[0m
experiment  : INFO     [32m[32mstep: 10880 	 meta_lr 0.000500 	 training acc 0.53125 and training loss tensor(1.4448, device='cuda:0', grad_fn=<AddBackward0>), loss_auto: tensor(0.3049, device='cuda:0', grad_fn=<AddBackward0>), loss_pre: tensor(1.4143, device='cuda:0', grad_fn=<NllLossBackward0>)[0m[0m
experiment  : INFO     [32m[32mstep: 10920 	 meta_lr 0.000500 	 training acc 0.578125 and training loss tensor(1.4143, device='cuda:0', grad_fn=<AddBackward0>), loss_auto: tensor(0.3063, device='cuda:0', grad_fn=<AddBackward0>), loss_pre: tensor(1.3837, device='cuda:0', grad_fn=<NllLossBackward0>)[0m[0m
experiment  : INFO     [32m[32mstep: 10960 	 meta_lr 0.000500 	 training acc 0.6875 and training loss tensor(1.1564, device='cuda:0', grad_fn=<AddBackward0>), loss_auto: tensor(0.3029, device='cuda:0', grad_fn=<AddBackward0>), loss_pre: tensor(1.1261, device='cuda:0', grad_fn=<NllLossBackward0>)[0m[0m
experiment  : INFO     [32m[32mstep: 11000 	 meta_lr 0.000500 	 training acc 0.59375 and training loss tensor(1.5540, device='cuda:0', grad_fn=<AddBackward0>), loss_auto: tensor(0.3067, device='cuda:0', grad_fn=<AddBackward0>), loss_pre: tensor(1.5234, device='cuda:0', grad_fn=<NllLossBackward0>)[0m[0m
experiment  : INFO     [32m[32mTrain Accuracy = 0.6670877659574468[0m[0m
experiment  : INFO     [32m[32mTest Accuracy = 0.0[0m[0m
experiment  : INFO     [32m[32mstep: 11040 	 meta_lr 0.000500 	 training acc 0.6875 and training loss tensor(1.1464, device='cuda:0', grad_fn=<AddBackward0>), loss_auto: tensor(0.3024, device='cuda:0', grad_fn=<AddBackward0>), loss_pre: tensor(1.1162, device='cuda:0', grad_fn=<NllLossBackward0>)[0m[0m
experiment  : INFO     [32m[32mstep: 11080 	 meta_lr 0.000500 	 training acc 0.609375 and training loss tensor(1.5761, device='cuda:0', grad_fn=<AddBackward0>), loss_auto: tensor(0.2969, device='cuda:0', grad_fn=<AddBackward0>), loss_pre: tensor(1.5464, device='cuda:0', grad_fn=<NllLossBackward0>)[0m[0m
experiment  : INFO     [32m[32mstep: 11120 	 meta_lr 0.000500 	 training acc 0.640625 and training loss tensor(1.2066, device='cuda:0', grad_fn=<AddBackward0>), loss_auto: tensor(0.3066, device='cuda:0', grad_fn=<AddBackward0>), loss_pre: tensor(1.1760, device='cuda:0', grad_fn=<NllLossBackward0>)[0m[0m
experiment  : INFO     [32m[32mstep: 11160 	 meta_lr 0.000500 	 training acc 0.65625 and training loss tensor(1.2230, device='cuda:0', grad_fn=<AddBackward0>), loss_auto: tensor(0.2981, device='cuda:0', grad_fn=<AddBackward0>), loss_pre: tensor(1.1932, device='cuda:0', grad_fn=<NllLossBackward0>)[0m[0m
experiment  : INFO     [32m[32mstep: 11200 	 meta_lr 0.000500 	 training acc 0.625 and training loss tensor(1.1136, device='cuda:0', grad_fn=<AddBackward0>), loss_auto: tensor(0.3027, device='cuda:0', grad_fn=<AddBackward0>), loss_pre: tensor(1.0834, device='cuda:0', grad_fn=<NllLossBackward0>)[0m[0m
experiment  : INFO     [32m[32mstep: 11240 	 meta_lr 0.000500 	 training acc 0.578125 and training loss tensor(1.4021, device='cuda:0', grad_fn=<AddBackward0>), loss_auto: tensor(0.2997, device='cuda:0', grad_fn=<AddBackward0>), loss_pre: tensor(1.3722, device='cuda:0', grad_fn=<NllLossBackward0>)[0m[0m
experiment  : INFO     [32m[32mstep: 11280 	 meta_lr 0.000500 	 training acc 0.640625 and training loss tensor(1.1446, device='cuda:0', grad_fn=<AddBackward0>), loss_auto: tensor(0.3007, device='cuda:0', grad_fn=<AddBackward0>), loss_pre: tensor(1.1146, device='cuda:0', grad_fn=<NllLossBackward0>)[0m[0m
experiment  : INFO     [32m[32mstep: 11320 	 meta_lr 0.000500 	 training acc 0.625 and training loss tensor(1.1419, device='cuda:0', grad_fn=<AddBackward0>), loss_auto: tensor(0.3043, device='cuda:0', grad_fn=<AddBackward0>), loss_pre: tensor(1.1115, device='cuda:0', grad_fn=<NllLossBackward0>)[0m[0m
experiment  : INFO     [32m[32mstep: 11360 	 meta_lr 0.000500 	 training acc 0.59375 and training loss tensor(1.2199, device='cuda:0', grad_fn=<AddBackward0>), loss_auto: tensor(0.3085, device='cuda:0', grad_fn=<AddBackward0>), loss_pre: tensor(1.1891, device='cuda:0', grad_fn=<NllLossBackward0>)[0m[0m
experiment  : INFO     [32m[32mstep: 11400 	 meta_lr 0.000500 	 training acc 0.53125 and training loss tensor(1.6410, device='cuda:0', grad_fn=<AddBackward0>), loss_auto: tensor(0.3081, device='cuda:0', grad_fn=<AddBackward0>), loss_pre: tensor(1.6102, device='cuda:0', grad_fn=<NllLossBackward0>)[0m[0m
experiment  : INFO     [32m[32mstep: 11440 	 meta_lr 0.000500 	 training acc 0.703125 and training loss tensor(1.0671, device='cuda:0', grad_fn=<AddBackward0>), loss_auto: tensor(0.3062, device='cuda:0', grad_fn=<AddBackward0>), loss_pre: tensor(1.0365, device='cuda:0', grad_fn=<NllLossBackward0>)[0m[0m
experiment  : INFO     [32m[32mstep: 11480 	 meta_lr 0.000500 	 training acc 0.640625 and training loss tensor(1.3272, device='cuda:0', grad_fn=<AddBackward0>), loss_auto: tensor(0.3053, device='cuda:0', grad_fn=<AddBackward0>), loss_pre: tensor(1.2967, device='cuda:0', grad_fn=<NllLossBackward0>)[0m[0m
experiment  : INFO     [32m[32mTrain Accuracy = 0.6777814716312057[0m[0m
experiment  : INFO     [32m[32mTest Accuracy = 0.0[0m[0m
experiment  : INFO     [32m[32mstep: 11520 	 meta_lr 0.000500 	 training acc 0.546875 and training loss tensor(1.6133, device='cuda:0', grad_fn=<AddBackward0>), loss_auto: tensor(0.3044, device='cuda:0', grad_fn=<AddBackward0>), loss_pre: tensor(1.5828, device='cuda:0', grad_fn=<NllLossBackward0>)[0m[0m
experiment  : INFO     [32m[32mstep: 11560 	 meta_lr 0.000500 	 training acc 0.625 and training loss tensor(1.2630, device='cuda:0', grad_fn=<AddBackward0>), loss_auto: tensor(0.2986, device='cuda:0', grad_fn=<AddBackward0>), loss_pre: tensor(1.2332, device='cuda:0', grad_fn=<NllLossBackward0>)[0m[0m
experiment  : INFO     [32m[32mstep: 11600 	 meta_lr 0.000500 	 training acc 0.65625 and training loss tensor(1.1429, device='cuda:0', grad_fn=<AddBackward0>), loss_auto: tensor(0.3054, device='cuda:0', grad_fn=<AddBackward0>), loss_pre: tensor(1.1123, device='cuda:0', grad_fn=<NllLossBackward0>)[0m[0m
experiment  : INFO     [32m[32mstep: 11640 	 meta_lr 0.000500 	 training acc 0.65625 and training loss tensor(1.2353, device='cuda:0', grad_fn=<AddBackward0>), loss_auto: tensor(0.3023, device='cuda:0', grad_fn=<AddBackward0>), loss_pre: tensor(1.2050, device='cuda:0', grad_fn=<NllLossBackward0>)[0m[0m
experiment  : INFO     [32m[32mstep: 11680 	 meta_lr 0.000500 	 training acc 0.578125 and training loss tensor(1.6133, device='cuda:0', grad_fn=<AddBackward0>), loss_auto: tensor(0.3008, device='cuda:0', grad_fn=<AddBackward0>), loss_pre: tensor(1.5832, device='cuda:0', grad_fn=<NllLossBackward0>)[0m[0m
experiment  : INFO     [32m[32mstep: 11720 	 meta_lr 0.000500 	 training acc 0.65625 and training loss tensor(1.1112, device='cuda:0', grad_fn=<AddBackward0>), loss_auto: tensor(0.3033, device='cuda:0', grad_fn=<AddBackward0>), loss_pre: tensor(1.0809, device='cuda:0', grad_fn=<NllLossBackward0>)[0m[0m
experiment  : INFO     [32m[32mstep: 11760 	 meta_lr 0.000500 	 training acc 0.640625 and training loss tensor(1.0417, device='cuda:0', grad_fn=<AddBackward0>), loss_auto: tensor(0.2991, device='cuda:0', grad_fn=<AddBackward0>), loss_pre: tensor(1.0118, device='cuda:0', grad_fn=<NllLossBackward0>)[0m[0m
experiment  : INFO     [32m[32mstep: 11800 	 meta_lr 0.000500 	 training acc 0.53125 and training loss tensor(1.5861, device='cuda:0', grad_fn=<AddBackward0>), loss_auto: tensor(0.3028, device='cuda:0', grad_fn=<AddBackward0>), loss_pre: tensor(1.5558, device='cuda:0', grad_fn=<NllLossBackward0>)[0m[0m
experiment  : INFO     [32m[32mstep: 11840 	 meta_lr 0.000500 	 training acc 0.6875 and training loss tensor(0.9938, device='cuda:0', grad_fn=<AddBackward0>), loss_auto: tensor(0.3013, device='cuda:0', grad_fn=<AddBackward0>), loss_pre: tensor(0.9637, device='cuda:0', grad_fn=<NllLossBackward0>)[0m[0m
experiment  : INFO     [32m[32mstep: 11880 	 meta_lr 0.000500 	 training acc 0.640625 and training loss tensor(1.2384, device='cuda:0', grad_fn=<AddBackward0>), loss_auto: tensor(0.3010, device='cuda:0', grad_fn=<AddBackward0>), loss_pre: tensor(1.2083, device='cuda:0', grad_fn=<NllLossBackward0>)[0m[0m
experiment  : INFO     [32m[32mstep: 11920 	 meta_lr 0.000500 	 training acc 0.609375 and training loss tensor(1.2518, device='cuda:0', grad_fn=<AddBackward0>), loss_auto: tensor(0.3013, device='cuda:0', grad_fn=<AddBackward0>), loss_pre: tensor(1.2217, device='cuda:0', grad_fn=<NllLossBackward0>)[0m[0m
experiment  : INFO     [32m[32mstep: 11960 	 meta_lr 0.000500 	 training acc 0.671875 and training loss tensor(1.3047, device='cuda:0', grad_fn=<AddBackward0>), loss_auto: tensor(0.3005, device='cuda:0', grad_fn=<AddBackward0>), loss_pre: tensor(1.2747, device='cuda:0', grad_fn=<NllLossBackward0>)[0m[0m
experiment  : INFO     [32m[32mstep: 12000 	 meta_lr 0.000500 	 training acc 0.59375 and training loss tensor(1.4358, device='cuda:0', grad_fn=<AddBackward0>), loss_auto: tensor(0.3014, device='cuda:0', grad_fn=<AddBackward0>), loss_pre: tensor(1.4056, device='cuda:0', grad_fn=<NllLossBackward0>)[0m[0m
experiment  : INFO     [32m[32mTrain Accuracy = 0.6910017730496454[0m[0m
experiment  : INFO     [32m[32mTest Accuracy = 0.0[0m[0m
experiment  : INFO     [32m[32mstep: 12040 	 meta_lr 0.000500 	 training acc 0.59375 and training loss tensor(1.4703, device='cuda:0', grad_fn=<AddBackward0>), loss_auto: tensor(0.3052, device='cuda:0', grad_fn=<AddBackward0>), loss_pre: tensor(1.4398, device='cuda:0', grad_fn=<NllLossBackward0>)[0m[0m
experiment  : INFO     [32m[32mstep: 12080 	 meta_lr 0.000500 	 training acc 0.6875 and training loss tensor(1.1498, device='cuda:0', grad_fn=<AddBackward0>), loss_auto: tensor(0.3031, device='cuda:0', grad_fn=<AddBackward0>), loss_pre: tensor(1.1195, device='cuda:0', grad_fn=<NllLossBackward0>)[0m[0m
experiment  : INFO     [32m[32mstep: 12120 	 meta_lr 0.000500 	 training acc 0.765625 and training loss tensor(0.8036, device='cuda:0', grad_fn=<AddBackward0>), loss_auto: tensor(0.3054, device='cuda:0', grad_fn=<AddBackward0>), loss_pre: tensor(0.7730, device='cuda:0', grad_fn=<NllLossBackward0>)[0m[0m
experiment  : INFO     [32m[32mstep: 12160 	 meta_lr 0.000500 	 training acc 0.625 and training loss tensor(1.3066, device='cuda:0', grad_fn=<AddBackward0>), loss_auto: tensor(0.3009, device='cuda:0', grad_fn=<AddBackward0>), loss_pre: tensor(1.2765, device='cuda:0', grad_fn=<NllLossBackward0>)[0m[0m
experiment  : INFO     [32m[32mstep: 12200 	 meta_lr 0.000500 	 training acc 0.65625 and training loss tensor(1.2738, device='cuda:0', grad_fn=<AddBackward0>), loss_auto: tensor(0.3036, device='cuda:0', grad_fn=<AddBackward0>), loss_pre: tensor(1.2434, device='cuda:0', grad_fn=<NllLossBackward0>)[0m[0m
experiment  : INFO     [32m[32mstep: 12240 	 meta_lr 0.000500 	 training acc 0.5625 and training loss tensor(1.2768, device='cuda:0', grad_fn=<AddBackward0>), loss_auto: tensor(0.2996, device='cuda:0', grad_fn=<AddBackward0>), loss_pre: tensor(1.2468, device='cuda:0', grad_fn=<NllLossBackward0>)[0m[0m
experiment  : INFO     [32m[32mstep: 12280 	 meta_lr 0.000500 	 training acc 0.59375 and training loss tensor(1.1678, device='cuda:0', grad_fn=<AddBackward0>), loss_auto: tensor(0.3002, device='cuda:0', grad_fn=<AddBackward0>), loss_pre: tensor(1.1378, device='cuda:0', grad_fn=<NllLossBackward0>)[0m[0m
experiment  : INFO     [32m[32mstep: 12320 	 meta_lr 0.000500 	 training acc 0.5625 and training loss tensor(1.6395, device='cuda:0', grad_fn=<AddBackward0>), loss_auto: tensor(0.3022, device='cuda:0', grad_fn=<AddBackward0>), loss_pre: tensor(1.6092, device='cuda:0', grad_fn=<NllLossBackward0>)[0m[0m
experiment  : INFO     [32m[32mstep: 12360 	 meta_lr 0.000500 	 training acc 0.59375 and training loss tensor(1.1340, device='cuda:0', grad_fn=<AddBackward0>), loss_auto: tensor(0.3025, device='cuda:0', grad_fn=<AddBackward0>), loss_pre: tensor(1.1037, device='cuda:0', grad_fn=<NllLossBackward0>)[0m[0m
experiment  : INFO     [32m[32mstep: 12400 	 meta_lr 0.000500 	 training acc 0.640625 and training loss tensor(1.1289, device='cuda:0', grad_fn=<AddBackward0>), loss_auto: tensor(0.3005, device='cuda:0', grad_fn=<AddBackward0>), loss_pre: tensor(1.0988, device='cuda:0', grad_fn=<NllLossBackward0>)[0m[0m
experiment  : INFO     [32m[32mstep: 12440 	 meta_lr 0.000500 	 training acc 0.578125 and training loss tensor(1.5019, device='cuda:0', grad_fn=<AddBackward0>), loss_auto: tensor(0.3021, device='cuda:0', grad_fn=<AddBackward0>), loss_pre: tensor(1.4716, device='cuda:0', grad_fn=<NllLossBackward0>)[0m[0m
experiment  : INFO     [32m[32mstep: 12480 	 meta_lr 0.000500 	 training acc 0.59375 and training loss tensor(1.1904, device='cuda:0', grad_fn=<AddBackward0>), loss_auto: tensor(0.2973, device='cuda:0', grad_fn=<AddBackward0>), loss_pre: tensor(1.1607, device='cuda:0', grad_fn=<NllLossBackward0>)[0m[0m
experiment  : INFO     [32m[32mTrain Accuracy = 0.6965979609929078[0m[0m
experiment  : INFO     [32m[32mTest Accuracy = 0.0[0m[0m
experiment  : INFO     [32m[32mstep: 12520 	 meta_lr 0.000500 	 training acc 0.640625 and training loss tensor(1.2277, device='cuda:0', grad_fn=<AddBackward0>), loss_auto: tensor(0.3003, device='cuda:0', grad_fn=<AddBackward0>), loss_pre: tensor(1.1977, device='cuda:0', grad_fn=<NllLossBackward0>)[0m[0m
experiment  : INFO     [32m[32mstep: 12560 	 meta_lr 0.000500 	 training acc 0.734375 and training loss tensor(0.8393, device='cuda:0', grad_fn=<AddBackward0>), loss_auto: tensor(0.3020, device='cuda:0', grad_fn=<AddBackward0>), loss_pre: tensor(0.8091, device='cuda:0', grad_fn=<NllLossBackward0>)[0m[0m
experiment  : INFO     [32m[32mstep: 12600 	 meta_lr 0.000500 	 training acc 0.65625 and training loss tensor(1.2293, device='cuda:0', grad_fn=<AddBackward0>), loss_auto: tensor(0.3048, device='cuda:0', grad_fn=<AddBackward0>), loss_pre: tensor(1.1989, device='cuda:0', grad_fn=<NllLossBackward0>)[0m[0m
experiment  : INFO     [32m[32mstep: 12640 	 meta_lr 0.000500 	 training acc 0.6875 and training loss tensor(0.9915, device='cuda:0', grad_fn=<AddBackward0>), loss_auto: tensor(0.3020, device='cuda:0', grad_fn=<AddBackward0>), loss_pre: tensor(0.9613, device='cuda:0', grad_fn=<NllLossBackward0>)[0m[0m
experiment  : INFO     [32m[32mstep: 12680 	 meta_lr 0.000500 	 training acc 0.578125 and training loss tensor(1.4728, device='cuda:0', grad_fn=<AddBackward0>), loss_auto: tensor(0.3017, device='cuda:0', grad_fn=<AddBackward0>), loss_pre: tensor(1.4426, device='cuda:0', grad_fn=<NllLossBackward0>)[0m[0m
experiment  : INFO     [32m[32mstep: 12720 	 meta_lr 0.000500 	 training acc 0.65625 and training loss tensor(1.2801, device='cuda:0', grad_fn=<AddBackward0>), loss_auto: tensor(0.2994, device='cuda:0', grad_fn=<AddBackward0>), loss_pre: tensor(1.2502, device='cuda:0', grad_fn=<NllLossBackward0>)[0m[0m
experiment  : INFO     [32m[32mstep: 12760 	 meta_lr 0.000500 	 training acc 0.78125 and training loss tensor(0.8738, device='cuda:0', grad_fn=<AddBackward0>), loss_auto: tensor(0.2984, device='cuda:0', grad_fn=<AddBackward0>), loss_pre: tensor(0.8439, device='cuda:0', grad_fn=<NllLossBackward0>)[0m[0m
experiment  : INFO     [32m[32mstep: 12800 	 meta_lr 0.000500 	 training acc 0.625 and training loss tensor(1.1980, device='cuda:0', grad_fn=<AddBackward0>), loss_auto: tensor(0.3021, device='cuda:0', grad_fn=<AddBackward0>), loss_pre: tensor(1.1678, device='cuda:0', grad_fn=<NllLossBackward0>)[0m[0m
experiment  : INFO     [32m[32mstep: 12840 	 meta_lr 0.000500 	 training acc 0.71875 and training loss tensor(1.0654, device='cuda:0', grad_fn=<AddBackward0>), loss_auto: tensor(0.3067, device='cuda:0', grad_fn=<AddBackward0>), loss_pre: tensor(1.0347, device='cuda:0', grad_fn=<NllLossBackward0>)[0m[0m
experiment  : INFO     [32m[32mstep: 12880 	 meta_lr 0.000500 	 training acc 0.65625 and training loss tensor(1.1371, device='cuda:0', grad_fn=<AddBackward0>), loss_auto: tensor(0.3066, device='cuda:0', grad_fn=<AddBackward0>), loss_pre: tensor(1.1065, device='cuda:0', grad_fn=<NllLossBackward0>)[0m[0m
experiment  : INFO     [32m[32mstep: 12920 	 meta_lr 0.000500 	 training acc 0.671875 and training loss tensor(1.3464, device='cuda:0', grad_fn=<AddBackward0>), loss_auto: tensor(0.3001, device='cuda:0', grad_fn=<AddBackward0>), loss_pre: tensor(1.3164, device='cuda:0', grad_fn=<NllLossBackward0>)[0m[0m
experiment  : INFO     [32m[32mstep: 12960 	 meta_lr 0.000500 	 training acc 0.625 and training loss tensor(1.3723, device='cuda:0', grad_fn=<AddBackward0>), loss_auto: tensor(0.3007, device='cuda:0', grad_fn=<AddBackward0>), loss_pre: tensor(1.3422, device='cuda:0', grad_fn=<NllLossBackward0>)[0m[0m
experiment  : INFO     [32m[32mstep: 13000 	 meta_lr 0.000500 	 training acc 0.53125 and training loss tensor(1.3689, device='cuda:0', grad_fn=<AddBackward0>), loss_auto: tensor(0.3067, device='cuda:0', grad_fn=<AddBackward0>), loss_pre: tensor(1.3382, device='cuda:0', grad_fn=<NllLossBackward0>)[0m[0m
experiment  : INFO     [32m[32mTrain Accuracy = 0.7051307624113474[0m[0m
experiment  : INFO     [32m[32mTest Accuracy = 0.0[0m[0m
experiment  : INFO     [32m[32mstep: 13040 	 meta_lr 0.000500 	 training acc 0.625 and training loss tensor(1.3746, device='cuda:0', grad_fn=<AddBackward0>), loss_auto: tensor(0.3045, device='cuda:0', grad_fn=<AddBackward0>), loss_pre: tensor(1.3442, device='cuda:0', grad_fn=<NllLossBackward0>)[0m[0m
experiment  : INFO     [32m[32mstep: 13080 	 meta_lr 0.000500 	 training acc 0.671875 and training loss tensor(1.1777, device='cuda:0', grad_fn=<AddBackward0>), loss_auto: tensor(0.3024, device='cuda:0', grad_fn=<AddBackward0>), loss_pre: tensor(1.1475, device='cuda:0', grad_fn=<NllLossBackward0>)[0m[0m
experiment  : INFO     [32m[32mstep: 13120 	 meta_lr 0.000500 	 training acc 0.59375 and training loss tensor(3.1270, device='cuda:0', grad_fn=<AddBackward0>), loss_auto: tensor(0.2989, device='cuda:0', grad_fn=<AddBackward0>), loss_pre: tensor(3.0971, device='cuda:0', grad_fn=<NllLossBackward0>)[0m[0m
experiment  : INFO     [32m[32mstep: 13160 	 meta_lr 0.000500 	 training acc 0.703125 and training loss tensor(1.0865, device='cuda:0', grad_fn=<AddBackward0>), loss_auto: tensor(0.3014, device='cuda:0', grad_fn=<AddBackward0>), loss_pre: tensor(1.0564, device='cuda:0', grad_fn=<NllLossBackward0>)[0m[0m
experiment  : INFO     [32m[32mstep: 13200 	 meta_lr 0.000500 	 training acc 0.671875 and training loss tensor(1.0075, device='cuda:0', grad_fn=<AddBackward0>), loss_auto: tensor(0.3075, device='cuda:0', grad_fn=<AddBackward0>), loss_pre: tensor(0.9768, device='cuda:0', grad_fn=<NllLossBackward0>)[0m[0m
experiment  : INFO     [32m[32mstep: 13240 	 meta_lr 0.000500 	 training acc 0.734375 and training loss tensor(0.9332, device='cuda:0', grad_fn=<AddBackward0>), loss_auto: tensor(0.3018, device='cuda:0', grad_fn=<AddBackward0>), loss_pre: tensor(0.9030, device='cuda:0', grad_fn=<NllLossBackward0>)[0m[0m
experiment  : INFO     [32m[32mstep: 13280 	 meta_lr 0.000500 	 training acc 0.59375 and training loss tensor(1.4659, device='cuda:0', grad_fn=<AddBackward0>), loss_auto: tensor(0.3062, device='cuda:0', grad_fn=<AddBackward0>), loss_pre: tensor(1.4353, device='cuda:0', grad_fn=<NllLossBackward0>)[0m[0m
experiment  : INFO     [32m[32mstep: 13320 	 meta_lr 0.000500 	 training acc 0.5625 and training loss tensor(1.3159, device='cuda:0', grad_fn=<AddBackward0>), loss_auto: tensor(0.2999, device='cuda:0', grad_fn=<AddBackward0>), loss_pre: tensor(1.2859, device='cuda:0', grad_fn=<NllLossBackward0>)[0m[0m
experiment  : INFO     [32m[32mstep: 13360 	 meta_lr 0.000500 	 training acc 0.625 and training loss tensor(1.0414, device='cuda:0', grad_fn=<AddBackward0>), loss_auto: tensor(0.3032, device='cuda:0', grad_fn=<AddBackward0>), loss_pre: tensor(1.0110, device='cuda:0', grad_fn=<NllLossBackward0>)[0m[0m
experiment  : INFO     [32m[32mstep: 13400 	 meta_lr 0.000500 	 training acc 0.78125 and training loss tensor(0.9394, device='cuda:0', grad_fn=<AddBackward0>), loss_auto: tensor(0.2986, device='cuda:0', grad_fn=<AddBackward0>), loss_pre: tensor(0.9096, device='cuda:0', grad_fn=<NllLossBackward0>)[0m[0m
experiment  : INFO     [32m[32mstep: 13440 	 meta_lr 0.000500 	 training acc 0.734375 and training loss tensor(0.8029, device='cuda:0', grad_fn=<AddBackward0>), loss_auto: tensor(0.3028, device='cuda:0', grad_fn=<AddBackward0>), loss_pre: tensor(0.7726, device='cuda:0', grad_fn=<NllLossBackward0>)[0m[0m
experiment  : INFO     [32m[32mstep: 13480 	 meta_lr 0.000500 	 training acc 0.734375 and training loss tensor(0.8717, device='cuda:0', grad_fn=<AddBackward0>), loss_auto: tensor(0.3009, device='cuda:0', grad_fn=<AddBackward0>), loss_pre: tensor(0.8416, device='cuda:0', grad_fn=<NllLossBackward0>)[0m[0m
experiment  : INFO     [32m[32mTrain Accuracy = 0.724822695035461[0m[0m
experiment  : INFO     [32m[32mTest Accuracy = 0.0[0m[0m
experiment  : INFO     [32m[32mstep: 13520 	 meta_lr 0.000500 	 training acc 0.6875 and training loss tensor(0.9672, device='cuda:0', grad_fn=<AddBackward0>), loss_auto: tensor(0.3032, device='cuda:0', grad_fn=<AddBackward0>), loss_pre: tensor(0.9369, device='cuda:0', grad_fn=<NllLossBackward0>)[0m[0m
experiment  : INFO     [32m[32mstep: 13560 	 meta_lr 0.000500 	 training acc 0.65625 and training loss tensor(1.0340, device='cuda:0', grad_fn=<AddBackward0>), loss_auto: tensor(0.3035, device='cuda:0', grad_fn=<AddBackward0>), loss_pre: tensor(1.0037, device='cuda:0', grad_fn=<NllLossBackward0>)[0m[0m
experiment  : INFO     [32m[32mstep: 13600 	 meta_lr 0.000500 	 training acc 0.578125 and training loss tensor(1.2253, device='cuda:0', grad_fn=<AddBackward0>), loss_auto: tensor(0.2963, device='cuda:0', grad_fn=<AddBackward0>), loss_pre: tensor(1.1956, device='cuda:0', grad_fn=<NllLossBackward0>)[0m[0m
experiment  : INFO     [32m[32mstep: 13640 	 meta_lr 0.000500 	 training acc 0.734375 and training loss tensor(1.0224, device='cuda:0', grad_fn=<AddBackward0>), loss_auto: tensor(0.3061, device='cuda:0', grad_fn=<AddBackward0>), loss_pre: tensor(0.9918, device='cuda:0', grad_fn=<NllLossBackward0>)[0m[0m
experiment  : INFO     [32m[32mstep: 13680 	 meta_lr 0.000500 	 training acc 0.546875 and training loss tensor(1.5561, device='cuda:0', grad_fn=<AddBackward0>), loss_auto: tensor(0.3061, device='cuda:0', grad_fn=<AddBackward0>), loss_pre: tensor(1.5255, device='cuda:0', grad_fn=<NllLossBackward0>)[0m[0m
experiment  : INFO     [32m[32mstep: 13720 	 meta_lr 0.000500 	 training acc 0.609375 and training loss tensor(1.6461, device='cuda:0', grad_fn=<AddBackward0>), loss_auto: tensor(0.3009, device='cuda:0', grad_fn=<AddBackward0>), loss_pre: tensor(1.6160, device='cuda:0', grad_fn=<NllLossBackward0>)[0m[0m
experiment  : INFO     [32m[32mstep: 13760 	 meta_lr 0.000500 	 training acc 0.65625 and training loss tensor(1.1787, device='cuda:0', grad_fn=<AddBackward0>), loss_auto: tensor(0.2985, device='cuda:0', grad_fn=<AddBackward0>), loss_pre: tensor(1.1488, device='cuda:0', grad_fn=<NllLossBackward0>)[0m[0m
experiment  : INFO     [32m[32mstep: 13800 	 meta_lr 0.000500 	 training acc 0.671875 and training loss tensor(1.4121, device='cuda:0', grad_fn=<AddBackward0>), loss_auto: tensor(0.3026, device='cuda:0', grad_fn=<AddBackward0>), loss_pre: tensor(1.3818, device='cuda:0', grad_fn=<NllLossBackward0>)[0m[0m
experiment  : INFO     [32m[32mstep: 13840 	 meta_lr 0.000500 	 training acc 0.78125 and training loss tensor(1.0274, device='cuda:0', grad_fn=<AddBackward0>), loss_auto: tensor(0.2998, device='cuda:0', grad_fn=<AddBackward0>), loss_pre: tensor(0.9974, device='cuda:0', grad_fn=<NllLossBackward0>)[0m[0m
experiment  : INFO     [32m[32mstep: 13880 	 meta_lr 0.000500 	 training acc 0.640625 and training loss tensor(1.3130, device='cuda:0', grad_fn=<AddBackward0>), loss_auto: tensor(0.3011, device='cuda:0', grad_fn=<AddBackward0>), loss_pre: tensor(1.2829, device='cuda:0', grad_fn=<NllLossBackward0>)[0m[0m
experiment  : INFO     [32m[32mstep: 13920 	 meta_lr 0.000500 	 training acc 0.828125 and training loss tensor(0.6961, device='cuda:0', grad_fn=<AddBackward0>), loss_auto: tensor(0.3050, device='cuda:0', grad_fn=<AddBackward0>), loss_pre: tensor(0.6656, device='cuda:0', grad_fn=<NllLossBackward0>)[0m[0m
experiment  : INFO     [32m[32mstep: 13960 	 meta_lr 0.000500 	 training acc 0.703125 and training loss tensor(0.9410, device='cuda:0', grad_fn=<AddBackward0>), loss_auto: tensor(0.3043, device='cuda:0', grad_fn=<AddBackward0>), loss_pre: tensor(0.9106, device='cuda:0', grad_fn=<NllLossBackward0>)[0m[0m
experiment  : INFO     [32m[32mstep: 14000 	 meta_lr 0.000500 	 training acc 0.625 and training loss tensor(1.3486, device='cuda:0', grad_fn=<AddBackward0>), loss_auto: tensor(0.3006, device='cuda:0', grad_fn=<AddBackward0>), loss_pre: tensor(1.3185, device='cuda:0', grad_fn=<NllLossBackward0>)[0m[0m
experiment  : INFO     [32m[32mTrain Accuracy = 0.7201684397163121[0m[0m
experiment  : INFO     [32m[32mTest Accuracy = 0.0[0m[0m
experiment  : INFO     [32m[32mstep: 14040 	 meta_lr 0.000500 	 training acc 0.6875 and training loss tensor(1.0618, device='cuda:0', grad_fn=<AddBackward0>), loss_auto: tensor(0.3048, device='cuda:0', grad_fn=<AddBackward0>), loss_pre: tensor(1.0313, device='cuda:0', grad_fn=<NllLossBackward0>)[0m[0m
experiment  : INFO     [32m[32mstep: 14080 	 meta_lr 0.000500 	 training acc 0.703125 and training loss tensor(1.0496, device='cuda:0', grad_fn=<AddBackward0>), loss_auto: tensor(0.3037, device='cuda:0', grad_fn=<AddBackward0>), loss_pre: tensor(1.0193, device='cuda:0', grad_fn=<NllLossBackward0>)[0m[0m
experiment  : INFO     [32m[32mstep: 14120 	 meta_lr 0.000500 	 training acc 0.6875 and training loss tensor(1.0918, device='cuda:0', grad_fn=<AddBackward0>), loss_auto: tensor(0.3005, device='cuda:0', grad_fn=<AddBackward0>), loss_pre: tensor(1.0617, device='cuda:0', grad_fn=<NllLossBackward0>)[0m[0m
experiment  : INFO     [32m[32mstep: 14160 	 meta_lr 0.000500 	 training acc 0.765625 and training loss tensor(1.1085, device='cuda:0', grad_fn=<AddBackward0>), loss_auto: tensor(0.3022, device='cuda:0', grad_fn=<AddBackward0>), loss_pre: tensor(1.0783, device='cuda:0', grad_fn=<NllLossBackward0>)[0m[0m
experiment  : INFO     [32m[32mstep: 14200 	 meta_lr 0.000500 	 training acc 0.6875 and training loss tensor(1.0434, device='cuda:0', grad_fn=<AddBackward0>), loss_auto: tensor(0.3036, device='cuda:0', grad_fn=<AddBackward0>), loss_pre: tensor(1.0130, device='cuda:0', grad_fn=<NllLossBackward0>)[0m[0m
experiment  : INFO     [32m[32mstep: 14240 	 meta_lr 0.000500 	 training acc 0.609375 and training loss tensor(1.1838, device='cuda:0', grad_fn=<AddBackward0>), loss_auto: tensor(0.2988, device='cuda:0', grad_fn=<AddBackward0>), loss_pre: tensor(1.1539, device='cuda:0', grad_fn=<NllLossBackward0>)[0m[0m
experiment  : INFO     [32m[32mstep: 14280 	 meta_lr 0.000500 	 training acc 0.546875 and training loss tensor(1.3906, device='cuda:0', grad_fn=<AddBackward0>), loss_auto: tensor(0.3021, device='cuda:0', grad_fn=<AddBackward0>), loss_pre: tensor(1.3604, device='cuda:0', grad_fn=<NllLossBackward0>)[0m[0m
experiment  : INFO     [32m[32mstep: 14320 	 meta_lr 0.000500 	 training acc 0.671875 and training loss tensor(0.9911, device='cuda:0', grad_fn=<AddBackward0>), loss_auto: tensor(0.3034, device='cuda:0', grad_fn=<AddBackward0>), loss_pre: tensor(0.9607, device='cuda:0', grad_fn=<NllLossBackward0>)[0m[0m
experiment  : INFO     [32m[32mstep: 14360 	 meta_lr 0.000500 	 training acc 0.625 and training loss tensor(1.1213, device='cuda:0', grad_fn=<AddBackward0>), loss_auto: tensor(0.2970, device='cuda:0', grad_fn=<AddBackward0>), loss_pre: tensor(1.0916, device='cuda:0', grad_fn=<NllLossBackward0>)[0m[0m
experiment  : INFO     [32m[32mstep: 14400 	 meta_lr 0.000500 	 training acc 0.6875 and training loss tensor(1.1503, device='cuda:0', grad_fn=<AddBackward0>), loss_auto: tensor(0.3051, device='cuda:0', grad_fn=<AddBackward0>), loss_pre: tensor(1.1198, device='cuda:0', grad_fn=<NllLossBackward0>)[0m[0m
experiment  : INFO     [32m[32mstep: 14440 	 meta_lr 0.000500 	 training acc 0.6875 and training loss tensor(1.0925, device='cuda:0', grad_fn=<AddBackward0>), loss_auto: tensor(0.2990, device='cuda:0', grad_fn=<AddBackward0>), loss_pre: tensor(1.0626, device='cuda:0', grad_fn=<NllLossBackward0>)[0m[0m
experiment  : INFO     [32m[32mstep: 14480 	 meta_lr 0.000500 	 training acc 0.609375 and training loss tensor(1.1827, device='cuda:0', grad_fn=<AddBackward0>), loss_auto: tensor(0.2983, device='cuda:0', grad_fn=<AddBackward0>), loss_pre: tensor(1.1528, device='cuda:0', grad_fn=<NllLossBackward0>)[0m[0m
experiment  : INFO     [32m[32mTrain Accuracy = 0.7102726063829787[0m[0m
experiment  : INFO     [32m[32mTest Accuracy = 0.0[0m[0m
experiment  : INFO     [32m[32mstep: 14520 	 meta_lr 0.000500 	 training acc 0.78125 and training loss tensor(0.8880, device='cuda:0', grad_fn=<AddBackward0>), loss_auto: tensor(0.2969, device='cuda:0', grad_fn=<AddBackward0>), loss_pre: tensor(0.8583, device='cuda:0', grad_fn=<NllLossBackward0>)[0m[0m
experiment  : INFO     [32m[32mstep: 14560 	 meta_lr 0.000500 	 training acc 0.6875 and training loss tensor(1.2811, device='cuda:0', grad_fn=<AddBackward0>), loss_auto: tensor(0.3016, device='cuda:0', grad_fn=<AddBackward0>), loss_pre: tensor(1.2510, device='cuda:0', grad_fn=<NllLossBackward0>)[0m[0m
experiment  : INFO     [32m[32mstep: 14600 	 meta_lr 0.000500 	 training acc 0.640625 and training loss tensor(1.1063, device='cuda:0', grad_fn=<AddBackward0>), loss_auto: tensor(0.2995, device='cuda:0', grad_fn=<AddBackward0>), loss_pre: tensor(1.0764, device='cuda:0', grad_fn=<NllLossBackward0>)[0m[0m
experiment  : INFO     [32m[32mstep: 14640 	 meta_lr 0.000500 	 training acc 0.59375 and training loss tensor(1.3999, device='cuda:0', grad_fn=<AddBackward0>), loss_auto: tensor(0.3013, device='cuda:0', grad_fn=<AddBackward0>), loss_pre: tensor(1.3698, device='cuda:0', grad_fn=<NllLossBackward0>)[0m[0m
experiment  : INFO     [32m[32mstep: 14680 	 meta_lr 0.000500 	 training acc 0.734375 and training loss tensor(0.8805, device='cuda:0', grad_fn=<AddBackward0>), loss_auto: tensor(0.3084, device='cuda:0', grad_fn=<AddBackward0>), loss_pre: tensor(0.8497, device='cuda:0', grad_fn=<NllLossBackward0>)[0m[0m
experiment  : INFO     [32m[32mstep: 14720 	 meta_lr 0.000500 	 training acc 0.625 and training loss tensor(1.2557, device='cuda:0', grad_fn=<AddBackward0>), loss_auto: tensor(0.3017, device='cuda:0', grad_fn=<AddBackward0>), loss_pre: tensor(1.2255, device='cuda:0', grad_fn=<NllLossBackward0>)[0m[0m
experiment  : INFO     [32m[32mstep: 14760 	 meta_lr 0.000500 	 training acc 0.75 and training loss tensor(0.8584, device='cuda:0', grad_fn=<AddBackward0>), loss_auto: tensor(0.2991, device='cuda:0', grad_fn=<AddBackward0>), loss_pre: tensor(0.8285, device='cuda:0', grad_fn=<NllLossBackward0>)[0m[0m
experiment  : INFO     [32m[32mstep: 14800 	 meta_lr 0.000500 	 training acc 0.765625 and training loss tensor(0.7972, device='cuda:0', grad_fn=<AddBackward0>), loss_auto: tensor(0.3067, device='cuda:0', grad_fn=<AddBackward0>), loss_pre: tensor(0.7665, device='cuda:0', grad_fn=<NllLossBackward0>)[0m[0m
experiment  : INFO     [32m[32mstep: 14840 	 meta_lr 0.000500 	 training acc 0.734375 and training loss tensor(0.9160, device='cuda:0', grad_fn=<AddBackward0>), loss_auto: tensor(0.3042, device='cuda:0', grad_fn=<AddBackward0>), loss_pre: tensor(0.8856, device='cuda:0', grad_fn=<NllLossBackward0>)[0m[0m
experiment  : INFO     [32m[32mstep: 14880 	 meta_lr 0.000500 	 training acc 0.765625 and training loss tensor(1.1418, device='cuda:0', grad_fn=<AddBackward0>), loss_auto: tensor(0.3049, device='cuda:0', grad_fn=<AddBackward0>), loss_pre: tensor(1.1114, device='cuda:0', grad_fn=<NllLossBackward0>)[0m[0m
experiment  : INFO     [32m[32mstep: 14920 	 meta_lr 0.000500 	 training acc 0.71875 and training loss tensor(1.0403, device='cuda:0', grad_fn=<AddBackward0>), loss_auto: tensor(0.3012, device='cuda:0', grad_fn=<AddBackward0>), loss_pre: tensor(1.0102, device='cuda:0', grad_fn=<NllLossBackward0>)[0m[0m
experiment  : INFO     [32m[32mstep: 14960 	 meta_lr 0.000500 	 training acc 0.734375 and training loss tensor(0.9095, device='cuda:0', grad_fn=<AddBackward0>), loss_auto: tensor(0.3039, device='cuda:0', grad_fn=<AddBackward0>), loss_pre: tensor(0.8791, device='cuda:0', grad_fn=<NllLossBackward0>)[0m[0m
experiment  : INFO     [32m[32mstep: 15000 	 meta_lr 0.000500 	 training acc 0.671875 and training loss tensor(1.1942, device='cuda:0', grad_fn=<AddBackward0>), loss_auto: tensor(0.3032, device='cuda:0', grad_fn=<AddBackward0>), loss_pre: tensor(1.1639, device='cuda:0', grad_fn=<NllLossBackward0>)[0m[0m
experiment  : INFO     [32m[32mTrain Accuracy = 0.722052304964539[0m[0m
experiment  : INFO     [32m[32mTest Accuracy = 0.0[0m[0m
experiment  : INFO     [32m[32mstep: 15040 	 meta_lr 0.000500 	 training acc 0.65625 and training loss tensor(1.2407, device='cuda:0', grad_fn=<AddBackward0>), loss_auto: tensor(0.3075, device='cuda:0', grad_fn=<AddBackward0>), loss_pre: tensor(1.2100, device='cuda:0', grad_fn=<NllLossBackward0>)[0m[0m
experiment  : INFO     [32m[32mstep: 15080 	 meta_lr 0.000500 	 training acc 0.75 and training loss tensor(0.8920, device='cuda:0', grad_fn=<AddBackward0>), loss_auto: tensor(0.3020, device='cuda:0', grad_fn=<AddBackward0>), loss_pre: tensor(0.8618, device='cuda:0', grad_fn=<NllLossBackward0>)[0m[0m
experiment  : INFO     [32m[32mstep: 15120 	 meta_lr 0.000500 	 training acc 0.703125 and training loss tensor(1.2288, device='cuda:0', grad_fn=<AddBackward0>), loss_auto: tensor(0.3005, device='cuda:0', grad_fn=<AddBackward0>), loss_pre: tensor(1.1987, device='cuda:0', grad_fn=<NllLossBackward0>)[0m[0m
experiment  : INFO     [32m[32mstep: 15160 	 meta_lr 0.000500 	 training acc 0.6875 and training loss tensor(1.0072, device='cuda:0', grad_fn=<AddBackward0>), loss_auto: tensor(0.3004, device='cuda:0', grad_fn=<AddBackward0>), loss_pre: tensor(0.9772, device='cuda:0', grad_fn=<NllLossBackward0>)[0m[0m
experiment  : INFO     [32m[32mstep: 15200 	 meta_lr 0.000500 	 training acc 0.671875 and training loss tensor(1.3592, device='cuda:0', grad_fn=<AddBackward0>), loss_auto: tensor(0.3023, device='cuda:0', grad_fn=<AddBackward0>), loss_pre: tensor(1.3289, device='cuda:0', grad_fn=<NllLossBackward0>)[0m[0m
experiment  : INFO     [32m[32mstep: 15240 	 meta_lr 0.000500 	 training acc 0.703125 and training loss tensor(1.3791, device='cuda:0', grad_fn=<AddBackward0>), loss_auto: tensor(0.3039, device='cuda:0', grad_fn=<AddBackward0>), loss_pre: tensor(1.3487, device='cuda:0', grad_fn=<NllLossBackward0>)[0m[0m
experiment  : INFO     [32m[32mstep: 15280 	 meta_lr 0.000500 	 training acc 0.671875 and training loss tensor(1.1687, device='cuda:0', grad_fn=<AddBackward0>), loss_auto: tensor(0.2999, device='cuda:0', grad_fn=<AddBackward0>), loss_pre: tensor(1.1387, device='cuda:0', grad_fn=<NllLossBackward0>)[0m[0m
experiment  : INFO     [32m[32mstep: 15320 	 meta_lr 0.000500 	 training acc 0.6875 and training loss tensor(1.0845, device='cuda:0', grad_fn=<AddBackward0>), loss_auto: tensor(0.3052, device='cuda:0', grad_fn=<AddBackward0>), loss_pre: tensor(1.0540, device='cuda:0', grad_fn=<NllLossBackward0>)[0m[0m
experiment  : INFO     [32m[32mstep: 15360 	 meta_lr 0.000500 	 training acc 0.703125 and training loss tensor(0.8392, device='cuda:0', grad_fn=<AddBackward0>), loss_auto: tensor(0.3040, device='cuda:0', grad_fn=<AddBackward0>), loss_pre: tensor(0.8088, device='cuda:0', grad_fn=<NllLossBackward0>)[0m[0m
experiment  : INFO     [32m[32mstep: 15400 	 meta_lr 0.000500 	 training acc 0.765625 and training loss tensor(0.8229, device='cuda:0', grad_fn=<AddBackward0>), loss_auto: tensor(0.3017, device='cuda:0', grad_fn=<AddBackward0>), loss_pre: tensor(0.7928, device='cuda:0', grad_fn=<NllLossBackward0>)[0m[0m
experiment  : INFO     [32m[32mstep: 15440 	 meta_lr 0.000500 	 training acc 0.671875 and training loss tensor(1.0167, device='cuda:0', grad_fn=<AddBackward0>), loss_auto: tensor(0.3019, device='cuda:0', grad_fn=<AddBackward0>), loss_pre: tensor(0.9865, device='cuda:0', grad_fn=<NllLossBackward0>)[0m[0m
experiment  : INFO     [32m[32mstep: 15480 	 meta_lr 0.000500 	 training acc 0.625 and training loss tensor(1.5592, device='cuda:0', grad_fn=<AddBackward0>), loss_auto: tensor(0.3074, device='cuda:0', grad_fn=<AddBackward0>), loss_pre: tensor(1.5285, device='cuda:0', grad_fn=<NllLossBackward0>)[0m[0m
experiment  : INFO     [32m[32mTrain Accuracy = 0.7367242907801419[0m[0m
experiment  : INFO     [32m[32mTest Accuracy = 0.0[0m[0m
experiment  : INFO     [32m[32mstep: 15520 	 meta_lr 0.000500 	 training acc 0.734375 and training loss tensor(0.8811, device='cuda:0', grad_fn=<AddBackward0>), loss_auto: tensor(0.3081, device='cuda:0', grad_fn=<AddBackward0>), loss_pre: tensor(0.8503, device='cuda:0', grad_fn=<NllLossBackward0>)[0m[0m
experiment  : INFO     [32m[32mstep: 15560 	 meta_lr 0.000500 	 training acc 0.671875 and training loss tensor(1.1999, device='cuda:0', grad_fn=<AddBackward0>), loss_auto: tensor(0.3047, device='cuda:0', grad_fn=<AddBackward0>), loss_pre: tensor(1.1695, device='cuda:0', grad_fn=<NllLossBackward0>)[0m[0m
experiment  : INFO     [32m[32mstep: 15600 	 meta_lr 0.000500 	 training acc 0.71875 and training loss tensor(1.0580, device='cuda:0', grad_fn=<AddBackward0>), loss_auto: tensor(0.3022, device='cuda:0', grad_fn=<AddBackward0>), loss_pre: tensor(1.0278, device='cuda:0', grad_fn=<NllLossBackward0>)[0m[0m
experiment  : INFO     [32m[32mstep: 15640 	 meta_lr 0.000500 	 training acc 0.65625 and training loss tensor(1.1777, device='cuda:0', grad_fn=<AddBackward0>), loss_auto: tensor(0.3064, device='cuda:0', grad_fn=<AddBackward0>), loss_pre: tensor(1.1470, device='cuda:0', grad_fn=<NllLossBackward0>)[0m[0m
experiment  : INFO     [32m[32mstep: 15680 	 meta_lr 0.000500 	 training acc 0.6875 and training loss tensor(0.9902, device='cuda:0', grad_fn=<AddBackward0>), loss_auto: tensor(0.3039, device='cuda:0', grad_fn=<AddBackward0>), loss_pre: tensor(0.9598, device='cuda:0', grad_fn=<NllLossBackward0>)[0m[0m
experiment  : INFO     [32m[32mstep: 15720 	 meta_lr 0.000500 	 training acc 0.59375 and training loss tensor(1.3385, device='cuda:0', grad_fn=<AddBackward0>), loss_auto: tensor(0.2998, device='cuda:0', grad_fn=<AddBackward0>), loss_pre: tensor(1.3085, device='cuda:0', grad_fn=<NllLossBackward0>)[0m[0m
experiment  : INFO     [32m[32mstep: 15760 	 meta_lr 0.000500 	 training acc 0.65625 and training loss tensor(0.9868, device='cuda:0', grad_fn=<AddBackward0>), loss_auto: tensor(0.3001, device='cuda:0', grad_fn=<AddBackward0>), loss_pre: tensor(0.9568, device='cuda:0', grad_fn=<NllLossBackward0>)[0m[0m
experiment  : INFO     [32m[32mstep: 15800 	 meta_lr 0.000500 	 training acc 0.53125 and training loss tensor(1.7736, device='cuda:0', grad_fn=<AddBackward0>), loss_auto: tensor(0.3006, device='cuda:0', grad_fn=<AddBackward0>), loss_pre: tensor(1.7436, device='cuda:0', grad_fn=<NllLossBackward0>)[0m[0m
experiment  : INFO     [32m[32mstep: 15840 	 meta_lr 0.000500 	 training acc 0.71875 and training loss tensor(0.8610, device='cuda:0', grad_fn=<AddBackward0>), loss_auto: tensor(0.3034, device='cuda:0', grad_fn=<AddBackward0>), loss_pre: tensor(0.8306, device='cuda:0', grad_fn=<NllLossBackward0>)[0m[0m
experiment  : INFO     [32m[32mstep: 15880 	 meta_lr 0.000500 	 training acc 0.640625 and training loss tensor(1.4880, device='cuda:0', grad_fn=<AddBackward0>), loss_auto: tensor(0.3023, device='cuda:0', grad_fn=<AddBackward0>), loss_pre: tensor(1.4578, device='cuda:0', grad_fn=<NllLossBackward0>)[0m[0m
experiment  : INFO     [32m[32mstep: 15920 	 meta_lr 0.000500 	 training acc 0.625 and training loss tensor(1.2373, device='cuda:0', grad_fn=<AddBackward0>), loss_auto: tensor(0.3013, device='cuda:0', grad_fn=<AddBackward0>), loss_pre: tensor(1.2072, device='cuda:0', grad_fn=<NllLossBackward0>)[0m[0m
experiment  : INFO     [32m[32mstep: 15960 	 meta_lr 0.000500 	 training acc 0.6875 and training loss tensor(1.1579, device='cuda:0', grad_fn=<AddBackward0>), loss_auto: tensor(0.3009, device='cuda:0', grad_fn=<AddBackward0>), loss_pre: tensor(1.1278, device='cuda:0', grad_fn=<NllLossBackward0>)[0m[0m
experiment  : INFO     [32m[32mstep: 16000 	 meta_lr 0.000500 	 training acc 0.78125 and training loss tensor(0.7705, device='cuda:0', grad_fn=<AddBackward0>), loss_auto: tensor(0.3017, device='cuda:0', grad_fn=<AddBackward0>), loss_pre: tensor(0.7404, device='cuda:0', grad_fn=<NllLossBackward0>)[0m[0m
experiment  : INFO     [32m[32mTrain Accuracy = 0.7570700354609929[0m[0m
experiment  : INFO     [32m[32mTest Accuracy = 0.0[0m[0m
experiment  : INFO     [32m[32mstep: 16040 	 meta_lr 0.000500 	 training acc 0.75 and training loss tensor(1.0292, device='cuda:0', grad_fn=<AddBackward0>), loss_auto: tensor(0.3042, device='cuda:0', grad_fn=<AddBackward0>), loss_pre: tensor(0.9987, device='cuda:0', grad_fn=<NllLossBackward0>)[0m[0m
experiment  : INFO     [32m[32mstep: 16080 	 meta_lr 0.000500 	 training acc 0.765625 and training loss tensor(0.8196, device='cuda:0', grad_fn=<AddBackward0>), loss_auto: tensor(0.3014, device='cuda:0', grad_fn=<AddBackward0>), loss_pre: tensor(0.7895, device='cuda:0', grad_fn=<NllLossBackward0>)[0m[0m
experiment  : INFO     [32m[32mstep: 16120 	 meta_lr 0.000500 	 training acc 0.6875 and training loss tensor(1.1373, device='cuda:0', grad_fn=<AddBackward0>), loss_auto: tensor(0.3003, device='cuda:0', grad_fn=<AddBackward0>), loss_pre: tensor(1.1072, device='cuda:0', grad_fn=<NllLossBackward0>)[0m[0m
experiment  : INFO     [32m[32mstep: 16160 	 meta_lr 0.000500 	 training acc 0.71875 and training loss tensor(1.1016, device='cuda:0', grad_fn=<AddBackward0>), loss_auto: tensor(0.3020, device='cuda:0', grad_fn=<AddBackward0>), loss_pre: tensor(1.0714, device='cuda:0', grad_fn=<NllLossBackward0>)[0m[0m
experiment  : INFO     [32m[32mstep: 16200 	 meta_lr 0.000500 	 training acc 0.65625 and training loss tensor(1.2247, device='cuda:0', grad_fn=<AddBackward0>), loss_auto: tensor(0.3086, device='cuda:0', grad_fn=<AddBackward0>), loss_pre: tensor(1.1938, device='cuda:0', grad_fn=<NllLossBackward0>)[0m[0m
experiment  : INFO     [32m[32mstep: 16240 	 meta_lr 0.000500 	 training acc 0.6875 and training loss tensor(1.0072, device='cuda:0', grad_fn=<AddBackward0>), loss_auto: tensor(0.2990, device='cuda:0', grad_fn=<AddBackward0>), loss_pre: tensor(0.9773, device='cuda:0', grad_fn=<NllLossBackward0>)[0m[0m
experiment  : INFO     [32m[32mstep: 16280 	 meta_lr 0.000500 	 training acc 0.671875 and training loss tensor(1.1845, device='cuda:0', grad_fn=<AddBackward0>), loss_auto: tensor(0.3003, device='cuda:0', grad_fn=<AddBackward0>), loss_pre: tensor(1.1544, device='cuda:0', grad_fn=<NllLossBackward0>)[0m[0m
experiment  : INFO     [32m[32mstep: 16320 	 meta_lr 0.000500 	 training acc 0.703125 and training loss tensor(1.0676, device='cuda:0', grad_fn=<AddBackward0>), loss_auto: tensor(0.3033, device='cuda:0', grad_fn=<AddBackward0>), loss_pre: tensor(1.0373, device='cuda:0', grad_fn=<NllLossBackward0>)[0m[0m
experiment  : INFO     [32m[32mstep: 16360 	 meta_lr 0.000500 	 training acc 0.703125 and training loss tensor(1.0922, device='cuda:0', grad_fn=<AddBackward0>), loss_auto: tensor(0.2992, device='cuda:0', grad_fn=<AddBackward0>), loss_pre: tensor(1.0623, device='cuda:0', grad_fn=<NllLossBackward0>)[0m[0m
experiment  : INFO     [32m[32mstep: 16400 	 meta_lr 0.000500 	 training acc 0.640625 and training loss tensor(0.9929, device='cuda:0', grad_fn=<AddBackward0>), loss_auto: tensor(0.3032, device='cuda:0', grad_fn=<AddBackward0>), loss_pre: tensor(0.9626, device='cuda:0', grad_fn=<NllLossBackward0>)[0m[0m
experiment  : INFO     [32m[32mstep: 16440 	 meta_lr 0.000500 	 training acc 0.65625 and training loss tensor(1.7054, device='cuda:0', grad_fn=<AddBackward0>), loss_auto: tensor(0.3031, device='cuda:0', grad_fn=<AddBackward0>), loss_pre: tensor(1.6750, device='cuda:0', grad_fn=<NllLossBackward0>)[0m[0m
experiment  : INFO     [32m[32mstep: 16480 	 meta_lr 0.000500 	 training acc 0.671875 and training loss tensor(1.0562, device='cuda:0', grad_fn=<AddBackward0>), loss_auto: tensor(0.3030, device='cuda:0', grad_fn=<AddBackward0>), loss_pre: tensor(1.0259, device='cuda:0', grad_fn=<NllLossBackward0>)[0m[0m
experiment  : INFO     [32m[32mTrain Accuracy = 0.7415004432624113[0m[0m
experiment  : INFO     [32m[32mTest Accuracy = 0.0[0m[0m
experiment  : INFO     [32m[32mstep: 16520 	 meta_lr 0.000500 	 training acc 0.734375 and training loss tensor(0.8655, device='cuda:0', grad_fn=<AddBackward0>), loss_auto: tensor(0.3002, device='cuda:0', grad_fn=<AddBackward0>), loss_pre: tensor(0.8355, device='cuda:0', grad_fn=<NllLossBackward0>)[0m[0m
experiment  : INFO     [32m[32mstep: 16560 	 meta_lr 0.000500 	 training acc 0.6875 and training loss tensor(1.0048, device='cuda:0', grad_fn=<AddBackward0>), loss_auto: tensor(0.3065, device='cuda:0', grad_fn=<AddBackward0>), loss_pre: tensor(0.9742, device='cuda:0', grad_fn=<NllLossBackward0>)[0m[0m
experiment  : INFO     [32m[32mstep: 16600 	 meta_lr 0.000500 	 training acc 0.703125 and training loss tensor(1.0859, device='cuda:0', grad_fn=<AddBackward0>), loss_auto: tensor(0.3026, device='cuda:0', grad_fn=<AddBackward0>), loss_pre: tensor(1.0557, device='cuda:0', grad_fn=<NllLossBackward0>)[0m[0m
experiment  : INFO     [32m[32mstep: 16640 	 meta_lr 0.000500 	 training acc 0.640625 and training loss tensor(1.2379, device='cuda:0', grad_fn=<AddBackward0>), loss_auto: tensor(0.3013, device='cuda:0', grad_fn=<AddBackward0>), loss_pre: tensor(1.2078, device='cuda:0', grad_fn=<NllLossBackward0>)[0m[0m
experiment  : INFO     [32m[32mstep: 16680 	 meta_lr 0.000500 	 training acc 0.734375 and training loss tensor(0.9124, device='cuda:0', grad_fn=<AddBackward0>), loss_auto: tensor(0.2980, device='cuda:0', grad_fn=<AddBackward0>), loss_pre: tensor(0.8826, device='cuda:0', grad_fn=<NllLossBackward0>)[0m[0m
experiment  : INFO     [32m[32mstep: 16720 	 meta_lr 0.000500 	 training acc 0.84375 and training loss tensor(0.5240, device='cuda:0', grad_fn=<AddBackward0>), loss_auto: tensor(0.2975, device='cuda:0', grad_fn=<AddBackward0>), loss_pre: tensor(0.4942, device='cuda:0', grad_fn=<NllLossBackward0>)[0m[0m
experiment  : INFO     [32m[32mstep: 16760 	 meta_lr 0.000500 	 training acc 0.59375 and training loss tensor(1.4254, device='cuda:0', grad_fn=<AddBackward0>), loss_auto: tensor(0.3020, device='cuda:0', grad_fn=<AddBackward0>), loss_pre: tensor(1.3952, device='cuda:0', grad_fn=<NllLossBackward0>)[0m[0m
experiment  : INFO     [32m[32mstep: 16800 	 meta_lr 0.000500 	 training acc 0.6875 and training loss tensor(1.0337, device='cuda:0', grad_fn=<AddBackward0>), loss_auto: tensor(0.3035, device='cuda:0', grad_fn=<AddBackward0>), loss_pre: tensor(1.0034, device='cuda:0', grad_fn=<NllLossBackward0>)[0m[0m
experiment  : INFO     [32m[32mstep: 16840 	 meta_lr 0.000500 	 training acc 0.6875 and training loss tensor(1.0786, device='cuda:0', grad_fn=<AddBackward0>), loss_auto: tensor(0.3003, device='cuda:0', grad_fn=<AddBackward0>), loss_pre: tensor(1.0486, device='cuda:0', grad_fn=<NllLossBackward0>)[0m[0m
experiment  : INFO     [32m[32mstep: 16880 	 meta_lr 0.000500 	 training acc 0.765625 and training loss tensor(0.8949, device='cuda:0', grad_fn=<AddBackward0>), loss_auto: tensor(0.3020, device='cuda:0', grad_fn=<AddBackward0>), loss_pre: tensor(0.8647, device='cuda:0', grad_fn=<NllLossBackward0>)[0m[0m
experiment  : INFO     [32m[32mstep: 16920 	 meta_lr 0.000500 	 training acc 0.640625 and training loss tensor(1.0386, device='cuda:0', grad_fn=<AddBackward0>), loss_auto: tensor(0.3023, device='cuda:0', grad_fn=<AddBackward0>), loss_pre: tensor(1.0084, device='cuda:0', grad_fn=<NllLossBackward0>)[0m[0m
experiment  : INFO     [32m[32mstep: 16960 	 meta_lr 0.000500 	 training acc 0.859375 and training loss tensor(0.5969, device='cuda:0', grad_fn=<AddBackward0>), loss_auto: tensor(0.3007, device='cuda:0', grad_fn=<AddBackward0>), loss_pre: tensor(0.5668, device='cuda:0', grad_fn=<NllLossBackward0>)[0m[0m
experiment  : INFO     [32m[32mstep: 17000 	 meta_lr 0.000500 	 training acc 0.8125 and training loss tensor(0.8191, device='cuda:0', grad_fn=<AddBackward0>), loss_auto: tensor(0.3017, device='cuda:0', grad_fn=<AddBackward0>), loss_pre: tensor(0.7889, device='cuda:0', grad_fn=<NllLossBackward0>)[0m[0m
experiment  : INFO     [32m[32mTrain Accuracy = 0.7509530141843972[0m[0m
experiment  : INFO     [32m[32mTest Accuracy = 0.0[0m[0m
experiment  : INFO     [32m[32mstep: 17040 	 meta_lr 0.000500 	 training acc 0.609375 and training loss tensor(1.3777, device='cuda:0', grad_fn=<AddBackward0>), loss_auto: tensor(0.2992, device='cuda:0', grad_fn=<AddBackward0>), loss_pre: tensor(1.3478, device='cuda:0', grad_fn=<NllLossBackward0>)[0m[0m
experiment  : INFO     [32m[32mstep: 17080 	 meta_lr 0.000500 	 training acc 0.8125 and training loss tensor(0.6877, device='cuda:0', grad_fn=<AddBackward0>), loss_auto: tensor(0.3034, device='cuda:0', grad_fn=<AddBackward0>), loss_pre: tensor(0.6573, device='cuda:0', grad_fn=<NllLossBackward0>)[0m[0m
experiment  : INFO     [32m[32mstep: 17120 	 meta_lr 0.000500 	 training acc 0.65625 and training loss tensor(1.4871, device='cuda:0', grad_fn=<AddBackward0>), loss_auto: tensor(0.3051, device='cuda:0', grad_fn=<AddBackward0>), loss_pre: tensor(1.4566, device='cuda:0', grad_fn=<NllLossBackward0>)[0m[0m
experiment  : INFO     [32m[32mstep: 17160 	 meta_lr 0.000500 	 training acc 0.78125 and training loss tensor(0.7210, device='cuda:0', grad_fn=<AddBackward0>), loss_auto: tensor(0.3026, device='cuda:0', grad_fn=<AddBackward0>), loss_pre: tensor(0.6907, device='cuda:0', grad_fn=<NllLossBackward0>)[0m[0m
experiment  : INFO     [32m[32mstep: 17200 	 meta_lr 0.000500 	 training acc 0.828125 and training loss tensor(0.6120, device='cuda:0', grad_fn=<AddBackward0>), loss_auto: tensor(0.3014, device='cuda:0', grad_fn=<AddBackward0>), loss_pre: tensor(0.5818, device='cuda:0', grad_fn=<NllLossBackward0>)[0m[0m
experiment  : INFO     [32m[32mstep: 17240 	 meta_lr 0.000500 	 training acc 0.609375 and training loss tensor(1.2563, device='cuda:0', grad_fn=<AddBackward0>), loss_auto: tensor(0.2983, device='cuda:0', grad_fn=<AddBackward0>), loss_pre: tensor(1.2264, device='cuda:0', grad_fn=<NllLossBackward0>)[0m[0m
experiment  : INFO     [32m[32mstep: 17280 	 meta_lr 0.000500 	 training acc 0.734375 and training loss tensor(0.6790, device='cuda:0', grad_fn=<AddBackward0>), loss_auto: tensor(0.3054, device='cuda:0', grad_fn=<AddBackward0>), loss_pre: tensor(0.6484, device='cuda:0', grad_fn=<NllLossBackward0>)[0m[0m
experiment  : INFO     [32m[32mstep: 17320 	 meta_lr 0.000500 	 training acc 0.765625 and training loss tensor(0.8196, device='cuda:0', grad_fn=<AddBackward0>), loss_auto: tensor(0.3009, device='cuda:0', grad_fn=<AddBackward0>), loss_pre: tensor(0.7895, device='cuda:0', grad_fn=<NllLossBackward0>)[0m[0m
experiment  : INFO     [32m[32mstep: 17360 	 meta_lr 0.000500 	 training acc 0.515625 and training loss tensor(1.9894, device='cuda:0', grad_fn=<AddBackward0>), loss_auto: tensor(0.3020, device='cuda:0', grad_fn=<AddBackward0>), loss_pre: tensor(1.9592, device='cuda:0', grad_fn=<NllLossBackward0>)[0m[0m
experiment  : INFO     [32m[32mstep: 17400 	 meta_lr 0.000500 	 training acc 0.703125 and training loss tensor(1.0412, device='cuda:0', grad_fn=<AddBackward0>), loss_auto: tensor(0.3039, device='cuda:0', grad_fn=<AddBackward0>), loss_pre: tensor(1.0108, device='cuda:0', grad_fn=<NllLossBackward0>)[0m[0m
experiment  : INFO     [32m[32mstep: 17440 	 meta_lr 0.000500 	 training acc 0.765625 and training loss tensor(1.1490, device='cuda:0', grad_fn=<AddBackward0>), loss_auto: tensor(0.2996, device='cuda:0', grad_fn=<AddBackward0>), loss_pre: tensor(1.1191, device='cuda:0', grad_fn=<NllLossBackward0>)[0m[0m
experiment  : INFO     [32m[32mstep: 17480 	 meta_lr 0.000500 	 training acc 0.671875 and training loss tensor(1.1590, device='cuda:0', grad_fn=<AddBackward0>), loss_auto: tensor(0.3033, device='cuda:0', grad_fn=<AddBackward0>), loss_pre: tensor(1.1287, device='cuda:0', grad_fn=<NllLossBackward0>)[0m[0m
experiment  : INFO     [32m[32mTrain Accuracy = 0.7690935283687943[0m[0m
experiment  : INFO     [32m[32mTest Accuracy = 0.0[0m[0m
experiment  : INFO     [32m[32mstep: 17520 	 meta_lr 0.000500 	 training acc 0.734375 and training loss tensor(0.8048, device='cuda:0', grad_fn=<AddBackward0>), loss_auto: tensor(0.3064, device='cuda:0', grad_fn=<AddBackward0>), loss_pre: tensor(0.7741, device='cuda:0', grad_fn=<NllLossBackward0>)[0m[0m
experiment  : INFO     [32m[32mstep: 17560 	 meta_lr 0.000500 	 training acc 0.71875 and training loss tensor(1.1317, device='cuda:0', grad_fn=<AddBackward0>), loss_auto: tensor(0.3063, device='cuda:0', grad_fn=<AddBackward0>), loss_pre: tensor(1.1011, device='cuda:0', grad_fn=<NllLossBackward0>)[0m[0m
experiment  : INFO     [32m[32mstep: 17600 	 meta_lr 0.000500 	 training acc 0.71875 and training loss tensor(0.8119, device='cuda:0', grad_fn=<AddBackward0>), loss_auto: tensor(0.3075, device='cuda:0', grad_fn=<AddBackward0>), loss_pre: tensor(0.7812, device='cuda:0', grad_fn=<NllLossBackward0>)[0m[0m
experiment  : INFO     [32m[32mstep: 17640 	 meta_lr 0.000500 	 training acc 0.828125 and training loss tensor(0.7781, device='cuda:0', grad_fn=<AddBackward0>), loss_auto: tensor(0.3051, device='cuda:0', grad_fn=<AddBackward0>), loss_pre: tensor(0.7476, device='cuda:0', grad_fn=<NllLossBackward0>)[0m[0m
experiment  : INFO     [32m[32mstep: 17680 	 meta_lr 0.000500 	 training acc 0.796875 and training loss tensor(0.7412, device='cuda:0', grad_fn=<AddBackward0>), loss_auto: tensor(0.3039, device='cuda:0', grad_fn=<AddBackward0>), loss_pre: tensor(0.7108, device='cuda:0', grad_fn=<NllLossBackward0>)[0m[0m
experiment  : INFO     [32m[32mstep: 17720 	 meta_lr 0.000500 	 training acc 0.8125 and training loss tensor(0.6206, device='cuda:0', grad_fn=<AddBackward0>), loss_auto: tensor(0.3026, device='cuda:0', grad_fn=<AddBackward0>), loss_pre: tensor(0.5904, device='cuda:0', grad_fn=<NllLossBackward0>)[0m[0m
experiment  : INFO     [32m[32mstep: 17760 	 meta_lr 0.000500 	 training acc 0.75 and training loss tensor(0.8817, device='cuda:0', grad_fn=<AddBackward0>), loss_auto: tensor(0.3060, device='cuda:0', grad_fn=<AddBackward0>), loss_pre: tensor(0.8511, device='cuda:0', grad_fn=<NllLossBackward0>)[0m[0m
experiment  : INFO     [32m[32mstep: 17800 	 meta_lr 0.000500 	 training acc 0.625 and training loss tensor(1.1340, device='cuda:0', grad_fn=<AddBackward0>), loss_auto: tensor(0.3068, device='cuda:0', grad_fn=<AddBackward0>), loss_pre: tensor(1.1033, device='cuda:0', grad_fn=<NllLossBackward0>)[0m[0m
experiment  : INFO     [32m[32mstep: 17840 	 meta_lr 0.000500 	 training acc 0.5625 and training loss tensor(1.2635, device='cuda:0', grad_fn=<AddBackward0>), loss_auto: tensor(0.3006, device='cuda:0', grad_fn=<AddBackward0>), loss_pre: tensor(1.2334, device='cuda:0', grad_fn=<NllLossBackward0>)[0m[0m
experiment  : INFO     [32m[32mstep: 17880 	 meta_lr 0.000500 	 training acc 0.734375 and training loss tensor(0.8508, device='cuda:0', grad_fn=<AddBackward0>), loss_auto: tensor(0.3051, device='cuda:0', grad_fn=<AddBackward0>), loss_pre: tensor(0.8202, device='cuda:0', grad_fn=<NllLossBackward0>)[0m[0m
experiment  : INFO     [32m[32mstep: 17920 	 meta_lr 0.000500 	 training acc 0.65625 and training loss tensor(0.9590, device='cuda:0', grad_fn=<AddBackward0>), loss_auto: tensor(0.3064, device='cuda:0', grad_fn=<AddBackward0>), loss_pre: tensor(0.9284, device='cuda:0', grad_fn=<NllLossBackward0>)[0m[0m
experiment  : INFO     [32m[32mstep: 17960 	 meta_lr 0.000500 	 training acc 0.734375 and training loss tensor(0.9805, device='cuda:0', grad_fn=<AddBackward0>), loss_auto: tensor(0.3034, device='cuda:0', grad_fn=<AddBackward0>), loss_pre: tensor(0.9502, device='cuda:0', grad_fn=<NllLossBackward0>)[0m[0m
experiment  : INFO     [32m[32mstep: 18000 	 meta_lr 0.000500 	 training acc 0.78125 and training loss tensor(0.8939, device='cuda:0', grad_fn=<AddBackward0>), loss_auto: tensor(0.2998, device='cuda:0', grad_fn=<AddBackward0>), loss_pre: tensor(0.8639, device='cuda:0', grad_fn=<NllLossBackward0>)[0m[0m
experiment  : INFO     [32m[32mTrain Accuracy = 0.7639849290780142[0m[0m
experiment  : INFO     [32m[32mTest Accuracy = 0.0[0m[0m
experiment  : INFO     [32m[32mstep: 18040 	 meta_lr 0.000500 	 training acc 0.71875 and training loss tensor(0.9258, device='cuda:0', grad_fn=<AddBackward0>), loss_auto: tensor(0.3036, device='cuda:0', grad_fn=<AddBackward0>), loss_pre: tensor(0.8954, device='cuda:0', grad_fn=<NllLossBackward0>)[0m[0m
experiment  : INFO     [32m[32mstep: 18080 	 meta_lr 0.000500 	 training acc 0.78125 and training loss tensor(0.7942, device='cuda:0', grad_fn=<AddBackward0>), loss_auto: tensor(0.3019, device='cuda:0', grad_fn=<AddBackward0>), loss_pre: tensor(0.7640, device='cuda:0', grad_fn=<NllLossBackward0>)[0m[0m
experiment  : INFO     [32m[32mstep: 18120 	 meta_lr 0.000500 	 training acc 0.828125 and training loss tensor(0.7205, device='cuda:0', grad_fn=<AddBackward0>), loss_auto: tensor(0.3008, device='cuda:0', grad_fn=<AddBackward0>), loss_pre: tensor(0.6904, device='cuda:0', grad_fn=<NllLossBackward0>)[0m[0m
experiment  : INFO     [32m[32mstep: 18160 	 meta_lr 0.000500 	 training acc 0.75 and training loss tensor(0.6956, device='cuda:0', grad_fn=<AddBackward0>), loss_auto: tensor(0.3018, device='cuda:0', grad_fn=<AddBackward0>), loss_pre: tensor(0.6654, device='cuda:0', grad_fn=<NllLossBackward0>)[0m[0m
experiment  : INFO     [32m[32mstep: 18200 	 meta_lr 0.000500 	 training acc 0.859375 and training loss tensor(0.6063, device='cuda:0', grad_fn=<AddBackward0>), loss_auto: tensor(0.3018, device='cuda:0', grad_fn=<AddBackward0>), loss_pre: tensor(0.5761, device='cuda:0', grad_fn=<NllLossBackward0>)[0m[0m
experiment  : INFO     [32m[32mstep: 18240 	 meta_lr 0.000500 	 training acc 0.828125 and training loss tensor(0.6341, device='cuda:0', grad_fn=<AddBackward0>), loss_auto: tensor(0.3021, device='cuda:0', grad_fn=<AddBackward0>), loss_pre: tensor(0.6038, device='cuda:0', grad_fn=<NllLossBackward0>)[0m[0m
experiment  : INFO     [32m[32mstep: 18280 	 meta_lr 0.000500 	 training acc 0.640625 and training loss tensor(1.1354, device='cuda:0', grad_fn=<AddBackward0>), loss_auto: tensor(0.3033, device='cuda:0', grad_fn=<AddBackward0>), loss_pre: tensor(1.1050, device='cuda:0', grad_fn=<NllLossBackward0>)[0m[0m
experiment  : INFO     [32m[32mstep: 18320 	 meta_lr 0.000500 	 training acc 0.703125 and training loss tensor(1.5180, device='cuda:0', grad_fn=<AddBackward0>), loss_auto: tensor(0.3065, device='cuda:0', grad_fn=<AddBackward0>), loss_pre: tensor(1.4873, device='cuda:0', grad_fn=<NllLossBackward0>)[0m[0m
experiment  : INFO     [32m[32mstep: 18360 	 meta_lr 0.000500 	 training acc 0.734375 and training loss tensor(0.8927, device='cuda:0', grad_fn=<AddBackward0>), loss_auto: tensor(0.3064, device='cuda:0', grad_fn=<AddBackward0>), loss_pre: tensor(0.8621, device='cuda:0', grad_fn=<NllLossBackward0>)[0m[0m
experiment  : INFO     [32m[32mstep: 18400 	 meta_lr 0.000500 	 training acc 0.765625 and training loss tensor(0.8753, device='cuda:0', grad_fn=<AddBackward0>), loss_auto: tensor(0.3016, device='cuda:0', grad_fn=<AddBackward0>), loss_pre: tensor(0.8452, device='cuda:0', grad_fn=<NllLossBackward0>)[0m[0m
experiment  : INFO     [32m[32mstep: 18440 	 meta_lr 0.000500 	 training acc 0.75 and training loss tensor(1.0727, device='cuda:0', grad_fn=<AddBackward0>), loss_auto: tensor(0.3024, device='cuda:0', grad_fn=<AddBackward0>), loss_pre: tensor(1.0425, device='cuda:0', grad_fn=<NllLossBackward0>)[0m[0m
experiment  : INFO     [32m[32mstep: 18480 	 meta_lr 0.000500 	 training acc 0.765625 and training loss tensor(0.9459, device='cuda:0', grad_fn=<AddBackward0>), loss_auto: tensor(0.3052, device='cuda:0', grad_fn=<AddBackward0>), loss_pre: tensor(0.9154, device='cuda:0', grad_fn=<NllLossBackward0>)[0m[0m
experiment  : INFO     [32m[32mTrain Accuracy = 0.7600620567375886[0m[0m
experiment  : INFO     [32m[32mTest Accuracy = 0.0[0m[0m
experiment  : INFO     [32m[32mstep: 18520 	 meta_lr 0.000500 	 training acc 0.6875 and training loss tensor(0.9327, device='cuda:0', grad_fn=<AddBackward0>), loss_auto: tensor(0.3035, device='cuda:0', grad_fn=<AddBackward0>), loss_pre: tensor(0.9024, device='cuda:0', grad_fn=<NllLossBackward0>)[0m[0m
experiment  : INFO     [32m[32mstep: 18560 	 meta_lr 0.000500 	 training acc 0.78125 and training loss tensor(0.7217, device='cuda:0', grad_fn=<AddBackward0>), loss_auto: tensor(0.3038, device='cuda:0', grad_fn=<AddBackward0>), loss_pre: tensor(0.6913, device='cuda:0', grad_fn=<NllLossBackward0>)[0m[0m
experiment  : INFO     [32m[32mstep: 18600 	 meta_lr 0.000500 	 training acc 0.796875 and training loss tensor(0.8056, device='cuda:0', grad_fn=<AddBackward0>), loss_auto: tensor(0.3039, device='cuda:0', grad_fn=<AddBackward0>), loss_pre: tensor(0.7752, device='cuda:0', grad_fn=<NllLossBackward0>)[0m[0m
experiment  : INFO     [32m[32mstep: 18640 	 meta_lr 0.000500 	 training acc 0.640625 and training loss tensor(1.3657, device='cuda:0', grad_fn=<AddBackward0>), loss_auto: tensor(0.3030, device='cuda:0', grad_fn=<AddBackward0>), loss_pre: tensor(1.3354, device='cuda:0', grad_fn=<NllLossBackward0>)[0m[0m
experiment  : INFO     [32m[32mstep: 18680 	 meta_lr 0.000500 	 training acc 0.71875 and training loss tensor(0.8667, device='cuda:0', grad_fn=<AddBackward0>), loss_auto: tensor(0.3058, device='cuda:0', grad_fn=<AddBackward0>), loss_pre: tensor(0.8361, device='cuda:0', grad_fn=<NllLossBackward0>)[0m[0m
experiment  : INFO     [32m[32mstep: 18720 	 meta_lr 0.000500 	 training acc 0.734375 and training loss tensor(0.7203, device='cuda:0', grad_fn=<AddBackward0>), loss_auto: tensor(0.3048, device='cuda:0', grad_fn=<AddBackward0>), loss_pre: tensor(0.6898, device='cuda:0', grad_fn=<NllLossBackward0>)[0m[0m
experiment  : INFO     [32m[32mstep: 18760 	 meta_lr 0.000500 	 training acc 0.71875 and training loss tensor(1.3295, device='cuda:0', grad_fn=<AddBackward0>), loss_auto: tensor(0.3041, device='cuda:0', grad_fn=<AddBackward0>), loss_pre: tensor(1.2991, device='cuda:0', grad_fn=<NllLossBackward0>)[0m[0m
experiment  : INFO     [32m[32mstep: 18800 	 meta_lr 0.000500 	 training acc 0.796875 and training loss tensor(0.7752, device='cuda:0', grad_fn=<AddBackward0>), loss_auto: tensor(0.3022, device='cuda:0', grad_fn=<AddBackward0>), loss_pre: tensor(0.7449, device='cuda:0', grad_fn=<NllLossBackward0>)[0m[0m
experiment  : INFO     [32m[32mstep: 18840 	 meta_lr 0.000500 	 training acc 0.75 and training loss tensor(0.8501, device='cuda:0', grad_fn=<AddBackward0>), loss_auto: tensor(0.2987, device='cuda:0', grad_fn=<AddBackward0>), loss_pre: tensor(0.8202, device='cuda:0', grad_fn=<NllLossBackward0>)[0m[0m
experiment  : INFO     [32m[32mstep: 18880 	 meta_lr 0.000500 	 training acc 0.796875 and training loss tensor(0.7870, device='cuda:0', grad_fn=<AddBackward0>), loss_auto: tensor(0.3068, device='cuda:0', grad_fn=<AddBackward0>), loss_pre: tensor(0.7563, device='cuda:0', grad_fn=<NllLossBackward0>)[0m[0m
experiment  : INFO     [32m[32mstep: 18920 	 meta_lr 0.000500 	 training acc 0.734375 and training loss tensor(0.7144, device='cuda:0', grad_fn=<AddBackward0>), loss_auto: tensor(0.3049, device='cuda:0', grad_fn=<AddBackward0>), loss_pre: tensor(0.6839, device='cuda:0', grad_fn=<NllLossBackward0>)[0m[0m
experiment  : INFO     [32m[32mstep: 18960 	 meta_lr 0.000500 	 training acc 0.8125 and training loss tensor(0.6248, device='cuda:0', grad_fn=<AddBackward0>), loss_auto: tensor(0.3042, device='cuda:0', grad_fn=<AddBackward0>), loss_pre: tensor(0.5944, device='cuda:0', grad_fn=<NllLossBackward0>)[0m[0m
experiment  : INFO     [32m[32mstep: 19000 	 meta_lr 0.000500 	 training acc 0.828125 and training loss tensor(0.5827, device='cuda:0', grad_fn=<AddBackward0>), loss_auto: tensor(0.3019, device='cuda:0', grad_fn=<AddBackward0>), loss_pre: tensor(0.5526, device='cuda:0', grad_fn=<NllLossBackward0>)[0m[0m
experiment  : INFO     [32m[32mTrain Accuracy = 0.778800975177305[0m[0m
experiment  : INFO     [32m[32mTest Accuracy = 0.0[0m[0m
experiment  : INFO     [32m[32mstep: 19040 	 meta_lr 0.000500 	 training acc 0.796875 and training loss tensor(0.6350, device='cuda:0', grad_fn=<AddBackward0>), loss_auto: tensor(0.3055, device='cuda:0', grad_fn=<AddBackward0>), loss_pre: tensor(0.6045, device='cuda:0', grad_fn=<NllLossBackward0>)[0m[0m
experiment  : INFO     [32m[32mstep: 19080 	 meta_lr 0.000500 	 training acc 0.625 and training loss tensor(1.1054, device='cuda:0', grad_fn=<AddBackward0>), loss_auto: tensor(0.3018, device='cuda:0', grad_fn=<AddBackward0>), loss_pre: tensor(1.0753, device='cuda:0', grad_fn=<NllLossBackward0>)[0m[0m
experiment  : INFO     [32m[32mstep: 19120 	 meta_lr 0.000500 	 training acc 0.625 and training loss tensor(1.0826, device='cuda:0', grad_fn=<AddBackward0>), loss_auto: tensor(0.3026, device='cuda:0', grad_fn=<AddBackward0>), loss_pre: tensor(1.0523, device='cuda:0', grad_fn=<NllLossBackward0>)[0m[0m
experiment  : INFO     [32m[32mstep: 19160 	 meta_lr 0.000500 	 training acc 0.765625 and training loss tensor(0.8931, device='cuda:0', grad_fn=<AddBackward0>), loss_auto: tensor(0.3045, device='cuda:0', grad_fn=<AddBackward0>), loss_pre: tensor(0.8626, device='cuda:0', grad_fn=<NllLossBackward0>)[0m[0m
experiment  : INFO     [32m[32mstep: 19200 	 meta_lr 0.000500 	 training acc 0.78125 and training loss tensor(0.7677, device='cuda:0', grad_fn=<AddBackward0>), loss_auto: tensor(0.3031, device='cuda:0', grad_fn=<AddBackward0>), loss_pre: tensor(0.7374, device='cuda:0', grad_fn=<NllLossBackward0>)[0m[0m
experiment  : INFO     [32m[32mstep: 19240 	 meta_lr 0.000500 	 training acc 0.8125 and training loss tensor(0.6121, device='cuda:0', grad_fn=<AddBackward0>), loss_auto: tensor(0.3002, device='cuda:0', grad_fn=<AddBackward0>), loss_pre: tensor(0.5821, device='cuda:0', grad_fn=<NllLossBackward0>)[0m[0m
experiment  : INFO     [32m[32mstep: 19280 	 meta_lr 0.000500 	 training acc 0.734375 and training loss tensor(0.7431, device='cuda:0', grad_fn=<AddBackward0>), loss_auto: tensor(0.3048, device='cuda:0', grad_fn=<AddBackward0>), loss_pre: tensor(0.7126, device='cuda:0', grad_fn=<NllLossBackward0>)[0m[0m
experiment  : INFO     [32m[32mstep: 19320 	 meta_lr 0.000500 	 training acc 0.78125 and training loss tensor(0.7411, device='cuda:0', grad_fn=<AddBackward0>), loss_auto: tensor(0.3058, device='cuda:0', grad_fn=<AddBackward0>), loss_pre: tensor(0.7105, device='cuda:0', grad_fn=<NllLossBackward0>)[0m[0m
experiment  : INFO     [32m[32mstep: 19360 	 meta_lr 0.000500 	 training acc 0.78125 and training loss tensor(0.9060, device='cuda:0', grad_fn=<AddBackward0>), loss_auto: tensor(0.3036, device='cuda:0', grad_fn=<AddBackward0>), loss_pre: tensor(0.8756, device='cuda:0', grad_fn=<NllLossBackward0>)[0m[0m
experiment  : INFO     [32m[32mstep: 19400 	 meta_lr 0.000500 	 training acc 0.84375 and training loss tensor(0.8111, device='cuda:0', grad_fn=<AddBackward0>), loss_auto: tensor(0.3035, device='cuda:0', grad_fn=<AddBackward0>), loss_pre: tensor(0.7807, device='cuda:0', grad_fn=<NllLossBackward0>)[0m[0m
experiment  : INFO     [32m[32mstep: 19440 	 meta_lr 0.000500 	 training acc 0.703125 and training loss tensor(1.0290, device='cuda:0', grad_fn=<AddBackward0>), loss_auto: tensor(0.3026, device='cuda:0', grad_fn=<AddBackward0>), loss_pre: tensor(0.9988, device='cuda:0', grad_fn=<NllLossBackward0>)[0m[0m
experiment  : INFO     [32m[32mstep: 19480 	 meta_lr 0.000500 	 training acc 0.75 and training loss tensor(0.7067, device='cuda:0', grad_fn=<AddBackward0>), loss_auto: tensor(0.3046, device='cuda:0', grad_fn=<AddBackward0>), loss_pre: tensor(0.6762, device='cuda:0', grad_fn=<NllLossBackward0>)[0m[0m
experiment  : INFO     [32m[32mTrain Accuracy = 0.7874445921985815[0m[0m
experiment  : INFO     [32m[32mTest Accuracy = 0.0[0m[0m
experiment  : INFO     [32m[32mstep: 19520 	 meta_lr 0.000500 	 training acc 0.8125 and training loss tensor(0.6604, device='cuda:0', grad_fn=<AddBackward0>), loss_auto: tensor(0.3079, device='cuda:0', grad_fn=<AddBackward0>), loss_pre: tensor(0.6296, device='cuda:0', grad_fn=<NllLossBackward0>)[0m[0m
experiment  : INFO     [32m[32mstep: 19560 	 meta_lr 0.000500 	 training acc 0.71875 and training loss tensor(0.8815, device='cuda:0', grad_fn=<AddBackward0>), loss_auto: tensor(0.2995, device='cuda:0', grad_fn=<AddBackward0>), loss_pre: tensor(0.8516, device='cuda:0', grad_fn=<NllLossBackward0>)[0m[0m
experiment  : INFO     [32m[32mstep: 19600 	 meta_lr 0.000500 	 training acc 0.734375 and training loss tensor(0.9003, device='cuda:0', grad_fn=<AddBackward0>), loss_auto: tensor(0.3014, device='cuda:0', grad_fn=<AddBackward0>), loss_pre: tensor(0.8701, device='cuda:0', grad_fn=<NllLossBackward0>)[0m[0m
experiment  : INFO     [32m[32mstep: 19640 	 meta_lr 0.000500 	 training acc 0.71875 and training loss tensor(0.9896, device='cuda:0', grad_fn=<AddBackward0>), loss_auto: tensor(0.3060, device='cuda:0', grad_fn=<AddBackward0>), loss_pre: tensor(0.9590, device='cuda:0', grad_fn=<NllLossBackward0>)[0m[0m
experiment  : INFO     [32m[32mstep: 19680 	 meta_lr 0.000500 	 training acc 0.734375 and training loss tensor(1.1766, device='cuda:0', grad_fn=<AddBackward0>), loss_auto: tensor(0.3065, device='cuda:0', grad_fn=<AddBackward0>), loss_pre: tensor(1.1460, device='cuda:0', grad_fn=<NllLossBackward0>)[0m[0m
experiment  : INFO     [32m[32mstep: 19720 	 meta_lr 0.000500 	 training acc 0.765625 and training loss tensor(0.6653, device='cuda:0', grad_fn=<AddBackward0>), loss_auto: tensor(0.3032, device='cuda:0', grad_fn=<AddBackward0>), loss_pre: tensor(0.6350, device='cuda:0', grad_fn=<NllLossBackward0>)[0m[0m
experiment  : INFO     [32m[32mstep: 19760 	 meta_lr 0.000500 	 training acc 0.765625 and training loss tensor(0.8125, device='cuda:0', grad_fn=<AddBackward0>), loss_auto: tensor(0.3052, device='cuda:0', grad_fn=<AddBackward0>), loss_pre: tensor(0.7819, device='cuda:0', grad_fn=<NllLossBackward0>)[0m[0m
experiment  : INFO     [32m[32mstep: 19800 	 meta_lr 0.000500 	 training acc 0.734375 and training loss tensor(0.9383, device='cuda:0', grad_fn=<AddBackward0>), loss_auto: tensor(0.3056, device='cuda:0', grad_fn=<AddBackward0>), loss_pre: tensor(0.9077, device='cuda:0', grad_fn=<NllLossBackward0>)[0m[0m
experiment  : INFO     [32m[32mstep: 19840 	 meta_lr 0.000500 	 training acc 0.765625 and training loss tensor(0.7529, device='cuda:0', grad_fn=<AddBackward0>), loss_auto: tensor(0.3035, device='cuda:0', grad_fn=<AddBackward0>), loss_pre: tensor(0.7225, device='cuda:0', grad_fn=<NllLossBackward0>)[0m[0m
experiment  : INFO     [32m[32mstep: 19880 	 meta_lr 0.000500 	 training acc 0.8125 and training loss tensor(0.5776, device='cuda:0', grad_fn=<AddBackward0>), loss_auto: tensor(0.3055, device='cuda:0', grad_fn=<AddBackward0>), loss_pre: tensor(0.5471, device='cuda:0', grad_fn=<NllLossBackward0>)[0m[0m
experiment  : INFO     [32m[32mstep: 19920 	 meta_lr 0.000500 	 training acc 0.78125 and training loss tensor(0.8753, device='cuda:0', grad_fn=<AddBackward0>), loss_auto: tensor(0.3021, device='cuda:0', grad_fn=<AddBackward0>), loss_pre: tensor(0.8451, device='cuda:0', grad_fn=<NllLossBackward0>)[0m[0m
experiment  : INFO     [32m[32mstep: 19960 	 meta_lr 0.000500 	 training acc 0.71875 and training loss tensor(0.7628, device='cuda:0', grad_fn=<AddBackward0>), loss_auto: tensor(0.3058, device='cuda:0', grad_fn=<AddBackward0>), loss_pre: tensor(0.7322, device='cuda:0', grad_fn=<NllLossBackward0>)[0m[0m
experiment  : INFO     [32m[32mstep: 20000 	 meta_lr 0.000500 	 training acc 0.8125 and training loss tensor(0.6225, device='cuda:0', grad_fn=<AddBackward0>), loss_auto: tensor(0.2998, device='cuda:0', grad_fn=<AddBackward0>), loss_pre: tensor(0.5925, device='cuda:0', grad_fn=<NllLossBackward0>)[0m[0m
experiment  : INFO     [32m[32mTrain Accuracy = 0.7952238475177305[0m[0m
experiment  : INFO     [32m[32mTest Accuracy = 0.0[0m[0m
experiment  : INFO     [32m[32mstep: 20040 	 meta_lr 0.000500 	 training acc 0.734375 and training loss tensor(0.7386, device='cuda:0', grad_fn=<AddBackward0>), loss_auto: tensor(0.3007, device='cuda:0', grad_fn=<AddBackward0>), loss_pre: tensor(0.7085, device='cuda:0', grad_fn=<NllLossBackward0>)[0m[0m
experiment  : INFO     [32m[32mstep: 20080 	 meta_lr 0.000500 	 training acc 0.640625 and training loss tensor(0.9557, device='cuda:0', grad_fn=<AddBackward0>), loss_auto: tensor(0.3083, device='cuda:0', grad_fn=<AddBackward0>), loss_pre: tensor(0.9249, device='cuda:0', grad_fn=<NllLossBackward0>)[0m[0m
experiment  : INFO     [32m[32mstep: 20120 	 meta_lr 0.000500 	 training acc 0.75 and training loss tensor(0.6946, device='cuda:0', grad_fn=<AddBackward0>), loss_auto: tensor(0.3017, device='cuda:0', grad_fn=<AddBackward0>), loss_pre: tensor(0.6644, device='cuda:0', grad_fn=<NllLossBackward0>)[0m[0m
experiment  : INFO     [32m[32mstep: 20160 	 meta_lr 0.000500 	 training acc 0.734375 and training loss tensor(0.8523, device='cuda:0', grad_fn=<AddBackward0>), loss_auto: tensor(0.3076, device='cuda:0', grad_fn=<AddBackward0>), loss_pre: tensor(0.8215, device='cuda:0', grad_fn=<NllLossBackward0>)[0m[0m
experiment  : INFO     [32m[32mstep: 20200 	 meta_lr 0.000500 	 training acc 0.90625 and training loss tensor(0.4115, device='cuda:0', grad_fn=<AddBackward0>), loss_auto: tensor(0.3038, device='cuda:0', grad_fn=<AddBackward0>), loss_pre: tensor(0.3811, device='cuda:0', grad_fn=<NllLossBackward0>)[0m[0m
experiment  : INFO     [32m[32mstep: 20240 	 meta_lr 0.000500 	 training acc 0.796875 and training loss tensor(0.5474, device='cuda:0', grad_fn=<AddBackward0>), loss_auto: tensor(0.3025, device='cuda:0', grad_fn=<AddBackward0>), loss_pre: tensor(0.5171, device='cuda:0', grad_fn=<NllLossBackward0>)[0m[0m
experiment  : INFO     [32m[32mstep: 20280 	 meta_lr 0.000500 	 training acc 0.703125 and training loss tensor(1.3520, device='cuda:0', grad_fn=<AddBackward0>), loss_auto: tensor(0.3069, device='cuda:0', grad_fn=<AddBackward0>), loss_pre: tensor(1.3213, device='cuda:0', grad_fn=<NllLossBackward0>)[0m[0m
experiment  : INFO     [32m[32mstep: 20320 	 meta_lr 0.000500 	 training acc 0.8125 and training loss tensor(0.6833, device='cuda:0', grad_fn=<AddBackward0>), loss_auto: tensor(0.3059, device='cuda:0', grad_fn=<AddBackward0>), loss_pre: tensor(0.6527, device='cuda:0', grad_fn=<NllLossBackward0>)[0m[0m
experiment  : INFO     [32m[32mstep: 20360 	 meta_lr 0.000500 	 training acc 0.78125 and training loss tensor(0.7967, device='cuda:0', grad_fn=<AddBackward0>), loss_auto: tensor(0.3028, device='cuda:0', grad_fn=<AddBackward0>), loss_pre: tensor(0.7664, device='cuda:0', grad_fn=<NllLossBackward0>)[0m[0m
experiment  : INFO     [32m[32mstep: 20400 	 meta_lr 0.000500 	 training acc 0.75 and training loss tensor(0.9203, device='cuda:0', grad_fn=<AddBackward0>), loss_auto: tensor(0.3028, device='cuda:0', grad_fn=<AddBackward0>), loss_pre: tensor(0.8901, device='cuda:0', grad_fn=<NllLossBackward0>)[0m[0m
experiment  : INFO     [32m[32mstep: 20440 	 meta_lr 0.000500 	 training acc 0.8125 and training loss tensor(0.6688, device='cuda:0', grad_fn=<AddBackward0>), loss_auto: tensor(0.3042, device='cuda:0', grad_fn=<AddBackward0>), loss_pre: tensor(0.6384, device='cuda:0', grad_fn=<NllLossBackward0>)[0m[0m
experiment  : INFO     [32m[32mstep: 20480 	 meta_lr 0.000500 	 training acc 0.71875 and training loss tensor(0.8935, device='cuda:0', grad_fn=<AddBackward0>), loss_auto: tensor(0.3041, device='cuda:0', grad_fn=<AddBackward0>), loss_pre: tensor(0.8631, device='cuda:0', grad_fn=<NllLossBackward0>)[0m[0m
experiment  : INFO     [32m[32mTrain Accuracy = 0.7997562056737589[0m[0m
experiment  : INFO     [32m[32mTest Accuracy = 0.0[0m[0m
experiment  : INFO     [32m[32mstep: 20520 	 meta_lr 0.000500 	 training acc 0.796875 and training loss tensor(0.6728, device='cuda:0', grad_fn=<AddBackward0>), loss_auto: tensor(0.2975, device='cuda:0', grad_fn=<AddBackward0>), loss_pre: tensor(0.6431, device='cuda:0', grad_fn=<NllLossBackward0>)[0m[0m
experiment  : INFO     [32m[32mstep: 20560 	 meta_lr 0.000500 	 training acc 0.859375 and training loss tensor(0.5676, device='cuda:0', grad_fn=<AddBackward0>), loss_auto: tensor(0.3056, device='cuda:0', grad_fn=<AddBackward0>), loss_pre: tensor(0.5370, device='cuda:0', grad_fn=<NllLossBackward0>)[0m[0m
experiment  : INFO     [32m[32mstep: 20600 	 meta_lr 0.000500 	 training acc 0.75 and training loss tensor(0.6573, device='cuda:0', grad_fn=<AddBackward0>), loss_auto: tensor(0.3036, device='cuda:0', grad_fn=<AddBackward0>), loss_pre: tensor(0.6269, device='cuda:0', grad_fn=<NllLossBackward0>)[0m[0m
experiment  : INFO     [32m[32mstep: 20640 	 meta_lr 0.000500 	 training acc 0.828125 and training loss tensor(0.7192, device='cuda:0', grad_fn=<AddBackward0>), loss_auto: tensor(0.3075, device='cuda:0', grad_fn=<AddBackward0>), loss_pre: tensor(0.6884, device='cuda:0', grad_fn=<NllLossBackward0>)[0m[0m
experiment  : INFO     [32m[32mstep: 20680 	 meta_lr 0.000500 	 training acc 0.703125 and training loss tensor(0.9344, device='cuda:0', grad_fn=<AddBackward0>), loss_auto: tensor(0.3029, device='cuda:0', grad_fn=<AddBackward0>), loss_pre: tensor(0.9042, device='cuda:0', grad_fn=<NllLossBackward0>)[0m[0m
experiment  : INFO     [32m[32mstep: 20720 	 meta_lr 0.000500 	 training acc 0.796875 and training loss tensor(0.8213, device='cuda:0', grad_fn=<AddBackward0>), loss_auto: tensor(0.3058, device='cuda:0', grad_fn=<AddBackward0>), loss_pre: tensor(0.7907, device='cuda:0', grad_fn=<NllLossBackward0>)[0m[0m
experiment  : INFO     [32m[32mstep: 20760 	 meta_lr 0.000500 	 training acc 0.8125 and training loss tensor(0.8703, device='cuda:0', grad_fn=<AddBackward0>), loss_auto: tensor(0.3024, device='cuda:0', grad_fn=<AddBackward0>), loss_pre: tensor(0.8401, device='cuda:0', grad_fn=<NllLossBackward0>)[0m[0m
experiment  : INFO     [32m[32mstep: 20800 	 meta_lr 0.000500 	 training acc 0.859375 and training loss tensor(0.5927, device='cuda:0', grad_fn=<AddBackward0>), loss_auto: tensor(0.3058, device='cuda:0', grad_fn=<AddBackward0>), loss_pre: tensor(0.5621, device='cuda:0', grad_fn=<NllLossBackward0>)[0m[0m
experiment  : INFO     [32m[32mstep: 20840 	 meta_lr 0.000500 	 training acc 0.8125 and training loss tensor(0.7521, device='cuda:0', grad_fn=<AddBackward0>), loss_auto: tensor(0.3054, device='cuda:0', grad_fn=<AddBackward0>), loss_pre: tensor(0.7216, device='cuda:0', grad_fn=<NllLossBackward0>)[0m[0m
experiment  : INFO     [32m[32mstep: 20880 	 meta_lr 0.000500 	 training acc 0.78125 and training loss tensor(0.7944, device='cuda:0', grad_fn=<AddBackward0>), loss_auto: tensor(0.3035, device='cuda:0', grad_fn=<AddBackward0>), loss_pre: tensor(0.7640, device='cuda:0', grad_fn=<NllLossBackward0>)[0m[0m
experiment  : INFO     [32m[32mstep: 20920 	 meta_lr 0.000500 	 training acc 0.8125 and training loss tensor(0.5506, device='cuda:0', grad_fn=<AddBackward0>), loss_auto: tensor(0.3016, device='cuda:0', grad_fn=<AddBackward0>), loss_pre: tensor(0.5205, device='cuda:0', grad_fn=<NllLossBackward0>)[0m[0m
experiment  : INFO     [32m[32mstep: 20960 	 meta_lr 0.000500 	 training acc 0.703125 and training loss tensor(0.9473, device='cuda:0', grad_fn=<AddBackward0>), loss_auto: tensor(0.3033, device='cuda:0', grad_fn=<AddBackward0>), loss_pre: tensor(0.9170, device='cuda:0', grad_fn=<NllLossBackward0>)[0m[0m
experiment  : INFO     [32m[32mstep: 21000 	 meta_lr 0.000500 	 training acc 0.671875 and training loss tensor(1.0368, device='cuda:0', grad_fn=<AddBackward0>), loss_auto: tensor(0.2983, device='cuda:0', grad_fn=<AddBackward0>), loss_pre: tensor(1.0069, device='cuda:0', grad_fn=<NllLossBackward0>)[0m[0m
experiment  : INFO     [32m[32mTrain Accuracy = 0.7907025709219858[0m[0m
experiment  : INFO     [32m[32mTest Accuracy = 0.0[0m[0m
experiment  : INFO     [32m[32mstep: 21040 	 meta_lr 0.000500 	 training acc 0.703125 and training loss tensor(0.9077, device='cuda:0', grad_fn=<AddBackward0>), loss_auto: tensor(0.3063, device='cuda:0', grad_fn=<AddBackward0>), loss_pre: tensor(0.8771, device='cuda:0', grad_fn=<NllLossBackward0>)[0m[0m
experiment  : INFO     [32m[32mstep: 21080 	 meta_lr 0.000500 	 training acc 0.6875 and training loss tensor(1.3740, device='cuda:0', grad_fn=<AddBackward0>), loss_auto: tensor(0.3046, device='cuda:0', grad_fn=<AddBackward0>), loss_pre: tensor(1.3436, device='cuda:0', grad_fn=<NllLossBackward0>)[0m[0m
experiment  : INFO     [32m[32mstep: 21120 	 meta_lr 0.000500 	 training acc 0.78125 and training loss tensor(0.8380, device='cuda:0', grad_fn=<AddBackward0>), loss_auto: tensor(0.3014, device='cuda:0', grad_fn=<AddBackward0>), loss_pre: tensor(0.8078, device='cuda:0', grad_fn=<NllLossBackward0>)[0m[0m
experiment  : INFO     [32m[32mstep: 21160 	 meta_lr 0.000500 	 training acc 0.875 and training loss tensor(0.6084, device='cuda:0', grad_fn=<AddBackward0>), loss_auto: tensor(0.3065, device='cuda:0', grad_fn=<AddBackward0>), loss_pre: tensor(0.5777, device='cuda:0', grad_fn=<NllLossBackward0>)[0m[0m
experiment  : INFO     [32m[32mstep: 21200 	 meta_lr 0.000500 	 training acc 0.890625 and training loss tensor(0.5816, device='cuda:0', grad_fn=<AddBackward0>), loss_auto: tensor(0.3012, device='cuda:0', grad_fn=<AddBackward0>), loss_pre: tensor(0.5515, device='cuda:0', grad_fn=<NllLossBackward0>)[0m[0m
experiment  : INFO     [32m[32mstep: 21240 	 meta_lr 0.000500 	 training acc 0.734375 and training loss tensor(0.7042, device='cuda:0', grad_fn=<AddBackward0>), loss_auto: tensor(0.3084, device='cuda:0', grad_fn=<AddBackward0>), loss_pre: tensor(0.6734, device='cuda:0', grad_fn=<NllLossBackward0>)[0m[0m
experiment  : INFO     [32m[32mstep: 21280 	 meta_lr 0.000500 	 training acc 0.75 and training loss tensor(0.8818, device='cuda:0', grad_fn=<AddBackward0>), loss_auto: tensor(0.3029, device='cuda:0', grad_fn=<AddBackward0>), loss_pre: tensor(0.8515, device='cuda:0', grad_fn=<NllLossBackward0>)[0m[0m
experiment  : INFO     [32m[32mstep: 21320 	 meta_lr 0.000500 	 training acc 0.734375 and training loss tensor(0.6749, device='cuda:0', grad_fn=<AddBackward0>), loss_auto: tensor(0.3060, device='cuda:0', grad_fn=<AddBackward0>), loss_pre: tensor(0.6443, device='cuda:0', grad_fn=<NllLossBackward0>)[0m[0m
experiment  : INFO     [32m[32mstep: 21360 	 meta_lr 0.000500 	 training acc 0.828125 and training loss tensor(0.5480, device='cuda:0', grad_fn=<AddBackward0>), loss_auto: tensor(0.3015, device='cuda:0', grad_fn=<AddBackward0>), loss_pre: tensor(0.5178, device='cuda:0', grad_fn=<NllLossBackward0>)[0m[0m
experiment  : INFO     [32m[32mstep: 21400 	 meta_lr 0.000500 	 training acc 0.6875 and training loss tensor(1.0736, device='cuda:0', grad_fn=<AddBackward0>), loss_auto: tensor(0.3009, device='cuda:0', grad_fn=<AddBackward0>), loss_pre: tensor(1.0435, device='cuda:0', grad_fn=<NllLossBackward0>)[0m[0m
experiment  : INFO     [32m[32mstep: 21440 	 meta_lr 0.000500 	 training acc 0.796875 and training loss tensor(0.7359, device='cuda:0', grad_fn=<AddBackward0>), loss_auto: tensor(0.3066, device='cuda:0', grad_fn=<AddBackward0>), loss_pre: tensor(0.7053, device='cuda:0', grad_fn=<NllLossBackward0>)[0m[0m
experiment  : INFO     [32m[32mstep: 21480 	 meta_lr 0.000500 	 training acc 0.828125 and training loss tensor(0.7418, device='cuda:0', grad_fn=<AddBackward0>), loss_auto: tensor(0.3062, device='cuda:0', grad_fn=<AddBackward0>), loss_pre: tensor(0.7112, device='cuda:0', grad_fn=<NllLossBackward0>)[0m[0m
experiment  : INFO     [32m[32mTrain Accuracy = 0.7938164893617021[0m[0m
experiment  : INFO     [32m[32mTest Accuracy = 0.0[0m[0m
experiment  : INFO     [32m[32mstep: 21520 	 meta_lr 0.000500 	 training acc 0.796875 and training loss tensor(0.6697, device='cuda:0', grad_fn=<AddBackward0>), loss_auto: tensor(0.3049, device='cuda:0', grad_fn=<AddBackward0>), loss_pre: tensor(0.6392, device='cuda:0', grad_fn=<NllLossBackward0>)[0m[0m
experiment  : INFO     [32m[32mstep: 21560 	 meta_lr 0.000500 	 training acc 0.734375 and training loss tensor(0.9555, device='cuda:0', grad_fn=<AddBackward0>), loss_auto: tensor(0.3097, device='cuda:0', grad_fn=<AddBackward0>), loss_pre: tensor(0.9245, device='cuda:0', grad_fn=<NllLossBackward0>)[0m[0m
experiment  : INFO     [32m[32mstep: 21600 	 meta_lr 0.000500 	 training acc 0.703125 and training loss tensor(0.9241, device='cuda:0', grad_fn=<AddBackward0>), loss_auto: tensor(0.3071, device='cuda:0', grad_fn=<AddBackward0>), loss_pre: tensor(0.8934, device='cuda:0', grad_fn=<NllLossBackward0>)[0m[0m
experiment  : INFO     [32m[32mstep: 21640 	 meta_lr 0.000500 	 training acc 0.703125 and training loss tensor(0.8416, device='cuda:0', grad_fn=<AddBackward0>), loss_auto: tensor(0.3076, device='cuda:0', grad_fn=<AddBackward0>), loss_pre: tensor(0.8108, device='cuda:0', grad_fn=<NllLossBackward0>)[0m[0m
experiment  : INFO     [32m[32mstep: 21680 	 meta_lr 0.000500 	 training acc 0.8125 and training loss tensor(0.6509, device='cuda:0', grad_fn=<AddBackward0>), loss_auto: tensor(0.3087, device='cuda:0', grad_fn=<AddBackward0>), loss_pre: tensor(0.6201, device='cuda:0', grad_fn=<NllLossBackward0>)[0m[0m
experiment  : INFO     [32m[32mstep: 21720 	 meta_lr 0.000500 	 training acc 0.765625 and training loss tensor(0.7929, device='cuda:0', grad_fn=<AddBackward0>), loss_auto: tensor(0.3063, device='cuda:0', grad_fn=<AddBackward0>), loss_pre: tensor(0.7623, device='cuda:0', grad_fn=<NllLossBackward0>)[0m[0m
experiment  : INFO     [32m[32mstep: 21760 	 meta_lr 0.000500 	 training acc 0.828125 and training loss tensor(0.6588, device='cuda:0', grad_fn=<AddBackward0>), loss_auto: tensor(0.3009, device='cuda:0', grad_fn=<AddBackward0>), loss_pre: tensor(0.6287, device='cuda:0', grad_fn=<NllLossBackward0>)[0m[0m
experiment  : INFO     [32m[32mstep: 21800 	 meta_lr 0.000500 	 training acc 0.609375 and training loss tensor(1.7379, device='cuda:0', grad_fn=<AddBackward0>), loss_auto: tensor(0.3125, device='cuda:0', grad_fn=<AddBackward0>), loss_pre: tensor(1.7066, device='cuda:0', grad_fn=<NllLossBackward0>)[0m[0m
experiment  : INFO     [32m[32mstep: 21840 	 meta_lr 0.000500 	 training acc 0.734375 and training loss tensor(0.8534, device='cuda:0', grad_fn=<AddBackward0>), loss_auto: tensor(0.3046, device='cuda:0', grad_fn=<AddBackward0>), loss_pre: tensor(0.8230, device='cuda:0', grad_fn=<NllLossBackward0>)[0m[0m
experiment  : INFO     [32m[32mstep: 21880 	 meta_lr 0.000500 	 training acc 0.765625 and training loss tensor(0.7095, device='cuda:0', grad_fn=<AddBackward0>), loss_auto: tensor(0.3014, device='cuda:0', grad_fn=<AddBackward0>), loss_pre: tensor(0.6793, device='cuda:0', grad_fn=<NllLossBackward0>)[0m[0m
experiment  : INFO     [32m[32mstep: 21920 	 meta_lr 0.000500 	 training acc 0.78125 and training loss tensor(0.7347, device='cuda:0', grad_fn=<AddBackward0>), loss_auto: tensor(0.3036, device='cuda:0', grad_fn=<AddBackward0>), loss_pre: tensor(0.7043, device='cuda:0', grad_fn=<NllLossBackward0>)[0m[0m
experiment  : INFO     [32m[32mstep: 21960 	 meta_lr 0.000500 	 training acc 0.8125 and training loss tensor(0.7187, device='cuda:0', grad_fn=<AddBackward0>), loss_auto: tensor(0.3051, device='cuda:0', grad_fn=<AddBackward0>), loss_pre: tensor(0.6881, device='cuda:0', grad_fn=<NllLossBackward0>)[0m[0m
experiment  : INFO     [32m[32mstep: 22000 	 meta_lr 0.000500 	 training acc 0.765625 and training loss tensor(1.0439, device='cuda:0', grad_fn=<AddBackward0>), loss_auto: tensor(0.3005, device='cuda:0', grad_fn=<AddBackward0>), loss_pre: tensor(1.0138, device='cuda:0', grad_fn=<NllLossBackward0>)[0m[0m
experiment  : INFO     [32m[32mTrain Accuracy = 0.7995124113475177[0m[0m
experiment  : INFO     [32m[32mTest Accuracy = 0.0[0m[0m
experiment  : INFO     [32m[32mstep: 22040 	 meta_lr 0.000500 	 training acc 0.734375 and training loss tensor(0.7844, device='cuda:0', grad_fn=<AddBackward0>), loss_auto: tensor(0.3008, device='cuda:0', grad_fn=<AddBackward0>), loss_pre: tensor(0.7543, device='cuda:0', grad_fn=<NllLossBackward0>)[0m[0m
experiment  : INFO     [32m[32mstep: 22080 	 meta_lr 0.000500 	 training acc 0.84375 and training loss tensor(0.5302, device='cuda:0', grad_fn=<AddBackward0>), loss_auto: tensor(0.3046, device='cuda:0', grad_fn=<AddBackward0>), loss_pre: tensor(0.4997, device='cuda:0', grad_fn=<NllLossBackward0>)[0m[0m
experiment  : INFO     [32m[32mstep: 22120 	 meta_lr 0.000500 	 training acc 0.828125 and training loss tensor(1.1246, device='cuda:0', grad_fn=<AddBackward0>), loss_auto: tensor(0.3015, device='cuda:0', grad_fn=<AddBackward0>), loss_pre: tensor(1.0945, device='cuda:0', grad_fn=<NllLossBackward0>)[0m[0m
experiment  : INFO     [32m[32mstep: 22160 	 meta_lr 0.000500 	 training acc 0.734375 and training loss tensor(0.7253, device='cuda:0', grad_fn=<AddBackward0>), loss_auto: tensor(0.3060, device='cuda:0', grad_fn=<AddBackward0>), loss_pre: tensor(0.6947, device='cuda:0', grad_fn=<NllLossBackward0>)[0m[0m
experiment  : INFO     [32m[32mstep: 22200 	 meta_lr 0.000500 	 training acc 0.734375 and training loss tensor(0.8726, device='cuda:0', grad_fn=<AddBackward0>), loss_auto: tensor(0.3060, device='cuda:0', grad_fn=<AddBackward0>), loss_pre: tensor(0.8420, device='cuda:0', grad_fn=<NllLossBackward0>)[0m[0m
experiment  : INFO     [32m[32mstep: 22240 	 meta_lr 0.000500 	 training acc 0.71875 and training loss tensor(1.2450, device='cuda:0', grad_fn=<AddBackward0>), loss_auto: tensor(0.2992, device='cuda:0', grad_fn=<AddBackward0>), loss_pre: tensor(1.2150, device='cuda:0', grad_fn=<NllLossBackward0>)[0m[0m
experiment  : INFO     [32m[32mstep: 22280 	 meta_lr 0.000500 	 training acc 0.796875 and training loss tensor(0.7202, device='cuda:0', grad_fn=<AddBackward0>), loss_auto: tensor(0.3036, device='cuda:0', grad_fn=<AddBackward0>), loss_pre: tensor(0.6898, device='cuda:0', grad_fn=<NllLossBackward0>)[0m[0m
experiment  : INFO     [32m[32mstep: 22320 	 meta_lr 0.000500 	 training acc 0.71875 and training loss tensor(0.9587, device='cuda:0', grad_fn=<AddBackward0>), loss_auto: tensor(0.3048, device='cuda:0', grad_fn=<AddBackward0>), loss_pre: tensor(0.9283, device='cuda:0', grad_fn=<NllLossBackward0>)[0m[0m
experiment  : INFO     [32m[32mstep: 22360 	 meta_lr 0.000500 	 training acc 0.734375 and training loss tensor(0.8222, device='cuda:0', grad_fn=<AddBackward0>), loss_auto: tensor(0.3021, device='cuda:0', grad_fn=<AddBackward0>), loss_pre: tensor(0.7920, device='cuda:0', grad_fn=<NllLossBackward0>)[0m[0m
experiment  : INFO     [32m[32mstep: 22400 	 meta_lr 0.000500 	 training acc 0.828125 and training loss tensor(0.8565, device='cuda:0', grad_fn=<AddBackward0>), loss_auto: tensor(0.3018, device='cuda:0', grad_fn=<AddBackward0>), loss_pre: tensor(0.8263, device='cuda:0', grad_fn=<NllLossBackward0>)[0m[0m
experiment  : INFO     [32m[32mstep: 22440 	 meta_lr 0.000500 	 training acc 0.859375 and training loss tensor(0.5174, device='cuda:0', grad_fn=<AddBackward0>), loss_auto: tensor(0.3030, device='cuda:0', grad_fn=<AddBackward0>), loss_pre: tensor(0.4871, device='cuda:0', grad_fn=<NllLossBackward0>)[0m[0m
experiment  : INFO     [32m[32mstep: 22480 	 meta_lr 0.000500 	 training acc 0.75 and training loss tensor(0.6894, device='cuda:0', grad_fn=<AddBackward0>), loss_auto: tensor(0.3048, device='cuda:0', grad_fn=<AddBackward0>), loss_pre: tensor(0.6589, device='cuda:0', grad_fn=<NllLossBackward0>)[0m[0m
experiment  : INFO     [32m[32mTrain Accuracy = 0.7816489361702128[0m[0m
experiment  : INFO     [32m[32mTest Accuracy = 0.0[0m[0m
experiment  : INFO     [32m[32mstep: 22520 	 meta_lr 0.000500 	 training acc 0.765625 and training loss tensor(0.8068, device='cuda:0', grad_fn=<AddBackward0>), loss_auto: tensor(0.3047, device='cuda:0', grad_fn=<AddBackward0>), loss_pre: tensor(0.7763, device='cuda:0', grad_fn=<NllLossBackward0>)[0m[0m
experiment  : INFO     [32m[32mstep: 22560 	 meta_lr 0.000500 	 training acc 0.828125 and training loss tensor(0.7504, device='cuda:0', grad_fn=<AddBackward0>), loss_auto: tensor(0.3062, device='cuda:0', grad_fn=<AddBackward0>), loss_pre: tensor(0.7197, device='cuda:0', grad_fn=<NllLossBackward0>)[0m[0m
experiment  : INFO     [32m[32mstep: 22600 	 meta_lr 0.000500 	 training acc 0.640625 and training loss tensor(2.7758, device='cuda:0', grad_fn=<AddBackward0>), loss_auto: tensor(0.3060, device='cuda:0', grad_fn=<AddBackward0>), loss_pre: tensor(2.7452, device='cuda:0', grad_fn=<NllLossBackward0>)[0m[0m
experiment  : INFO     [32m[32mstep: 22640 	 meta_lr 0.000500 	 training acc 0.78125 and training loss tensor(0.7479, device='cuda:0', grad_fn=<AddBackward0>), loss_auto: tensor(0.3064, device='cuda:0', grad_fn=<AddBackward0>), loss_pre: tensor(0.7173, device='cuda:0', grad_fn=<NllLossBackward0>)[0m[0m
experiment  : INFO     [32m[32mstep: 22680 	 meta_lr 0.000500 	 training acc 0.71875 and training loss tensor(1.1751, device='cuda:0', grad_fn=<AddBackward0>), loss_auto: tensor(0.3019, device='cuda:0', grad_fn=<AddBackward0>), loss_pre: tensor(1.1449, device='cuda:0', grad_fn=<NllLossBackward0>)[0m[0m
experiment  : INFO     [32m[32mstep: 22720 	 meta_lr 0.000500 	 training acc 0.859375 and training loss tensor(0.4740, device='cuda:0', grad_fn=<AddBackward0>), loss_auto: tensor(0.3047, device='cuda:0', grad_fn=<AddBackward0>), loss_pre: tensor(0.4435, device='cuda:0', grad_fn=<NllLossBackward0>)[0m[0m
experiment  : INFO     [32m[32mstep: 22760 	 meta_lr 0.000500 	 training acc 0.796875 and training loss tensor(0.9859, device='cuda:0', grad_fn=<AddBackward0>), loss_auto: tensor(0.3041, device='cuda:0', grad_fn=<AddBackward0>), loss_pre: tensor(0.9555, device='cuda:0', grad_fn=<NllLossBackward0>)[0m[0m
experiment  : INFO     [32m[32mstep: 22800 	 meta_lr 0.000500 	 training acc 0.859375 and training loss tensor(0.4796, device='cuda:0', grad_fn=<AddBackward0>), loss_auto: tensor(0.3019, device='cuda:0', grad_fn=<AddBackward0>), loss_pre: tensor(0.4494, device='cuda:0', grad_fn=<NllLossBackward0>)[0m[0m
experiment  : INFO     [32m[32mstep: 22840 	 meta_lr 0.000500 	 training acc 0.828125 and training loss tensor(0.6711, device='cuda:0', grad_fn=<AddBackward0>), loss_auto: tensor(0.3024, device='cuda:0', grad_fn=<AddBackward0>), loss_pre: tensor(0.6409, device='cuda:0', grad_fn=<NllLossBackward0>)[0m[0m
experiment  : INFO     [32m[32mstep: 22880 	 meta_lr 0.000500 	 training acc 0.765625 and training loss tensor(0.7071, device='cuda:0', grad_fn=<AddBackward0>), loss_auto: tensor(0.3056, device='cuda:0', grad_fn=<AddBackward0>), loss_pre: tensor(0.6765, device='cuda:0', grad_fn=<NllLossBackward0>)[0m[0m
experiment  : INFO     [32m[32mstep: 22920 	 meta_lr 0.000500 	 training acc 0.765625 and training loss tensor(0.8602, device='cuda:0', grad_fn=<AddBackward0>), loss_auto: tensor(0.3002, device='cuda:0', grad_fn=<AddBackward0>), loss_pre: tensor(0.8301, device='cuda:0', grad_fn=<NllLossBackward0>)[0m[0m
experiment  : INFO     [32m[32mstep: 22960 	 meta_lr 0.000500 	 training acc 0.84375 and training loss tensor(0.5010, device='cuda:0', grad_fn=<AddBackward0>), loss_auto: tensor(0.3078, device='cuda:0', grad_fn=<AddBackward0>), loss_pre: tensor(0.4702, device='cuda:0', grad_fn=<NllLossBackward0>)[0m[0m
experiment  : INFO     [32m[32mstep: 23000 	 meta_lr 0.000500 	 training acc 0.6875 and training loss tensor(1.3045, device='cuda:0', grad_fn=<AddBackward0>), loss_auto: tensor(0.3041, device='cuda:0', grad_fn=<AddBackward0>), loss_pre: tensor(1.2741, device='cuda:0', grad_fn=<NllLossBackward0>)[0m[0m
experiment  : INFO     [32m[32mTrain Accuracy = 0.8006205673758866[0m[0m
experiment  : INFO     [32m[32mTest Accuracy = 0.0[0m[0m
experiment  : INFO     [32m[32mstep: 23040 	 meta_lr 0.000500 	 training acc 0.890625 and training loss tensor(0.4416, device='cuda:0', grad_fn=<AddBackward0>), loss_auto: tensor(0.3033, device='cuda:0', grad_fn=<AddBackward0>), loss_pre: tensor(0.4112, device='cuda:0', grad_fn=<NllLossBackward0>)[0m[0m
experiment  : INFO     [32m[32mstep: 23080 	 meta_lr 0.000500 	 training acc 0.828125 and training loss tensor(0.5659, device='cuda:0', grad_fn=<AddBackward0>), loss_auto: tensor(0.3049, device='cuda:0', grad_fn=<AddBackward0>), loss_pre: tensor(0.5354, device='cuda:0', grad_fn=<NllLossBackward0>)[0m[0m
experiment  : INFO     [32m[32mstep: 23120 	 meta_lr 0.000500 	 training acc 0.8125 and training loss tensor(0.6142, device='cuda:0', grad_fn=<AddBackward0>), loss_auto: tensor(0.3022, device='cuda:0', grad_fn=<AddBackward0>), loss_pre: tensor(0.5840, device='cuda:0', grad_fn=<NllLossBackward0>)[0m[0m
experiment  : INFO     [32m[32mstep: 23160 	 meta_lr 0.000500 	 training acc 0.828125 and training loss tensor(0.6863, device='cuda:0', grad_fn=<AddBackward0>), loss_auto: tensor(0.3051, device='cuda:0', grad_fn=<AddBackward0>), loss_pre: tensor(0.6558, device='cuda:0', grad_fn=<NllLossBackward0>)[0m[0m
experiment  : INFO     [32m[32mstep: 23200 	 meta_lr 0.000500 	 training acc 0.828125 and training loss tensor(0.6332, device='cuda:0', grad_fn=<AddBackward0>), loss_auto: tensor(0.3048, device='cuda:0', grad_fn=<AddBackward0>), loss_pre: tensor(0.6027, device='cuda:0', grad_fn=<NllLossBackward0>)[0m[0m
experiment  : INFO     [32m[32mstep: 23240 	 meta_lr 0.000500 	 training acc 0.859375 and training loss tensor(0.5868, device='cuda:0', grad_fn=<AddBackward0>), loss_auto: tensor(0.3059, device='cuda:0', grad_fn=<AddBackward0>), loss_pre: tensor(0.5562, device='cuda:0', grad_fn=<NllLossBackward0>)[0m[0m
experiment  : INFO     [32m[32mstep: 23280 	 meta_lr 0.000500 	 training acc 0.828125 and training loss tensor(0.6356, device='cuda:0', grad_fn=<AddBackward0>), loss_auto: tensor(0.3060, device='cuda:0', grad_fn=<AddBackward0>), loss_pre: tensor(0.6050, device='cuda:0', grad_fn=<NllLossBackward0>)[0m[0m
experiment  : INFO     [32m[32mstep: 23320 	 meta_lr 0.000500 	 training acc 0.796875 and training loss tensor(0.6177, device='cuda:0', grad_fn=<AddBackward0>), loss_auto: tensor(0.3055, device='cuda:0', grad_fn=<AddBackward0>), loss_pre: tensor(0.5872, device='cuda:0', grad_fn=<NllLossBackward0>)[0m[0m
experiment  : INFO     [32m[32mstep: 23360 	 meta_lr 0.000500 	 training acc 0.8125 and training loss tensor(1.1110, device='cuda:0', grad_fn=<AddBackward0>), loss_auto: tensor(0.3024, device='cuda:0', grad_fn=<AddBackward0>), loss_pre: tensor(1.0808, device='cuda:0', grad_fn=<NllLossBackward0>)[0m[0m
experiment  : INFO     [32m[32mstep: 23400 	 meta_lr 0.000500 	 training acc 0.8125 and training loss tensor(0.6261, device='cuda:0', grad_fn=<AddBackward0>), loss_auto: tensor(0.2998, device='cuda:0', grad_fn=<AddBackward0>), loss_pre: tensor(0.5961, device='cuda:0', grad_fn=<NllLossBackward0>)[0m[0m
experiment  : INFO     [32m[32mstep: 23440 	 meta_lr 0.000500 	 training acc 0.859375 and training loss tensor(0.5045, device='cuda:0', grad_fn=<AddBackward0>), loss_auto: tensor(0.3047, device='cuda:0', grad_fn=<AddBackward0>), loss_pre: tensor(0.4741, device='cuda:0', grad_fn=<NllLossBackward0>)[0m[0m
experiment  : INFO     [32m[32mstep: 23480 	 meta_lr 0.000500 	 training acc 0.75 and training loss tensor(0.6895, device='cuda:0', grad_fn=<AddBackward0>), loss_auto: tensor(0.3030, device='cuda:0', grad_fn=<AddBackward0>), loss_pre: tensor(0.6592, device='cuda:0', grad_fn=<NllLossBackward0>)[0m[0m
experiment  : INFO     [32m[32mTrain Accuracy = 0.8034574468085106[0m[0m
experiment  : INFO     [32m[32mTest Accuracy = 0.0[0m[0m
experiment  : INFO     [32m[32mstep: 23520 	 meta_lr 0.000500 	 training acc 0.734375 and training loss tensor(1.2545, device='cuda:0', grad_fn=<AddBackward0>), loss_auto: tensor(0.3001, device='cuda:0', grad_fn=<AddBackward0>), loss_pre: tensor(1.2245, device='cuda:0', grad_fn=<NllLossBackward0>)[0m[0m
experiment  : INFO     [32m[32mstep: 23560 	 meta_lr 0.000500 	 training acc 0.75 and training loss tensor(1.0614, device='cuda:0', grad_fn=<AddBackward0>), loss_auto: tensor(0.3027, device='cuda:0', grad_fn=<AddBackward0>), loss_pre: tensor(1.0311, device='cuda:0', grad_fn=<NllLossBackward0>)[0m[0m
experiment  : INFO     [32m[32mstep: 23600 	 meta_lr 0.000500 	 training acc 0.78125 and training loss tensor(0.8481, device='cuda:0', grad_fn=<AddBackward0>), loss_auto: tensor(0.3068, device='cuda:0', grad_fn=<AddBackward0>), loss_pre: tensor(0.8175, device='cuda:0', grad_fn=<NllLossBackward0>)[0m[0m
experiment  : INFO     [32m[32mstep: 23640 	 meta_lr 0.000500 	 training acc 0.8125 and training loss tensor(0.6298, device='cuda:0', grad_fn=<AddBackward0>), loss_auto: tensor(0.3010, device='cuda:0', grad_fn=<AddBackward0>), loss_pre: tensor(0.5997, device='cuda:0', grad_fn=<NllLossBackward0>)[0m[0m
experiment  : INFO     [32m[32mstep: 23680 	 meta_lr 0.000500 	 training acc 0.796875 and training loss tensor(0.9467, device='cuda:0', grad_fn=<AddBackward0>), loss_auto: tensor(0.3043, device='cuda:0', grad_fn=<AddBackward0>), loss_pre: tensor(0.9163, device='cuda:0', grad_fn=<NllLossBackward0>)[0m[0m
experiment  : INFO     [32m[32mstep: 23720 	 meta_lr 0.000500 	 training acc 0.796875 and training loss tensor(0.5698, device='cuda:0', grad_fn=<AddBackward0>), loss_auto: tensor(0.3022, device='cuda:0', grad_fn=<AddBackward0>), loss_pre: tensor(0.5396, device='cuda:0', grad_fn=<NllLossBackward0>)[0m[0m
experiment  : INFO     [32m[32mstep: 23760 	 meta_lr 0.000500 	 training acc 0.875 and training loss tensor(0.5702, device='cuda:0', grad_fn=<AddBackward0>), loss_auto: tensor(0.3025, device='cuda:0', grad_fn=<AddBackward0>), loss_pre: tensor(0.5399, device='cuda:0', grad_fn=<NllLossBackward0>)[0m[0m
experiment  : INFO     [32m[32mstep: 23800 	 meta_lr 0.000500 	 training acc 0.734375 and training loss tensor(0.8836, device='cuda:0', grad_fn=<AddBackward0>), loss_auto: tensor(0.3028, device='cuda:0', grad_fn=<AddBackward0>), loss_pre: tensor(0.8533, device='cuda:0', grad_fn=<NllLossBackward0>)[0m[0m
experiment  : INFO     [32m[32mstep: 23840 	 meta_lr 0.000500 	 training acc 0.75 and training loss tensor(0.8843, device='cuda:0', grad_fn=<AddBackward0>), loss_auto: tensor(0.3067, device='cuda:0', grad_fn=<AddBackward0>), loss_pre: tensor(0.8537, device='cuda:0', grad_fn=<NllLossBackward0>)[0m[0m
experiment  : INFO     [32m[32mstep: 23880 	 meta_lr 0.000500 	 training acc 0.84375 and training loss tensor(0.7438, device='cuda:0', grad_fn=<AddBackward0>), loss_auto: tensor(0.3015, device='cuda:0', grad_fn=<AddBackward0>), loss_pre: tensor(0.7137, device='cuda:0', grad_fn=<NllLossBackward0>)[0m[0m
experiment  : INFO     [32m[32mstep: 23920 	 meta_lr 0.000500 	 training acc 0.84375 and training loss tensor(0.5900, device='cuda:0', grad_fn=<AddBackward0>), loss_auto: tensor(0.3044, device='cuda:0', grad_fn=<AddBackward0>), loss_pre: tensor(0.5595, device='cuda:0', grad_fn=<NllLossBackward0>)[0m[0m
experiment  : INFO     [32m[32mstep: 23960 	 meta_lr 0.000500 	 training acc 0.734375 and training loss tensor(0.9178, device='cuda:0', grad_fn=<AddBackward0>), loss_auto: tensor(0.3053, device='cuda:0', grad_fn=<AddBackward0>), loss_pre: tensor(0.8873, device='cuda:0', grad_fn=<NllLossBackward0>)[0m[0m
experiment  : INFO     [32m[32mstep: 24000 	 meta_lr 0.000500 	 training acc 0.828125 and training loss tensor(0.6621, device='cuda:0', grad_fn=<AddBackward0>), loss_auto: tensor(0.3078, device='cuda:0', grad_fn=<AddBackward0>), loss_pre: tensor(0.6313, device='cuda:0', grad_fn=<NllLossBackward0>)[0m[0m
experiment  : INFO     [32m[32mTrain Accuracy = 0.8188386524822695[0m[0m
experiment  : INFO     [32m[32mTest Accuracy = 0.0[0m[0m
experiment  : INFO     [32m[32mstep: 24040 	 meta_lr 0.000500 	 training acc 0.8125 and training loss tensor(0.7165, device='cuda:0', grad_fn=<AddBackward0>), loss_auto: tensor(0.3073, device='cuda:0', grad_fn=<AddBackward0>), loss_pre: tensor(0.6858, device='cuda:0', grad_fn=<NllLossBackward0>)[0m[0m
experiment  : INFO     [32m[32mstep: 24080 	 meta_lr 0.000500 	 training acc 0.734375 and training loss tensor(0.8713, device='cuda:0', grad_fn=<AddBackward0>), loss_auto: tensor(0.3116, device='cuda:0', grad_fn=<AddBackward0>), loss_pre: tensor(0.8402, device='cuda:0', grad_fn=<NllLossBackward0>)[0m[0m
experiment  : INFO     [32m[32mstep: 24120 	 meta_lr 0.000500 	 training acc 0.734375 and training loss tensor(0.8135, device='cuda:0', grad_fn=<AddBackward0>), loss_auto: tensor(0.3053, device='cuda:0', grad_fn=<AddBackward0>), loss_pre: tensor(0.7830, device='cuda:0', grad_fn=<NllLossBackward0>)[0m[0m
experiment  : INFO     [32m[32mstep: 24160 	 meta_lr 0.000500 	 training acc 0.84375 and training loss tensor(0.5465, device='cuda:0', grad_fn=<AddBackward0>), loss_auto: tensor(0.3018, device='cuda:0', grad_fn=<AddBackward0>), loss_pre: tensor(0.5164, device='cuda:0', grad_fn=<NllLossBackward0>)[0m[0m
experiment  : INFO     [32m[32mstep: 24200 	 meta_lr 0.000500 	 training acc 0.703125 and training loss tensor(0.8641, device='cuda:0', grad_fn=<AddBackward0>), loss_auto: tensor(0.3055, device='cuda:0', grad_fn=<AddBackward0>), loss_pre: tensor(0.8335, device='cuda:0', grad_fn=<NllLossBackward0>)[0m[0m
experiment  : INFO     [32m[32mstep: 24240 	 meta_lr 0.000500 	 training acc 0.890625 and training loss tensor(0.4287, device='cuda:0', grad_fn=<AddBackward0>), loss_auto: tensor(0.3052, device='cuda:0', grad_fn=<AddBackward0>), loss_pre: tensor(0.3982, device='cuda:0', grad_fn=<NllLossBackward0>)[0m[0m
experiment  : INFO     [32m[32mstep: 24280 	 meta_lr 0.000500 	 training acc 0.84375 and training loss tensor(0.4769, device='cuda:0', grad_fn=<AddBackward0>), loss_auto: tensor(0.3022, device='cuda:0', grad_fn=<AddBackward0>), loss_pre: tensor(0.4466, device='cuda:0', grad_fn=<NllLossBackward0>)[0m[0m
experiment  : INFO     [32m[32mstep: 24320 	 meta_lr 0.000500 	 training acc 0.828125 and training loss tensor(0.6350, device='cuda:0', grad_fn=<AddBackward0>), loss_auto: tensor(0.3054, device='cuda:0', grad_fn=<AddBackward0>), loss_pre: tensor(0.6044, device='cuda:0', grad_fn=<NllLossBackward0>)[0m[0m
experiment  : INFO     [32m[32mstep: 24360 	 meta_lr 0.000500 	 training acc 0.796875 and training loss tensor(0.6003, device='cuda:0', grad_fn=<AddBackward0>), loss_auto: tensor(0.3056, device='cuda:0', grad_fn=<AddBackward0>), loss_pre: tensor(0.5697, device='cuda:0', grad_fn=<NllLossBackward0>)[0m[0m
experiment  : INFO     [32m[32mstep: 24400 	 meta_lr 0.000500 	 training acc 0.734375 and training loss tensor(1.1154, device='cuda:0', grad_fn=<AddBackward0>), loss_auto: tensor(0.3062, device='cuda:0', grad_fn=<AddBackward0>), loss_pre: tensor(1.0848, device='cuda:0', grad_fn=<NllLossBackward0>)[0m[0m
experiment  : INFO     [32m[32mstep: 24440 	 meta_lr 0.000500 	 training acc 0.765625 and training loss tensor(0.9565, device='cuda:0', grad_fn=<AddBackward0>), loss_auto: tensor(0.3054, device='cuda:0', grad_fn=<AddBackward0>), loss_pre: tensor(0.9260, device='cuda:0', grad_fn=<NllLossBackward0>)[0m[0m
experiment  : INFO     [32m[32mstep: 24480 	 meta_lr 0.000500 	 training acc 0.828125 and training loss tensor(0.6543, device='cuda:0', grad_fn=<AddBackward0>), loss_auto: tensor(0.3001, device='cuda:0', grad_fn=<AddBackward0>), loss_pre: tensor(0.6243, device='cuda:0', grad_fn=<NllLossBackward0>)[0m[0m
experiment  : INFO     [32m[32mTrain Accuracy = 0.7995234929078014[0m[0m
experiment  : INFO     [32m[32mTest Accuracy = 0.0[0m[0m
experiment  : INFO     [32m[32mstep: 24520 	 meta_lr 0.000500 	 training acc 0.671875 and training loss tensor(1.1392, device='cuda:0', grad_fn=<AddBackward0>), loss_auto: tensor(0.3069, device='cuda:0', grad_fn=<AddBackward0>), loss_pre: tensor(1.1085, device='cuda:0', grad_fn=<NllLossBackward0>)[0m[0m
experiment  : INFO     [32m[32mstep: 24560 	 meta_lr 0.000500 	 training acc 0.796875 and training loss tensor(0.7136, device='cuda:0', grad_fn=<AddBackward0>), loss_auto: tensor(0.3010, device='cuda:0', grad_fn=<AddBackward0>), loss_pre: tensor(0.6835, device='cuda:0', grad_fn=<NllLossBackward0>)[0m[0m
experiment  : INFO     [32m[32mstep: 24600 	 meta_lr 0.000500 	 training acc 0.875 and training loss tensor(0.5156, device='cuda:0', grad_fn=<AddBackward0>), loss_auto: tensor(0.3050, device='cuda:0', grad_fn=<AddBackward0>), loss_pre: tensor(0.4851, device='cuda:0', grad_fn=<NllLossBackward0>)[0m[0m
experiment  : INFO     [32m[32mstep: 24640 	 meta_lr 0.000500 	 training acc 0.875 and training loss tensor(0.4645, device='cuda:0', grad_fn=<AddBackward0>), loss_auto: tensor(0.3065, device='cuda:0', grad_fn=<AddBackward0>), loss_pre: tensor(0.4339, device='cuda:0', grad_fn=<NllLossBackward0>)[0m[0m
experiment  : INFO     [32m[32mstep: 24680 	 meta_lr 0.000500 	 training acc 0.78125 and training loss tensor(0.8247, device='cuda:0', grad_fn=<AddBackward0>), loss_auto: tensor(0.3010, device='cuda:0', grad_fn=<AddBackward0>), loss_pre: tensor(0.7946, device='cuda:0', grad_fn=<NllLossBackward0>)[0m[0m
experiment  : INFO     [32m[32mstep: 24720 	 meta_lr 0.000500 	 training acc 0.734375 and training loss tensor(0.8072, device='cuda:0', grad_fn=<AddBackward0>), loss_auto: tensor(0.3065, device='cuda:0', grad_fn=<AddBackward0>), loss_pre: tensor(0.7765, device='cuda:0', grad_fn=<NllLossBackward0>)[0m[0m
experiment  : INFO     [32m[32mstep: 24760 	 meta_lr 0.000500 	 training acc 0.75 and training loss tensor(0.8793, device='cuda:0', grad_fn=<AddBackward0>), loss_auto: tensor(0.3044, device='cuda:0', grad_fn=<AddBackward0>), loss_pre: tensor(0.8488, device='cuda:0', grad_fn=<NllLossBackward0>)[0m[0m
experiment  : INFO     [32m[32mstep: 24800 	 meta_lr 0.000500 	 training acc 0.859375 and training loss tensor(0.4674, device='cuda:0', grad_fn=<AddBackward0>), loss_auto: tensor(0.3053, device='cuda:0', grad_fn=<AddBackward0>), loss_pre: tensor(0.4369, device='cuda:0', grad_fn=<NllLossBackward0>)[0m[0m
experiment  : INFO     [32m[32mstep: 24840 	 meta_lr 0.000500 	 training acc 0.8125 and training loss tensor(0.6449, device='cuda:0', grad_fn=<AddBackward0>), loss_auto: tensor(0.3027, device='cuda:0', grad_fn=<AddBackward0>), loss_pre: tensor(0.6146, device='cuda:0', grad_fn=<NllLossBackward0>)[0m[0m
experiment  : INFO     [32m[32mstep: 24880 	 meta_lr 0.000500 	 training acc 0.796875 and training loss tensor(0.7094, device='cuda:0', grad_fn=<AddBackward0>), loss_auto: tensor(0.3042, device='cuda:0', grad_fn=<AddBackward0>), loss_pre: tensor(0.6790, device='cuda:0', grad_fn=<NllLossBackward0>)[0m[0m
experiment  : INFO     [32m[32mstep: 24920 	 meta_lr 0.000500 	 training acc 0.71875 and training loss tensor(0.9955, device='cuda:0', grad_fn=<AddBackward0>), loss_auto: tensor(0.3034, device='cuda:0', grad_fn=<AddBackward0>), loss_pre: tensor(0.9651, device='cuda:0', grad_fn=<NllLossBackward0>)[0m[0m
experiment  : INFO     [32m[32mstep: 24960 	 meta_lr 0.000500 	 training acc 0.8125 and training loss tensor(0.7636, device='cuda:0', grad_fn=<AddBackward0>), loss_auto: tensor(0.3053, device='cuda:0', grad_fn=<AddBackward0>), loss_pre: tensor(0.7331, device='cuda:0', grad_fn=<NllLossBackward0>)[0m[0m
experiment  : INFO     [32m[32mstep: 25000 	 meta_lr 0.000500 	 training acc 0.828125 and training loss tensor(0.6145, device='cuda:0', grad_fn=<AddBackward0>), loss_auto: tensor(0.3094, device='cuda:0', grad_fn=<AddBackward0>), loss_pre: tensor(0.5836, device='cuda:0', grad_fn=<NllLossBackward0>)[0m[0m
experiment  : INFO     [32m[32mTrain Accuracy = 0.8091755319148937[0m[0m
experiment  : INFO     [32m[32mTest Accuracy = 0.0[0m[0m
experiment  : INFO     [32m[32mstep: 25040 	 meta_lr 0.000500 	 training acc 0.796875 and training loss tensor(0.7023, device='cuda:0', grad_fn=<AddBackward0>), loss_auto: tensor(0.3100, device='cuda:0', grad_fn=<AddBackward0>), loss_pre: tensor(0.6713, device='cuda:0', grad_fn=<NllLossBackward0>)[0m[0m
experiment  : INFO     [32m[32mstep: 25080 	 meta_lr 0.000500 	 training acc 0.734375 and training loss tensor(1.0168, device='cuda:0', grad_fn=<AddBackward0>), loss_auto: tensor(0.3112, device='cuda:0', grad_fn=<AddBackward0>), loss_pre: tensor(0.9857, device='cuda:0', grad_fn=<NllLossBackward0>)[0m[0m
experiment  : INFO     [32m[32mstep: 25120 	 meta_lr 0.000500 	 training acc 0.78125 and training loss tensor(0.5953, device='cuda:0', grad_fn=<AddBackward0>), loss_auto: tensor(0.3072, device='cuda:0', grad_fn=<AddBackward0>), loss_pre: tensor(0.5646, device='cuda:0', grad_fn=<NllLossBackward0>)[0m[0m
experiment  : INFO     [32m[32mstep: 25160 	 meta_lr 0.000500 	 training acc 0.765625 and training loss tensor(0.6936, device='cuda:0', grad_fn=<AddBackward0>), loss_auto: tensor(0.3029, device='cuda:0', grad_fn=<AddBackward0>), loss_pre: tensor(0.6634, device='cuda:0', grad_fn=<NllLossBackward0>)[0m[0m
experiment  : INFO     [32m[32mstep: 25200 	 meta_lr 0.000500 	 training acc 0.8125 and training loss tensor(0.6874, device='cuda:0', grad_fn=<AddBackward0>), loss_auto: tensor(0.3023, device='cuda:0', grad_fn=<AddBackward0>), loss_pre: tensor(0.6572, device='cuda:0', grad_fn=<NllLossBackward0>)[0m[0m
experiment  : INFO     [32m[32mstep: 25240 	 meta_lr 0.000500 	 training acc 0.84375 and training loss tensor(0.4310, device='cuda:0', grad_fn=<AddBackward0>), loss_auto: tensor(0.3030, device='cuda:0', grad_fn=<AddBackward0>), loss_pre: tensor(0.4007, device='cuda:0', grad_fn=<NllLossBackward0>)[0m[0m
experiment  : INFO     [32m[32mstep: 25280 	 meta_lr 0.000500 	 training acc 0.84375 and training loss tensor(0.6795, device='cuda:0', grad_fn=<AddBackward0>), loss_auto: tensor(0.3044, device='cuda:0', grad_fn=<AddBackward0>), loss_pre: tensor(0.6490, device='cuda:0', grad_fn=<NllLossBackward0>)[0m[0m
experiment  : INFO     [32m[32mstep: 25320 	 meta_lr 0.000500 	 training acc 0.828125 and training loss tensor(0.5843, device='cuda:0', grad_fn=<AddBackward0>), loss_auto: tensor(0.3078, device='cuda:0', grad_fn=<AddBackward0>), loss_pre: tensor(0.5535, device='cuda:0', grad_fn=<NllLossBackward0>)[0m[0m
experiment  : INFO     [32m[32mstep: 25360 	 meta_lr 0.000500 	 training acc 0.890625 and training loss tensor(0.6221, device='cuda:0', grad_fn=<AddBackward0>), loss_auto: tensor(0.3041, device='cuda:0', grad_fn=<AddBackward0>), loss_pre: tensor(0.5917, device='cuda:0', grad_fn=<NllLossBackward0>)[0m[0m
experiment  : INFO     [32m[32mstep: 25400 	 meta_lr 0.000500 	 training acc 0.875 and training loss tensor(0.4851, device='cuda:0', grad_fn=<AddBackward0>), loss_auto: tensor(0.3046, device='cuda:0', grad_fn=<AddBackward0>), loss_pre: tensor(0.4547, device='cuda:0', grad_fn=<NllLossBackward0>)[0m[0m
experiment  : INFO     [32m[32mstep: 25440 	 meta_lr 0.000500 	 training acc 0.90625 and training loss tensor(0.4401, device='cuda:0', grad_fn=<AddBackward0>), loss_auto: tensor(0.3017, device='cuda:0', grad_fn=<AddBackward0>), loss_pre: tensor(0.4099, device='cuda:0', grad_fn=<NllLossBackward0>)[0m[0m
experiment  : INFO     [32m[32mstep: 25480 	 meta_lr 0.000500 	 training acc 0.78125 and training loss tensor(1.0541, device='cuda:0', grad_fn=<AddBackward0>), loss_auto: tensor(0.3075, device='cuda:0', grad_fn=<AddBackward0>), loss_pre: tensor(1.0233, device='cuda:0', grad_fn=<NllLossBackward0>)[0m[0m
experiment  : INFO     [32m[32mTrain Accuracy = 0.824434840425532[0m[0m
experiment  : INFO     [32m[32mTest Accuracy = 0.0[0m[0m
experiment  : INFO     [32m[32mstep: 25520 	 meta_lr 0.000500 	 training acc 0.796875 and training loss tensor(1.0078, device='cuda:0', grad_fn=<AddBackward0>), loss_auto: tensor(0.3066, device='cuda:0', grad_fn=<AddBackward0>), loss_pre: tensor(0.9771, device='cuda:0', grad_fn=<NllLossBackward0>)[0m[0m
experiment  : INFO     [32m[32mstep: 25560 	 meta_lr 0.000500 	 training acc 0.890625 and training loss tensor(0.5713, device='cuda:0', grad_fn=<AddBackward0>), loss_auto: tensor(0.3074, device='cuda:0', grad_fn=<AddBackward0>), loss_pre: tensor(0.5405, device='cuda:0', grad_fn=<NllLossBackward0>)[0m[0m
experiment  : INFO     [32m[32mstep: 25600 	 meta_lr 0.000500 	 training acc 0.8125 and training loss tensor(0.6847, device='cuda:0', grad_fn=<AddBackward0>), loss_auto: tensor(0.3099, device='cuda:0', grad_fn=<AddBackward0>), loss_pre: tensor(0.6537, device='cuda:0', grad_fn=<NllLossBackward0>)[0m[0m
experiment  : INFO     [32m[32mstep: 25640 	 meta_lr 0.000500 	 training acc 0.875 and training loss tensor(0.5787, device='cuda:0', grad_fn=<AddBackward0>), loss_auto: tensor(0.3006, device='cuda:0', grad_fn=<AddBackward0>), loss_pre: tensor(0.5486, device='cuda:0', grad_fn=<NllLossBackward0>)[0m[0m
experiment  : INFO     [32m[32mstep: 25680 	 meta_lr 0.000500 	 training acc 0.859375 and training loss tensor(0.5408, device='cuda:0', grad_fn=<AddBackward0>), loss_auto: tensor(0.3045, device='cuda:0', grad_fn=<AddBackward0>), loss_pre: tensor(0.5103, device='cuda:0', grad_fn=<NllLossBackward0>)[0m[0m
experiment  : INFO     [32m[32mstep: 25720 	 meta_lr 0.000500 	 training acc 0.78125 and training loss tensor(0.6786, device='cuda:0', grad_fn=<AddBackward0>), loss_auto: tensor(0.3040, device='cuda:0', grad_fn=<AddBackward0>), loss_pre: tensor(0.6482, device='cuda:0', grad_fn=<NllLossBackward0>)[0m[0m
experiment  : INFO     [32m[32mstep: 25760 	 meta_lr 0.000500 	 training acc 0.828125 and training loss tensor(0.4300, device='cuda:0', grad_fn=<AddBackward0>), loss_auto: tensor(0.3058, device='cuda:0', grad_fn=<AddBackward0>), loss_pre: tensor(0.3994, device='cuda:0', grad_fn=<NllLossBackward0>)[0m[0m
experiment  : INFO     [32m[32mstep: 25800 	 meta_lr 0.000500 	 training acc 0.796875 and training loss tensor(0.5854, device='cuda:0', grad_fn=<AddBackward0>), loss_auto: tensor(0.2985, device='cuda:0', grad_fn=<AddBackward0>), loss_pre: tensor(0.5555, device='cuda:0', grad_fn=<NllLossBackward0>)[0m[0m
experiment  : INFO     [32m[32mstep: 25840 	 meta_lr 0.000500 	 training acc 0.890625 and training loss tensor(0.4743, device='cuda:0', grad_fn=<AddBackward0>), loss_auto: tensor(0.3039, device='cuda:0', grad_fn=<AddBackward0>), loss_pre: tensor(0.4440, device='cuda:0', grad_fn=<NllLossBackward0>)[0m[0m
experiment  : INFO     [32m[32mstep: 25880 	 meta_lr 0.000500 	 training acc 0.828125 and training loss tensor(0.6653, device='cuda:0', grad_fn=<AddBackward0>), loss_auto: tensor(0.3076, device='cuda:0', grad_fn=<AddBackward0>), loss_pre: tensor(0.6345, device='cuda:0', grad_fn=<NllLossBackward0>)[0m[0m
experiment  : INFO     [32m[32mstep: 25920 	 meta_lr 0.000500 	 training acc 0.890625 and training loss tensor(0.4575, device='cuda:0', grad_fn=<AddBackward0>), loss_auto: tensor(0.3033, device='cuda:0', grad_fn=<AddBackward0>), loss_pre: tensor(0.4272, device='cuda:0', grad_fn=<NllLossBackward0>)[0m[0m
experiment  : INFO     [32m[32mstep: 25960 	 meta_lr 0.000500 	 training acc 0.90625 and training loss tensor(0.3838, device='cuda:0', grad_fn=<AddBackward0>), loss_auto: tensor(0.3019, device='cuda:0', grad_fn=<AddBackward0>), loss_pre: tensor(0.3536, device='cuda:0', grad_fn=<NllLossBackward0>)[0m[0m
experiment  : INFO     [32m[32mstep: 26000 	 meta_lr 0.000500 	 training acc 0.765625 and training loss tensor(0.7462, device='cuda:0', grad_fn=<AddBackward0>), loss_auto: tensor(0.3043, device='cuda:0', grad_fn=<AddBackward0>), loss_pre: tensor(0.7157, device='cuda:0', grad_fn=<NllLossBackward0>)[0m[0m
experiment  : INFO     [32m[32mTrain Accuracy = 0.8277149822695036[0m[0m
experiment  : INFO     [32m[32mTest Accuracy = 0.0[0m[0m
experiment  : INFO     [32m[32mstep: 26040 	 meta_lr 0.000500 	 training acc 0.875 and training loss tensor(0.4137, device='cuda:0', grad_fn=<AddBackward0>), loss_auto: tensor(0.3049, device='cuda:0', grad_fn=<AddBackward0>), loss_pre: tensor(0.3832, device='cuda:0', grad_fn=<NllLossBackward0>)[0m[0m
experiment  : INFO     [32m[32mstep: 26080 	 meta_lr 0.000500 	 training acc 0.796875 and training loss tensor(0.7948, device='cuda:0', grad_fn=<AddBackward0>), loss_auto: tensor(0.3035, device='cuda:0', grad_fn=<AddBackward0>), loss_pre: tensor(0.7645, device='cuda:0', grad_fn=<NllLossBackward0>)[0m[0m
experiment  : INFO     [32m[32mstep: 26120 	 meta_lr 0.000500 	 training acc 0.875 and training loss tensor(0.5434, device='cuda:0', grad_fn=<AddBackward0>), loss_auto: tensor(0.3033, device='cuda:0', grad_fn=<AddBackward0>), loss_pre: tensor(0.5130, device='cuda:0', grad_fn=<NllLossBackward0>)[0m[0m
experiment  : INFO     [32m[32mstep: 26160 	 meta_lr 0.000500 	 training acc 0.78125 and training loss tensor(0.6925, device='cuda:0', grad_fn=<AddBackward0>), loss_auto: tensor(0.3071, device='cuda:0', grad_fn=<AddBackward0>), loss_pre: tensor(0.6618, device='cuda:0', grad_fn=<NllLossBackward0>)[0m[0m
experiment  : INFO     [32m[32mstep: 26200 	 meta_lr 0.000500 	 training acc 0.875 and training loss tensor(0.4444, device='cuda:0', grad_fn=<AddBackward0>), loss_auto: tensor(0.3076, device='cuda:0', grad_fn=<AddBackward0>), loss_pre: tensor(0.4137, device='cuda:0', grad_fn=<NllLossBackward0>)[0m[0m
experiment  : INFO     [32m[32mstep: 26240 	 meta_lr 0.000500 	 training acc 0.890625 and training loss tensor(0.3731, device='cuda:0', grad_fn=<AddBackward0>), loss_auto: tensor(0.3064, device='cuda:0', grad_fn=<AddBackward0>), loss_pre: tensor(0.3425, device='cuda:0', grad_fn=<NllLossBackward0>)[0m[0m
experiment  : INFO     [32m[32mstep: 26280 	 meta_lr 0.000500 	 training acc 0.890625 and training loss tensor(0.4352, device='cuda:0', grad_fn=<AddBackward0>), loss_auto: tensor(0.3046, device='cuda:0', grad_fn=<AddBackward0>), loss_pre: tensor(0.4048, device='cuda:0', grad_fn=<NllLossBackward0>)[0m[0m
experiment  : INFO     [32m[32mstep: 26320 	 meta_lr 0.000500 	 training acc 0.875 and training loss tensor(0.4711, device='cuda:0', grad_fn=<AddBackward0>), loss_auto: tensor(0.3045, device='cuda:0', grad_fn=<AddBackward0>), loss_pre: tensor(0.4407, device='cuda:0', grad_fn=<NllLossBackward0>)[0m[0m
experiment  : INFO     [32m[32mstep: 26360 	 meta_lr 0.000500 	 training acc 0.8125 and training loss tensor(0.9272, device='cuda:0', grad_fn=<AddBackward0>), loss_auto: tensor(0.3052, device='cuda:0', grad_fn=<AddBackward0>), loss_pre: tensor(0.8966, device='cuda:0', grad_fn=<NllLossBackward0>)[0m[0m
experiment  : INFO     [32m[32mstep: 26400 	 meta_lr 0.000500 	 training acc 0.828125 and training loss tensor(0.4553, device='cuda:0', grad_fn=<AddBackward0>), loss_auto: tensor(0.3095, device='cuda:0', grad_fn=<AddBackward0>), loss_pre: tensor(0.4244, device='cuda:0', grad_fn=<NllLossBackward0>)[0m[0m
experiment  : INFO     [32m[32mstep: 26440 	 meta_lr 0.000500 	 training acc 0.859375 and training loss tensor(0.9106, device='cuda:0', grad_fn=<AddBackward0>), loss_auto: tensor(0.3049, device='cuda:0', grad_fn=<AddBackward0>), loss_pre: tensor(0.8801, device='cuda:0', grad_fn=<NllLossBackward0>)[0m[0m
experiment  : INFO     [32m[32mstep: 26480 	 meta_lr 0.000500 	 training acc 0.84375 and training loss tensor(0.4798, device='cuda:0', grad_fn=<AddBackward0>), loss_auto: tensor(0.3028, device='cuda:0', grad_fn=<AddBackward0>), loss_pre: tensor(0.4495, device='cuda:0', grad_fn=<NllLossBackward0>)[0m[0m
experiment  : INFO     [32m[32mTrain Accuracy = 0.8230496453900709[0m[0m
experiment  : INFO     [32m[32mTest Accuracy = 0.0[0m[0m
experiment  : INFO     [32m[32mstep: 26520 	 meta_lr 0.000500 	 training acc 0.828125 and training loss tensor(0.5317, device='cuda:0', grad_fn=<AddBackward0>), loss_auto: tensor(0.3041, device='cuda:0', grad_fn=<AddBackward0>), loss_pre: tensor(0.5013, device='cuda:0', grad_fn=<NllLossBackward0>)[0m[0m
experiment  : INFO     [32m[32mstep: 26560 	 meta_lr 0.000500 	 training acc 0.78125 and training loss tensor(1.4923, device='cuda:0', grad_fn=<AddBackward0>), loss_auto: tensor(0.3051, device='cuda:0', grad_fn=<AddBackward0>), loss_pre: tensor(1.4618, device='cuda:0', grad_fn=<NllLossBackward0>)[0m[0m
experiment  : INFO     [32m[32mstep: 26600 	 meta_lr 0.000500 	 training acc 0.828125 and training loss tensor(0.6254, device='cuda:0', grad_fn=<AddBackward0>), loss_auto: tensor(0.3060, device='cuda:0', grad_fn=<AddBackward0>), loss_pre: tensor(0.5948, device='cuda:0', grad_fn=<NllLossBackward0>)[0m[0m
experiment  : INFO     [32m[32mstep: 26640 	 meta_lr 0.000500 	 training acc 0.78125 and training loss tensor(0.9958, device='cuda:0', grad_fn=<AddBackward0>), loss_auto: tensor(0.3065, device='cuda:0', grad_fn=<AddBackward0>), loss_pre: tensor(0.9651, device='cuda:0', grad_fn=<NllLossBackward0>)[0m[0m
experiment  : INFO     [32m[32mstep: 26680 	 meta_lr 0.000500 	 training acc 0.90625 and training loss tensor(0.3451, device='cuda:0', grad_fn=<AddBackward0>), loss_auto: tensor(0.3055, device='cuda:0', grad_fn=<AddBackward0>), loss_pre: tensor(0.3146, device='cuda:0', grad_fn=<NllLossBackward0>)[0m[0m
experiment  : INFO     [32m[32mstep: 26720 	 meta_lr 0.000500 	 training acc 0.84375 and training loss tensor(0.5440, device='cuda:0', grad_fn=<AddBackward0>), loss_auto: tensor(0.3066, device='cuda:0', grad_fn=<AddBackward0>), loss_pre: tensor(0.5133, device='cuda:0', grad_fn=<NllLossBackward0>)[0m[0m
experiment  : INFO     [32m[32mstep: 26760 	 meta_lr 0.000500 	 training acc 0.75 and training loss tensor(0.9057, device='cuda:0', grad_fn=<AddBackward0>), loss_auto: tensor(0.3061, device='cuda:0', grad_fn=<AddBackward0>), loss_pre: tensor(0.8751, device='cuda:0', grad_fn=<NllLossBackward0>)[0m[0m
experiment  : INFO     [32m[32mstep: 26800 	 meta_lr 0.000500 	 training acc 0.890625 and training loss tensor(0.5596, device='cuda:0', grad_fn=<AddBackward0>), loss_auto: tensor(0.3058, device='cuda:0', grad_fn=<AddBackward0>), loss_pre: tensor(0.5290, device='cuda:0', grad_fn=<NllLossBackward0>)[0m[0m
experiment  : INFO     [32m[32mstep: 26840 	 meta_lr 0.000500 	 training acc 0.828125 and training loss tensor(0.6437, device='cuda:0', grad_fn=<AddBackward0>), loss_auto: tensor(0.3065, device='cuda:0', grad_fn=<AddBackward0>), loss_pre: tensor(0.6131, device='cuda:0', grad_fn=<NllLossBackward0>)[0m[0m
experiment  : INFO     [32m[32mstep: 26880 	 meta_lr 0.000500 	 training acc 0.78125 and training loss tensor(0.6526, device='cuda:0', grad_fn=<AddBackward0>), loss_auto: tensor(0.3042, device='cuda:0', grad_fn=<AddBackward0>), loss_pre: tensor(0.6222, device='cuda:0', grad_fn=<NllLossBackward0>)[0m[0m
experiment  : INFO     [32m[32mstep: 26920 	 meta_lr 0.000500 	 training acc 0.8125 and training loss tensor(0.6185, device='cuda:0', grad_fn=<AddBackward0>), loss_auto: tensor(0.3070, device='cuda:0', grad_fn=<AddBackward0>), loss_pre: tensor(0.5878, device='cuda:0', grad_fn=<NllLossBackward0>)[0m[0m
experiment  : INFO     [32m[32mstep: 26960 	 meta_lr 0.000500 	 training acc 0.796875 and training loss tensor(0.7432, device='cuda:0', grad_fn=<AddBackward0>), loss_auto: tensor(0.3074, device='cuda:0', grad_fn=<AddBackward0>), loss_pre: tensor(0.7125, device='cuda:0', grad_fn=<NllLossBackward0>)[0m[0m
experiment  : INFO     [32m[32mstep: 27000 	 meta_lr 0.000500 	 training acc 0.90625 and training loss tensor(0.3497, device='cuda:0', grad_fn=<AddBackward0>), loss_auto: tensor(0.3046, device='cuda:0', grad_fn=<AddBackward0>), loss_pre: tensor(0.3193, device='cuda:0', grad_fn=<NllLossBackward0>)[0m[0m
experiment  : INFO     [32m[32mTrain Accuracy = 0.8382203014184397[0m[0m
experiment  : INFO     [32m[32mTest Accuracy = 0.0[0m[0m
experiment  : INFO     [32m[32mstep: 27040 	 meta_lr 0.000500 	 training acc 0.8125 and training loss tensor(0.5148, device='cuda:0', grad_fn=<AddBackward0>), loss_auto: tensor(0.2994, device='cuda:0', grad_fn=<AddBackward0>), loss_pre: tensor(0.4848, device='cuda:0', grad_fn=<NllLossBackward0>)[0m[0m
experiment  : INFO     [32m[32mstep: 27080 	 meta_lr 0.000500 	 training acc 0.828125 and training loss tensor(0.6378, device='cuda:0', grad_fn=<AddBackward0>), loss_auto: tensor(0.3063, device='cuda:0', grad_fn=<AddBackward0>), loss_pre: tensor(0.6072, device='cuda:0', grad_fn=<NllLossBackward0>)[0m[0m
experiment  : INFO     [32m[32mstep: 27120 	 meta_lr 0.000500 	 training acc 0.78125 and training loss tensor(0.5874, device='cuda:0', grad_fn=<AddBackward0>), loss_auto: tensor(0.3046, device='cuda:0', grad_fn=<AddBackward0>), loss_pre: tensor(0.5569, device='cuda:0', grad_fn=<NllLossBackward0>)[0m[0m
experiment  : INFO     [32m[32mstep: 27160 	 meta_lr 0.000500 	 training acc 0.875 and training loss tensor(0.4231, device='cuda:0', grad_fn=<AddBackward0>), loss_auto: tensor(0.3074, device='cuda:0', grad_fn=<AddBackward0>), loss_pre: tensor(0.3924, device='cuda:0', grad_fn=<NllLossBackward0>)[0m[0m
experiment  : INFO     [32m[32mstep: 27200 	 meta_lr 0.000500 	 training acc 0.90625 and training loss tensor(0.6404, device='cuda:0', grad_fn=<AddBackward0>), loss_auto: tensor(0.3028, device='cuda:0', grad_fn=<AddBackward0>), loss_pre: tensor(0.6101, device='cuda:0', grad_fn=<NllLossBackward0>)[0m[0m
experiment  : INFO     [32m[32mstep: 27240 	 meta_lr 0.000500 	 training acc 0.84375 and training loss tensor(0.4763, device='cuda:0', grad_fn=<AddBackward0>), loss_auto: tensor(0.3034, device='cuda:0', grad_fn=<AddBackward0>), loss_pre: tensor(0.4460, device='cuda:0', grad_fn=<NllLossBackward0>)[0m[0m
experiment  : INFO     [32m[32mstep: 27280 	 meta_lr 0.000500 	 training acc 0.828125 and training loss tensor(0.7807, device='cuda:0', grad_fn=<AddBackward0>), loss_auto: tensor(0.3082, device='cuda:0', grad_fn=<AddBackward0>), loss_pre: tensor(0.7499, device='cuda:0', grad_fn=<NllLossBackward0>)[0m[0m
experiment  : INFO     [32m[32mstep: 27320 	 meta_lr 0.000500 	 training acc 0.921875 and training loss tensor(0.5591, device='cuda:0', grad_fn=<AddBackward0>), loss_auto: tensor(0.3049, device='cuda:0', grad_fn=<AddBackward0>), loss_pre: tensor(0.5286, device='cuda:0', grad_fn=<NllLossBackward0>)[0m[0m
experiment  : INFO     [32m[32mstep: 27360 	 meta_lr 0.000500 	 training acc 0.828125 and training loss tensor(0.5660, device='cuda:0', grad_fn=<AddBackward0>), loss_auto: tensor(0.3107, device='cuda:0', grad_fn=<AddBackward0>), loss_pre: tensor(0.5349, device='cuda:0', grad_fn=<NllLossBackward0>)[0m[0m
experiment  : INFO     [32m[32mstep: 27400 	 meta_lr 0.000500 	 training acc 0.84375 and training loss tensor(0.6306, device='cuda:0', grad_fn=<AddBackward0>), loss_auto: tensor(0.3126, device='cuda:0', grad_fn=<AddBackward0>), loss_pre: tensor(0.5993, device='cuda:0', grad_fn=<NllLossBackward0>)[0m[0m
experiment  : INFO     [32m[32mstep: 27440 	 meta_lr 0.000500 	 training acc 0.71875 and training loss tensor(0.8687, device='cuda:0', grad_fn=<AddBackward0>), loss_auto: tensor(0.3047, device='cuda:0', grad_fn=<AddBackward0>), loss_pre: tensor(0.8382, device='cuda:0', grad_fn=<NllLossBackward0>)[0m[0m
experiment  : INFO     [32m[32mstep: 27480 	 meta_lr 0.000500 	 training acc 0.8125 and training loss tensor(0.7880, device='cuda:0', grad_fn=<AddBackward0>), loss_auto: tensor(0.3060, device='cuda:0', grad_fn=<AddBackward0>), loss_pre: tensor(0.7574, device='cuda:0', grad_fn=<NllLossBackward0>)[0m[0m
experiment  : INFO     [32m[32mTrain Accuracy = 0.8285460992907802[0m[0m
experiment  : INFO     [32m[32mTest Accuracy = 0.0[0m[0m
experiment  : INFO     [32m[32mstep: 27520 	 meta_lr 0.000500 	 training acc 0.875 and training loss tensor(0.5481, device='cuda:0', grad_fn=<AddBackward0>), loss_auto: tensor(0.3070, device='cuda:0', grad_fn=<AddBackward0>), loss_pre: tensor(0.5174, device='cuda:0', grad_fn=<NllLossBackward0>)[0m[0m
experiment  : INFO     [32m[32mstep: 27560 	 meta_lr 0.000500 	 training acc 0.8125 and training loss tensor(0.8294, device='cuda:0', grad_fn=<AddBackward0>), loss_auto: tensor(0.3080, device='cuda:0', grad_fn=<AddBackward0>), loss_pre: tensor(0.7986, device='cuda:0', grad_fn=<NllLossBackward0>)[0m[0m
experiment  : INFO     [32m[32mstep: 27600 	 meta_lr 0.000500 	 training acc 0.8125 and training loss tensor(0.6360, device='cuda:0', grad_fn=<AddBackward0>), loss_auto: tensor(0.3055, device='cuda:0', grad_fn=<AddBackward0>), loss_pre: tensor(0.6055, device='cuda:0', grad_fn=<NllLossBackward0>)[0m[0m
experiment  : INFO     [32m[32mstep: 27640 	 meta_lr 0.000500 	 training acc 0.796875 and training loss tensor(0.7713, device='cuda:0', grad_fn=<AddBackward0>), loss_auto: tensor(0.3058, device='cuda:0', grad_fn=<AddBackward0>), loss_pre: tensor(0.7407, device='cuda:0', grad_fn=<NllLossBackward0>)[0m[0m
experiment  : INFO     [32m[32mstep: 27680 	 meta_lr 0.000500 	 training acc 0.890625 and training loss tensor(0.4177, device='cuda:0', grad_fn=<AddBackward0>), loss_auto: tensor(0.3022, device='cuda:0', grad_fn=<AddBackward0>), loss_pre: tensor(0.3875, device='cuda:0', grad_fn=<NllLossBackward0>)[0m[0m
experiment  : INFO     [32m[32mstep: 27720 	 meta_lr 0.000500 	 training acc 0.796875 and training loss tensor(0.6314, device='cuda:0', grad_fn=<AddBackward0>), loss_auto: tensor(0.3055, device='cuda:0', grad_fn=<AddBackward0>), loss_pre: tensor(0.6009, device='cuda:0', grad_fn=<NllLossBackward0>)[0m[0m
experiment  : INFO     [32m[32mstep: 27760 	 meta_lr 0.000500 	 training acc 0.859375 and training loss tensor(0.7763, device='cuda:0', grad_fn=<AddBackward0>), loss_auto: tensor(0.3080, device='cuda:0', grad_fn=<AddBackward0>), loss_pre: tensor(0.7455, device='cuda:0', grad_fn=<NllLossBackward0>)[0m[0m
experiment  : INFO     [32m[32mstep: 27800 	 meta_lr 0.000500 	 training acc 0.828125 and training loss tensor(0.5171, device='cuda:0', grad_fn=<AddBackward0>), loss_auto: tensor(0.3053, device='cuda:0', grad_fn=<AddBackward0>), loss_pre: tensor(0.4866, device='cuda:0', grad_fn=<NllLossBackward0>)[0m[0m
experiment  : INFO     [32m[32mstep: 27840 	 meta_lr 0.000500 	 training acc 0.796875 and training loss tensor(0.5967, device='cuda:0', grad_fn=<AddBackward0>), loss_auto: tensor(0.2998, device='cuda:0', grad_fn=<AddBackward0>), loss_pre: tensor(0.5667, device='cuda:0', grad_fn=<NllLossBackward0>)[0m[0m
experiment  : INFO     [32m[32mstep: 27880 	 meta_lr 0.000500 	 training acc 0.84375 and training loss tensor(0.3982, device='cuda:0', grad_fn=<AddBackward0>), loss_auto: tensor(0.3051, device='cuda:0', grad_fn=<AddBackward0>), loss_pre: tensor(0.3677, device='cuda:0', grad_fn=<NllLossBackward0>)[0m[0m
experiment  : INFO     [32m[32mstep: 27920 	 meta_lr 0.000500 	 training acc 0.84375 and training loss tensor(0.5749, device='cuda:0', grad_fn=<AddBackward0>), loss_auto: tensor(0.3021, device='cuda:0', grad_fn=<AddBackward0>), loss_pre: tensor(0.5447, device='cuda:0', grad_fn=<NllLossBackward0>)[0m[0m
experiment  : INFO     [32m[32mstep: 27960 	 meta_lr 0.000500 	 training acc 0.796875 and training loss tensor(0.6014, device='cuda:0', grad_fn=<AddBackward0>), loss_auto: tensor(0.3072, device='cuda:0', grad_fn=<AddBackward0>), loss_pre: tensor(0.5707, device='cuda:0', grad_fn=<NllLossBackward0>)[0m[0m
experiment  : INFO     [32m[32mstep: 28000 	 meta_lr 0.000500 	 training acc 0.890625 and training loss tensor(0.4303, device='cuda:0', grad_fn=<AddBackward0>), loss_auto: tensor(0.3034, device='cuda:0', grad_fn=<AddBackward0>), loss_pre: tensor(0.3999, device='cuda:0', grad_fn=<NllLossBackward0>)[0m[0m
experiment  : INFO     [32m[32mTrain Accuracy = 0.8336879432624114[0m[0m
experiment  : INFO     [32m[32mTest Accuracy = 0.0[0m[0m
experiment  : INFO     [32m[32mstep: 28040 	 meta_lr 0.000500 	 training acc 0.796875 and training loss tensor(0.5789, device='cuda:0', grad_fn=<AddBackward0>), loss_auto: tensor(0.3082, device='cuda:0', grad_fn=<AddBackward0>), loss_pre: tensor(0.5481, device='cuda:0', grad_fn=<NllLossBackward0>)[0m[0m
experiment  : INFO     [32m[32mstep: 28080 	 meta_lr 0.000500 	 training acc 0.84375 and training loss tensor(0.6501, device='cuda:0', grad_fn=<AddBackward0>), loss_auto: tensor(0.3064, device='cuda:0', grad_fn=<AddBackward0>), loss_pre: tensor(0.6194, device='cuda:0', grad_fn=<NllLossBackward0>)[0m[0m
experiment  : INFO     [32m[32mstep: 28120 	 meta_lr 0.000500 	 training acc 0.875 and training loss tensor(0.6555, device='cuda:0', grad_fn=<AddBackward0>), loss_auto: tensor(0.3091, device='cuda:0', grad_fn=<AddBackward0>), loss_pre: tensor(0.6246, device='cuda:0', grad_fn=<NllLossBackward0>)[0m[0m
experiment  : INFO     [32m[32mstep: 28160 	 meta_lr 0.000500 	 training acc 0.890625 and training loss tensor(0.3440, device='cuda:0', grad_fn=<AddBackward0>), loss_auto: tensor(0.3065, device='cuda:0', grad_fn=<AddBackward0>), loss_pre: tensor(0.3133, device='cuda:0', grad_fn=<NllLossBackward0>)[0m[0m
experiment  : INFO     [32m[32mstep: 28200 	 meta_lr 0.000500 	 training acc 0.78125 and training loss tensor(0.8003, device='cuda:0', grad_fn=<AddBackward0>), loss_auto: tensor(0.3072, device='cuda:0', grad_fn=<AddBackward0>), loss_pre: tensor(0.7695, device='cuda:0', grad_fn=<NllLossBackward0>)[0m[0m
experiment  : INFO     [32m[32mstep: 28240 	 meta_lr 0.000500 	 training acc 0.8125 and training loss tensor(0.6490, device='cuda:0', grad_fn=<AddBackward0>), loss_auto: tensor(0.3066, device='cuda:0', grad_fn=<AddBackward0>), loss_pre: tensor(0.6183, device='cuda:0', grad_fn=<NllLossBackward0>)[0m[0m
experiment  : INFO     [32m[32mstep: 28280 	 meta_lr 0.000500 	 training acc 0.796875 and training loss tensor(0.5025, device='cuda:0', grad_fn=<AddBackward0>), loss_auto: tensor(0.3096, device='cuda:0', grad_fn=<AddBackward0>), loss_pre: tensor(0.4715, device='cuda:0', grad_fn=<NllLossBackward0>)[0m[0m
experiment  : INFO     [32m[32mstep: 28320 	 meta_lr 0.000500 	 training acc 0.828125 and training loss tensor(0.5303, device='cuda:0', grad_fn=<AddBackward0>), loss_auto: tensor(0.3066, device='cuda:0', grad_fn=<AddBackward0>), loss_pre: tensor(0.4997, device='cuda:0', grad_fn=<NllLossBackward0>)[0m[0m
experiment  : INFO     [32m[32mstep: 28360 	 meta_lr 0.000500 	 training acc 0.8125 and training loss tensor(0.6591, device='cuda:0', grad_fn=<AddBackward0>), loss_auto: tensor(0.3100, device='cuda:0', grad_fn=<AddBackward0>), loss_pre: tensor(0.6281, device='cuda:0', grad_fn=<NllLossBackward0>)[0m[0m
experiment  : INFO     [32m[32mstep: 28400 	 meta_lr 0.000500 	 training acc 0.8125 and training loss tensor(0.7192, device='cuda:0', grad_fn=<AddBackward0>), loss_auto: tensor(0.3071, device='cuda:0', grad_fn=<AddBackward0>), loss_pre: tensor(0.6885, device='cuda:0', grad_fn=<NllLossBackward0>)[0m[0m
experiment  : INFO     [32m[32mstep: 28440 	 meta_lr 0.000500 	 training acc 0.84375 and training loss tensor(0.7893, device='cuda:0', grad_fn=<AddBackward0>), loss_auto: tensor(0.3056, device='cuda:0', grad_fn=<AddBackward0>), loss_pre: tensor(0.7588, device='cuda:0', grad_fn=<NllLossBackward0>)[0m[0m
experiment  : INFO     [32m[32mstep: 28480 	 meta_lr 0.000500 	 training acc 0.78125 and training loss tensor(0.6716, device='cuda:0', grad_fn=<AddBackward0>), loss_auto: tensor(0.3071, device='cuda:0', grad_fn=<AddBackward0>), loss_pre: tensor(0.6409, device='cuda:0', grad_fn=<NllLossBackward0>)[0m[0m
experiment  : INFO     [32m[32mTrain Accuracy = 0.8231272163120568[0m[0m
experiment  : INFO     [32m[32mTest Accuracy = 0.0[0m[0m
experiment  : INFO     [32m[32mstep: 28520 	 meta_lr 0.000500 	 training acc 0.828125 and training loss tensor(0.6744, device='cuda:0', grad_fn=<AddBackward0>), loss_auto: tensor(0.3069, device='cuda:0', grad_fn=<AddBackward0>), loss_pre: tensor(0.6437, device='cuda:0', grad_fn=<NllLossBackward0>)[0m[0m
experiment  : INFO     [32m[32mstep: 28560 	 meta_lr 0.000500 	 training acc 0.84375 and training loss tensor(0.4677, device='cuda:0', grad_fn=<AddBackward0>), loss_auto: tensor(0.3043, device='cuda:0', grad_fn=<AddBackward0>), loss_pre: tensor(0.4372, device='cuda:0', grad_fn=<NllLossBackward0>)[0m[0m
experiment  : INFO     [32m[32mstep: 28600 	 meta_lr 0.000500 	 training acc 0.828125 and training loss tensor(0.5359, device='cuda:0', grad_fn=<AddBackward0>), loss_auto: tensor(0.3087, device='cuda:0', grad_fn=<AddBackward0>), loss_pre: tensor(0.5050, device='cuda:0', grad_fn=<NllLossBackward0>)[0m[0m
experiment  : INFO     [32m[32mstep: 28640 	 meta_lr 0.000500 	 training acc 0.765625 and training loss tensor(0.7478, device='cuda:0', grad_fn=<AddBackward0>), loss_auto: tensor(0.3063, device='cuda:0', grad_fn=<AddBackward0>), loss_pre: tensor(0.7172, device='cuda:0', grad_fn=<NllLossBackward0>)[0m[0m
experiment  : INFO     [32m[32mstep: 28680 	 meta_lr 0.000500 	 training acc 0.890625 and training loss tensor(0.4273, device='cuda:0', grad_fn=<AddBackward0>), loss_auto: tensor(0.3106, device='cuda:0', grad_fn=<AddBackward0>), loss_pre: tensor(0.3963, device='cuda:0', grad_fn=<NllLossBackward0>)[0m[0m
experiment  : INFO     [32m[32mstep: 28720 	 meta_lr 0.000500 	 training acc 0.734375 and training loss tensor(1.0444, device='cuda:0', grad_fn=<AddBackward0>), loss_auto: tensor(0.3075, device='cuda:0', grad_fn=<AddBackward0>), loss_pre: tensor(1.0136, device='cuda:0', grad_fn=<NllLossBackward0>)[0m[0m
experiment  : INFO     [32m[32mstep: 28760 	 meta_lr 0.000500 	 training acc 0.859375 and training loss tensor(0.4573, device='cuda:0', grad_fn=<AddBackward0>), loss_auto: tensor(0.3070, device='cuda:0', grad_fn=<AddBackward0>), loss_pre: tensor(0.4266, device='cuda:0', grad_fn=<NllLossBackward0>)[0m[0m
experiment  : INFO     [32m[32mstep: 28800 	 meta_lr 0.000500 	 training acc 0.796875 and training loss tensor(0.7756, device='cuda:0', grad_fn=<AddBackward0>), loss_auto: tensor(0.3049, device='cuda:0', grad_fn=<AddBackward0>), loss_pre: tensor(0.7451, device='cuda:0', grad_fn=<NllLossBackward0>)[0m[0m
experiment  : INFO     [32m[32mstep: 28840 	 meta_lr 0.000500 	 training acc 0.71875 and training loss tensor(1.6135, device='cuda:0', grad_fn=<AddBackward0>), loss_auto: tensor(0.3031, device='cuda:0', grad_fn=<AddBackward0>), loss_pre: tensor(1.5832, device='cuda:0', grad_fn=<NllLossBackward0>)[0m[0m
experiment  : INFO     [32m[32mstep: 28880 	 meta_lr 0.000500 	 training acc 0.78125 and training loss tensor(0.4455, device='cuda:0', grad_fn=<AddBackward0>), loss_auto: tensor(0.3062, device='cuda:0', grad_fn=<AddBackward0>), loss_pre: tensor(0.4149, device='cuda:0', grad_fn=<NllLossBackward0>)[0m[0m
experiment  : INFO     [32m[32mstep: 28920 	 meta_lr 0.000500 	 training acc 0.828125 and training loss tensor(0.7225, device='cuda:0', grad_fn=<AddBackward0>), loss_auto: tensor(0.3043, device='cuda:0', grad_fn=<AddBackward0>), loss_pre: tensor(0.6920, device='cuda:0', grad_fn=<NllLossBackward0>)[0m[0m
experiment  : INFO     [32m[32mstep: 28960 	 meta_lr 0.000500 	 training acc 0.875 and training loss tensor(0.5886, device='cuda:0', grad_fn=<AddBackward0>), loss_auto: tensor(0.3086, device='cuda:0', grad_fn=<AddBackward0>), loss_pre: tensor(0.5578, device='cuda:0', grad_fn=<NllLossBackward0>)[0m[0m
experiment  : INFO     [32m[32mstep: 29000 	 meta_lr 0.000500 	 training acc 0.859375 and training loss tensor(0.5963, device='cuda:0', grad_fn=<AddBackward0>), loss_auto: tensor(0.3066, device='cuda:0', grad_fn=<AddBackward0>), loss_pre: tensor(0.5656, device='cuda:0', grad_fn=<NllLossBackward0>)[0m[0m
experiment  : INFO     [32m[32mTrain Accuracy = 0.8247007978723404[0m[0m
experiment  : INFO     [32m[32mTest Accuracy = 0.0[0m[0m
experiment  : INFO     [32m[32mstep: 29040 	 meta_lr 0.000500 	 training acc 0.71875 and training loss tensor(1.4023, device='cuda:0', grad_fn=<AddBackward0>), loss_auto: tensor(0.3015, device='cuda:0', grad_fn=<AddBackward0>), loss_pre: tensor(1.3721, device='cuda:0', grad_fn=<NllLossBackward0>)[0m[0m
experiment  : INFO     [32m[32mstep: 29080 	 meta_lr 0.000500 	 training acc 0.734375 and training loss tensor(0.9693, device='cuda:0', grad_fn=<AddBackward0>), loss_auto: tensor(0.3049, device='cuda:0', grad_fn=<AddBackward0>), loss_pre: tensor(0.9388, device='cuda:0', grad_fn=<NllLossBackward0>)[0m[0m
experiment  : INFO     [32m[32mstep: 29120 	 meta_lr 0.000500 	 training acc 0.828125 and training loss tensor(0.9067, device='cuda:0', grad_fn=<AddBackward0>), loss_auto: tensor(0.3063, device='cuda:0', grad_fn=<AddBackward0>), loss_pre: tensor(0.8761, device='cuda:0', grad_fn=<NllLossBackward0>)[0m[0m
experiment  : INFO     [32m[32mstep: 29160 	 meta_lr 0.000500 	 training acc 0.875 and training loss tensor(0.4375, device='cuda:0', grad_fn=<AddBackward0>), loss_auto: tensor(0.3064, device='cuda:0', grad_fn=<AddBackward0>), loss_pre: tensor(0.4069, device='cuda:0', grad_fn=<NllLossBackward0>)[0m[0m
experiment  : INFO     [32m[32mstep: 29200 	 meta_lr 0.000500 	 training acc 0.734375 and training loss tensor(0.8893, device='cuda:0', grad_fn=<AddBackward0>), loss_auto: tensor(0.3104, device='cuda:0', grad_fn=<AddBackward0>), loss_pre: tensor(0.8583, device='cuda:0', grad_fn=<NllLossBackward0>)[0m[0m
experiment  : INFO     [32m[32mstep: 29240 	 meta_lr 0.000500 	 training acc 0.828125 and training loss tensor(0.5748, device='cuda:0', grad_fn=<AddBackward0>), loss_auto: tensor(0.3054, device='cuda:0', grad_fn=<AddBackward0>), loss_pre: tensor(0.5443, device='cuda:0', grad_fn=<NllLossBackward0>)[0m[0m
experiment  : INFO     [32m[32mstep: 29280 	 meta_lr 0.000500 	 training acc 0.921875 and training loss tensor(0.5180, device='cuda:0', grad_fn=<AddBackward0>), loss_auto: tensor(0.3077, device='cuda:0', grad_fn=<AddBackward0>), loss_pre: tensor(0.4872, device='cuda:0', grad_fn=<NllLossBackward0>)[0m[0m
experiment  : INFO     [32m[32mstep: 29320 	 meta_lr 0.000500 	 training acc 0.8125 and training loss tensor(0.6234, device='cuda:0', grad_fn=<AddBackward0>), loss_auto: tensor(0.3102, device='cuda:0', grad_fn=<AddBackward0>), loss_pre: tensor(0.5924, device='cuda:0', grad_fn=<NllLossBackward0>)[0m[0m
experiment  : INFO     [32m[32mstep: 29360 	 meta_lr 0.000500 	 training acc 0.84375 and training loss tensor(0.6312, device='cuda:0', grad_fn=<AddBackward0>), loss_auto: tensor(0.3061, device='cuda:0', grad_fn=<AddBackward0>), loss_pre: tensor(0.6006, device='cuda:0', grad_fn=<NllLossBackward0>)[0m[0m
experiment  : INFO     [32m[32mstep: 29400 	 meta_lr 0.000500 	 training acc 0.75 and training loss tensor(0.9802, device='cuda:0', grad_fn=<AddBackward0>), loss_auto: tensor(0.3064, device='cuda:0', grad_fn=<AddBackward0>), loss_pre: tensor(0.9495, device='cuda:0', grad_fn=<NllLossBackward0>)[0m[0m
experiment  : INFO     [32m[32mstep: 29440 	 meta_lr 0.000500 	 training acc 0.75 and training loss tensor(0.6905, device='cuda:0', grad_fn=<AddBackward0>), loss_auto: tensor(0.3015, device='cuda:0', grad_fn=<AddBackward0>), loss_pre: tensor(0.6603, device='cuda:0', grad_fn=<NllLossBackward0>)[0m[0m
experiment  : INFO     [32m[32mstep: 29480 	 meta_lr 0.000500 	 training acc 0.9375 and training loss tensor(0.3238, device='cuda:0', grad_fn=<AddBackward0>), loss_auto: tensor(0.3086, device='cuda:0', grad_fn=<AddBackward0>), loss_pre: tensor(0.2929, device='cuda:0', grad_fn=<NllLossBackward0>)[0m[0m
experiment  : INFO     [32m[32mTrain Accuracy = 0.8385416666666666[0m[0m
experiment  : INFO     [32m[32mTest Accuracy = 0.0[0m[0m
experiment  : INFO     [32m[32mstep: 29520 	 meta_lr 0.000500 	 training acc 0.84375 and training loss tensor(0.6157, device='cuda:0', grad_fn=<AddBackward0>), loss_auto: tensor(0.3029, device='cuda:0', grad_fn=<AddBackward0>), loss_pre: tensor(0.5854, device='cuda:0', grad_fn=<NllLossBackward0>)[0m[0m
experiment  : INFO     [32m[32mstep: 29560 	 meta_lr 0.000500 	 training acc 0.765625 and training loss tensor(0.8137, device='cuda:0', grad_fn=<AddBackward0>), loss_auto: tensor(0.3076, device='cuda:0', grad_fn=<AddBackward0>), loss_pre: tensor(0.7829, device='cuda:0', grad_fn=<NllLossBackward0>)[0m[0m
experiment  : INFO     [32m[32mstep: 29600 	 meta_lr 0.000500 	 training acc 0.765625 and training loss tensor(1.0525, device='cuda:0', grad_fn=<AddBackward0>), loss_auto: tensor(0.3082, device='cuda:0', grad_fn=<AddBackward0>), loss_pre: tensor(1.0217, device='cuda:0', grad_fn=<NllLossBackward0>)[0m[0m
experiment  : INFO     [32m[32mstep: 29640 	 meta_lr 0.000500 	 training acc 0.828125 and training loss tensor(0.7131, device='cuda:0', grad_fn=<AddBackward0>), loss_auto: tensor(0.3068, device='cuda:0', grad_fn=<AddBackward0>), loss_pre: tensor(0.6824, device='cuda:0', grad_fn=<NllLossBackward0>)[0m[0m
experiment  : INFO     [32m[32mstep: 29680 	 meta_lr 0.000500 	 training acc 0.796875 and training loss tensor(0.5088, device='cuda:0', grad_fn=<AddBackward0>), loss_auto: tensor(0.3076, device='cuda:0', grad_fn=<AddBackward0>), loss_pre: tensor(0.4780, device='cuda:0', grad_fn=<NllLossBackward0>)[0m[0m
experiment  : INFO     [32m[32mstep: 29720 	 meta_lr 0.000500 	 training acc 0.78125 and training loss tensor(0.6707, device='cuda:0', grad_fn=<AddBackward0>), loss_auto: tensor(0.3061, device='cuda:0', grad_fn=<AddBackward0>), loss_pre: tensor(0.6401, device='cuda:0', grad_fn=<NllLossBackward0>)[0m[0m
experiment  : INFO     [32m[32mstep: 29760 	 meta_lr 0.000500 	 training acc 0.828125 and training loss tensor(0.8377, device='cuda:0', grad_fn=<AddBackward0>), loss_auto: tensor(0.3017, device='cuda:0', grad_fn=<AddBackward0>), loss_pre: tensor(0.8075, device='cuda:0', grad_fn=<NllLossBackward0>)[0m[0m
experiment  : INFO     [32m[32mstep: 29800 	 meta_lr 0.000500 	 training acc 0.84375 and training loss tensor(0.5947, device='cuda:0', grad_fn=<AddBackward0>), loss_auto: tensor(0.3037, device='cuda:0', grad_fn=<AddBackward0>), loss_pre: tensor(0.5643, device='cuda:0', grad_fn=<NllLossBackward0>)[0m[0m
experiment  : INFO     [32m[32mstep: 29840 	 meta_lr 0.000500 	 training acc 0.796875 and training loss tensor(0.5722, device='cuda:0', grad_fn=<AddBackward0>), loss_auto: tensor(0.3040, device='cuda:0', grad_fn=<AddBackward0>), loss_pre: tensor(0.5418, device='cuda:0', grad_fn=<NllLossBackward0>)[0m[0m
experiment  : INFO     [32m[32mstep: 29880 	 meta_lr 0.000500 	 training acc 0.90625 and training loss tensor(0.4003, device='cuda:0', grad_fn=<AddBackward0>), loss_auto: tensor(0.3056, device='cuda:0', grad_fn=<AddBackward0>), loss_pre: tensor(0.3697, device='cuda:0', grad_fn=<NllLossBackward0>)[0m[0m
experiment  : INFO     [32m[32mstep: 29920 	 meta_lr 0.000500 	 training acc 0.875 and training loss tensor(0.3856, device='cuda:0', grad_fn=<AddBackward0>), loss_auto: tensor(0.3076, device='cuda:0', grad_fn=<AddBackward0>), loss_pre: tensor(0.3548, device='cuda:0', grad_fn=<NllLossBackward0>)[0m[0m
experiment  : INFO     [32m[32mstep: 29960 	 meta_lr 0.000500 	 training acc 0.828125 and training loss tensor(0.7311, device='cuda:0', grad_fn=<AddBackward0>), loss_auto: tensor(0.3092, device='cuda:0', grad_fn=<AddBackward0>), loss_pre: tensor(0.7002, device='cuda:0', grad_fn=<NllLossBackward0>)[0m[0m
experiment  : INFO     [32m[32mstep: 30000 	 meta_lr 0.000500 	 training acc 0.765625 and training loss tensor(0.7568, device='cuda:0', grad_fn=<AddBackward0>), loss_auto: tensor(0.3033, device='cuda:0', grad_fn=<AddBackward0>), loss_pre: tensor(0.7264, device='cuda:0', grad_fn=<NllLossBackward0>)[0m[0m
experiment  : INFO     [32m[32mTrain Accuracy = 0.8285460992907802[0m[0m
experiment  : INFO     [32m[32mTest Accuracy = 0.0[0m[0m
experiment  : INFO     [32m[32mstep: 30040 	 meta_lr 0.000500 	 training acc 0.9375 and training loss tensor(0.2648, device='cuda:0', grad_fn=<AddBackward0>), loss_auto: tensor(0.3068, device='cuda:0', grad_fn=<AddBackward0>), loss_pre: tensor(0.2341, device='cuda:0', grad_fn=<NllLossBackward0>)[0m[0m
experiment  : INFO     [32m[32mstep: 30080 	 meta_lr 0.000500 	 training acc 0.890625 and training loss tensor(0.5132, device='cuda:0', grad_fn=<AddBackward0>), loss_auto: tensor(0.3072, device='cuda:0', grad_fn=<AddBackward0>), loss_pre: tensor(0.4825, device='cuda:0', grad_fn=<NllLossBackward0>)[0m[0m
experiment  : INFO     [32m[32mstep: 30120 	 meta_lr 0.000500 	 training acc 0.875 and training loss tensor(0.6257, device='cuda:0', grad_fn=<AddBackward0>), loss_auto: tensor(0.3013, device='cuda:0', grad_fn=<AddBackward0>), loss_pre: tensor(0.5956, device='cuda:0', grad_fn=<NllLossBackward0>)[0m[0m
experiment  : INFO     [32m[32mstep: 30160 	 meta_lr 0.000500 	 training acc 0.828125 and training loss tensor(0.7515, device='cuda:0', grad_fn=<AddBackward0>), loss_auto: tensor(0.3045, device='cuda:0', grad_fn=<AddBackward0>), loss_pre: tensor(0.7211, device='cuda:0', grad_fn=<NllLossBackward0>)[0m[0m
experiment  : INFO     [32m[32mstep: 30200 	 meta_lr 0.000500 	 training acc 0.921875 and training loss tensor(0.2865, device='cuda:0', grad_fn=<AddBackward0>), loss_auto: tensor(0.3098, device='cuda:0', grad_fn=<AddBackward0>), loss_pre: tensor(0.2555, device='cuda:0', grad_fn=<NllLossBackward0>)[0m[0m
experiment  : INFO     [32m[32mstep: 30240 	 meta_lr 0.000500 	 training acc 0.90625 and training loss tensor(0.4409, device='cuda:0', grad_fn=<AddBackward0>), loss_auto: tensor(0.3051, device='cuda:0', grad_fn=<AddBackward0>), loss_pre: tensor(0.4104, device='cuda:0', grad_fn=<NllLossBackward0>)[0m[0m
experiment  : INFO     [32m[32mstep: 30280 	 meta_lr 0.000500 	 training acc 0.828125 and training loss tensor(0.5970, device='cuda:0', grad_fn=<AddBackward0>), loss_auto: tensor(0.3087, device='cuda:0', grad_fn=<AddBackward0>), loss_pre: tensor(0.5661, device='cuda:0', grad_fn=<NllLossBackward0>)[0m[0m
experiment  : INFO     [32m[32mstep: 30320 	 meta_lr 0.000500 	 training acc 0.8125 and training loss tensor(0.7248, device='cuda:0', grad_fn=<AddBackward0>), loss_auto: tensor(0.3026, device='cuda:0', grad_fn=<AddBackward0>), loss_pre: tensor(0.6945, device='cuda:0', grad_fn=<NllLossBackward0>)[0m[0m
experiment  : INFO     [32m[32mstep: 30360 	 meta_lr 0.000500 	 training acc 0.828125 and training loss tensor(0.9130, device='cuda:0', grad_fn=<AddBackward0>), loss_auto: tensor(0.3048, device='cuda:0', grad_fn=<AddBackward0>), loss_pre: tensor(0.8825, device='cuda:0', grad_fn=<NllLossBackward0>)[0m[0m
experiment  : INFO     [32m[32mstep: 30400 	 meta_lr 0.000500 	 training acc 0.78125 and training loss tensor(0.7129, device='cuda:0', grad_fn=<AddBackward0>), loss_auto: tensor(0.3090, device='cuda:0', grad_fn=<AddBackward0>), loss_pre: tensor(0.6820, device='cuda:0', grad_fn=<NllLossBackward0>)[0m[0m
experiment  : INFO     [32m[32mstep: 30440 	 meta_lr 0.000500 	 training acc 0.859375 and training loss tensor(0.5140, device='cuda:0', grad_fn=<AddBackward0>), loss_auto: tensor(0.3035, device='cuda:0', grad_fn=<AddBackward0>), loss_pre: tensor(0.4837, device='cuda:0', grad_fn=<NllLossBackward0>)[0m[0m
experiment  : INFO     [32m[32mstep: 30480 	 meta_lr 0.000500 	 training acc 0.890625 and training loss tensor(0.4165, device='cuda:0', grad_fn=<AddBackward0>), loss_auto: tensor(0.3076, device='cuda:0', grad_fn=<AddBackward0>), loss_pre: tensor(0.3858, device='cuda:0', grad_fn=<NllLossBackward0>)[0m[0m
experiment  : INFO     [32m[32mTrain Accuracy = 0.8247007978723404[0m[0m
experiment  : INFO     [32m[32mTest Accuracy = 0.0[0m[0m
experiment  : INFO     [32m[32mstep: 30520 	 meta_lr 0.000500 	 training acc 0.875 and training loss tensor(0.4010, device='cuda:0', grad_fn=<AddBackward0>), loss_auto: tensor(0.3061, device='cuda:0', grad_fn=<AddBackward0>), loss_pre: tensor(0.3704, device='cuda:0', grad_fn=<NllLossBackward0>)[0m[0m
experiment  : INFO     [32m[32mstep: 30560 	 meta_lr 0.000500 	 training acc 0.8125 and training loss tensor(0.7808, device='cuda:0', grad_fn=<AddBackward0>), loss_auto: tensor(0.3058, device='cuda:0', grad_fn=<AddBackward0>), loss_pre: tensor(0.7502, device='cuda:0', grad_fn=<NllLossBackward0>)[0m[0m
experiment  : INFO     [32m[32mstep: 30600 	 meta_lr 0.000500 	 training acc 0.8125 and training loss tensor(0.8730, device='cuda:0', grad_fn=<AddBackward0>), loss_auto: tensor(0.3059, device='cuda:0', grad_fn=<AddBackward0>), loss_pre: tensor(0.8424, device='cuda:0', grad_fn=<NllLossBackward0>)[0m[0m
experiment  : INFO     [32m[32mstep: 30640 	 meta_lr 0.000500 	 training acc 0.890625 and training loss tensor(0.3641, device='cuda:0', grad_fn=<AddBackward0>), loss_auto: tensor(0.3100, device='cuda:0', grad_fn=<AddBackward0>), loss_pre: tensor(0.3331, device='cuda:0', grad_fn=<NllLossBackward0>)[0m[0m
experiment  : INFO     [32m[32mstep: 30680 	 meta_lr 0.000500 	 training acc 0.828125 and training loss tensor(0.6875, device='cuda:0', grad_fn=<AddBackward0>), loss_auto: tensor(0.3070, device='cuda:0', grad_fn=<AddBackward0>), loss_pre: tensor(0.6568, device='cuda:0', grad_fn=<NllLossBackward0>)[0m[0m
experiment  : INFO     [32m[32mstep: 30720 	 meta_lr 0.000500 	 training acc 0.84375 and training loss tensor(0.5753, device='cuda:0', grad_fn=<AddBackward0>), loss_auto: tensor(0.3075, device='cuda:0', grad_fn=<AddBackward0>), loss_pre: tensor(0.5446, device='cuda:0', grad_fn=<NllLossBackward0>)[0m[0m
experiment  : INFO     [32m[32mstep: 30760 	 meta_lr 0.000500 	 training acc 0.8125 and training loss tensor(0.5247, device='cuda:0', grad_fn=<AddBackward0>), loss_auto: tensor(0.3087, device='cuda:0', grad_fn=<AddBackward0>), loss_pre: tensor(0.4938, device='cuda:0', grad_fn=<NllLossBackward0>)[0m[0m
experiment  : INFO     [32m[32mstep: 30800 	 meta_lr 0.000500 	 training acc 0.78125 and training loss tensor(0.8810, device='cuda:0', grad_fn=<AddBackward0>), loss_auto: tensor(0.3080, device='cuda:0', grad_fn=<AddBackward0>), loss_pre: tensor(0.8503, device='cuda:0', grad_fn=<NllLossBackward0>)[0m[0m
experiment  : INFO     [32m[32mstep: 30840 	 meta_lr 0.000500 	 training acc 0.875 and training loss tensor(0.4461, device='cuda:0', grad_fn=<AddBackward0>), loss_auto: tensor(0.3055, device='cuda:0', grad_fn=<AddBackward0>), loss_pre: tensor(0.4156, device='cuda:0', grad_fn=<NllLossBackward0>)[0m[0m
experiment  : INFO     [32m[32mstep: 30880 	 meta_lr 0.000500 	 training acc 0.765625 and training loss tensor(0.7515, device='cuda:0', grad_fn=<AddBackward0>), loss_auto: tensor(0.3088, device='cuda:0', grad_fn=<AddBackward0>), loss_pre: tensor(0.7207, device='cuda:0', grad_fn=<NllLossBackward0>)[0m[0m
experiment  : INFO     [32m[32mstep: 30920 	 meta_lr 0.000500 	 training acc 0.9375 and training loss tensor(0.2740, device='cuda:0', grad_fn=<AddBackward0>), loss_auto: tensor(0.3087, device='cuda:0', grad_fn=<AddBackward0>), loss_pre: tensor(0.2431, device='cuda:0', grad_fn=<NllLossBackward0>)[0m[0m
experiment  : INFO     [32m[32mstep: 30960 	 meta_lr 0.000500 	 training acc 0.828125 and training loss tensor(0.5226, device='cuda:0', grad_fn=<AddBackward0>), loss_auto: tensor(0.3084, device='cuda:0', grad_fn=<AddBackward0>), loss_pre: tensor(0.4918, device='cuda:0', grad_fn=<NllLossBackward0>)[0m[0m
experiment  : INFO     [32m[32mstep: 31000 	 meta_lr 0.000500 	 training acc 0.75 and training loss tensor(0.8697, device='cuda:0', grad_fn=<AddBackward0>), loss_auto: tensor(0.3119, device='cuda:0', grad_fn=<AddBackward0>), loss_pre: tensor(0.8385, device='cuda:0', grad_fn=<NllLossBackward0>)[0m[0m
experiment  : INFO     [32m[32mTrain Accuracy = 0.8426307624113475[0m[0m
experiment  : INFO     [32m[32mTest Accuracy = 0.0[0m[0m
experiment  : INFO     [32m[32mstep: 31040 	 meta_lr 0.000500 	 training acc 0.8125 and training loss tensor(0.6653, device='cuda:0', grad_fn=<AddBackward0>), loss_auto: tensor(0.3076, device='cuda:0', grad_fn=<AddBackward0>), loss_pre: tensor(0.6345, device='cuda:0', grad_fn=<NllLossBackward0>)[0m[0m
experiment  : INFO     [32m[32mstep: 31080 	 meta_lr 0.000500 	 training acc 0.875 and training loss tensor(0.6030, device='cuda:0', grad_fn=<AddBackward0>), loss_auto: tensor(0.3061, device='cuda:0', grad_fn=<AddBackward0>), loss_pre: tensor(0.5724, device='cuda:0', grad_fn=<NllLossBackward0>)[0m[0m
experiment  : INFO     [32m[32mstep: 31120 	 meta_lr 0.000500 	 training acc 0.84375 and training loss tensor(0.6651, device='cuda:0', grad_fn=<AddBackward0>), loss_auto: tensor(0.3069, device='cuda:0', grad_fn=<AddBackward0>), loss_pre: tensor(0.6345, device='cuda:0', grad_fn=<NllLossBackward0>)[0m[0m
experiment  : INFO     [32m[32mstep: 31160 	 meta_lr 0.000500 	 training acc 0.84375 and training loss tensor(0.5762, device='cuda:0', grad_fn=<AddBackward0>), loss_auto: tensor(0.3083, device='cuda:0', grad_fn=<AddBackward0>), loss_pre: tensor(0.5454, device='cuda:0', grad_fn=<NllLossBackward0>)[0m[0m
experiment  : INFO     [32m[32mstep: 31200 	 meta_lr 0.000500 	 training acc 0.890625 and training loss tensor(0.4515, device='cuda:0', grad_fn=<AddBackward0>), loss_auto: tensor(0.3075, device='cuda:0', grad_fn=<AddBackward0>), loss_pre: tensor(0.4207, device='cuda:0', grad_fn=<NllLossBackward0>)[0m[0m
experiment  : INFO     [32m[32mstep: 31240 	 meta_lr 0.000500 	 training acc 0.859375 and training loss tensor(0.4225, device='cuda:0', grad_fn=<AddBackward0>), loss_auto: tensor(0.3089, device='cuda:0', grad_fn=<AddBackward0>), loss_pre: tensor(0.3916, device='cuda:0', grad_fn=<NllLossBackward0>)[0m[0m
experiment  : INFO     [32m[32mstep: 31280 	 meta_lr 0.000500 	 training acc 0.859375 and training loss tensor(0.8116, device='cuda:0', grad_fn=<AddBackward0>), loss_auto: tensor(0.3089, device='cuda:0', grad_fn=<AddBackward0>), loss_pre: tensor(0.7807, device='cuda:0', grad_fn=<NllLossBackward0>)[0m[0m
experiment  : INFO     [32m[32mstep: 31320 	 meta_lr 0.000500 	 training acc 0.859375 and training loss tensor(0.4410, device='cuda:0', grad_fn=<AddBackward0>), loss_auto: tensor(0.3075, device='cuda:0', grad_fn=<AddBackward0>), loss_pre: tensor(0.4103, device='cuda:0', grad_fn=<NllLossBackward0>)[0m[0m
experiment  : INFO     [32m[32mstep: 31360 	 meta_lr 0.000500 	 training acc 0.828125 and training loss tensor(0.5376, device='cuda:0', grad_fn=<AddBackward0>), loss_auto: tensor(0.3093, device='cuda:0', grad_fn=<AddBackward0>), loss_pre: tensor(0.5067, device='cuda:0', grad_fn=<NllLossBackward0>)[0m[0m
experiment  : INFO     [32m[32mstep: 31400 	 meta_lr 0.000500 	 training acc 0.828125 and training loss tensor(0.4897, device='cuda:0', grad_fn=<AddBackward0>), loss_auto: tensor(0.3077, device='cuda:0', grad_fn=<AddBackward0>), loss_pre: tensor(0.4590, device='cuda:0', grad_fn=<NllLossBackward0>)[0m[0m
experiment  : INFO     [32m[32mstep: 31440 	 meta_lr 0.000500 	 training acc 0.875 and training loss tensor(0.4950, device='cuda:0', grad_fn=<AddBackward0>), loss_auto: tensor(0.3052, device='cuda:0', grad_fn=<AddBackward0>), loss_pre: tensor(0.4645, device='cuda:0', grad_fn=<NllLossBackward0>)[0m[0m
experiment  : INFO     [32m[32mstep: 31480 	 meta_lr 0.000500 	 training acc 0.859375 and training loss tensor(0.4021, device='cuda:0', grad_fn=<AddBackward0>), loss_auto: tensor(0.3096, device='cuda:0', grad_fn=<AddBackward0>), loss_pre: tensor(0.3711, device='cuda:0', grad_fn=<NllLossBackward0>)[0m[0m
experiment  : INFO     [32m[32mTrain Accuracy = 0.8511414007092198[0m[0m
experiment  : INFO     [32m[32mTest Accuracy = 0.0[0m[0m
experiment  : INFO     [32m[32mstep: 31520 	 meta_lr 0.000500 	 training acc 0.84375 and training loss tensor(0.5258, device='cuda:0', grad_fn=<AddBackward0>), loss_auto: tensor(0.3090, device='cuda:0', grad_fn=<AddBackward0>), loss_pre: tensor(0.4949, device='cuda:0', grad_fn=<NllLossBackward0>)[0m[0m
experiment  : INFO     [32m[32mstep: 31560 	 meta_lr 0.000500 	 training acc 0.890625 and training loss tensor(0.6437, device='cuda:0', grad_fn=<AddBackward0>), loss_auto: tensor(0.3055, device='cuda:0', grad_fn=<AddBackward0>), loss_pre: tensor(0.6132, device='cuda:0', grad_fn=<NllLossBackward0>)[0m[0m
experiment  : INFO     [32m[32mstep: 31600 	 meta_lr 0.000500 	 training acc 0.8125 and training loss tensor(0.5922, device='cuda:0', grad_fn=<AddBackward0>), loss_auto: tensor(0.3052, device='cuda:0', grad_fn=<AddBackward0>), loss_pre: tensor(0.5617, device='cuda:0', grad_fn=<NllLossBackward0>)[0m[0m
experiment  : INFO     [32m[32mstep: 31640 	 meta_lr 0.000500 	 training acc 0.875 and training loss tensor(0.3745, device='cuda:0', grad_fn=<AddBackward0>), loss_auto: tensor(0.3051, device='cuda:0', grad_fn=<AddBackward0>), loss_pre: tensor(0.3440, device='cuda:0', grad_fn=<NllLossBackward0>)[0m[0m
experiment  : INFO     [32m[32mstep: 31680 	 meta_lr 0.000500 	 training acc 0.890625 and training loss tensor(0.4038, device='cuda:0', grad_fn=<AddBackward0>), loss_auto: tensor(0.3083, device='cuda:0', grad_fn=<AddBackward0>), loss_pre: tensor(0.3730, device='cuda:0', grad_fn=<NllLossBackward0>)[0m[0m
experiment  : INFO     [32m[32mstep: 31720 	 meta_lr 0.000500 	 training acc 0.875 and training loss tensor(0.5344, device='cuda:0', grad_fn=<AddBackward0>), loss_auto: tensor(0.3068, device='cuda:0', grad_fn=<AddBackward0>), loss_pre: tensor(0.5037, device='cuda:0', grad_fn=<NllLossBackward0>)[0m[0m
experiment  : INFO     [32m[32mstep: 31760 	 meta_lr 0.000500 	 training acc 0.796875 and training loss tensor(0.5209, device='cuda:0', grad_fn=<AddBackward0>), loss_auto: tensor(0.3015, device='cuda:0', grad_fn=<AddBackward0>), loss_pre: tensor(0.4908, device='cuda:0', grad_fn=<NllLossBackward0>)[0m[0m
experiment  : INFO     [32m[32mstep: 31800 	 meta_lr 0.000500 	 training acc 0.8125 and training loss tensor(0.5371, device='cuda:0', grad_fn=<AddBackward0>), loss_auto: tensor(0.3053, device='cuda:0', grad_fn=<AddBackward0>), loss_pre: tensor(0.5066, device='cuda:0', grad_fn=<NllLossBackward0>)[0m[0m
experiment  : INFO     [32m[32mstep: 31840 	 meta_lr 0.000500 	 training acc 0.859375 and training loss tensor(0.5421, device='cuda:0', grad_fn=<AddBackward0>), loss_auto: tensor(0.3090, device='cuda:0', grad_fn=<AddBackward0>), loss_pre: tensor(0.5112, device='cuda:0', grad_fn=<NllLossBackward0>)[0m[0m
experiment  : INFO     [32m[32mstep: 31880 	 meta_lr 0.000500 	 training acc 0.875 and training loss tensor(0.3785, device='cuda:0', grad_fn=<AddBackward0>), loss_auto: tensor(0.3069, device='cuda:0', grad_fn=<AddBackward0>), loss_pre: tensor(0.3478, device='cuda:0', grad_fn=<NllLossBackward0>)[0m[0m
experiment  : INFO     [32m[32mstep: 31920 	 meta_lr 0.000500 	 training acc 0.828125 and training loss tensor(0.6444, device='cuda:0', grad_fn=<AddBackward0>), loss_auto: tensor(0.3089, device='cuda:0', grad_fn=<AddBackward0>), loss_pre: tensor(0.6135, device='cuda:0', grad_fn=<NllLossBackward0>)[0m[0m
experiment  : INFO     [32m[32mstep: 31960 	 meta_lr 0.000500 	 training acc 0.921875 and training loss tensor(0.4598, device='cuda:0', grad_fn=<AddBackward0>), loss_auto: tensor(0.3076, device='cuda:0', grad_fn=<AddBackward0>), loss_pre: tensor(0.4291, device='cuda:0', grad_fn=<NllLossBackward0>)[0m[0m
experiment  : INFO     [32m[32mstep: 32000 	 meta_lr 0.000500 	 training acc 0.78125 and training loss tensor(1.1188, device='cuda:0', grad_fn=<AddBackward0>), loss_auto: tensor(0.3050, device='cuda:0', grad_fn=<AddBackward0>), loss_pre: tensor(1.0883, device='cuda:0', grad_fn=<NllLossBackward0>)[0m[0m
experiment  : INFO     [32m[32mTrain Accuracy = 0.843040780141844[0m[0m
experiment  : INFO     [32m[32mTest Accuracy = 0.0[0m[0m
experiment  : INFO     [32m[32mstep: 32040 	 meta_lr 0.000500 	 training acc 0.796875 and training loss tensor(0.6147, device='cuda:0', grad_fn=<AddBackward0>), loss_auto: tensor(0.3048, device='cuda:0', grad_fn=<AddBackward0>), loss_pre: tensor(0.5843, device='cuda:0', grad_fn=<NllLossBackward0>)[0m[0m
experiment  : INFO     [32m[32mstep: 32080 	 meta_lr 0.000500 	 training acc 0.828125 and training loss tensor(0.5799, device='cuda:0', grad_fn=<AddBackward0>), loss_auto: tensor(0.3078, device='cuda:0', grad_fn=<AddBackward0>), loss_pre: tensor(0.5491, device='cuda:0', grad_fn=<NllLossBackward0>)[0m[0m
experiment  : INFO     [32m[32mstep: 32120 	 meta_lr 0.000500 	 training acc 0.921875 and training loss tensor(0.3491, device='cuda:0', grad_fn=<AddBackward0>), loss_auto: tensor(0.3080, device='cuda:0', grad_fn=<AddBackward0>), loss_pre: tensor(0.3183, device='cuda:0', grad_fn=<NllLossBackward0>)[0m[0m
experiment  : INFO     [32m[32mstep: 32160 	 meta_lr 0.000500 	 training acc 0.734375 and training loss tensor(1.0843, device='cuda:0', grad_fn=<AddBackward0>), loss_auto: tensor(0.3049, device='cuda:0', grad_fn=<AddBackward0>), loss_pre: tensor(1.0539, device='cuda:0', grad_fn=<NllLossBackward0>)[0m[0m
experiment  : INFO     [32m[32mstep: 32200 	 meta_lr 0.000500 	 training acc 0.875 and training loss tensor(0.5225, device='cuda:0', grad_fn=<AddBackward0>), loss_auto: tensor(0.3050, device='cuda:0', grad_fn=<AddBackward0>), loss_pre: tensor(0.4920, device='cuda:0', grad_fn=<NllLossBackward0>)[0m[0m
experiment  : INFO     [32m[32mstep: 32240 	 meta_lr 0.000500 	 training acc 0.875 and training loss tensor(0.9210, device='cuda:0', grad_fn=<AddBackward0>), loss_auto: tensor(0.3113, device='cuda:0', grad_fn=<AddBackward0>), loss_pre: tensor(0.8898, device='cuda:0', grad_fn=<NllLossBackward0>)[0m[0m
experiment  : INFO     [32m[32mstep: 32280 	 meta_lr 0.000500 	 training acc 0.78125 and training loss tensor(0.7315, device='cuda:0', grad_fn=<AddBackward0>), loss_auto: tensor(0.3050, device='cuda:0', grad_fn=<AddBackward0>), loss_pre: tensor(0.7010, device='cuda:0', grad_fn=<NllLossBackward0>)[0m[0m
experiment  : INFO     [32m[32mstep: 32320 	 meta_lr 0.000500 	 training acc 0.703125 and training loss tensor(0.8654, device='cuda:0', grad_fn=<AddBackward0>), loss_auto: tensor(0.3117, device='cuda:0', grad_fn=<AddBackward0>), loss_pre: tensor(0.8343, device='cuda:0', grad_fn=<NllLossBackward0>)[0m[0m
experiment  : INFO     [32m[32mstep: 32360 	 meta_lr 0.000500 	 training acc 0.8125 and training loss tensor(0.6893, device='cuda:0', grad_fn=<AddBackward0>), loss_auto: tensor(0.3055, device='cuda:0', grad_fn=<AddBackward0>), loss_pre: tensor(0.6588, device='cuda:0', grad_fn=<NllLossBackward0>)[0m[0m
experiment  : INFO     [32m[32mstep: 32400 	 meta_lr 0.000500 	 training acc 0.84375 and training loss tensor(0.8145, device='cuda:0', grad_fn=<AddBackward0>), loss_auto: tensor(0.3084, device='cuda:0', grad_fn=<AddBackward0>), loss_pre: tensor(0.7837, device='cuda:0', grad_fn=<NllLossBackward0>)[0m[0m
experiment  : INFO     [32m[32mstep: 32440 	 meta_lr 0.000500 	 training acc 0.890625 and training loss tensor(0.3459, device='cuda:0', grad_fn=<AddBackward0>), loss_auto: tensor(0.3083, device='cuda:0', grad_fn=<AddBackward0>), loss_pre: tensor(0.3151, device='cuda:0', grad_fn=<NllLossBackward0>)[0m[0m
experiment  : INFO     [32m[32mstep: 32480 	 meta_lr 0.000500 	 training acc 0.890625 and training loss tensor(0.3743, device='cuda:0', grad_fn=<AddBackward0>), loss_auto: tensor(0.3071, device='cuda:0', grad_fn=<AddBackward0>), loss_pre: tensor(0.3436, device='cuda:0', grad_fn=<NllLossBackward0>)[0m[0m
experiment  : INFO     [32m[32mTrain Accuracy = 0.839306294326241[0m[0m
experiment  : INFO     [32m[32mTest Accuracy = 0.0[0m[0m
experiment  : INFO     [32m[32mstep: 32520 	 meta_lr 0.000500 	 training acc 0.84375 and training loss tensor(0.5195, device='cuda:0', grad_fn=<AddBackward0>), loss_auto: tensor(0.3058, device='cuda:0', grad_fn=<AddBackward0>), loss_pre: tensor(0.4889, device='cuda:0', grad_fn=<NllLossBackward0>)[0m[0m
experiment  : INFO     [32m[32mstep: 32560 	 meta_lr 0.000500 	 training acc 0.875 and training loss tensor(0.4525, device='cuda:0', grad_fn=<AddBackward0>), loss_auto: tensor(0.3069, device='cuda:0', grad_fn=<AddBackward0>), loss_pre: tensor(0.4218, device='cuda:0', grad_fn=<NllLossBackward0>)[0m[0m
experiment  : INFO     [32m[32mstep: 32600 	 meta_lr 0.000500 	 training acc 0.796875 and training loss tensor(0.6987, device='cuda:0', grad_fn=<AddBackward0>), loss_auto: tensor(0.3085, device='cuda:0', grad_fn=<AddBackward0>), loss_pre: tensor(0.6679, device='cuda:0', grad_fn=<NllLossBackward0>)[0m[0m
experiment  : INFO     [32m[32mstep: 32640 	 meta_lr 0.000500 	 training acc 0.84375 and training loss tensor(0.7582, device='cuda:0', grad_fn=<AddBackward0>), loss_auto: tensor(0.3064, device='cuda:0', grad_fn=<AddBackward0>), loss_pre: tensor(0.7276, device='cuda:0', grad_fn=<NllLossBackward0>)[0m[0m
experiment  : INFO     [32m[32mstep: 32680 	 meta_lr 0.000500 	 training acc 0.8125 and training loss tensor(0.6858, device='cuda:0', grad_fn=<AddBackward0>), loss_auto: tensor(0.3110, device='cuda:0', grad_fn=<AddBackward0>), loss_pre: tensor(0.6547, device='cuda:0', grad_fn=<NllLossBackward0>)[0m[0m
experiment  : INFO     [32m[32mstep: 32720 	 meta_lr 0.000500 	 training acc 0.921875 and training loss tensor(0.3742, device='cuda:0', grad_fn=<AddBackward0>), loss_auto: tensor(0.3100, device='cuda:0', grad_fn=<AddBackward0>), loss_pre: tensor(0.3432, device='cuda:0', grad_fn=<NllLossBackward0>)[0m[0m
experiment  : INFO     [32m[32mstep: 32760 	 meta_lr 0.000500 	 training acc 0.890625 and training loss tensor(0.3457, device='cuda:0', grad_fn=<AddBackward0>), loss_auto: tensor(0.3072, device='cuda:0', grad_fn=<AddBackward0>), loss_pre: tensor(0.3150, device='cuda:0', grad_fn=<NllLossBackward0>)[0m[0m
experiment  : INFO     [32m[32mstep: 32800 	 meta_lr 0.000500 	 training acc 0.859375 and training loss tensor(0.5542, device='cuda:0', grad_fn=<AddBackward0>), loss_auto: tensor(0.3078, device='cuda:0', grad_fn=<AddBackward0>), loss_pre: tensor(0.5234, device='cuda:0', grad_fn=<NllLossBackward0>)[0m[0m
experiment  : INFO     [32m[32mstep: 32840 	 meta_lr 0.000500 	 training acc 0.890625 and training loss tensor(0.3868, device='cuda:0', grad_fn=<AddBackward0>), loss_auto: tensor(0.3045, device='cuda:0', grad_fn=<AddBackward0>), loss_pre: tensor(0.3563, device='cuda:0', grad_fn=<NllLossBackward0>)[0m[0m
experiment  : INFO     [32m[32mstep: 32880 	 meta_lr 0.000500 	 training acc 0.8125 and training loss tensor(0.5596, device='cuda:0', grad_fn=<AddBackward0>), loss_auto: tensor(0.3023, device='cuda:0', grad_fn=<AddBackward0>), loss_pre: tensor(0.5294, device='cuda:0', grad_fn=<NllLossBackward0>)[0m[0m
experiment  : INFO     [32m[32mstep: 32920 	 meta_lr 0.000500 	 training acc 0.84375 and training loss tensor(0.4456, device='cuda:0', grad_fn=<AddBackward0>), loss_auto: tensor(0.3085, device='cuda:0', grad_fn=<AddBackward0>), loss_pre: tensor(0.4148, device='cuda:0', grad_fn=<NllLossBackward0>)[0m[0m
experiment  : INFO     [32m[32mstep: 32960 	 meta_lr 0.000500 	 training acc 0.8125 and training loss tensor(0.5226, device='cuda:0', grad_fn=<AddBackward0>), loss_auto: tensor(0.3095, device='cuda:0', grad_fn=<AddBackward0>), loss_pre: tensor(0.4917, device='cuda:0', grad_fn=<NllLossBackward0>)[0m[0m
experiment  : INFO     [32m[32mstep: 33000 	 meta_lr 0.000500 	 training acc 0.859375 and training loss tensor(0.5372, device='cuda:0', grad_fn=<AddBackward0>), loss_auto: tensor(0.3064, device='cuda:0', grad_fn=<AddBackward0>), loss_pre: tensor(0.5065, device='cuda:0', grad_fn=<NllLossBackward0>)[0m[0m
experiment  : INFO     [32m[32mTrain Accuracy = 0.8443151595744681[0m[0m
experiment  : INFO     [32m[32mTest Accuracy = 0.0[0m[0m
experiment  : INFO     [32m[32mstep: 33040 	 meta_lr 0.000500 	 training acc 0.828125 and training loss tensor(0.4799, device='cuda:0', grad_fn=<AddBackward0>), loss_auto: tensor(0.3077, device='cuda:0', grad_fn=<AddBackward0>), loss_pre: tensor(0.4491, device='cuda:0', grad_fn=<NllLossBackward0>)[0m[0m
experiment  : INFO     [32m[32mstep: 33080 	 meta_lr 0.000500 	 training acc 0.921875 and training loss tensor(0.4453, device='cuda:0', grad_fn=<AddBackward0>), loss_auto: tensor(0.3065, device='cuda:0', grad_fn=<AddBackward0>), loss_pre: tensor(0.4146, device='cuda:0', grad_fn=<NllLossBackward0>)[0m[0m
experiment  : INFO     [32m[32mstep: 33120 	 meta_lr 0.000500 	 training acc 0.765625 and training loss tensor(0.9068, device='cuda:0', grad_fn=<AddBackward0>), loss_auto: tensor(0.3068, device='cuda:0', grad_fn=<AddBackward0>), loss_pre: tensor(0.8761, device='cuda:0', grad_fn=<NllLossBackward0>)[0m[0m
experiment  : INFO     [32m[32mstep: 33160 	 meta_lr 0.000500 	 training acc 0.875 and training loss tensor(0.3185, device='cuda:0', grad_fn=<AddBackward0>), loss_auto: tensor(0.3086, device='cuda:0', grad_fn=<AddBackward0>), loss_pre: tensor(0.2876, device='cuda:0', grad_fn=<NllLossBackward0>)[0m[0m
experiment  : INFO     [32m[32mstep: 33200 	 meta_lr 0.000500 	 training acc 0.828125 and training loss tensor(0.4293, device='cuda:0', grad_fn=<AddBackward0>), loss_auto: tensor(0.3089, device='cuda:0', grad_fn=<AddBackward0>), loss_pre: tensor(0.3984, device='cuda:0', grad_fn=<NllLossBackward0>)[0m[0m
experiment  : INFO     [32m[32mstep: 33240 	 meta_lr 0.000500 	 training acc 0.859375 and training loss tensor(0.3991, device='cuda:0', grad_fn=<AddBackward0>), loss_auto: tensor(0.3056, device='cuda:0', grad_fn=<AddBackward0>), loss_pre: tensor(0.3686, device='cuda:0', grad_fn=<NllLossBackward0>)[0m[0m
experiment  : INFO     [32m[32mstep: 33280 	 meta_lr 0.000500 	 training acc 0.796875 and training loss tensor(0.8797, device='cuda:0', grad_fn=<AddBackward0>), loss_auto: tensor(0.3114, device='cuda:0', grad_fn=<AddBackward0>), loss_pre: tensor(0.8486, device='cuda:0', grad_fn=<NllLossBackward0>)[0m[0m
experiment  : INFO     [32m[32mstep: 33320 	 meta_lr 0.000500 	 training acc 0.78125 and training loss tensor(0.9862, device='cuda:0', grad_fn=<AddBackward0>), loss_auto: tensor(0.3071, device='cuda:0', grad_fn=<AddBackward0>), loss_pre: tensor(0.9555, device='cuda:0', grad_fn=<NllLossBackward0>)[0m[0m
experiment  : INFO     [32m[32mstep: 33360 	 meta_lr 0.000500 	 training acc 0.90625 and training loss tensor(0.3711, device='cuda:0', grad_fn=<AddBackward0>), loss_auto: tensor(0.3046, device='cuda:0', grad_fn=<AddBackward0>), loss_pre: tensor(0.3407, device='cuda:0', grad_fn=<NllLossBackward0>)[0m[0m
experiment  : INFO     [32m[32mstep: 33400 	 meta_lr 0.000500 	 training acc 0.796875 and training loss tensor(0.5091, device='cuda:0', grad_fn=<AddBackward0>), loss_auto: tensor(0.3061, device='cuda:0', grad_fn=<AddBackward0>), loss_pre: tensor(0.4785, device='cuda:0', grad_fn=<NllLossBackward0>)[0m[0m
experiment  : INFO     [32m[32mstep: 33440 	 meta_lr 0.000500 	 training acc 0.8125 and training loss tensor(0.5472, device='cuda:0', grad_fn=<AddBackward0>), loss_auto: tensor(0.3061, device='cuda:0', grad_fn=<AddBackward0>), loss_pre: tensor(0.5166, device='cuda:0', grad_fn=<NllLossBackward0>)[0m[0m
experiment  : INFO     [32m[32mstep: 33480 	 meta_lr 0.000500 	 training acc 0.921875 and training loss tensor(0.3693, device='cuda:0', grad_fn=<AddBackward0>), loss_auto: tensor(0.3070, device='cuda:0', grad_fn=<AddBackward0>), loss_pre: tensor(0.3386, device='cuda:0', grad_fn=<NllLossBackward0>)[0m[0m
experiment  : INFO     [32m[32mTrain Accuracy = 0.8545434397163121[0m[0m
experiment  : INFO     [32m[32mTest Accuracy = 0.0[0m[0m
experiment  : INFO     [32m[32mstep: 33520 	 meta_lr 0.000500 	 training acc 0.859375 and training loss tensor(0.6614, device='cuda:0', grad_fn=<AddBackward0>), loss_auto: tensor(0.3070, device='cuda:0', grad_fn=<AddBackward0>), loss_pre: tensor(0.6307, device='cuda:0', grad_fn=<NllLossBackward0>)[0m[0m
experiment  : INFO     [32m[32mstep: 33560 	 meta_lr 0.000500 	 training acc 0.765625 and training loss tensor(0.8055, device='cuda:0', grad_fn=<AddBackward0>), loss_auto: tensor(0.3120, device='cuda:0', grad_fn=<AddBackward0>), loss_pre: tensor(0.7742, device='cuda:0', grad_fn=<NllLossBackward0>)[0m[0m
experiment  : INFO     [32m[32mstep: 33600 	 meta_lr 0.000500 	 training acc 0.84375 and training loss tensor(0.5097, device='cuda:0', grad_fn=<AddBackward0>), loss_auto: tensor(0.3069, device='cuda:0', grad_fn=<AddBackward0>), loss_pre: tensor(0.4790, device='cuda:0', grad_fn=<NllLossBackward0>)[0m[0m
experiment  : INFO     [32m[32mstep: 33640 	 meta_lr 0.000500 	 training acc 0.796875 and training loss tensor(1.8517, device='cuda:0', grad_fn=<AddBackward0>), loss_auto: tensor(0.3064, device='cuda:0', grad_fn=<AddBackward0>), loss_pre: tensor(1.8211, device='cuda:0', grad_fn=<NllLossBackward0>)[0m[0m
experiment  : INFO     [32m[32mstep: 33680 	 meta_lr 0.000500 	 training acc 0.921875 and training loss tensor(0.2944, device='cuda:0', grad_fn=<AddBackward0>), loss_auto: tensor(0.3097, device='cuda:0', grad_fn=<AddBackward0>), loss_pre: tensor(0.2634, device='cuda:0', grad_fn=<NllLossBackward0>)[0m[0m
experiment  : INFO     [32m[32mstep: 33720 	 meta_lr 0.000500 	 training acc 0.890625 and training loss tensor(0.3619, device='cuda:0', grad_fn=<AddBackward0>), loss_auto: tensor(0.3067, device='cuda:0', grad_fn=<AddBackward0>), loss_pre: tensor(0.3313, device='cuda:0', grad_fn=<NllLossBackward0>)[0m[0m
experiment  : INFO     [32m[32mstep: 33760 	 meta_lr 0.000500 	 training acc 0.828125 and training loss tensor(0.6183, device='cuda:0', grad_fn=<AddBackward0>), loss_auto: tensor(0.3101, device='cuda:0', grad_fn=<AddBackward0>), loss_pre: tensor(0.5873, device='cuda:0', grad_fn=<NllLossBackward0>)[0m[0m
experiment  : INFO     [32m[32mstep: 33800 	 meta_lr 0.000500 	 training acc 0.8125 and training loss tensor(0.6485, device='cuda:0', grad_fn=<AddBackward0>), loss_auto: tensor(0.3063, device='cuda:0', grad_fn=<AddBackward0>), loss_pre: tensor(0.6179, device='cuda:0', grad_fn=<NllLossBackward0>)[0m[0m
experiment  : INFO     [32m[32mstep: 33840 	 meta_lr 0.000500 	 training acc 0.84375 and training loss tensor(0.5683, device='cuda:0', grad_fn=<AddBackward0>), loss_auto: tensor(0.3085, device='cuda:0', grad_fn=<AddBackward0>), loss_pre: tensor(0.5374, device='cuda:0', grad_fn=<NllLossBackward0>)[0m[0m
experiment  : INFO     [32m[32mstep: 33880 	 meta_lr 0.000500 	 training acc 0.84375 and training loss tensor(0.6900, device='cuda:0', grad_fn=<AddBackward0>), loss_auto: tensor(0.3099, device='cuda:0', grad_fn=<AddBackward0>), loss_pre: tensor(0.6590, device='cuda:0', grad_fn=<NllLossBackward0>)[0m[0m
experiment  : INFO     [32m[32mstep: 33920 	 meta_lr 0.000500 	 training acc 0.96875 and training loss tensor(0.2044, device='cuda:0', grad_fn=<AddBackward0>), loss_auto: tensor(0.3088, device='cuda:0', grad_fn=<AddBackward0>), loss_pre: tensor(0.1735, device='cuda:0', grad_fn=<NllLossBackward0>)[0m[0m
experiment  : INFO     [32m[32mstep: 33960 	 meta_lr 0.000500 	 training acc 0.953125 and training loss tensor(0.1892, device='cuda:0', grad_fn=<AddBackward0>), loss_auto: tensor(0.3108, device='cuda:0', grad_fn=<AddBackward0>), loss_pre: tensor(0.1581, device='cuda:0', grad_fn=<NllLossBackward0>)[0m[0m
experiment  : INFO     [32m[32mstep: 34000 	 meta_lr 0.000500 	 training acc 0.8125 and training loss tensor(0.8819, device='cuda:0', grad_fn=<AddBackward0>), loss_auto: tensor(0.3081, device='cuda:0', grad_fn=<AddBackward0>), loss_pre: tensor(0.8511, device='cuda:0', grad_fn=<NllLossBackward0>)[0m[0m
experiment  : INFO     [32m[32mTrain Accuracy = 0.8337101063829787[0m[0m
experiment  : INFO     [32m[32mTest Accuracy = 0.0[0m[0m
experiment  : INFO     [32m[32mstep: 34040 	 meta_lr 0.000500 	 training acc 0.875 and training loss tensor(0.3712, device='cuda:0', grad_fn=<AddBackward0>), loss_auto: tensor(0.3045, device='cuda:0', grad_fn=<AddBackward0>), loss_pre: tensor(0.3407, device='cuda:0', grad_fn=<NllLossBackward0>)[0m[0m
experiment  : INFO     [32m[32mstep: 34080 	 meta_lr 0.000500 	 training acc 0.890625 and training loss tensor(0.4843, device='cuda:0', grad_fn=<AddBackward0>), loss_auto: tensor(0.3079, device='cuda:0', grad_fn=<AddBackward0>), loss_pre: tensor(0.4535, device='cuda:0', grad_fn=<NllLossBackward0>)[0m[0m
experiment  : INFO     [32m[32mstep: 34120 	 meta_lr 0.000500 	 training acc 0.859375 and training loss tensor(0.4262, device='cuda:0', grad_fn=<AddBackward0>), loss_auto: tensor(0.3067, device='cuda:0', grad_fn=<AddBackward0>), loss_pre: tensor(0.3955, device='cuda:0', grad_fn=<NllLossBackward0>)[0m[0m
experiment  : INFO     [32m[32mstep: 34160 	 meta_lr 0.000500 	 training acc 0.90625 and training loss tensor(0.3535, device='cuda:0', grad_fn=<AddBackward0>), loss_auto: tensor(0.3072, device='cuda:0', grad_fn=<AddBackward0>), loss_pre: tensor(0.3228, device='cuda:0', grad_fn=<NllLossBackward0>)[0m[0m
experiment  : INFO     [32m[32mstep: 34200 	 meta_lr 0.000500 	 training acc 0.8125 and training loss tensor(0.5654, device='cuda:0', grad_fn=<AddBackward0>), loss_auto: tensor(0.3071, device='cuda:0', grad_fn=<AddBackward0>), loss_pre: tensor(0.5346, device='cuda:0', grad_fn=<NllLossBackward0>)[0m[0m
experiment  : INFO     [32m[32mstep: 34240 	 meta_lr 0.000500 	 training acc 0.8125 and training loss tensor(0.6098, device='cuda:0', grad_fn=<AddBackward0>), loss_auto: tensor(0.3052, device='cuda:0', grad_fn=<AddBackward0>), loss_pre: tensor(0.5793, device='cuda:0', grad_fn=<NllLossBackward0>)[0m[0m
experiment  : INFO     [32m[32mstep: 34280 	 meta_lr 0.000500 	 training acc 0.90625 and training loss tensor(0.2467, device='cuda:0', grad_fn=<AddBackward0>), loss_auto: tensor(0.3110, device='cuda:0', grad_fn=<AddBackward0>), loss_pre: tensor(0.2156, device='cuda:0', grad_fn=<NllLossBackward0>)[0m[0m
experiment  : INFO     [32m[32mstep: 34320 	 meta_lr 0.000500 	 training acc 0.890625 and training loss tensor(0.3884, device='cuda:0', grad_fn=<AddBackward0>), loss_auto: tensor(0.3059, device='cuda:0', grad_fn=<AddBackward0>), loss_pre: tensor(0.3578, device='cuda:0', grad_fn=<NllLossBackward0>)[0m[0m
experiment  : INFO     [32m[32mstep: 34360 	 meta_lr 0.000500 	 training acc 0.890625 and training loss tensor(0.8188, device='cuda:0', grad_fn=<AddBackward0>), loss_auto: tensor(0.3047, device='cuda:0', grad_fn=<AddBackward0>), loss_pre: tensor(0.7883, device='cuda:0', grad_fn=<NllLossBackward0>)[0m[0m
experiment  : INFO     [32m[32mstep: 34400 	 meta_lr 0.000500 	 training acc 0.890625 and training loss tensor(0.4126, device='cuda:0', grad_fn=<AddBackward0>), loss_auto: tensor(0.3115, device='cuda:0', grad_fn=<AddBackward0>), loss_pre: tensor(0.3815, device='cuda:0', grad_fn=<NllLossBackward0>)[0m[0m
experiment  : INFO     [32m[32mstep: 34440 	 meta_lr 0.000500 	 training acc 0.90625 and training loss tensor(0.4498, device='cuda:0', grad_fn=<AddBackward0>), loss_auto: tensor(0.3140, device='cuda:0', grad_fn=<AddBackward0>), loss_pre: tensor(0.4184, device='cuda:0', grad_fn=<NllLossBackward0>)[0m[0m
experiment  : INFO     [32m[32mstep: 34480 	 meta_lr 0.000500 	 training acc 0.84375 and training loss tensor(0.5368, device='cuda:0', grad_fn=<AddBackward0>), loss_auto: tensor(0.3115, device='cuda:0', grad_fn=<AddBackward0>), loss_pre: tensor(0.5057, device='cuda:0', grad_fn=<NllLossBackward0>)[0m[0m
experiment  : INFO     [32m[32mTrain Accuracy = 0.8244902482269504[0m[0m
experiment  : INFO     [32m[32mTest Accuracy = 0.0[0m[0m
experiment  : INFO     [32m[32mstep: 34520 	 meta_lr 0.000500 	 training acc 0.875 and training loss tensor(0.4106, device='cuda:0', grad_fn=<AddBackward0>), loss_auto: tensor(0.3061, device='cuda:0', grad_fn=<AddBackward0>), loss_pre: tensor(0.3800, device='cuda:0', grad_fn=<NllLossBackward0>)[0m[0m
experiment  : INFO     [32m[32mstep: 34560 	 meta_lr 0.000500 	 training acc 0.828125 and training loss tensor(0.9994, device='cuda:0', grad_fn=<AddBackward0>), loss_auto: tensor(0.3047, device='cuda:0', grad_fn=<AddBackward0>), loss_pre: tensor(0.9689, device='cuda:0', grad_fn=<NllLossBackward0>)[0m[0m
experiment  : INFO     [32m[32mstep: 34600 	 meta_lr 0.000500 	 training acc 0.875 and training loss tensor(0.3953, device='cuda:0', grad_fn=<AddBackward0>), loss_auto: tensor(0.3075, device='cuda:0', grad_fn=<AddBackward0>), loss_pre: tensor(0.3645, device='cuda:0', grad_fn=<NllLossBackward0>)[0m[0m
experiment  : INFO     [32m[32mstep: 34640 	 meta_lr 0.000500 	 training acc 0.796875 and training loss tensor(0.5760, device='cuda:0', grad_fn=<AddBackward0>), loss_auto: tensor(0.3068, device='cuda:0', grad_fn=<AddBackward0>), loss_pre: tensor(0.5454, device='cuda:0', grad_fn=<NllLossBackward0>)[0m[0m
experiment  : INFO     [32m[32mstep: 34680 	 meta_lr 0.000500 	 training acc 0.890625 and training loss tensor(0.5141, device='cuda:0', grad_fn=<AddBackward0>), loss_auto: tensor(0.3090, device='cuda:0', grad_fn=<AddBackward0>), loss_pre: tensor(0.4832, device='cuda:0', grad_fn=<NllLossBackward0>)[0m[0m
experiment  : INFO     [32m[32mstep: 34720 	 meta_lr 0.000500 	 training acc 0.828125 and training loss tensor(0.6519, device='cuda:0', grad_fn=<AddBackward0>), loss_auto: tensor(0.3088, device='cuda:0', grad_fn=<AddBackward0>), loss_pre: tensor(0.6210, device='cuda:0', grad_fn=<NllLossBackward0>)[0m[0m
experiment  : INFO     [32m[32mstep: 34760 	 meta_lr 0.000500 	 training acc 0.8125 and training loss tensor(0.4840, device='cuda:0', grad_fn=<AddBackward0>), loss_auto: tensor(0.3109, device='cuda:0', grad_fn=<AddBackward0>), loss_pre: tensor(0.4529, device='cuda:0', grad_fn=<NllLossBackward0>)[0m[0m
experiment  : INFO     [32m[32mstep: 34800 	 meta_lr 0.000500 	 training acc 0.796875 and training loss tensor(0.6289, device='cuda:0', grad_fn=<AddBackward0>), loss_auto: tensor(0.3079, device='cuda:0', grad_fn=<AddBackward0>), loss_pre: tensor(0.5982, device='cuda:0', grad_fn=<NllLossBackward0>)[0m[0m
experiment  : INFO     [32m[32mstep: 34840 	 meta_lr 0.000500 	 training acc 0.875 and training loss tensor(0.3066, device='cuda:0', grad_fn=<AddBackward0>), loss_auto: tensor(0.3105, device='cuda:0', grad_fn=<AddBackward0>), loss_pre: tensor(0.2755, device='cuda:0', grad_fn=<NllLossBackward0>)[0m[0m
experiment  : INFO     [32m[32mstep: 34880 	 meta_lr 0.000500 	 training acc 0.8125 and training loss tensor(0.4787, device='cuda:0', grad_fn=<AddBackward0>), loss_auto: tensor(0.3098, device='cuda:0', grad_fn=<AddBackward0>), loss_pre: tensor(0.4477, device='cuda:0', grad_fn=<NllLossBackward0>)[0m[0m
experiment  : INFO     [32m[32mstep: 34920 	 meta_lr 0.000500 	 training acc 0.890625 and training loss tensor(0.4010, device='cuda:0', grad_fn=<AddBackward0>), loss_auto: tensor(0.3073, device='cuda:0', grad_fn=<AddBackward0>), loss_pre: tensor(0.3702, device='cuda:0', grad_fn=<NllLossBackward0>)[0m[0m
experiment  : INFO     [32m[32mstep: 34960 	 meta_lr 0.000500 	 training acc 0.828125 and training loss tensor(0.5027, device='cuda:0', grad_fn=<AddBackward0>), loss_auto: tensor(0.3111, device='cuda:0', grad_fn=<AddBackward0>), loss_pre: tensor(0.4716, device='cuda:0', grad_fn=<NllLossBackward0>)[0m[0m
experiment  : INFO     [32m[32mstep: 35000 	 meta_lr 0.000500 	 training acc 0.78125 and training loss tensor(0.7571, device='cuda:0', grad_fn=<AddBackward0>), loss_auto: tensor(0.3077, device='cuda:0', grad_fn=<AddBackward0>), loss_pre: tensor(0.7263, device='cuda:0', grad_fn=<NllLossBackward0>)[0m[0m
experiment  : INFO     [32m[32mTrain Accuracy = 0.8638962765957446[0m[0m
experiment  : INFO     [32m[32mTest Accuracy = 0.0[0m[0m
experiment  : INFO     [32m[32mstep: 35040 	 meta_lr 0.000500 	 training acc 0.796875 and training loss tensor(0.4990, device='cuda:0', grad_fn=<AddBackward0>), loss_auto: tensor(0.3093, device='cuda:0', grad_fn=<AddBackward0>), loss_pre: tensor(0.4681, device='cuda:0', grad_fn=<NllLossBackward0>)[0m[0m
experiment  : INFO     [32m[32mstep: 35080 	 meta_lr 0.000500 	 training acc 0.796875 and training loss tensor(0.5551, device='cuda:0', grad_fn=<AddBackward0>), loss_auto: tensor(0.3080, device='cuda:0', grad_fn=<AddBackward0>), loss_pre: tensor(0.5243, device='cuda:0', grad_fn=<NllLossBackward0>)[0m[0m
experiment  : INFO     [32m[32mstep: 35120 	 meta_lr 0.000500 	 training acc 0.859375 and training loss tensor(0.3512, device='cuda:0', grad_fn=<AddBackward0>), loss_auto: tensor(0.3050, device='cuda:0', grad_fn=<AddBackward0>), loss_pre: tensor(0.3207, device='cuda:0', grad_fn=<NllLossBackward0>)[0m[0m
experiment  : INFO     [32m[32mstep: 35160 	 meta_lr 0.000500 	 training acc 0.828125 and training loss tensor(0.8640, device='cuda:0', grad_fn=<AddBackward0>), loss_auto: tensor(0.3103, device='cuda:0', grad_fn=<AddBackward0>), loss_pre: tensor(0.8329, device='cuda:0', grad_fn=<NllLossBackward0>)[0m[0m
experiment  : INFO     [32m[32mstep: 35200 	 meta_lr 0.000500 	 training acc 0.90625 and training loss tensor(0.5981, device='cuda:0', grad_fn=<AddBackward0>), loss_auto: tensor(0.3082, device='cuda:0', grad_fn=<AddBackward0>), loss_pre: tensor(0.5673, device='cuda:0', grad_fn=<NllLossBackward0>)[0m[0m
experiment  : INFO     [32m[32mstep: 35240 	 meta_lr 0.000500 	 training acc 0.890625 and training loss tensor(0.4418, device='cuda:0', grad_fn=<AddBackward0>), loss_auto: tensor(0.3094, device='cuda:0', grad_fn=<AddBackward0>), loss_pre: tensor(0.4109, device='cuda:0', grad_fn=<NllLossBackward0>)[0m[0m
experiment  : INFO     [32m[32mstep: 35280 	 meta_lr 0.000500 	 training acc 0.8125 and training loss tensor(1.7230, device='cuda:0', grad_fn=<AddBackward0>), loss_auto: tensor(0.3083, device='cuda:0', grad_fn=<AddBackward0>), loss_pre: tensor(1.6921, device='cuda:0', grad_fn=<NllLossBackward0>)[0m[0m
experiment  : INFO     [32m[32mstep: 35320 	 meta_lr 0.000500 	 training acc 0.859375 and training loss tensor(0.4779, device='cuda:0', grad_fn=<AddBackward0>), loss_auto: tensor(0.3066, device='cuda:0', grad_fn=<AddBackward0>), loss_pre: tensor(0.4472, device='cuda:0', grad_fn=<NllLossBackward0>)[0m[0m
experiment  : INFO     [32m[32mstep: 35360 	 meta_lr 0.000500 	 training acc 0.875 and training loss tensor(0.3192, device='cuda:0', grad_fn=<AddBackward0>), loss_auto: tensor(0.3076, device='cuda:0', grad_fn=<AddBackward0>), loss_pre: tensor(0.2885, device='cuda:0', grad_fn=<NllLossBackward0>)[0m[0m
experiment  : INFO     [32m[32mstep: 35400 	 meta_lr 0.000500 	 training acc 0.828125 and training loss tensor(0.5238, device='cuda:0', grad_fn=<AddBackward0>), loss_auto: tensor(0.3048, device='cuda:0', grad_fn=<AddBackward0>), loss_pre: tensor(0.4934, device='cuda:0', grad_fn=<NllLossBackward0>)[0m[0m
experiment  : INFO     [32m[32mstep: 35440 	 meta_lr 0.000500 	 training acc 0.859375 and training loss tensor(0.4093, device='cuda:0', grad_fn=<AddBackward0>), loss_auto: tensor(0.3067, device='cuda:0', grad_fn=<AddBackward0>), loss_pre: tensor(0.3786, device='cuda:0', grad_fn=<NllLossBackward0>)[0m[0m
experiment  : INFO     [32m[32mstep: 35480 	 meta_lr 0.000500 	 training acc 0.875 and training loss tensor(0.5482, device='cuda:0', grad_fn=<AddBackward0>), loss_auto: tensor(0.3111, device='cuda:0', grad_fn=<AddBackward0>), loss_pre: tensor(0.5171, device='cuda:0', grad_fn=<NllLossBackward0>)[0m[0m
experiment  : INFO     [32m[32mTrain Accuracy = 0.8402925531914893[0m[0m
experiment  : INFO     [32m[32mTest Accuracy = 0.0[0m[0m
experiment  : INFO     [32m[32mstep: 35520 	 meta_lr 0.000500 	 training acc 0.921875 and training loss tensor(0.4517, device='cuda:0', grad_fn=<AddBackward0>), loss_auto: tensor(0.3069, device='cuda:0', grad_fn=<AddBackward0>), loss_pre: tensor(0.4210, device='cuda:0', grad_fn=<NllLossBackward0>)[0m[0m
experiment  : INFO     [32m[32mstep: 35560 	 meta_lr 0.000500 	 training acc 0.90625 and training loss tensor(0.4957, device='cuda:0', grad_fn=<AddBackward0>), loss_auto: tensor(0.3081, device='cuda:0', grad_fn=<AddBackward0>), loss_pre: tensor(0.4649, device='cuda:0', grad_fn=<NllLossBackward0>)[0m[0m
experiment  : INFO     [32m[32mstep: 35600 	 meta_lr 0.000500 	 training acc 0.859375 and training loss tensor(0.4397, device='cuda:0', grad_fn=<AddBackward0>), loss_auto: tensor(0.3098, device='cuda:0', grad_fn=<AddBackward0>), loss_pre: tensor(0.4088, device='cuda:0', grad_fn=<NllLossBackward0>)[0m[0m
experiment  : INFO     [32m[32mstep: 35640 	 meta_lr 0.000500 	 training acc 0.8125 and training loss tensor(0.5539, device='cuda:0', grad_fn=<AddBackward0>), loss_auto: tensor(0.3056, device='cuda:0', grad_fn=<AddBackward0>), loss_pre: tensor(0.5234, device='cuda:0', grad_fn=<NllLossBackward0>)[0m[0m
experiment  : INFO     [32m[32mstep: 35680 	 meta_lr 0.000500 	 training acc 0.8125 and training loss tensor(0.5922, device='cuda:0', grad_fn=<AddBackward0>), loss_auto: tensor(0.3112, device='cuda:0', grad_fn=<AddBackward0>), loss_pre: tensor(0.5610, device='cuda:0', grad_fn=<NllLossBackward0>)[0m[0m
experiment  : INFO     [32m[32mstep: 35720 	 meta_lr 0.000500 	 training acc 0.8125 and training loss tensor(0.5756, device='cuda:0', grad_fn=<AddBackward0>), loss_auto: tensor(0.3071, device='cuda:0', grad_fn=<AddBackward0>), loss_pre: tensor(0.5448, device='cuda:0', grad_fn=<NllLossBackward0>)[0m[0m
experiment  : INFO     [32m[32mstep: 35760 	 meta_lr 0.000500 	 training acc 0.828125 and training loss tensor(0.5114, device='cuda:0', grad_fn=<AddBackward0>), loss_auto: tensor(0.3095, device='cuda:0', grad_fn=<AddBackward0>), loss_pre: tensor(0.4804, device='cuda:0', grad_fn=<NllLossBackward0>)[0m[0m
experiment  : INFO     [32m[32mstep: 35800 	 meta_lr 0.000500 	 training acc 0.890625 and training loss tensor(0.4106, device='cuda:0', grad_fn=<AddBackward0>), loss_auto: tensor(0.3090, device='cuda:0', grad_fn=<AddBackward0>), loss_pre: tensor(0.3797, device='cuda:0', grad_fn=<NllLossBackward0>)[0m[0m
experiment  : INFO     [32m[32mstep: 35840 	 meta_lr 0.000500 	 training acc 0.8125 and training loss tensor(0.5573, device='cuda:0', grad_fn=<AddBackward0>), loss_auto: tensor(0.3080, device='cuda:0', grad_fn=<AddBackward0>), loss_pre: tensor(0.5265, device='cuda:0', grad_fn=<NllLossBackward0>)[0m[0m
experiment  : INFO     [32m[32mstep: 35880 	 meta_lr 0.000500 	 training acc 0.75 and training loss tensor(1.0405, device='cuda:0', grad_fn=<AddBackward0>), loss_auto: tensor(0.3063, device='cuda:0', grad_fn=<AddBackward0>), loss_pre: tensor(1.0099, device='cuda:0', grad_fn=<NllLossBackward0>)[0m[0m
experiment  : INFO     [32m[32mstep: 35920 	 meta_lr 0.000500 	 training acc 0.9375 and training loss tensor(0.4204, device='cuda:0', grad_fn=<AddBackward0>), loss_auto: tensor(0.3100, device='cuda:0', grad_fn=<AddBackward0>), loss_pre: tensor(0.3894, device='cuda:0', grad_fn=<NllLossBackward0>)[0m[0m
experiment  : INFO     [32m[32mstep: 35960 	 meta_lr 0.000500 	 training acc 0.890625 and training loss tensor(0.3945, device='cuda:0', grad_fn=<AddBackward0>), loss_auto: tensor(0.3106, device='cuda:0', grad_fn=<AddBackward0>), loss_pre: tensor(0.3634, device='cuda:0', grad_fn=<NllLossBackward0>)[0m[0m
experiment  : INFO     [32m[32mstep: 36000 	 meta_lr 0.000500 	 training acc 0.90625 and training loss tensor(0.2439, device='cuda:0', grad_fn=<AddBackward0>), loss_auto: tensor(0.3099, device='cuda:0', grad_fn=<AddBackward0>), loss_pre: tensor(0.2129, device='cuda:0', grad_fn=<NllLossBackward0>)[0m[0m
experiment  : INFO     [32m[32mTrain Accuracy = 0.8425531914893617[0m[0m
experiment  : INFO     [32m[32mTest Accuracy = 0.0[0m[0m
experiment  : INFO     [32m[32mstep: 36040 	 meta_lr 0.000500 	 training acc 0.9375 and training loss tensor(0.2445, device='cuda:0', grad_fn=<AddBackward0>), loss_auto: tensor(0.3093, device='cuda:0', grad_fn=<AddBackward0>), loss_pre: tensor(0.2136, device='cuda:0', grad_fn=<NllLossBackward0>)[0m[0m
experiment  : INFO     [32m[32mstep: 36080 	 meta_lr 0.000500 	 training acc 0.890625 and training loss tensor(0.3569, device='cuda:0', grad_fn=<AddBackward0>), loss_auto: tensor(0.3066, device='cuda:0', grad_fn=<AddBackward0>), loss_pre: tensor(0.3263, device='cuda:0', grad_fn=<NllLossBackward0>)[0m[0m
experiment  : INFO     [32m[32mstep: 36120 	 meta_lr 0.000500 	 training acc 0.875 and training loss tensor(0.4470, device='cuda:0', grad_fn=<AddBackward0>), loss_auto: tensor(0.3091, device='cuda:0', grad_fn=<AddBackward0>), loss_pre: tensor(0.4161, device='cuda:0', grad_fn=<NllLossBackward0>)[0m[0m
experiment  : INFO     [32m[32mstep: 36160 	 meta_lr 0.000500 	 training acc 0.78125 and training loss tensor(0.6591, device='cuda:0', grad_fn=<AddBackward0>), loss_auto: tensor(0.3098, device='cuda:0', grad_fn=<AddBackward0>), loss_pre: tensor(0.6281, device='cuda:0', grad_fn=<NllLossBackward0>)[0m[0m
experiment  : INFO     [32m[32mstep: 36200 	 meta_lr 0.000500 	 training acc 0.828125 and training loss tensor(0.4513, device='cuda:0', grad_fn=<AddBackward0>), loss_auto: tensor(0.3079, device='cuda:0', grad_fn=<AddBackward0>), loss_pre: tensor(0.4206, device='cuda:0', grad_fn=<NllLossBackward0>)[0m[0m
experiment  : INFO     [32m[32mstep: 36240 	 meta_lr 0.000500 	 training acc 0.90625 and training loss tensor(0.3428, device='cuda:0', grad_fn=<AddBackward0>), loss_auto: tensor(0.3085, device='cuda:0', grad_fn=<AddBackward0>), loss_pre: tensor(0.3120, device='cuda:0', grad_fn=<NllLossBackward0>)[0m[0m
experiment  : INFO     [32m[32mstep: 36280 	 meta_lr 0.000500 	 training acc 0.890625 and training loss tensor(0.3204, device='cuda:0', grad_fn=<AddBackward0>), loss_auto: tensor(0.3073, device='cuda:0', grad_fn=<AddBackward0>), loss_pre: tensor(0.2897, device='cuda:0', grad_fn=<NllLossBackward0>)[0m[0m
experiment  : INFO     [32m[32mstep: 36320 	 meta_lr 0.000500 	 training acc 0.921875 and training loss tensor(0.3159, device='cuda:0', grad_fn=<AddBackward0>), loss_auto: tensor(0.3114, device='cuda:0', grad_fn=<AddBackward0>), loss_pre: tensor(0.2848, device='cuda:0', grad_fn=<NllLossBackward0>)[0m[0m
experiment  : INFO     [32m[32mstep: 36360 	 meta_lr 0.000500 	 training acc 0.890625 and training loss tensor(0.4251, device='cuda:0', grad_fn=<AddBackward0>), loss_auto: tensor(0.3069, device='cuda:0', grad_fn=<AddBackward0>), loss_pre: tensor(0.3944, device='cuda:0', grad_fn=<NllLossBackward0>)[0m[0m
experiment  : INFO     [32m[32mstep: 36400 	 meta_lr 0.000500 	 training acc 0.921875 and training loss tensor(0.2464, device='cuda:0', grad_fn=<AddBackward0>), loss_auto: tensor(0.3098, device='cuda:0', grad_fn=<AddBackward0>), loss_pre: tensor(0.2154, device='cuda:0', grad_fn=<NllLossBackward0>)[0m[0m
experiment  : INFO     [32m[32mstep: 36440 	 meta_lr 0.000500 	 training acc 0.875 and training loss tensor(0.3792, device='cuda:0', grad_fn=<AddBackward0>), loss_auto: tensor(0.3063, device='cuda:0', grad_fn=<AddBackward0>), loss_pre: tensor(0.3485, device='cuda:0', grad_fn=<NllLossBackward0>)[0m[0m
experiment  : INFO     [32m[32mstep: 36480 	 meta_lr 0.000500 	 training acc 0.8125 and training loss tensor(0.5105, device='cuda:0', grad_fn=<AddBackward0>), loss_auto: tensor(0.3074, device='cuda:0', grad_fn=<AddBackward0>), loss_pre: tensor(0.4798, device='cuda:0', grad_fn=<NllLossBackward0>)[0m[0m
experiment  : INFO     [32m[32mTrain Accuracy = 0.8313940602836879[0m[0m
experiment  : INFO     [32m[32mTest Accuracy = 0.0[0m[0m
experiment  : INFO     [32m[32mstep: 36520 	 meta_lr 0.000500 	 training acc 0.828125 and training loss tensor(0.7180, device='cuda:0', grad_fn=<AddBackward0>), loss_auto: tensor(0.3100, device='cuda:0', grad_fn=<AddBackward0>), loss_pre: tensor(0.6870, device='cuda:0', grad_fn=<NllLossBackward0>)[0m[0m
experiment  : INFO     [32m[32mstep: 36560 	 meta_lr 0.000500 	 training acc 0.84375 and training loss tensor(0.4991, device='cuda:0', grad_fn=<AddBackward0>), loss_auto: tensor(0.3037, device='cuda:0', grad_fn=<AddBackward0>), loss_pre: tensor(0.4688, device='cuda:0', grad_fn=<NllLossBackward0>)[0m[0m
experiment  : INFO     [32m[32mstep: 36600 	 meta_lr 0.000500 	 training acc 0.8125 and training loss tensor(0.4946, device='cuda:0', grad_fn=<AddBackward0>), loss_auto: tensor(0.3067, device='cuda:0', grad_fn=<AddBackward0>), loss_pre: tensor(0.4639, device='cuda:0', grad_fn=<NllLossBackward0>)[0m[0m
experiment  : INFO     [32m[32mstep: 36640 	 meta_lr 0.000500 	 training acc 0.84375 and training loss tensor(0.4266, device='cuda:0', grad_fn=<AddBackward0>), loss_auto: tensor(0.3129, device='cuda:0', grad_fn=<AddBackward0>), loss_pre: tensor(0.3953, device='cuda:0', grad_fn=<NllLossBackward0>)[0m[0m
experiment  : INFO     [32m[32mstep: 36680 	 meta_lr 0.000500 	 training acc 0.875 and training loss tensor(0.4755, device='cuda:0', grad_fn=<AddBackward0>), loss_auto: tensor(0.3069, device='cuda:0', grad_fn=<AddBackward0>), loss_pre: tensor(0.4448, device='cuda:0', grad_fn=<NllLossBackward0>)[0m[0m
experiment  : INFO     [32m[32mstep: 36720 	 meta_lr 0.000500 	 training acc 0.84375 and training loss tensor(0.5052, device='cuda:0', grad_fn=<AddBackward0>), loss_auto: tensor(0.3062, device='cuda:0', grad_fn=<AddBackward0>), loss_pre: tensor(0.4746, device='cuda:0', grad_fn=<NllLossBackward0>)[0m[0m
experiment  : INFO     [32m[32mstep: 36760 	 meta_lr 0.000500 	 training acc 0.9375 and training loss tensor(0.3867, device='cuda:0', grad_fn=<AddBackward0>), loss_auto: tensor(0.3104, device='cuda:0', grad_fn=<AddBackward0>), loss_pre: tensor(0.3556, device='cuda:0', grad_fn=<NllLossBackward0>)[0m[0m
experiment  : INFO     [32m[32mstep: 36800 	 meta_lr 0.000500 	 training acc 0.921875 and training loss tensor(0.2702, device='cuda:0', grad_fn=<AddBackward0>), loss_auto: tensor(0.3081, device='cuda:0', grad_fn=<AddBackward0>), loss_pre: tensor(0.2394, device='cuda:0', grad_fn=<NllLossBackward0>)[0m[0m
experiment  : INFO     [32m[32mstep: 36840 	 meta_lr 0.000500 	 training acc 0.78125 and training loss tensor(0.7407, device='cuda:0', grad_fn=<AddBackward0>), loss_auto: tensor(0.3120, device='cuda:0', grad_fn=<AddBackward0>), loss_pre: tensor(0.7095, device='cuda:0', grad_fn=<NllLossBackward0>)[0m[0m
experiment  : INFO     [32m[32mstep: 36880 	 meta_lr 0.000500 	 training acc 0.9375 and training loss tensor(0.1549, device='cuda:0', grad_fn=<AddBackward0>), loss_auto: tensor(0.3094, device='cuda:0', grad_fn=<AddBackward0>), loss_pre: tensor(0.1240, device='cuda:0', grad_fn=<NllLossBackward0>)[0m[0m
experiment  : INFO     [32m[32mstep: 36920 	 meta_lr 0.000500 	 training acc 0.828125 and training loss tensor(0.5917, device='cuda:0', grad_fn=<AddBackward0>), loss_auto: tensor(0.3085, device='cuda:0', grad_fn=<AddBackward0>), loss_pre: tensor(0.5608, device='cuda:0', grad_fn=<NllLossBackward0>)[0m[0m
experiment  : INFO     [32m[32mstep: 36960 	 meta_lr 0.000500 	 training acc 0.953125 and training loss tensor(0.2764, device='cuda:0', grad_fn=<AddBackward0>), loss_auto: tensor(0.3067, device='cuda:0', grad_fn=<AddBackward0>), loss_pre: tensor(0.2457, device='cuda:0', grad_fn=<NllLossBackward0>)[0m[0m
experiment  : INFO     [32m[32mstep: 37000 	 meta_lr 0.000500 	 training acc 0.859375 and training loss tensor(0.4717, device='cuda:0', grad_fn=<AddBackward0>), loss_auto: tensor(0.3090, device='cuda:0', grad_fn=<AddBackward0>), loss_pre: tensor(0.4408, device='cuda:0', grad_fn=<NllLossBackward0>)[0m[0m
experiment  : INFO     [32m[32mTrain Accuracy = 0.8476617907801419[0m[0m
experiment  : INFO     [32m[32mTest Accuracy = 0.0[0m[0m
experiment  : INFO     [32m[32mstep: 37040 	 meta_lr 0.000500 	 training acc 0.765625 and training loss tensor(1.1223, device='cuda:0', grad_fn=<AddBackward0>), loss_auto: tensor(0.3107, device='cuda:0', grad_fn=<AddBackward0>), loss_pre: tensor(1.0912, device='cuda:0', grad_fn=<NllLossBackward0>)[0m[0m
experiment  : INFO     [32m[32mstep: 37080 	 meta_lr 0.000500 	 training acc 0.9375 and training loss tensor(0.3197, device='cuda:0', grad_fn=<AddBackward0>), loss_auto: tensor(0.3090, device='cuda:0', grad_fn=<AddBackward0>), loss_pre: tensor(0.2888, device='cuda:0', grad_fn=<NllLossBackward0>)[0m[0m
experiment  : INFO     [32m[32mstep: 37120 	 meta_lr 0.000500 	 training acc 0.84375 and training loss tensor(0.4690, device='cuda:0', grad_fn=<AddBackward0>), loss_auto: tensor(0.3069, device='cuda:0', grad_fn=<AddBackward0>), loss_pre: tensor(0.4383, device='cuda:0', grad_fn=<NllLossBackward0>)[0m[0m
experiment  : INFO     [32m[32mstep: 37160 	 meta_lr 0.000500 	 training acc 0.890625 and training loss tensor(0.4423, device='cuda:0', grad_fn=<AddBackward0>), loss_auto: tensor(0.3046, device='cuda:0', grad_fn=<AddBackward0>), loss_pre: tensor(0.4118, device='cuda:0', grad_fn=<NllLossBackward0>)[0m[0m
experiment  : INFO     [32m[32mstep: 37200 	 meta_lr 0.000500 	 training acc 0.859375 and training loss tensor(0.3911, device='cuda:0', grad_fn=<AddBackward0>), loss_auto: tensor(0.3105, device='cuda:0', grad_fn=<AddBackward0>), loss_pre: tensor(0.3601, device='cuda:0', grad_fn=<NllLossBackward0>)[0m[0m
experiment  : INFO     [32m[32mstep: 37240 	 meta_lr 0.000500 	 training acc 0.859375 and training loss tensor(0.4102, device='cuda:0', grad_fn=<AddBackward0>), loss_auto: tensor(0.3055, device='cuda:0', grad_fn=<AddBackward0>), loss_pre: tensor(0.3797, device='cuda:0', grad_fn=<NllLossBackward0>)[0m[0m
experiment  : INFO     [32m[32mstep: 37280 	 meta_lr 0.000500 	 training acc 0.875 and training loss tensor(0.4870, device='cuda:0', grad_fn=<AddBackward0>), loss_auto: tensor(0.3105, device='cuda:0', grad_fn=<AddBackward0>), loss_pre: tensor(0.4560, device='cuda:0', grad_fn=<NllLossBackward0>)[0m[0m
experiment  : INFO     [32m[32mstep: 37320 	 meta_lr 0.000500 	 training acc 0.921875 and training loss tensor(0.4607, device='cuda:0', grad_fn=<AddBackward0>), loss_auto: tensor(0.3079, device='cuda:0', grad_fn=<AddBackward0>), loss_pre: tensor(0.4299, device='cuda:0', grad_fn=<NllLossBackward0>)[0m[0m
experiment  : INFO     [32m[32mstep: 37360 	 meta_lr 0.000500 	 training acc 1.0 and training loss tensor(0.0808, device='cuda:0', grad_fn=<AddBackward0>), loss_auto: tensor(0.3086, device='cuda:0', grad_fn=<AddBackward0>), loss_pre: tensor(0.0499, device='cuda:0', grad_fn=<NllLossBackward0>)[0m[0m
experiment  : INFO     [32m[32mstep: 37400 	 meta_lr 0.000500 	 training acc 0.859375 and training loss tensor(0.4900, device='cuda:0', grad_fn=<AddBackward0>), loss_auto: tensor(0.3090, device='cuda:0', grad_fn=<AddBackward0>), loss_pre: tensor(0.4591, device='cuda:0', grad_fn=<NllLossBackward0>)[0m[0m
experiment  : INFO     [32m[32mstep: 37440 	 meta_lr 0.000500 	 training acc 0.90625 and training loss tensor(0.2634, device='cuda:0', grad_fn=<AddBackward0>), loss_auto: tensor(0.3066, device='cuda:0', grad_fn=<AddBackward0>), loss_pre: tensor(0.2328, device='cuda:0', grad_fn=<NllLossBackward0>)[0m[0m
experiment  : INFO     [32m[32mstep: 37480 	 meta_lr 0.000500 	 training acc 0.890625 and training loss tensor(0.5459, device='cuda:0', grad_fn=<AddBackward0>), loss_auto: tensor(0.3116, device='cuda:0', grad_fn=<AddBackward0>), loss_pre: tensor(0.5148, device='cuda:0', grad_fn=<NllLossBackward0>)[0m[0m
experiment  : INFO     [32m[32mTrain Accuracy = 0.8460771276595744[0m[0m
experiment  : INFO     [32m[32mTest Accuracy = 0.0[0m[0m
experiment  : INFO     [32m[32mstep: 37520 	 meta_lr 0.000500 	 training acc 0.859375 and training loss tensor(0.5830, device='cuda:0', grad_fn=<AddBackward0>), loss_auto: tensor(0.3107, device='cuda:0', grad_fn=<AddBackward0>), loss_pre: tensor(0.5519, device='cuda:0', grad_fn=<NllLossBackward0>)[0m[0m
experiment  : INFO     [32m[32mstep: 37560 	 meta_lr 0.000500 	 training acc 0.875 and training loss tensor(0.3480, device='cuda:0', grad_fn=<AddBackward0>), loss_auto: tensor(0.3099, device='cuda:0', grad_fn=<AddBackward0>), loss_pre: tensor(0.3170, device='cuda:0', grad_fn=<NllLossBackward0>)[0m[0m
experiment  : INFO     [32m[32mstep: 37600 	 meta_lr 0.000500 	 training acc 0.859375 and training loss tensor(0.5230, device='cuda:0', grad_fn=<AddBackward0>), loss_auto: tensor(0.3101, device='cuda:0', grad_fn=<AddBackward0>), loss_pre: tensor(0.4920, device='cuda:0', grad_fn=<NllLossBackward0>)[0m[0m
experiment  : INFO     [32m[32mstep: 37640 	 meta_lr 0.000500 	 training acc 0.765625 and training loss tensor(0.7890, device='cuda:0', grad_fn=<AddBackward0>), loss_auto: tensor(0.3094, device='cuda:0', grad_fn=<AddBackward0>), loss_pre: tensor(0.7581, device='cuda:0', grad_fn=<NllLossBackward0>)[0m[0m
experiment  : INFO     [32m[32mstep: 37680 	 meta_lr 0.000500 	 training acc 0.859375 and training loss tensor(0.2988, device='cuda:0', grad_fn=<AddBackward0>), loss_auto: tensor(0.3080, device='cuda:0', grad_fn=<AddBackward0>), loss_pre: tensor(0.2680, device='cuda:0', grad_fn=<NllLossBackward0>)[0m[0m
experiment  : INFO     [32m[32mstep: 37720 	 meta_lr 0.000500 	 training acc 0.828125 and training loss tensor(0.5790, device='cuda:0', grad_fn=<AddBackward0>), loss_auto: tensor(0.3085, device='cuda:0', grad_fn=<AddBackward0>), loss_pre: tensor(0.5481, device='cuda:0', grad_fn=<NllLossBackward0>)[0m[0m
experiment  : INFO     [32m[32mstep: 37760 	 meta_lr 0.000500 	 training acc 0.8125 and training loss tensor(0.7915, device='cuda:0', grad_fn=<AddBackward0>), loss_auto: tensor(0.3100, device='cuda:0', grad_fn=<AddBackward0>), loss_pre: tensor(0.7605, device='cuda:0', grad_fn=<NllLossBackward0>)[0m[0m
experiment  : INFO     [32m[32mstep: 37800 	 meta_lr 0.000500 	 training acc 0.875 and training loss tensor(0.7015, device='cuda:0', grad_fn=<AddBackward0>), loss_auto: tensor(0.3093, device='cuda:0', grad_fn=<AddBackward0>), loss_pre: tensor(0.6706, device='cuda:0', grad_fn=<NllLossBackward0>)[0m[0m
experiment  : INFO     [32m[32mstep: 37840 	 meta_lr 0.000500 	 training acc 0.796875 and training loss tensor(0.5474, device='cuda:0', grad_fn=<AddBackward0>), loss_auto: tensor(0.3147, device='cuda:0', grad_fn=<AddBackward0>), loss_pre: tensor(0.5160, device='cuda:0', grad_fn=<NllLossBackward0>)[0m[0m
experiment  : INFO     [32m[32mstep: 37880 	 meta_lr 0.000500 	 training acc 0.875 and training loss tensor(0.5736, device='cuda:0', grad_fn=<AddBackward0>), loss_auto: tensor(0.3080, device='cuda:0', grad_fn=<AddBackward0>), loss_pre: tensor(0.5428, device='cuda:0', grad_fn=<NllLossBackward0>)[0m[0m
experiment  : INFO     [32m[32mstep: 37920 	 meta_lr 0.000500 	 training acc 0.921875 and training loss tensor(0.2592, device='cuda:0', grad_fn=<AddBackward0>), loss_auto: tensor(0.3126, device='cuda:0', grad_fn=<AddBackward0>), loss_pre: tensor(0.2280, device='cuda:0', grad_fn=<NllLossBackward0>)[0m[0m
experiment  : INFO     [32m[32mstep: 37960 	 meta_lr 0.000500 	 training acc 0.828125 and training loss tensor(0.4645, device='cuda:0', grad_fn=<AddBackward0>), loss_auto: tensor(0.3080, device='cuda:0', grad_fn=<AddBackward0>), loss_pre: tensor(0.4337, device='cuda:0', grad_fn=<NllLossBackward0>)[0m[0m
experiment  : INFO     [32m[32mstep: 38000 	 meta_lr 0.000500 	 training acc 0.859375 and training loss tensor(0.4565, device='cuda:0', grad_fn=<AddBackward0>), loss_auto: tensor(0.3092, device='cuda:0', grad_fn=<AddBackward0>), loss_pre: tensor(0.4255, device='cuda:0', grad_fn=<NllLossBackward0>)[0m[0m
experiment  : INFO     [32m[32mTrain Accuracy = 0.8560505319148937[0m[0m
experiment  : INFO     [32m[32mTest Accuracy = 0.0[0m[0m
experiment  : INFO     [32m[32mstep: 38040 	 meta_lr 0.000500 	 training acc 0.890625 and training loss tensor(0.5236, device='cuda:0', grad_fn=<AddBackward0>), loss_auto: tensor(0.3096, device='cuda:0', grad_fn=<AddBackward0>), loss_pre: tensor(0.4927, device='cuda:0', grad_fn=<NllLossBackward0>)[0m[0m
experiment  : INFO     [32m[32mstep: 38080 	 meta_lr 0.000500 	 training acc 0.859375 and training loss tensor(0.3109, device='cuda:0', grad_fn=<AddBackward0>), loss_auto: tensor(0.3105, device='cuda:0', grad_fn=<AddBackward0>), loss_pre: tensor(0.2799, device='cuda:0', grad_fn=<NllLossBackward0>)[0m[0m
experiment  : INFO     [32m[32mstep: 38120 	 meta_lr 0.000500 	 training acc 0.953125 and training loss tensor(0.1984, device='cuda:0', grad_fn=<AddBackward0>), loss_auto: tensor(0.3108, device='cuda:0', grad_fn=<AddBackward0>), loss_pre: tensor(0.1674, device='cuda:0', grad_fn=<NllLossBackward0>)[0m[0m
experiment  : INFO     [32m[32mstep: 38160 	 meta_lr 0.000500 	 training acc 0.890625 and training loss tensor(0.3383, device='cuda:0', grad_fn=<AddBackward0>), loss_auto: tensor(0.3115, device='cuda:0', grad_fn=<AddBackward0>), loss_pre: tensor(0.3071, device='cuda:0', grad_fn=<NllLossBackward0>)[0m[0m
experiment  : INFO     [32m[32mstep: 38200 	 meta_lr 0.000500 	 training acc 0.890625 and training loss tensor(0.4094, device='cuda:0', grad_fn=<AddBackward0>), loss_auto: tensor(0.3111, device='cuda:0', grad_fn=<AddBackward0>), loss_pre: tensor(0.3783, device='cuda:0', grad_fn=<NllLossBackward0>)[0m[0m
experiment  : INFO     [32m[32mstep: 38240 	 meta_lr 0.000500 	 training acc 0.84375 and training loss tensor(0.4858, device='cuda:0', grad_fn=<AddBackward0>), loss_auto: tensor(0.3113, device='cuda:0', grad_fn=<AddBackward0>), loss_pre: tensor(0.4546, device='cuda:0', grad_fn=<NllLossBackward0>)[0m[0m
experiment  : INFO     [32m[32mstep: 38280 	 meta_lr 0.000500 	 training acc 0.890625 and training loss tensor(0.5096, device='cuda:0', grad_fn=<AddBackward0>), loss_auto: tensor(0.3097, device='cuda:0', grad_fn=<AddBackward0>), loss_pre: tensor(0.4786, device='cuda:0', grad_fn=<NllLossBackward0>)[0m[0m
experiment  : INFO     [32m[32mstep: 38320 	 meta_lr 0.000500 	 training acc 0.875 and training loss tensor(0.4101, device='cuda:0', grad_fn=<AddBackward0>), loss_auto: tensor(0.3087, device='cuda:0', grad_fn=<AddBackward0>), loss_pre: tensor(0.3793, device='cuda:0', grad_fn=<NllLossBackward0>)[0m[0m
experiment  : INFO     [32m[32mstep: 38360 	 meta_lr 0.000500 	 training acc 0.921875 and training loss tensor(0.4785, device='cuda:0', grad_fn=<AddBackward0>), loss_auto: tensor(0.3133, device='cuda:0', grad_fn=<AddBackward0>), loss_pre: tensor(0.4472, device='cuda:0', grad_fn=<NllLossBackward0>)[0m[0m
experiment  : INFO     [32m[32mstep: 38400 	 meta_lr 0.000500 	 training acc 0.875 and training loss tensor(0.3906, device='cuda:0', grad_fn=<AddBackward0>), loss_auto: tensor(0.3072, device='cuda:0', grad_fn=<AddBackward0>), loss_pre: tensor(0.3599, device='cuda:0', grad_fn=<NllLossBackward0>)[0m[0m
experiment  : INFO     [32m[32mstep: 38440 	 meta_lr 0.000500 	 training acc 0.859375 and training loss tensor(0.5869, device='cuda:0', grad_fn=<AddBackward0>), loss_auto: tensor(0.3078, device='cuda:0', grad_fn=<AddBackward0>), loss_pre: tensor(0.5561, device='cuda:0', grad_fn=<NllLossBackward0>)[0m[0m
experiment  : INFO     [32m[32mstep: 38480 	 meta_lr 0.000500 	 training acc 0.859375 and training loss tensor(0.3439, device='cuda:0', grad_fn=<AddBackward0>), loss_auto: tensor(0.3125, device='cuda:0', grad_fn=<AddBackward0>), loss_pre: tensor(0.3126, device='cuda:0', grad_fn=<NllLossBackward0>)[0m[0m
experiment  : INFO     [32m[32mTrain Accuracy = 0.847373670212766[0m[0m
experiment  : INFO     [32m[32mTest Accuracy = 0.0[0m[0m
experiment  : INFO     [32m[32mstep: 38520 	 meta_lr 0.000500 	 training acc 0.875 and training loss tensor(0.5497, device='cuda:0', grad_fn=<AddBackward0>), loss_auto: tensor(0.3072, device='cuda:0', grad_fn=<AddBackward0>), loss_pre: tensor(0.5190, device='cuda:0', grad_fn=<NllLossBackward0>)[0m[0m
experiment  : INFO     [32m[32mstep: 38560 	 meta_lr 0.000500 	 training acc 0.921875 and training loss tensor(0.3494, device='cuda:0', grad_fn=<AddBackward0>), loss_auto: tensor(0.3098, device='cuda:0', grad_fn=<AddBackward0>), loss_pre: tensor(0.3184, device='cuda:0', grad_fn=<NllLossBackward0>)[0m[0m
experiment  : INFO     [32m[32mstep: 38600 	 meta_lr 0.000500 	 training acc 0.90625 and training loss tensor(0.4008, device='cuda:0', grad_fn=<AddBackward0>), loss_auto: tensor(0.3109, device='cuda:0', grad_fn=<AddBackward0>), loss_pre: tensor(0.3697, device='cuda:0', grad_fn=<NllLossBackward0>)[0m[0m
experiment  : INFO     [32m[32mstep: 38640 	 meta_lr 0.000500 	 training acc 0.890625 and training loss tensor(0.5245, device='cuda:0', grad_fn=<AddBackward0>), loss_auto: tensor(0.3102, device='cuda:0', grad_fn=<AddBackward0>), loss_pre: tensor(0.4935, device='cuda:0', grad_fn=<NllLossBackward0>)[0m[0m
experiment  : INFO     [32m[32mstep: 38680 	 meta_lr 0.000500 	 training acc 0.875 and training loss tensor(0.5689, device='cuda:0', grad_fn=<AddBackward0>), loss_auto: tensor(0.3103, device='cuda:0', grad_fn=<AddBackward0>), loss_pre: tensor(0.5379, device='cuda:0', grad_fn=<NllLossBackward0>)[0m[0m
experiment  : INFO     [32m[32mstep: 38720 	 meta_lr 0.000500 	 training acc 0.84375 and training loss tensor(0.5628, device='cuda:0', grad_fn=<AddBackward0>), loss_auto: tensor(0.3115, device='cuda:0', grad_fn=<AddBackward0>), loss_pre: tensor(0.5317, device='cuda:0', grad_fn=<NllLossBackward0>)[0m[0m
experiment  : INFO     [32m[32mstep: 38760 	 meta_lr 0.000500 	 training acc 0.96875 and training loss tensor(0.1432, device='cuda:0', grad_fn=<AddBackward0>), loss_auto: tensor(0.3089, device='cuda:0', grad_fn=<AddBackward0>), loss_pre: tensor(0.1123, device='cuda:0', grad_fn=<NllLossBackward0>)[0m[0m
experiment  : INFO     [32m[32mstep: 38800 	 meta_lr 0.000500 	 training acc 0.953125 and training loss tensor(0.1965, device='cuda:0', grad_fn=<AddBackward0>), loss_auto: tensor(0.3107, device='cuda:0', grad_fn=<AddBackward0>), loss_pre: tensor(0.1655, device='cuda:0', grad_fn=<NllLossBackward0>)[0m[0m
experiment  : INFO     [32m[32mstep: 38840 	 meta_lr 0.000500 	 training acc 0.828125 and training loss tensor(0.4231, device='cuda:0', grad_fn=<AddBackward0>), loss_auto: tensor(0.3082, device='cuda:0', grad_fn=<AddBackward0>), loss_pre: tensor(0.3923, device='cuda:0', grad_fn=<NllLossBackward0>)[0m[0m
experiment  : INFO     [32m[32mstep: 38880 	 meta_lr 0.000500 	 training acc 0.921875 and training loss tensor(0.3155, device='cuda:0', grad_fn=<AddBackward0>), loss_auto: tensor(0.3078, device='cuda:0', grad_fn=<AddBackward0>), loss_pre: tensor(0.2847, device='cuda:0', grad_fn=<NllLossBackward0>)[0m[0m
experiment  : INFO     [32m[32mstep: 38920 	 meta_lr 0.000500 	 training acc 0.921875 and training loss tensor(0.2971, device='cuda:0', grad_fn=<AddBackward0>), loss_auto: tensor(0.3106, device='cuda:0', grad_fn=<AddBackward0>), loss_pre: tensor(0.2661, device='cuda:0', grad_fn=<NllLossBackward0>)[0m[0m
experiment  : INFO     [32m[32mstep: 38960 	 meta_lr 0.000500 	 training acc 0.890625 and training loss tensor(1.0921, device='cuda:0', grad_fn=<AddBackward0>), loss_auto: tensor(0.3115, device='cuda:0', grad_fn=<AddBackward0>), loss_pre: tensor(1.0609, device='cuda:0', grad_fn=<NllLossBackward0>)[0m[0m
experiment  : INFO     [32m[32mstep: 39000 	 meta_lr 0.000500 	 training acc 0.84375 and training loss tensor(0.3995, device='cuda:0', grad_fn=<AddBackward0>), loss_auto: tensor(0.3094, device='cuda:0', grad_fn=<AddBackward0>), loss_pre: tensor(0.3686, device='cuda:0', grad_fn=<NllLossBackward0>)[0m[0m
experiment  : INFO     [32m[32mTrain Accuracy = 0.8619237588652483[0m[0m
experiment  : INFO     [32m[32mTest Accuracy = 0.0[0m[0m
experiment  : INFO     [32m[32mstep: 39040 	 meta_lr 0.000500 	 training acc 0.859375 and training loss tensor(0.3581, device='cuda:0', grad_fn=<AddBackward0>), loss_auto: tensor(0.3134, device='cuda:0', grad_fn=<AddBackward0>), loss_pre: tensor(0.3268, device='cuda:0', grad_fn=<NllLossBackward0>)[0m[0m
experiment  : INFO     [32m[32mstep: 39080 	 meta_lr 0.000500 	 training acc 0.828125 and training loss tensor(0.5083, device='cuda:0', grad_fn=<AddBackward0>), loss_auto: tensor(0.3090, device='cuda:0', grad_fn=<AddBackward0>), loss_pre: tensor(0.4773, device='cuda:0', grad_fn=<NllLossBackward0>)[0m[0m
experiment  : INFO     [32m[32mstep: 39120 	 meta_lr 0.000500 	 training acc 0.875 and training loss tensor(0.4522, device='cuda:0', grad_fn=<AddBackward0>), loss_auto: tensor(0.3094, device='cuda:0', grad_fn=<AddBackward0>), loss_pre: tensor(0.4212, device='cuda:0', grad_fn=<NllLossBackward0>)[0m[0m
experiment  : INFO     [32m[32mstep: 39160 	 meta_lr 0.000500 	 training acc 0.90625 and training loss tensor(0.3994, device='cuda:0', grad_fn=<AddBackward0>), loss_auto: tensor(0.3058, device='cuda:0', grad_fn=<AddBackward0>), loss_pre: tensor(0.3688, device='cuda:0', grad_fn=<NllLossBackward0>)[0m[0m
experiment  : INFO     [32m[32mstep: 39200 	 meta_lr 0.000500 	 training acc 0.96875 and training loss tensor(0.2996, device='cuda:0', grad_fn=<AddBackward0>), loss_auto: tensor(0.3077, device='cuda:0', grad_fn=<AddBackward0>), loss_pre: tensor(0.2688, device='cuda:0', grad_fn=<NllLossBackward0>)[0m[0m
experiment  : INFO     [32m[32mstep: 39240 	 meta_lr 0.000500 	 training acc 0.84375 and training loss tensor(0.6898, device='cuda:0', grad_fn=<AddBackward0>), loss_auto: tensor(0.3096, device='cuda:0', grad_fn=<AddBackward0>), loss_pre: tensor(0.6588, device='cuda:0', grad_fn=<NllLossBackward0>)[0m[0m
experiment  : INFO     [32m[32mstep: 39280 	 meta_lr 0.000500 	 training acc 0.8125 and training loss tensor(0.9954, device='cuda:0', grad_fn=<AddBackward0>), loss_auto: tensor(0.3134, device='cuda:0', grad_fn=<AddBackward0>), loss_pre: tensor(0.9640, device='cuda:0', grad_fn=<NllLossBackward0>)[0m[0m
experiment  : INFO     [32m[32mstep: 39320 	 meta_lr 0.000500 	 training acc 0.796875 and training loss tensor(0.4756, device='cuda:0', grad_fn=<AddBackward0>), loss_auto: tensor(0.3061, device='cuda:0', grad_fn=<AddBackward0>), loss_pre: tensor(0.4450, device='cuda:0', grad_fn=<NllLossBackward0>)[0m[0m
experiment  : INFO     [32m[32mstep: 39360 	 meta_lr 0.000500 	 training acc 0.78125 and training loss tensor(0.5662, device='cuda:0', grad_fn=<AddBackward0>), loss_auto: tensor(0.3103, device='cuda:0', grad_fn=<AddBackward0>), loss_pre: tensor(0.5352, device='cuda:0', grad_fn=<NllLossBackward0>)[0m[0m
experiment  : INFO     [32m[32mstep: 39400 	 meta_lr 0.000500 	 training acc 0.859375 and training loss tensor(0.5513, device='cuda:0', grad_fn=<AddBackward0>), loss_auto: tensor(0.3109, device='cuda:0', grad_fn=<AddBackward0>), loss_pre: tensor(0.5202, device='cuda:0', grad_fn=<NllLossBackward0>)[0m[0m
experiment  : INFO     [32m[32mstep: 39440 	 meta_lr 0.000500 	 training acc 0.84375 and training loss tensor(0.4965, device='cuda:0', grad_fn=<AddBackward0>), loss_auto: tensor(0.3083, device='cuda:0', grad_fn=<AddBackward0>), loss_pre: tensor(0.4657, device='cuda:0', grad_fn=<NllLossBackward0>)[0m[0m
experiment  : INFO     [32m[32mstep: 39480 	 meta_lr 0.000500 	 training acc 0.84375 and training loss tensor(0.4481, device='cuda:0', grad_fn=<AddBackward0>), loss_auto: tensor(0.3129, device='cuda:0', grad_fn=<AddBackward0>), loss_pre: tensor(0.4168, device='cuda:0', grad_fn=<NllLossBackward0>)[0m[0m
experiment  : INFO     [32m[32mTrain Accuracy = 0.8274933510638298[0m[0m
experiment  : INFO     [32m[32mTest Accuracy = 0.0[0m[0m
experiment  : INFO     [32m[32mstep: 39520 	 meta_lr 0.000500 	 training acc 0.921875 and training loss tensor(0.2427, device='cuda:0', grad_fn=<AddBackward0>), loss_auto: tensor(0.3091, device='cuda:0', grad_fn=<AddBackward0>), loss_pre: tensor(0.2118, device='cuda:0', grad_fn=<NllLossBackward0>)[0m[0m
experiment  : INFO     [32m[32mstep: 39560 	 meta_lr 0.000500 	 training acc 0.796875 and training loss tensor(0.7791, device='cuda:0', grad_fn=<AddBackward0>), loss_auto: tensor(0.3115, device='cuda:0', grad_fn=<AddBackward0>), loss_pre: tensor(0.7479, device='cuda:0', grad_fn=<NllLossBackward0>)[0m[0m
experiment  : INFO     [32m[32mstep: 39600 	 meta_lr 0.000500 	 training acc 0.8125 and training loss tensor(0.7286, device='cuda:0', grad_fn=<AddBackward0>), loss_auto: tensor(0.3120, device='cuda:0', grad_fn=<AddBackward0>), loss_pre: tensor(0.6973, device='cuda:0', grad_fn=<NllLossBackward0>)[0m[0m
experiment  : INFO     [32m[32mstep: 39640 	 meta_lr 0.000500 	 training acc 0.890625 and training loss tensor(0.3619, device='cuda:0', grad_fn=<AddBackward0>), loss_auto: tensor(0.3083, device='cuda:0', grad_fn=<AddBackward0>), loss_pre: tensor(0.3311, device='cuda:0', grad_fn=<NllLossBackward0>)[0m[0m
experiment  : INFO     [32m[32mstep: 39680 	 meta_lr 0.000500 	 training acc 0.890625 and training loss tensor(0.3100, device='cuda:0', grad_fn=<AddBackward0>), loss_auto: tensor(0.3070, device='cuda:0', grad_fn=<AddBackward0>), loss_pre: tensor(0.2793, device='cuda:0', grad_fn=<NllLossBackward0>)[0m[0m
experiment  : INFO     [32m[32mstep: 39720 	 meta_lr 0.000500 	 training acc 0.9375 and training loss tensor(0.2479, device='cuda:0', grad_fn=<AddBackward0>), loss_auto: tensor(0.3092, device='cuda:0', grad_fn=<AddBackward0>), loss_pre: tensor(0.2170, device='cuda:0', grad_fn=<NllLossBackward0>)[0m[0m
experiment  : INFO     [32m[32mstep: 39760 	 meta_lr 0.000500 	 training acc 0.875 and training loss tensor(0.3089, device='cuda:0', grad_fn=<AddBackward0>), loss_auto: tensor(0.3061, device='cuda:0', grad_fn=<AddBackward0>), loss_pre: tensor(0.2782, device='cuda:0', grad_fn=<NllLossBackward0>)[0m[0m
experiment  : INFO     [32m[32mstep: 39800 	 meta_lr 0.000500 	 training acc 0.875 and training loss tensor(0.5673, device='cuda:0', grad_fn=<AddBackward0>), loss_auto: tensor(0.3106, device='cuda:0', grad_fn=<AddBackward0>), loss_pre: tensor(0.5363, device='cuda:0', grad_fn=<NllLossBackward0>)[0m[0m
experiment  : INFO     [32m[32mstep: 39840 	 meta_lr 0.000500 	 training acc 0.9375 and training loss tensor(0.2796, device='cuda:0', grad_fn=<AddBackward0>), loss_auto: tensor(0.3092, device='cuda:0', grad_fn=<AddBackward0>), loss_pre: tensor(0.2487, device='cuda:0', grad_fn=<NllLossBackward0>)[0m[0m
experiment  : INFO     [32m[32mstep: 39880 	 meta_lr 0.000500 	 training acc 0.859375 and training loss tensor(0.5190, device='cuda:0', grad_fn=<AddBackward0>), loss_auto: tensor(0.3118, device='cuda:0', grad_fn=<AddBackward0>), loss_pre: tensor(0.4878, device='cuda:0', grad_fn=<NllLossBackward0>)[0m[0m
experiment  : INFO     [32m[32mstep: 39920 	 meta_lr 0.000500 	 training acc 0.828125 and training loss tensor(0.4581, device='cuda:0', grad_fn=<AddBackward0>), loss_auto: tensor(0.3104, device='cuda:0', grad_fn=<AddBackward0>), loss_pre: tensor(0.4271, device='cuda:0', grad_fn=<NllLossBackward0>)[0m[0m
experiment  : INFO     [32m[32mstep: 39960 	 meta_lr 0.000500 	 training acc 0.890625 and training loss tensor(0.5466, device='cuda:0', grad_fn=<AddBackward0>), loss_auto: tensor(0.3096, device='cuda:0', grad_fn=<AddBackward0>), loss_pre: tensor(0.5156, device='cuda:0', grad_fn=<NllLossBackward0>)[0m[0m
experiment  : INFO     [32m[32mstep: 40000 	 meta_lr 0.000500 	 training acc 0.84375 and training loss tensor(0.6092, device='cuda:0', grad_fn=<AddBackward0>), loss_auto: tensor(0.3079, device='cuda:0', grad_fn=<AddBackward0>), loss_pre: tensor(0.5784, device='cuda:0', grad_fn=<NllLossBackward0>)[0m[0m
experiment  : INFO     [32m[32mTrain Accuracy = 0.849290780141844[0m[0m
experiment  : INFO     [32m[32mTest Accuracy = 0.0[0m[0m
experiment  : INFO     [32m[32mstep: 40040 	 meta_lr 0.000500 	 training acc 0.890625 and training loss tensor(0.3526, device='cuda:0', grad_fn=<AddBackward0>), loss_auto: tensor(0.3068, device='cuda:0', grad_fn=<AddBackward0>), loss_pre: tensor(0.3219, device='cuda:0', grad_fn=<NllLossBackward0>)[0m[0m
experiment  : INFO     [32m[32mstep: 40080 	 meta_lr 0.000500 	 training acc 0.8125 and training loss tensor(1.1000, device='cuda:0', grad_fn=<AddBackward0>), loss_auto: tensor(0.3124, device='cuda:0', grad_fn=<AddBackward0>), loss_pre: tensor(1.0687, device='cuda:0', grad_fn=<NllLossBackward0>)[0m[0m
experiment  : INFO     [32m[32mstep: 40120 	 meta_lr 0.000500 	 training acc 0.890625 and training loss tensor(0.4046, device='cuda:0', grad_fn=<AddBackward0>), loss_auto: tensor(0.3103, device='cuda:0', grad_fn=<AddBackward0>), loss_pre: tensor(0.3735, device='cuda:0', grad_fn=<NllLossBackward0>)[0m[0m
experiment  : INFO     [32m[32mstep: 40160 	 meta_lr 0.000500 	 training acc 0.90625 and training loss tensor(0.3917, device='cuda:0', grad_fn=<AddBackward0>), loss_auto: tensor(0.3094, device='cuda:0', grad_fn=<AddBackward0>), loss_pre: tensor(0.3607, device='cuda:0', grad_fn=<NllLossBackward0>)[0m[0m
experiment  : INFO     [32m[32mstep: 40200 	 meta_lr 0.000500 	 training acc 0.921875 and training loss tensor(0.2263, device='cuda:0', grad_fn=<AddBackward0>), loss_auto: tensor(0.3070, device='cuda:0', grad_fn=<AddBackward0>), loss_pre: tensor(0.1956, device='cuda:0', grad_fn=<NllLossBackward0>)[0m[0m
experiment  : INFO     [32m[32mstep: 40240 	 meta_lr 0.000500 	 training acc 0.84375 and training loss tensor(0.6675, device='cuda:0', grad_fn=<AddBackward0>), loss_auto: tensor(0.3106, device='cuda:0', grad_fn=<AddBackward0>), loss_pre: tensor(0.6365, device='cuda:0', grad_fn=<NllLossBackward0>)[0m[0m
experiment  : INFO     [32m[32mstep: 40280 	 meta_lr 0.000500 	 training acc 0.859375 and training loss tensor(0.7590, device='cuda:0', grad_fn=<AddBackward0>), loss_auto: tensor(0.3113, device='cuda:0', grad_fn=<AddBackward0>), loss_pre: tensor(0.7279, device='cuda:0', grad_fn=<NllLossBackward0>)[0m[0m
experiment  : INFO     [32m[32mstep: 40320 	 meta_lr 0.000500 	 training acc 0.90625 and training loss tensor(0.3376, device='cuda:0', grad_fn=<AddBackward0>), loss_auto: tensor(0.3105, device='cuda:0', grad_fn=<AddBackward0>), loss_pre: tensor(0.3065, device='cuda:0', grad_fn=<NllLossBackward0>)[0m[0m
experiment  : INFO     [32m[32mstep: 40360 	 meta_lr 0.000500 	 training acc 0.890625 and training loss tensor(0.4087, device='cuda:0', grad_fn=<AddBackward0>), loss_auto: tensor(0.3123, device='cuda:0', grad_fn=<AddBackward0>), loss_pre: tensor(0.3775, device='cuda:0', grad_fn=<NllLossBackward0>)[0m[0m
experiment  : INFO     [32m[32mstep: 40400 	 meta_lr 0.000500 	 training acc 0.9375 and training loss tensor(0.4474, device='cuda:0', grad_fn=<AddBackward0>), loss_auto: tensor(0.3096, device='cuda:0', grad_fn=<AddBackward0>), loss_pre: tensor(0.4164, device='cuda:0', grad_fn=<NllLossBackward0>)[0m[0m
experiment  : INFO     [32m[32mstep: 40440 	 meta_lr 0.000500 	 training acc 0.828125 and training loss tensor(0.4490, device='cuda:0', grad_fn=<AddBackward0>), loss_auto: tensor(0.3080, device='cuda:0', grad_fn=<AddBackward0>), loss_pre: tensor(0.4182, device='cuda:0', grad_fn=<NllLossBackward0>)[0m[0m
experiment  : INFO     [32m[32mstep: 40480 	 meta_lr 0.000500 	 training acc 0.796875 and training loss tensor(1.0669, device='cuda:0', grad_fn=<AddBackward0>), loss_auto: tensor(0.3078, device='cuda:0', grad_fn=<AddBackward0>), loss_pre: tensor(1.0361, device='cuda:0', grad_fn=<NllLossBackward0>)[0m[0m
experiment  : INFO     [32m[32mTrain Accuracy = 0.8250554078014185[0m[0m
experiment  : INFO     [32m[32mTest Accuracy = 0.0[0m[0m
experiment  : INFO     [32m[32mstep: 40520 	 meta_lr 0.000500 	 training acc 0.828125 and training loss tensor(0.5861, device='cuda:0', grad_fn=<AddBackward0>), loss_auto: tensor(0.3105, device='cuda:0', grad_fn=<AddBackward0>), loss_pre: tensor(0.5551, device='cuda:0', grad_fn=<NllLossBackward0>)[0m[0m
experiment  : INFO     [32m[32mstep: 40560 	 meta_lr 0.000500 	 training acc 0.890625 and training loss tensor(0.4903, device='cuda:0', grad_fn=<AddBackward0>), loss_auto: tensor(0.3083, device='cuda:0', grad_fn=<AddBackward0>), loss_pre: tensor(0.4595, device='cuda:0', grad_fn=<NllLossBackward0>)[0m[0m
experiment  : INFO     [32m[32mstep: 40600 	 meta_lr 0.000500 	 training acc 0.828125 and training loss tensor(0.6163, device='cuda:0', grad_fn=<AddBackward0>), loss_auto: tensor(0.3078, device='cuda:0', grad_fn=<AddBackward0>), loss_pre: tensor(0.5855, device='cuda:0', grad_fn=<NllLossBackward0>)[0m[0m
experiment  : INFO     [32m[32mstep: 40640 	 meta_lr 0.000500 	 training acc 0.890625 and training loss tensor(0.3403, device='cuda:0', grad_fn=<AddBackward0>), loss_auto: tensor(0.3092, device='cuda:0', grad_fn=<AddBackward0>), loss_pre: tensor(0.3094, device='cuda:0', grad_fn=<NllLossBackward0>)[0m[0m
experiment  : INFO     [32m[32mstep: 40680 	 meta_lr 0.000500 	 training acc 0.953125 and training loss tensor(0.2145, device='cuda:0', grad_fn=<AddBackward0>), loss_auto: tensor(0.3101, device='cuda:0', grad_fn=<AddBackward0>), loss_pre: tensor(0.1835, device='cuda:0', grad_fn=<NllLossBackward0>)[0m[0m
experiment  : INFO     [32m[32mstep: 40720 	 meta_lr 0.000500 	 training acc 0.8125 and training loss tensor(0.8911, device='cuda:0', grad_fn=<AddBackward0>), loss_auto: tensor(0.3107, device='cuda:0', grad_fn=<AddBackward0>), loss_pre: tensor(0.8600, device='cuda:0', grad_fn=<NllLossBackward0>)[0m[0m
experiment  : INFO     [32m[32mstep: 40760 	 meta_lr 0.000500 	 training acc 0.875 and training loss tensor(0.5038, device='cuda:0', grad_fn=<AddBackward0>), loss_auto: tensor(0.3082, device='cuda:0', grad_fn=<AddBackward0>), loss_pre: tensor(0.4730, device='cuda:0', grad_fn=<NllLossBackward0>)[0m[0m
experiment  : INFO     [32m[32mstep: 40800 	 meta_lr 0.000500 	 training acc 0.9375 and training loss tensor(0.1951, device='cuda:0', grad_fn=<AddBackward0>), loss_auto: tensor(0.3098, device='cuda:0', grad_fn=<AddBackward0>), loss_pre: tensor(0.1641, device='cuda:0', grad_fn=<NllLossBackward0>)[0m[0m
experiment  : INFO     [32m[32mstep: 40840 	 meta_lr 0.000500 	 training acc 0.9375 and training loss tensor(0.2955, device='cuda:0', grad_fn=<AddBackward0>), loss_auto: tensor(0.3113, device='cuda:0', grad_fn=<AddBackward0>), loss_pre: tensor(0.2643, device='cuda:0', grad_fn=<NllLossBackward0>)[0m[0m
experiment  : INFO     [32m[32mstep: 40880 	 meta_lr 0.000500 	 training acc 0.796875 and training loss tensor(0.5430, device='cuda:0', grad_fn=<AddBackward0>), loss_auto: tensor(0.3104, device='cuda:0', grad_fn=<AddBackward0>), loss_pre: tensor(0.5119, device='cuda:0', grad_fn=<NllLossBackward0>)[0m[0m
experiment  : INFO     [32m[32mstep: 40920 	 meta_lr 0.000500 	 training acc 0.859375 and training loss tensor(0.5323, device='cuda:0', grad_fn=<AddBackward0>), loss_auto: tensor(0.3107, device='cuda:0', grad_fn=<AddBackward0>), loss_pre: tensor(0.5012, device='cuda:0', grad_fn=<NllLossBackward0>)[0m[0m
experiment  : INFO     [32m[32mstep: 40960 	 meta_lr 0.000500 	 training acc 0.796875 and training loss tensor(0.6575, device='cuda:0', grad_fn=<AddBackward0>), loss_auto: tensor(0.3120, device='cuda:0', grad_fn=<AddBackward0>), loss_pre: tensor(0.6263, device='cuda:0', grad_fn=<NllLossBackward0>)[0m[0m
experiment  : INFO     [32m[32mstep: 41000 	 meta_lr 0.000500 	 training acc 0.9375 and training loss tensor(0.3318, device='cuda:0', grad_fn=<AddBackward0>), loss_auto: tensor(0.3089, device='cuda:0', grad_fn=<AddBackward0>), loss_pre: tensor(0.3009, device='cuda:0', grad_fn=<NllLossBackward0>)[0m[0m
experiment  : INFO     [32m[32mTrain Accuracy = 0.8628878546099291[0m[0m
experiment  : INFO     [32m[32mTest Accuracy = 0.0[0m[0m
experiment  : INFO     [32m[32mstep: 41040 	 meta_lr 0.000500 	 training acc 0.828125 and training loss tensor(0.5879, device='cuda:0', grad_fn=<AddBackward0>), loss_auto: tensor(0.3133, device='cuda:0', grad_fn=<AddBackward0>), loss_pre: tensor(0.5566, device='cuda:0', grad_fn=<NllLossBackward0>)[0m[0m
experiment  : INFO     [32m[32mstep: 41080 	 meta_lr 0.000500 	 training acc 0.90625 and training loss tensor(0.4156, device='cuda:0', grad_fn=<AddBackward0>), loss_auto: tensor(0.3105, device='cuda:0', grad_fn=<AddBackward0>), loss_pre: tensor(0.3845, device='cuda:0', grad_fn=<NllLossBackward0>)[0m[0m
experiment  : INFO     [32m[32mstep: 41120 	 meta_lr 0.000500 	 training acc 0.875 and training loss tensor(0.5121, device='cuda:0', grad_fn=<AddBackward0>), loss_auto: tensor(0.3092, device='cuda:0', grad_fn=<AddBackward0>), loss_pre: tensor(0.4811, device='cuda:0', grad_fn=<NllLossBackward0>)[0m[0m
experiment  : INFO     [32m[32mstep: 41160 	 meta_lr 0.000500 	 training acc 0.875 and training loss tensor(0.5943, device='cuda:0', grad_fn=<AddBackward0>), loss_auto: tensor(0.3112, device='cuda:0', grad_fn=<AddBackward0>), loss_pre: tensor(0.5632, device='cuda:0', grad_fn=<NllLossBackward0>)[0m[0m
experiment  : INFO     [32m[32mstep: 41200 	 meta_lr 0.000500 	 training acc 0.90625 and training loss tensor(0.2712, device='cuda:0', grad_fn=<AddBackward0>), loss_auto: tensor(0.3108, device='cuda:0', grad_fn=<AddBackward0>), loss_pre: tensor(0.2402, device='cuda:0', grad_fn=<NllLossBackward0>)[0m[0m
experiment  : INFO     [32m[32mstep: 41240 	 meta_lr 0.000500 	 training acc 0.84375 and training loss tensor(0.5772, device='cuda:0', grad_fn=<AddBackward0>), loss_auto: tensor(0.3145, device='cuda:0', grad_fn=<AddBackward0>), loss_pre: tensor(0.5457, device='cuda:0', grad_fn=<NllLossBackward0>)[0m[0m
experiment  : INFO     [32m[32mstep: 41280 	 meta_lr 0.000500 	 training acc 0.890625 and training loss tensor(0.9865, device='cuda:0', grad_fn=<AddBackward0>), loss_auto: tensor(0.3088, device='cuda:0', grad_fn=<AddBackward0>), loss_pre: tensor(0.9556, device='cuda:0', grad_fn=<NllLossBackward0>)[0m[0m
experiment  : INFO     [32m[32mstep: 41320 	 meta_lr 0.000500 	 training acc 0.90625 and training loss tensor(0.4338, device='cuda:0', grad_fn=<AddBackward0>), loss_auto: tensor(0.3128, device='cuda:0', grad_fn=<AddBackward0>), loss_pre: tensor(0.4025, device='cuda:0', grad_fn=<NllLossBackward0>)[0m[0m
experiment  : INFO     [32m[32mstep: 41360 	 meta_lr 0.000500 	 training acc 0.875 and training loss tensor(0.4437, device='cuda:0', grad_fn=<AddBackward0>), loss_auto: tensor(0.3101, device='cuda:0', grad_fn=<AddBackward0>), loss_pre: tensor(0.4127, device='cuda:0', grad_fn=<NllLossBackward0>)[0m[0m
experiment  : INFO     [32m[32mstep: 41400 	 meta_lr 0.000500 	 training acc 0.96875 and training loss tensor(0.2480, device='cuda:0', grad_fn=<AddBackward0>), loss_auto: tensor(0.3081, device='cuda:0', grad_fn=<AddBackward0>), loss_pre: tensor(0.2172, device='cuda:0', grad_fn=<NllLossBackward0>)[0m[0m
experiment  : INFO     [32m[32mstep: 41440 	 meta_lr 0.000500 	 training acc 0.875 and training loss tensor(0.5192, device='cuda:0', grad_fn=<AddBackward0>), loss_auto: tensor(0.3107, device='cuda:0', grad_fn=<AddBackward0>), loss_pre: tensor(0.4882, device='cuda:0', grad_fn=<NllLossBackward0>)[0m[0m
experiment  : INFO     [32m[32mstep: 41480 	 meta_lr 0.000500 	 training acc 0.828125 and training loss tensor(0.6375, device='cuda:0', grad_fn=<AddBackward0>), loss_auto: tensor(0.3095, device='cuda:0', grad_fn=<AddBackward0>), loss_pre: tensor(0.6066, device='cuda:0', grad_fn=<NllLossBackward0>)[0m[0m
experiment  : INFO     [32m[32mTrain Accuracy = 0.8316821808510638[0m[0m
experiment  : INFO     [32m[32mTest Accuracy = 0.0[0m[0m
experiment  : INFO     [32m[32mstep: 41520 	 meta_lr 0.000500 	 training acc 0.90625 and training loss tensor(0.3800, device='cuda:0', grad_fn=<AddBackward0>), loss_auto: tensor(0.3078, device='cuda:0', grad_fn=<AddBackward0>), loss_pre: tensor(0.3492, device='cuda:0', grad_fn=<NllLossBackward0>)[0m[0m
experiment  : INFO     [32m[32mstep: 41560 	 meta_lr 0.000500 	 training acc 0.96875 and training loss tensor(0.3223, device='cuda:0', grad_fn=<AddBackward0>), loss_auto: tensor(0.3110, device='cuda:0', grad_fn=<AddBackward0>), loss_pre: tensor(0.2912, device='cuda:0', grad_fn=<NllLossBackward0>)[0m[0m
experiment  : INFO     [32m[32mstep: 41600 	 meta_lr 0.000500 	 training acc 0.96875 and training loss tensor(0.4253, device='cuda:0', grad_fn=<AddBackward0>), loss_auto: tensor(0.3099, device='cuda:0', grad_fn=<AddBackward0>), loss_pre: tensor(0.3943, device='cuda:0', grad_fn=<NllLossBackward0>)[0m[0m
experiment  : INFO     [32m[32mstep: 41640 	 meta_lr 0.000500 	 training acc 0.859375 and training loss tensor(0.4053, device='cuda:0', grad_fn=<AddBackward0>), loss_auto: tensor(0.3091, device='cuda:0', grad_fn=<AddBackward0>), loss_pre: tensor(0.3744, device='cuda:0', grad_fn=<NllLossBackward0>)[0m[0m
experiment  : INFO     [32m[32mstep: 41680 	 meta_lr 0.000500 	 training acc 0.90625 and training loss tensor(0.3015, device='cuda:0', grad_fn=<AddBackward0>), loss_auto: tensor(0.3077, device='cuda:0', grad_fn=<AddBackward0>), loss_pre: tensor(0.2707, device='cuda:0', grad_fn=<NllLossBackward0>)[0m[0m
experiment  : INFO     [32m[32mstep: 41720 	 meta_lr 0.000500 	 training acc 0.84375 and training loss tensor(0.6670, device='cuda:0', grad_fn=<AddBackward0>), loss_auto: tensor(0.3096, device='cuda:0', grad_fn=<AddBackward0>), loss_pre: tensor(0.6360, device='cuda:0', grad_fn=<NllLossBackward0>)[0m[0m
experiment  : INFO     [32m[32mstep: 41760 	 meta_lr 0.000500 	 training acc 0.9375 and training loss tensor(0.2969, device='cuda:0', grad_fn=<AddBackward0>), loss_auto: tensor(0.3105, device='cuda:0', grad_fn=<AddBackward0>), loss_pre: tensor(0.2658, device='cuda:0', grad_fn=<NllLossBackward0>)[0m[0m
experiment  : INFO     [32m[32mstep: 41800 	 meta_lr 0.000500 	 training acc 0.90625 and training loss tensor(0.4580, device='cuda:0', grad_fn=<AddBackward0>), loss_auto: tensor(0.3106, device='cuda:0', grad_fn=<AddBackward0>), loss_pre: tensor(0.4270, device='cuda:0', grad_fn=<NllLossBackward0>)[0m[0m
experiment  : INFO     [32m[32mstep: 41840 	 meta_lr 0.000500 	 training acc 0.84375 and training loss tensor(0.4475, device='cuda:0', grad_fn=<AddBackward0>), loss_auto: tensor(0.3108, device='cuda:0', grad_fn=<AddBackward0>), loss_pre: tensor(0.4165, device='cuda:0', grad_fn=<NllLossBackward0>)[0m[0m
experiment  : INFO     [32m[32mstep: 41880 	 meta_lr 0.000500 	 training acc 0.859375 and training loss tensor(0.6211, device='cuda:0', grad_fn=<AddBackward0>), loss_auto: tensor(0.3107, device='cuda:0', grad_fn=<AddBackward0>), loss_pre: tensor(0.5900, device='cuda:0', grad_fn=<NllLossBackward0>)[0m[0m
experiment  : INFO     [32m[32mstep: 41920 	 meta_lr 0.000500 	 training acc 0.890625 and training loss tensor(0.3454, device='cuda:0', grad_fn=<AddBackward0>), loss_auto: tensor(0.3104, device='cuda:0', grad_fn=<AddBackward0>), loss_pre: tensor(0.3144, device='cuda:0', grad_fn=<NllLossBackward0>)[0m[0m
experiment  : INFO     [32m[32mstep: 41960 	 meta_lr 0.000500 	 training acc 0.90625 and training loss tensor(0.4749, device='cuda:0', grad_fn=<AddBackward0>), loss_auto: tensor(0.3045, device='cuda:0', grad_fn=<AddBackward0>), loss_pre: tensor(0.4444, device='cuda:0', grad_fn=<NllLossBackward0>)[0m[0m
experiment  : INFO     [32m[32mstep: 42000 	 meta_lr 0.000500 	 training acc 0.84375 and training loss tensor(0.3446, device='cuda:0', grad_fn=<AddBackward0>), loss_auto: tensor(0.3110, device='cuda:0', grad_fn=<AddBackward0>), loss_pre: tensor(0.3135, device='cuda:0', grad_fn=<NllLossBackward0>)[0m[0m
experiment  : INFO     [32m[32mTrain Accuracy = 0.8480274822695036[0m[0m
experiment  : INFO     [32m[32mTest Accuracy = 0.0[0m[0m
experiment  : INFO     [32m[32mstep: 42040 	 meta_lr 0.000500 	 training acc 0.90625 and training loss tensor(0.2823, device='cuda:0', grad_fn=<AddBackward0>), loss_auto: tensor(0.3119, device='cuda:0', grad_fn=<AddBackward0>), loss_pre: tensor(0.2511, device='cuda:0', grad_fn=<NllLossBackward0>)[0m[0m
experiment  : INFO     [32m[32mstep: 42080 	 meta_lr 0.000500 	 training acc 0.921875 and training loss tensor(0.2815, device='cuda:0', grad_fn=<AddBackward0>), loss_auto: tensor(0.3120, device='cuda:0', grad_fn=<AddBackward0>), loss_pre: tensor(0.2503, device='cuda:0', grad_fn=<NllLossBackward0>)[0m[0m
experiment  : INFO     [32m[32mstep: 42120 	 meta_lr 0.000500 	 training acc 0.875 and training loss tensor(0.3894, device='cuda:0', grad_fn=<AddBackward0>), loss_auto: tensor(0.3097, device='cuda:0', grad_fn=<AddBackward0>), loss_pre: tensor(0.3584, device='cuda:0', grad_fn=<NllLossBackward0>)[0m[0m
experiment  : INFO     [32m[32mstep: 42160 	 meta_lr 0.000500 	 training acc 0.90625 and training loss tensor(0.3191, device='cuda:0', grad_fn=<AddBackward0>), loss_auto: tensor(0.3096, device='cuda:0', grad_fn=<AddBackward0>), loss_pre: tensor(0.2881, device='cuda:0', grad_fn=<NllLossBackward0>)[0m[0m
experiment  : INFO     [32m[32mstep: 42200 	 meta_lr 0.000500 	 training acc 0.953125 and training loss tensor(0.2362, device='cuda:0', grad_fn=<AddBackward0>), loss_auto: tensor(0.3083, device='cuda:0', grad_fn=<AddBackward0>), loss_pre: tensor(0.2054, device='cuda:0', grad_fn=<NllLossBackward0>)[0m[0m
experiment  : INFO     [32m[32mstep: 42240 	 meta_lr 0.000500 	 training acc 0.890625 and training loss tensor(0.5724, device='cuda:0', grad_fn=<AddBackward0>), loss_auto: tensor(0.3087, device='cuda:0', grad_fn=<AddBackward0>), loss_pre: tensor(0.5415, device='cuda:0', grad_fn=<NllLossBackward0>)[0m[0m
experiment  : INFO     [32m[32mstep: 42280 	 meta_lr 0.000500 	 training acc 0.890625 and training loss tensor(0.4940, device='cuda:0', grad_fn=<AddBackward0>), loss_auto: tensor(0.3075, device='cuda:0', grad_fn=<AddBackward0>), loss_pre: tensor(0.4632, device='cuda:0', grad_fn=<NllLossBackward0>)[0m[0m
experiment  : INFO     [32m[32mstep: 42320 	 meta_lr 0.000500 	 training acc 0.890625 and training loss tensor(0.3862, device='cuda:0', grad_fn=<AddBackward0>), loss_auto: tensor(0.3123, device='cuda:0', grad_fn=<AddBackward0>), loss_pre: tensor(0.3550, device='cuda:0', grad_fn=<NllLossBackward0>)[0m[0m
experiment  : INFO     [32m[32mstep: 42360 	 meta_lr 0.000500 	 training acc 0.875 and training loss tensor(0.5209, device='cuda:0', grad_fn=<AddBackward0>), loss_auto: tensor(0.3133, device='cuda:0', grad_fn=<AddBackward0>), loss_pre: tensor(0.4896, device='cuda:0', grad_fn=<NllLossBackward0>)[0m[0m
experiment  : INFO     [32m[32mstep: 42400 	 meta_lr 0.000500 	 training acc 0.90625 and training loss tensor(0.4675, device='cuda:0', grad_fn=<AddBackward0>), loss_auto: tensor(0.3130, device='cuda:0', grad_fn=<AddBackward0>), loss_pre: tensor(0.4362, device='cuda:0', grad_fn=<NllLossBackward0>)[0m[0m
experiment  : INFO     [32m[32mstep: 42440 	 meta_lr 0.000500 	 training acc 0.84375 and training loss tensor(0.9984, device='cuda:0', grad_fn=<AddBackward0>), loss_auto: tensor(0.3127, device='cuda:0', grad_fn=<AddBackward0>), loss_pre: tensor(0.9671, device='cuda:0', grad_fn=<NllLossBackward0>)[0m[0m
experiment  : INFO     [32m[32mstep: 42480 	 meta_lr 0.000500 	 training acc 0.859375 and training loss tensor(0.3578, device='cuda:0', grad_fn=<AddBackward0>), loss_auto: tensor(0.3120, device='cuda:0', grad_fn=<AddBackward0>), loss_pre: tensor(0.3266, device='cuda:0', grad_fn=<NllLossBackward0>)[0m[0m
experiment  : INFO     [32m[32mTrain Accuracy = 0.8642065602836879[0m[0m
experiment  : INFO     [32m[32mTest Accuracy = 0.0[0m[0m
experiment  : INFO     [32m[32mstep: 42520 	 meta_lr 0.000500 	 training acc 0.796875 and training loss tensor(0.7449, device='cuda:0', grad_fn=<AddBackward0>), loss_auto: tensor(0.3097, device='cuda:0', grad_fn=<AddBackward0>), loss_pre: tensor(0.7139, device='cuda:0', grad_fn=<NllLossBackward0>)[0m[0m
experiment  : INFO     [32m[32mstep: 42560 	 meta_lr 0.000500 	 training acc 0.875 and training loss tensor(0.3858, device='cuda:0', grad_fn=<AddBackward0>), loss_auto: tensor(0.3111, device='cuda:0', grad_fn=<AddBackward0>), loss_pre: tensor(0.3547, device='cuda:0', grad_fn=<NllLossBackward0>)[0m[0m
experiment  : INFO     [32m[32mstep: 42600 	 meta_lr 0.000500 	 training acc 0.890625 and training loss tensor(0.5901, device='cuda:0', grad_fn=<AddBackward0>), loss_auto: tensor(0.3102, device='cuda:0', grad_fn=<AddBackward0>), loss_pre: tensor(0.5591, device='cuda:0', grad_fn=<NllLossBackward0>)[0m[0m
experiment  : INFO     [32m[32mstep: 42640 	 meta_lr 0.000500 	 training acc 0.921875 and training loss tensor(0.4429, device='cuda:0', grad_fn=<AddBackward0>), loss_auto: tensor(0.3088, device='cuda:0', grad_fn=<AddBackward0>), loss_pre: tensor(0.4120, device='cuda:0', grad_fn=<NllLossBackward0>)[0m[0m
experiment  : INFO     [32m[32mstep: 42680 	 meta_lr 0.000500 	 training acc 0.9375 and training loss tensor(0.2572, device='cuda:0', grad_fn=<AddBackward0>), loss_auto: tensor(0.3078, device='cuda:0', grad_fn=<AddBackward0>), loss_pre: tensor(0.2265, device='cuda:0', grad_fn=<NllLossBackward0>)[0m[0m
experiment  : INFO     [32m[32mstep: 42720 	 meta_lr 0.000500 	 training acc 0.90625 and training loss tensor(0.3271, device='cuda:0', grad_fn=<AddBackward0>), loss_auto: tensor(0.3090, device='cuda:0', grad_fn=<AddBackward0>), loss_pre: tensor(0.2962, device='cuda:0', grad_fn=<NllLossBackward0>)[0m[0m
experiment  : INFO     [32m[32mstep: 42760 	 meta_lr 0.000500 	 training acc 0.9375 and training loss tensor(0.3627, device='cuda:0', grad_fn=<AddBackward0>), loss_auto: tensor(0.3132, device='cuda:0', grad_fn=<AddBackward0>), loss_pre: tensor(0.3314, device='cuda:0', grad_fn=<NllLossBackward0>)[0m[0m
experiment  : INFO     [32m[32mstep: 42800 	 meta_lr 0.000500 	 training acc 0.875 and training loss tensor(0.2999, device='cuda:0', grad_fn=<AddBackward0>), loss_auto: tensor(0.3109, device='cuda:0', grad_fn=<AddBackward0>), loss_pre: tensor(0.2689, device='cuda:0', grad_fn=<NllLossBackward0>)[0m[0m
experiment  : INFO     [32m[32mstep: 42840 	 meta_lr 0.000500 	 training acc 0.953125 and training loss tensor(0.2486, device='cuda:0', grad_fn=<AddBackward0>), loss_auto: tensor(0.3068, device='cuda:0', grad_fn=<AddBackward0>), loss_pre: tensor(0.2179, device='cuda:0', grad_fn=<NllLossBackward0>)[0m[0m
experiment  : INFO     [32m[32mstep: 42880 	 meta_lr 0.000500 	 training acc 0.921875 and training loss tensor(0.2764, device='cuda:0', grad_fn=<AddBackward0>), loss_auto: tensor(0.3124, device='cuda:0', grad_fn=<AddBackward0>), loss_pre: tensor(0.2451, device='cuda:0', grad_fn=<NllLossBackward0>)[0m[0m
experiment  : INFO     [32m[32mstep: 42920 	 meta_lr 0.000500 	 training acc 0.953125 and training loss tensor(0.3286, device='cuda:0', grad_fn=<AddBackward0>), loss_auto: tensor(0.3074, device='cuda:0', grad_fn=<AddBackward0>), loss_pre: tensor(0.2979, device='cuda:0', grad_fn=<NllLossBackward0>)[0m[0m
experiment  : INFO     [32m[32mstep: 42960 	 meta_lr 0.000500 	 training acc 0.84375 and training loss tensor(0.5161, device='cuda:0', grad_fn=<AddBackward0>), loss_auto: tensor(0.3096, device='cuda:0', grad_fn=<AddBackward0>), loss_pre: tensor(0.4851, device='cuda:0', grad_fn=<NllLossBackward0>)[0m[0m
experiment  : INFO     [32m[32mstep: 43000 	 meta_lr 0.000500 	 training acc 0.875 and training loss tensor(0.3986, device='cuda:0', grad_fn=<AddBackward0>), loss_auto: tensor(0.3088, device='cuda:0', grad_fn=<AddBackward0>), loss_pre: tensor(0.3677, device='cuda:0', grad_fn=<NllLossBackward0>)[0m[0m
experiment  : INFO     [32m[32mTrain Accuracy = 0.8468860815602837[0m[0m
experiment  : INFO     [32m[32mTest Accuracy = 0.0[0m[0m
experiment  : INFO     [32m[32mstep: 43040 	 meta_lr 0.000500 	 training acc 0.9375 and training loss tensor(0.3113, device='cuda:0', grad_fn=<AddBackward0>), loss_auto: tensor(0.3110, device='cuda:0', grad_fn=<AddBackward0>), loss_pre: tensor(0.2802, device='cuda:0', grad_fn=<NllLossBackward0>)[0m[0m
experiment  : INFO     [32m[32mstep: 43080 	 meta_lr 0.000500 	 training acc 0.890625 and training loss tensor(0.4030, device='cuda:0', grad_fn=<AddBackward0>), loss_auto: tensor(0.3147, device='cuda:0', grad_fn=<AddBackward0>), loss_pre: tensor(0.3716, device='cuda:0', grad_fn=<NllLossBackward0>)[0m[0m
experiment  : INFO     [32m[32mstep: 43120 	 meta_lr 0.000500 	 training acc 0.84375 and training loss tensor(0.4461, device='cuda:0', grad_fn=<AddBackward0>), loss_auto: tensor(0.3111, device='cuda:0', grad_fn=<AddBackward0>), loss_pre: tensor(0.4150, device='cuda:0', grad_fn=<NllLossBackward0>)[0m[0m
experiment  : INFO     [32m[32mstep: 43160 	 meta_lr 0.000500 	 training acc 0.9375 and training loss tensor(0.3542, device='cuda:0', grad_fn=<AddBackward0>), loss_auto: tensor(0.3108, device='cuda:0', grad_fn=<AddBackward0>), loss_pre: tensor(0.3232, device='cuda:0', grad_fn=<NllLossBackward0>)[0m[0m
experiment  : INFO     [32m[32mstep: 43200 	 meta_lr 0.000500 	 training acc 0.921875 and training loss tensor(0.3493, device='cuda:0', grad_fn=<AddBackward0>), loss_auto: tensor(0.3106, device='cuda:0', grad_fn=<AddBackward0>), loss_pre: tensor(0.3183, device='cuda:0', grad_fn=<NllLossBackward0>)[0m[0m
experiment  : INFO     [32m[32mstep: 43240 	 meta_lr 0.000500 	 training acc 0.921875 and training loss tensor(0.5329, device='cuda:0', grad_fn=<AddBackward0>), loss_auto: tensor(0.3115, device='cuda:0', grad_fn=<AddBackward0>), loss_pre: tensor(0.5017, device='cuda:0', grad_fn=<NllLossBackward0>)[0m[0m
experiment  : INFO     [32m[32mstep: 43280 	 meta_lr 0.000500 	 training acc 0.96875 and training loss tensor(0.1437, device='cuda:0', grad_fn=<AddBackward0>), loss_auto: tensor(0.3077, device='cuda:0', grad_fn=<AddBackward0>), loss_pre: tensor(0.1129, device='cuda:0', grad_fn=<NllLossBackward0>)[0m[0m
experiment  : INFO     [32m[32mstep: 43320 	 meta_lr 0.000500 	 training acc 0.890625 and training loss tensor(0.3433, device='cuda:0', grad_fn=<AddBackward0>), loss_auto: tensor(0.3084, device='cuda:0', grad_fn=<AddBackward0>), loss_pre: tensor(0.3125, device='cuda:0', grad_fn=<NllLossBackward0>)[0m[0m
experiment  : INFO     [32m[32mstep: 43360 	 meta_lr 0.000500 	 training acc 0.828125 and training loss tensor(0.5161, device='cuda:0', grad_fn=<AddBackward0>), loss_auto: tensor(0.3104, device='cuda:0', grad_fn=<AddBackward0>), loss_pre: tensor(0.4851, device='cuda:0', grad_fn=<NllLossBackward0>)[0m[0m
experiment  : INFO     [32m[32mstep: 43400 	 meta_lr 0.000500 	 training acc 0.953125 and training loss tensor(0.2892, device='cuda:0', grad_fn=<AddBackward0>), loss_auto: tensor(0.3084, device='cuda:0', grad_fn=<AddBackward0>), loss_pre: tensor(0.2584, device='cuda:0', grad_fn=<NllLossBackward0>)[0m[0m
experiment  : INFO     [32m[32mstep: 43440 	 meta_lr 0.000500 	 training acc 0.875 and training loss tensor(0.5238, device='cuda:0', grad_fn=<AddBackward0>), loss_auto: tensor(0.3088, device='cuda:0', grad_fn=<AddBackward0>), loss_pre: tensor(0.4929, device='cuda:0', grad_fn=<NllLossBackward0>)[0m[0m
experiment  : INFO     [32m[32mstep: 43480 	 meta_lr 0.000500 	 training acc 0.859375 and training loss tensor(0.7613, device='cuda:0', grad_fn=<AddBackward0>), loss_auto: tensor(0.3110, device='cuda:0', grad_fn=<AddBackward0>), loss_pre: tensor(0.7302, device='cuda:0', grad_fn=<NllLossBackward0>)[0m[0m
experiment  : INFO     [32m[32mTrain Accuracy = 0.8530917553191489[0m[0m
experiment  : INFO     [32m[32mTest Accuracy = 0.0[0m[0m
experiment  : INFO     [32m[32mstep: 43520 	 meta_lr 0.000500 	 training acc 0.875 and training loss tensor(0.5544, device='cuda:0', grad_fn=<AddBackward0>), loss_auto: tensor(0.3088, device='cuda:0', grad_fn=<AddBackward0>), loss_pre: tensor(0.5236, device='cuda:0', grad_fn=<NllLossBackward0>)[0m[0m
experiment  : INFO     [32m[32mstep: 43560 	 meta_lr 0.000500 	 training acc 0.921875 and training loss tensor(0.3041, device='cuda:0', grad_fn=<AddBackward0>), loss_auto: tensor(0.3156, device='cuda:0', grad_fn=<AddBackward0>), loss_pre: tensor(0.2726, device='cuda:0', grad_fn=<NllLossBackward0>)[0m[0m
experiment  : INFO     [32m[32mstep: 43600 	 meta_lr 0.000500 	 training acc 0.890625 and training loss tensor(0.4121, device='cuda:0', grad_fn=<AddBackward0>), loss_auto: tensor(0.3118, device='cuda:0', grad_fn=<AddBackward0>), loss_pre: tensor(0.3809, device='cuda:0', grad_fn=<NllLossBackward0>)[0m[0m
experiment  : INFO     [32m[32mstep: 43640 	 meta_lr 0.000500 	 training acc 0.859375 and training loss tensor(0.3609, device='cuda:0', grad_fn=<AddBackward0>), loss_auto: tensor(0.3128, device='cuda:0', grad_fn=<AddBackward0>), loss_pre: tensor(0.3297, device='cuda:0', grad_fn=<NllLossBackward0>)[0m[0m
experiment  : INFO     [32m[32mstep: 43680 	 meta_lr 0.000500 	 training acc 0.9375 and training loss tensor(0.2695, device='cuda:0', grad_fn=<AddBackward0>), loss_auto: tensor(0.3117, device='cuda:0', grad_fn=<AddBackward0>), loss_pre: tensor(0.2383, device='cuda:0', grad_fn=<NllLossBackward0>)[0m[0m
experiment  : INFO     [32m[32mstep: 43720 	 meta_lr 0.000500 	 training acc 0.828125 and training loss tensor(0.9322, device='cuda:0', grad_fn=<AddBackward0>), loss_auto: tensor(0.3104, device='cuda:0', grad_fn=<AddBackward0>), loss_pre: tensor(0.9012, device='cuda:0', grad_fn=<NllLossBackward0>)[0m[0m
experiment  : INFO     [32m[32mstep: 43760 	 meta_lr 0.000500 	 training acc 0.921875 and training loss tensor(0.3831, device='cuda:0', grad_fn=<AddBackward0>), loss_auto: tensor(0.3096, device='cuda:0', grad_fn=<AddBackward0>), loss_pre: tensor(0.3522, device='cuda:0', grad_fn=<NllLossBackward0>)[0m[0m
experiment  : INFO     [32m[32mstep: 43800 	 meta_lr 0.000500 	 training acc 0.921875 and training loss tensor(0.6342, device='cuda:0', grad_fn=<AddBackward0>), loss_auto: tensor(0.3131, device='cuda:0', grad_fn=<AddBackward0>), loss_pre: tensor(0.6029, device='cuda:0', grad_fn=<NllLossBackward0>)[0m[0m
experiment  : INFO     [32m[32mstep: 43840 	 meta_lr 0.000500 	 training acc 0.890625 and training loss tensor(0.3833, device='cuda:0', grad_fn=<AddBackward0>), loss_auto: tensor(0.3078, device='cuda:0', grad_fn=<AddBackward0>), loss_pre: tensor(0.3526, device='cuda:0', grad_fn=<NllLossBackward0>)[0m[0m
experiment  : INFO     [32m[32mstep: 43880 	 meta_lr 0.000500 	 training acc 0.84375 and training loss tensor(0.5119, device='cuda:0', grad_fn=<AddBackward0>), loss_auto: tensor(0.3099, device='cuda:0', grad_fn=<AddBackward0>), loss_pre: tensor(0.4809, device='cuda:0', grad_fn=<NllLossBackward0>)[0m[0m
experiment  : INFO     [32m[32mstep: 43920 	 meta_lr 0.000500 	 training acc 0.890625 and training loss tensor(0.3232, device='cuda:0', grad_fn=<AddBackward0>), loss_auto: tensor(0.3118, device='cuda:0', grad_fn=<AddBackward0>), loss_pre: tensor(0.2920, device='cuda:0', grad_fn=<NllLossBackward0>)[0m[0m
experiment  : INFO     [32m[32mstep: 43960 	 meta_lr 0.000500 	 training acc 0.875 and training loss tensor(0.4138, device='cuda:0', grad_fn=<AddBackward0>), loss_auto: tensor(0.3101, device='cuda:0', grad_fn=<AddBackward0>), loss_pre: tensor(0.3828, device='cuda:0', grad_fn=<NllLossBackward0>)[0m[0m
experiment  : INFO     [32m[32mstep: 44000 	 meta_lr 0.000500 	 training acc 0.9375 and training loss tensor(0.2197, device='cuda:0', grad_fn=<AddBackward0>), loss_auto: tensor(0.3110, device='cuda:0', grad_fn=<AddBackward0>), loss_pre: tensor(0.1885, device='cuda:0', grad_fn=<NllLossBackward0>)[0m[0m
experiment  : INFO     [32m[32mTrain Accuracy = 0.8568484042553192[0m[0m
experiment  : INFO     [32m[32mTest Accuracy = 0.0[0m[0m
experiment  : INFO     [32m[32mstep: 44040 	 meta_lr 0.000500 	 training acc 0.90625 and training loss tensor(0.2676, device='cuda:0', grad_fn=<AddBackward0>), loss_auto: tensor(0.3123, device='cuda:0', grad_fn=<AddBackward0>), loss_pre: tensor(0.2364, device='cuda:0', grad_fn=<NllLossBackward0>)[0m[0m
experiment  : INFO     [32m[32mstep: 44080 	 meta_lr 0.000500 	 training acc 0.9375 and training loss tensor(0.2133, device='cuda:0', grad_fn=<AddBackward0>), loss_auto: tensor(0.3097, device='cuda:0', grad_fn=<AddBackward0>), loss_pre: tensor(0.1823, device='cuda:0', grad_fn=<NllLossBackward0>)[0m[0m
experiment  : INFO     [32m[32mstep: 44120 	 meta_lr 0.000500 	 training acc 0.921875 and training loss tensor(0.4607, device='cuda:0', grad_fn=<AddBackward0>), loss_auto: tensor(0.3095, device='cuda:0', grad_fn=<AddBackward0>), loss_pre: tensor(0.4297, device='cuda:0', grad_fn=<NllLossBackward0>)[0m[0m
experiment  : INFO     [32m[32mstep: 44160 	 meta_lr 0.000500 	 training acc 0.84375 and training loss tensor(0.4149, device='cuda:0', grad_fn=<AddBackward0>), loss_auto: tensor(0.3108, device='cuda:0', grad_fn=<AddBackward0>), loss_pre: tensor(0.3838, device='cuda:0', grad_fn=<NllLossBackward0>)[0m[0m
experiment  : INFO     [32m[32mstep: 44200 	 meta_lr 0.000500 	 training acc 0.921875 and training loss tensor(0.3293, device='cuda:0', grad_fn=<AddBackward0>), loss_auto: tensor(0.3105, device='cuda:0', grad_fn=<AddBackward0>), loss_pre: tensor(0.2982, device='cuda:0', grad_fn=<NllLossBackward0>)[0m[0m
experiment  : INFO     [32m[32mstep: 44240 	 meta_lr 0.000500 	 training acc 0.78125 and training loss tensor(1.3681, device='cuda:0', grad_fn=<AddBackward0>), loss_auto: tensor(0.3126, device='cuda:0', grad_fn=<AddBackward0>), loss_pre: tensor(1.3368, device='cuda:0', grad_fn=<NllLossBackward0>)[0m[0m
experiment  : INFO     [32m[32mstep: 44280 	 meta_lr 0.000500 	 training acc 0.828125 and training loss tensor(0.4960, device='cuda:0', grad_fn=<AddBackward0>), loss_auto: tensor(0.3098, device='cuda:0', grad_fn=<AddBackward0>), loss_pre: tensor(0.4650, device='cuda:0', grad_fn=<NllLossBackward0>)[0m[0m
experiment  : INFO     [32m[32mstep: 44320 	 meta_lr 0.000500 	 training acc 0.890625 and training loss tensor(0.3290, device='cuda:0', grad_fn=<AddBackward0>), loss_auto: tensor(0.3110, device='cuda:0', grad_fn=<AddBackward0>), loss_pre: tensor(0.2979, device='cuda:0', grad_fn=<NllLossBackward0>)[0m[0m
experiment  : INFO     [32m[32mstep: 44360 	 meta_lr 0.000500 	 training acc 0.859375 and training loss tensor(0.4590, device='cuda:0', grad_fn=<AddBackward0>), loss_auto: tensor(0.3057, device='cuda:0', grad_fn=<AddBackward0>), loss_pre: tensor(0.4284, device='cuda:0', grad_fn=<NllLossBackward0>)[0m[0m
experiment  : INFO     [32m[32mstep: 44400 	 meta_lr 0.000500 	 training acc 0.90625 and training loss tensor(0.2447, device='cuda:0', grad_fn=<AddBackward0>), loss_auto: tensor(0.3141, device='cuda:0', grad_fn=<AddBackward0>), loss_pre: tensor(0.2133, device='cuda:0', grad_fn=<NllLossBackward0>)[0m[0m
experiment  : INFO     [32m[32mstep: 44440 	 meta_lr 0.000500 	 training acc 0.90625 and training loss tensor(0.5696, device='cuda:0', grad_fn=<AddBackward0>), loss_auto: tensor(0.3072, device='cuda:0', grad_fn=<AddBackward0>), loss_pre: tensor(0.5389, device='cuda:0', grad_fn=<NllLossBackward0>)[0m[0m
experiment  : INFO     [32m[32mstep: 44480 	 meta_lr 0.000500 	 training acc 0.921875 and training loss tensor(0.3973, device='cuda:0', grad_fn=<AddBackward0>), loss_auto: tensor(0.3169, device='cuda:0', grad_fn=<AddBackward0>), loss_pre: tensor(0.3657, device='cuda:0', grad_fn=<NllLossBackward0>)[0m[0m
experiment  : INFO     [32m[32mTrain Accuracy = 0.8425864361702128[0m[0m
experiment  : INFO     [32m[32mTest Accuracy = 0.0[0m[0m
experiment  : INFO     [32m[32mstep: 44520 	 meta_lr 0.000500 	 training acc 0.953125 and training loss tensor(0.3236, device='cuda:0', grad_fn=<AddBackward0>), loss_auto: tensor(0.3088, device='cuda:0', grad_fn=<AddBackward0>), loss_pre: tensor(0.2927, device='cuda:0', grad_fn=<NllLossBackward0>)[0m[0m
experiment  : INFO     [32m[32mstep: 44560 	 meta_lr 0.000500 	 training acc 0.9375 and training loss tensor(0.4091, device='cuda:0', grad_fn=<AddBackward0>), loss_auto: tensor(0.3123, device='cuda:0', grad_fn=<AddBackward0>), loss_pre: tensor(0.3778, device='cuda:0', grad_fn=<NllLossBackward0>)[0m[0m
experiment  : INFO     [32m[32mstep: 44600 	 meta_lr 0.000500 	 training acc 0.859375 and training loss tensor(0.3491, device='cuda:0', grad_fn=<AddBackward0>), loss_auto: tensor(0.3133, device='cuda:0', grad_fn=<AddBackward0>), loss_pre: tensor(0.3178, device='cuda:0', grad_fn=<NllLossBackward0>)[0m[0m
experiment  : INFO     [32m[32mstep: 44640 	 meta_lr 0.000500 	 training acc 0.921875 and training loss tensor(0.3294, device='cuda:0', grad_fn=<AddBackward0>), loss_auto: tensor(0.3067, device='cuda:0', grad_fn=<AddBackward0>), loss_pre: tensor(0.2987, device='cuda:0', grad_fn=<NllLossBackward0>)[0m[0m
experiment  : INFO     [32m[32mstep: 44680 	 meta_lr 0.000500 	 training acc 0.859375 and training loss tensor(0.4019, device='cuda:0', grad_fn=<AddBackward0>), loss_auto: tensor(0.3113, device='cuda:0', grad_fn=<AddBackward0>), loss_pre: tensor(0.3708, device='cuda:0', grad_fn=<NllLossBackward0>)[0m[0m
experiment  : INFO     [32m[32mstep: 44720 	 meta_lr 0.000500 	 training acc 0.859375 and training loss tensor(0.6485, device='cuda:0', grad_fn=<AddBackward0>), loss_auto: tensor(0.3102, device='cuda:0', grad_fn=<AddBackward0>), loss_pre: tensor(0.6175, device='cuda:0', grad_fn=<NllLossBackward0>)[0m[0m
experiment  : INFO     [32m[32mstep: 44760 	 meta_lr 0.000500 	 training acc 0.921875 and training loss tensor(0.3698, device='cuda:0', grad_fn=<AddBackward0>), loss_auto: tensor(0.3107, device='cuda:0', grad_fn=<AddBackward0>), loss_pre: tensor(0.3387, device='cuda:0', grad_fn=<NllLossBackward0>)[0m[0m
experiment  : INFO     [32m[32mstep: 44800 	 meta_lr 0.000500 	 training acc 0.9375 and training loss tensor(0.2583, device='cuda:0', grad_fn=<AddBackward0>), loss_auto: tensor(0.3105, device='cuda:0', grad_fn=<AddBackward0>), loss_pre: tensor(0.2273, device='cuda:0', grad_fn=<NllLossBackward0>)[0m[0m
experiment  : INFO     [32m[32mstep: 44840 	 meta_lr 0.000500 	 training acc 0.921875 and training loss tensor(0.2852, device='cuda:0', grad_fn=<AddBackward0>), loss_auto: tensor(0.3119, device='cuda:0', grad_fn=<AddBackward0>), loss_pre: tensor(0.2540, device='cuda:0', grad_fn=<NllLossBackward0>)[0m[0m
experiment  : INFO     [32m[32mstep: 44880 	 meta_lr 0.000500 	 training acc 0.875 and training loss tensor(0.3290, device='cuda:0', grad_fn=<AddBackward0>), loss_auto: tensor(0.3103, device='cuda:0', grad_fn=<AddBackward0>), loss_pre: tensor(0.2980, device='cuda:0', grad_fn=<NllLossBackward0>)[0m[0m
experiment  : INFO     [32m[32mstep: 44920 	 meta_lr 0.000500 	 training acc 0.890625 and training loss tensor(0.3287, device='cuda:0', grad_fn=<AddBackward0>), loss_auto: tensor(0.3140, device='cuda:0', grad_fn=<AddBackward0>), loss_pre: tensor(0.2973, device='cuda:0', grad_fn=<NllLossBackward0>)[0m[0m
experiment  : INFO     [32m[32mstep: 44960 	 meta_lr 0.000500 	 training acc 0.875 and training loss tensor(0.5556, device='cuda:0', grad_fn=<AddBackward0>), loss_auto: tensor(0.3120, device='cuda:0', grad_fn=<AddBackward0>), loss_pre: tensor(0.5244, device='cuda:0', grad_fn=<NllLossBackward0>)[0m[0m
experiment  : INFO     [32m[32mstep: 45000 	 meta_lr 0.000500 	 training acc 0.859375 and training loss tensor(0.6737, device='cuda:0', grad_fn=<AddBackward0>), loss_auto: tensor(0.3157, device='cuda:0', grad_fn=<AddBackward0>), loss_pre: tensor(0.6421, device='cuda:0', grad_fn=<NllLossBackward0>)[0m[0m
experiment  : INFO     [32m[32mTrain Accuracy = 0.8398160460992908[0m[0m
experiment  : INFO     [32m[32mTest Accuracy = 0.0[0m[0m
experiment  : INFO     [32m[32mstep: 45040 	 meta_lr 0.000500 	 training acc 0.828125 and training loss tensor(0.7152, device='cuda:0', grad_fn=<AddBackward0>), loss_auto: tensor(0.3110, device='cuda:0', grad_fn=<AddBackward0>), loss_pre: tensor(0.6841, device='cuda:0', grad_fn=<NllLossBackward0>)[0m[0m
experiment  : INFO     [32m[32mstep: 45080 	 meta_lr 0.000500 	 training acc 0.828125 and training loss tensor(0.5590, device='cuda:0', grad_fn=<AddBackward0>), loss_auto: tensor(0.3101, device='cuda:0', grad_fn=<AddBackward0>), loss_pre: tensor(0.5280, device='cuda:0', grad_fn=<NllLossBackward0>)[0m[0m
experiment  : INFO     [32m[32mstep: 45120 	 meta_lr 0.000500 	 training acc 0.9375 and training loss tensor(0.6106, device='cuda:0', grad_fn=<AddBackward0>), loss_auto: tensor(0.3103, device='cuda:0', grad_fn=<AddBackward0>), loss_pre: tensor(0.5796, device='cuda:0', grad_fn=<NllLossBackward0>)[0m[0m
experiment  : INFO     [32m[32mstep: 45160 	 meta_lr 0.000500 	 training acc 0.921875 and training loss tensor(0.2692, device='cuda:0', grad_fn=<AddBackward0>), loss_auto: tensor(0.3069, device='cuda:0', grad_fn=<AddBackward0>), loss_pre: tensor(0.2385, device='cuda:0', grad_fn=<NllLossBackward0>)[0m[0m
experiment  : INFO     [32m[32mstep: 45200 	 meta_lr 0.000500 	 training acc 0.875 and training loss tensor(0.3519, device='cuda:0', grad_fn=<AddBackward0>), loss_auto: tensor(0.3089, device='cuda:0', grad_fn=<AddBackward0>), loss_pre: tensor(0.3210, device='cuda:0', grad_fn=<NllLossBackward0>)[0m[0m
experiment  : INFO     [32m[32mstep: 45240 	 meta_lr 0.000500 	 training acc 0.921875 and training loss tensor(0.2609, device='cuda:0', grad_fn=<AddBackward0>), loss_auto: tensor(0.3093, device='cuda:0', grad_fn=<AddBackward0>), loss_pre: tensor(0.2299, device='cuda:0', grad_fn=<NllLossBackward0>)[0m[0m
experiment  : INFO     [32m[32mstep: 45280 	 meta_lr 0.000500 	 training acc 0.9375 and training loss tensor(0.8350, device='cuda:0', grad_fn=<AddBackward0>), loss_auto: tensor(0.3097, device='cuda:0', grad_fn=<AddBackward0>), loss_pre: tensor(0.8040, device='cuda:0', grad_fn=<NllLossBackward0>)[0m[0m
experiment  : INFO     [32m[32mstep: 45320 	 meta_lr 0.000500 	 training acc 0.8125 and training loss tensor(0.6966, device='cuda:0', grad_fn=<AddBackward0>), loss_auto: tensor(0.3101, device='cuda:0', grad_fn=<AddBackward0>), loss_pre: tensor(0.6656, device='cuda:0', grad_fn=<NllLossBackward0>)[0m[0m
experiment  : INFO     [32m[32mstep: 45360 	 meta_lr 0.000500 	 training acc 0.859375 and training loss tensor(0.5760, device='cuda:0', grad_fn=<AddBackward0>), loss_auto: tensor(0.3122, device='cuda:0', grad_fn=<AddBackward0>), loss_pre: tensor(0.5448, device='cuda:0', grad_fn=<NllLossBackward0>)[0m[0m
experiment  : INFO     [32m[32mstep: 45400 	 meta_lr 0.000500 	 training acc 0.90625 and training loss tensor(0.3757, device='cuda:0', grad_fn=<AddBackward0>), loss_auto: tensor(0.3131, device='cuda:0', grad_fn=<AddBackward0>), loss_pre: tensor(0.3444, device='cuda:0', grad_fn=<NllLossBackward0>)[0m[0m
experiment  : INFO     [32m[32mstep: 45440 	 meta_lr 0.000500 	 training acc 0.796875 and training loss tensor(0.7036, device='cuda:0', grad_fn=<AddBackward0>), loss_auto: tensor(0.3085, device='cuda:0', grad_fn=<AddBackward0>), loss_pre: tensor(0.6728, device='cuda:0', grad_fn=<NllLossBackward0>)[0m[0m
experiment  : INFO     [32m[32mstep: 45480 	 meta_lr 0.000500 	 training acc 0.84375 and training loss tensor(0.5792, device='cuda:0', grad_fn=<AddBackward0>), loss_auto: tensor(0.3130, device='cuda:0', grad_fn=<AddBackward0>), loss_pre: tensor(0.5479, device='cuda:0', grad_fn=<NllLossBackward0>)[0m[0m
experiment  : INFO     [32m[32mTrain Accuracy = 0.8524379432624113[0m[0m
experiment  : INFO     [32m[32mTest Accuracy = 0.0[0m[0m
experiment  : INFO     [32m[32mstep: 45520 	 meta_lr 0.000500 	 training acc 0.9375 and training loss tensor(0.2000, device='cuda:0', grad_fn=<AddBackward0>), loss_auto: tensor(0.3123, device='cuda:0', grad_fn=<AddBackward0>), loss_pre: tensor(0.1688, device='cuda:0', grad_fn=<NllLossBackward0>)[0m[0m
experiment  : INFO     [32m[32mstep: 45560 	 meta_lr 0.000500 	 training acc 0.90625 and training loss tensor(0.3251, device='cuda:0', grad_fn=<AddBackward0>), loss_auto: tensor(0.3086, device='cuda:0', grad_fn=<AddBackward0>), loss_pre: tensor(0.2942, device='cuda:0', grad_fn=<NllLossBackward0>)[0m[0m
experiment  : INFO     [32m[32mstep: 45600 	 meta_lr 0.000500 	 training acc 0.96875 and training loss tensor(0.1150, device='cuda:0', grad_fn=<AddBackward0>), loss_auto: tensor(0.3114, device='cuda:0', grad_fn=<AddBackward0>), loss_pre: tensor(0.0838, device='cuda:0', grad_fn=<NllLossBackward0>)[0m[0m
experiment  : INFO     [32m[32mstep: 45640 	 meta_lr 0.000500 	 training acc 0.921875 and training loss tensor(0.3446, device='cuda:0', grad_fn=<AddBackward0>), loss_auto: tensor(0.3093, device='cuda:0', grad_fn=<AddBackward0>), loss_pre: tensor(0.3136, device='cuda:0', grad_fn=<NllLossBackward0>)[0m[0m
experiment  : INFO     [32m[32mstep: 45680 	 meta_lr 0.000500 	 training acc 0.890625 and training loss tensor(0.4087, device='cuda:0', grad_fn=<AddBackward0>), loss_auto: tensor(0.3101, device='cuda:0', grad_fn=<AddBackward0>), loss_pre: tensor(0.3777, device='cuda:0', grad_fn=<NllLossBackward0>)[0m[0m
experiment  : INFO     [32m[32mstep: 45720 	 meta_lr 0.000500 	 training acc 0.859375 and training loss tensor(0.3653, device='cuda:0', grad_fn=<AddBackward0>), loss_auto: tensor(0.3063, device='cuda:0', grad_fn=<AddBackward0>), loss_pre: tensor(0.3347, device='cuda:0', grad_fn=<NllLossBackward0>)[0m[0m
experiment  : INFO     [32m[32mstep: 45760 	 meta_lr 0.000500 	 training acc 0.921875 and training loss tensor(0.2279, device='cuda:0', grad_fn=<AddBackward0>), loss_auto: tensor(0.3126, device='cuda:0', grad_fn=<AddBackward0>), loss_pre: tensor(0.1967, device='cuda:0', grad_fn=<NllLossBackward0>)[0m[0m
experiment  : INFO     [32m[32mstep: 45800 	 meta_lr 0.000500 	 training acc 0.828125 and training loss tensor(0.7750, device='cuda:0', grad_fn=<AddBackward0>), loss_auto: tensor(0.3102, device='cuda:0', grad_fn=<AddBackward0>), loss_pre: tensor(0.7440, device='cuda:0', grad_fn=<NllLossBackward0>)[0m[0m
experiment  : INFO     [32m[32mstep: 45840 	 meta_lr 0.000500 	 training acc 0.9375 and training loss tensor(0.2705, device='cuda:0', grad_fn=<AddBackward0>), loss_auto: tensor(0.3103, device='cuda:0', grad_fn=<AddBackward0>), loss_pre: tensor(0.2394, device='cuda:0', grad_fn=<NllLossBackward0>)[0m[0m
experiment  : INFO     [32m[32mstep: 45880 	 meta_lr 0.000500 	 training acc 0.9375 and training loss tensor(0.2107, device='cuda:0', grad_fn=<AddBackward0>), loss_auto: tensor(0.3110, device='cuda:0', grad_fn=<AddBackward0>), loss_pre: tensor(0.1796, device='cuda:0', grad_fn=<NllLossBackward0>)[0m[0m
experiment  : INFO     [32m[32mstep: 45920 	 meta_lr 0.000500 	 training acc 0.90625 and training loss tensor(0.5472, device='cuda:0', grad_fn=<AddBackward0>), loss_auto: tensor(0.3128, device='cuda:0', grad_fn=<AddBackward0>), loss_pre: tensor(0.5159, device='cuda:0', grad_fn=<NllLossBackward0>)[0m[0m
experiment  : INFO     [32m[32mstep: 45960 	 meta_lr 0.000500 	 training acc 0.9375 and training loss tensor(0.1956, device='cuda:0', grad_fn=<AddBackward0>), loss_auto: tensor(0.3079, device='cuda:0', grad_fn=<AddBackward0>), loss_pre: tensor(0.1648, device='cuda:0', grad_fn=<NllLossBackward0>)[0m[0m
experiment  : INFO     [32m[32mstep: 46000 	 meta_lr 0.000500 	 training acc 0.828125 and training loss tensor(0.7342, device='cuda:0', grad_fn=<AddBackward0>), loss_auto: tensor(0.3123, device='cuda:0', grad_fn=<AddBackward0>), loss_pre: tensor(0.7030, device='cuda:0', grad_fn=<NllLossBackward0>)[0m[0m
experiment  : INFO     [32m[32mTrain Accuracy = 0.8623448581560283[0m[0m
experiment  : INFO     [32m[32mTest Accuracy = 0.0[0m[0m
experiment  : INFO     [32m[32mstep: 46040 	 meta_lr 0.000500 	 training acc 0.890625 and training loss tensor(0.4575, device='cuda:0', grad_fn=<AddBackward0>), loss_auto: tensor(0.3108, device='cuda:0', grad_fn=<AddBackward0>), loss_pre: tensor(0.4265, device='cuda:0', grad_fn=<NllLossBackward0>)[0m[0m
experiment  : INFO     [32m[32mstep: 46080 	 meta_lr 0.000500 	 training acc 0.875 and training loss tensor(0.4277, device='cuda:0', grad_fn=<AddBackward0>), loss_auto: tensor(0.3099, device='cuda:0', grad_fn=<AddBackward0>), loss_pre: tensor(0.3967, device='cuda:0', grad_fn=<NllLossBackward0>)[0m[0m
experiment  : INFO     [32m[32mstep: 46120 	 meta_lr 0.000500 	 training acc 0.921875 and training loss tensor(0.3344, device='cuda:0', grad_fn=<AddBackward0>), loss_auto: tensor(0.3109, device='cuda:0', grad_fn=<AddBackward0>), loss_pre: tensor(0.3033, device='cuda:0', grad_fn=<NllLossBackward0>)[0m[0m
experiment  : INFO     [32m[32mstep: 46160 	 meta_lr 0.000500 	 training acc 0.921875 and training loss tensor(0.2652, device='cuda:0', grad_fn=<AddBackward0>), loss_auto: tensor(0.3124, device='cuda:0', grad_fn=<AddBackward0>), loss_pre: tensor(0.2339, device='cuda:0', grad_fn=<NllLossBackward0>)[0m[0m
experiment  : INFO     [32m[32mstep: 46200 	 meta_lr 0.000500 	 training acc 0.828125 and training loss tensor(0.5715, device='cuda:0', grad_fn=<AddBackward0>), loss_auto: tensor(0.3101, device='cuda:0', grad_fn=<AddBackward0>), loss_pre: tensor(0.5404, device='cuda:0', grad_fn=<NllLossBackward0>)[0m[0m
experiment  : INFO     [32m[32mstep: 46240 	 meta_lr 0.000500 	 training acc 0.875 and training loss tensor(0.5128, device='cuda:0', grad_fn=<AddBackward0>), loss_auto: tensor(0.3101, device='cuda:0', grad_fn=<AddBackward0>), loss_pre: tensor(0.4818, device='cuda:0', grad_fn=<NllLossBackward0>)[0m[0m
experiment  : INFO     [32m[32mstep: 46280 	 meta_lr 0.000500 	 training acc 0.875 and training loss tensor(0.9270, device='cuda:0', grad_fn=<AddBackward0>), loss_auto: tensor(0.3122, device='cuda:0', grad_fn=<AddBackward0>), loss_pre: tensor(0.8958, device='cuda:0', grad_fn=<NllLossBackward0>)[0m[0m
experiment  : INFO     [32m[32mstep: 46320 	 meta_lr 0.000500 	 training acc 0.96875 and training loss tensor(0.2012, device='cuda:0', grad_fn=<AddBackward0>), loss_auto: tensor(0.3104, device='cuda:0', grad_fn=<AddBackward0>), loss_pre: tensor(0.1701, device='cuda:0', grad_fn=<NllLossBackward0>)[0m[0m
experiment  : INFO     [32m[32mstep: 46360 	 meta_lr 0.000500 	 training acc 0.9375 and training loss tensor(0.1535, device='cuda:0', grad_fn=<AddBackward0>), loss_auto: tensor(0.3079, device='cuda:0', grad_fn=<AddBackward0>), loss_pre: tensor(0.1227, device='cuda:0', grad_fn=<NllLossBackward0>)[0m[0m
experiment  : INFO     [32m[32mstep: 46400 	 meta_lr 0.000500 	 training acc 0.875 and training loss tensor(0.6090, device='cuda:0', grad_fn=<AddBackward0>), loss_auto: tensor(0.3105, device='cuda:0', grad_fn=<AddBackward0>), loss_pre: tensor(0.5780, device='cuda:0', grad_fn=<NllLossBackward0>)[0m[0m
experiment  : INFO     [32m[32mstep: 46440 	 meta_lr 0.000500 	 training acc 0.9375 and training loss tensor(0.3412, device='cuda:0', grad_fn=<AddBackward0>), loss_auto: tensor(0.3109, device='cuda:0', grad_fn=<AddBackward0>), loss_pre: tensor(0.3101, device='cuda:0', grad_fn=<NllLossBackward0>)[0m[0m
experiment  : INFO     [32m[32mstep: 46480 	 meta_lr 0.000500 	 training acc 0.859375 and training loss tensor(0.3029, device='cuda:0', grad_fn=<AddBackward0>), loss_auto: tensor(0.3124, device='cuda:0', grad_fn=<AddBackward0>), loss_pre: tensor(0.2717, device='cuda:0', grad_fn=<NllLossBackward0>)[0m[0m
experiment  : INFO     [32m[32mTrain Accuracy = 0.8349734042553192[0m[0m
experiment  : INFO     [32m[32mTest Accuracy = 0.0[0m[0m
experiment  : INFO     [32m[32mstep: 46520 	 meta_lr 0.000500 	 training acc 0.90625 and training loss tensor(0.3154, device='cuda:0', grad_fn=<AddBackward0>), loss_auto: tensor(0.3112, device='cuda:0', grad_fn=<AddBackward0>), loss_pre: tensor(0.2843, device='cuda:0', grad_fn=<NllLossBackward0>)[0m[0m
experiment  : INFO     [32m[32mstep: 46560 	 meta_lr 0.000500 	 training acc 0.90625 and training loss tensor(0.2954, device='cuda:0', grad_fn=<AddBackward0>), loss_auto: tensor(0.3130, device='cuda:0', grad_fn=<AddBackward0>), loss_pre: tensor(0.2641, device='cuda:0', grad_fn=<NllLossBackward0>)[0m[0m
experiment  : INFO     [32m[32mstep: 46600 	 meta_lr 0.000500 	 training acc 0.921875 and training loss tensor(0.2971, device='cuda:0', grad_fn=<AddBackward0>), loss_auto: tensor(0.3130, device='cuda:0', grad_fn=<AddBackward0>), loss_pre: tensor(0.2658, device='cuda:0', grad_fn=<NllLossBackward0>)[0m[0m
experiment  : INFO     [32m[32mstep: 46640 	 meta_lr 0.000500 	 training acc 0.921875 and training loss tensor(0.2673, device='cuda:0', grad_fn=<AddBackward0>), loss_auto: tensor(0.3109, device='cuda:0', grad_fn=<AddBackward0>), loss_pre: tensor(0.2362, device='cuda:0', grad_fn=<NllLossBackward0>)[0m[0m
experiment  : INFO     [32m[32mstep: 46680 	 meta_lr 0.000500 	 training acc 0.921875 and training loss tensor(0.3202, device='cuda:0', grad_fn=<AddBackward0>), loss_auto: tensor(0.3122, device='cuda:0', grad_fn=<AddBackward0>), loss_pre: tensor(0.2889, device='cuda:0', grad_fn=<NllLossBackward0>)[0m[0m
experiment  : INFO     [32m[32mstep: 46720 	 meta_lr 0.000500 	 training acc 0.875 and training loss tensor(0.3985, device='cuda:0', grad_fn=<AddBackward0>), loss_auto: tensor(0.3128, device='cuda:0', grad_fn=<AddBackward0>), loss_pre: tensor(0.3672, device='cuda:0', grad_fn=<NllLossBackward0>)[0m[0m
experiment  : INFO     [32m[32mstep: 46760 	 meta_lr 0.000500 	 training acc 0.90625 and training loss tensor(0.3271, device='cuda:0', grad_fn=<AddBackward0>), loss_auto: tensor(0.3097, device='cuda:0', grad_fn=<AddBackward0>), loss_pre: tensor(0.2961, device='cuda:0', grad_fn=<NllLossBackward0>)[0m[0m
experiment  : INFO     [32m[32mstep: 46800 	 meta_lr 0.000500 	 training acc 0.859375 and training loss tensor(0.5750, device='cuda:0', grad_fn=<AddBackward0>), loss_auto: tensor(0.3123, device='cuda:0', grad_fn=<AddBackward0>), loss_pre: tensor(0.5438, device='cuda:0', grad_fn=<NllLossBackward0>)[0m[0m
experiment  : INFO     [32m[32mstep: 46840 	 meta_lr 0.000500 	 training acc 0.859375 and training loss tensor(0.4437, device='cuda:0', grad_fn=<AddBackward0>), loss_auto: tensor(0.3095, device='cuda:0', grad_fn=<AddBackward0>), loss_pre: tensor(0.4127, device='cuda:0', grad_fn=<NllLossBackward0>)[0m[0m
experiment  : INFO     [32m[32mstep: 46880 	 meta_lr 0.000500 	 training acc 0.921875 and training loss tensor(0.1783, device='cuda:0', grad_fn=<AddBackward0>), loss_auto: tensor(0.3137, device='cuda:0', grad_fn=<AddBackward0>), loss_pre: tensor(0.1470, device='cuda:0', grad_fn=<NllLossBackward0>)[0m[0m
experiment  : INFO     [32m[32mstep: 46920 	 meta_lr 0.000500 	 training acc 0.921875 and training loss tensor(0.4566, device='cuda:0', grad_fn=<AddBackward0>), loss_auto: tensor(0.3159, device='cuda:0', grad_fn=<AddBackward0>), loss_pre: tensor(0.4250, device='cuda:0', grad_fn=<NllLossBackward0>)[0m[0m
experiment  : INFO     [32m[32mstep: 46960 	 meta_lr 0.000500 	 training acc 0.890625 and training loss tensor(0.6066, device='cuda:0', grad_fn=<AddBackward0>), loss_auto: tensor(0.3115, device='cuda:0', grad_fn=<AddBackward0>), loss_pre: tensor(0.5754, device='cuda:0', grad_fn=<NllLossBackward0>)[0m[0m
experiment  : INFO     [32m[32mstep: 47000 	 meta_lr 0.000500 	 training acc 0.890625 and training loss tensor(0.4207, device='cuda:0', grad_fn=<AddBackward0>), loss_auto: tensor(0.3106, device='cuda:0', grad_fn=<AddBackward0>), loss_pre: tensor(0.3896, device='cuda:0', grad_fn=<NllLossBackward0>)[0m[0m
experiment  : INFO     [32m[32mTrain Accuracy = 0.8627659574468085[0m[0m
experiment  : INFO     [32m[32mTest Accuracy = 0.0[0m[0m
experiment  : INFO     [32m[32mstep: 47040 	 meta_lr 0.000500 	 training acc 0.953125 and training loss tensor(0.1610, device='cuda:0', grad_fn=<AddBackward0>), loss_auto: tensor(0.3096, device='cuda:0', grad_fn=<AddBackward0>), loss_pre: tensor(0.1300, device='cuda:0', grad_fn=<NllLossBackward0>)[0m[0m
experiment  : INFO     [32m[32mstep: 47080 	 meta_lr 0.000500 	 training acc 0.9375 and training loss tensor(0.2020, device='cuda:0', grad_fn=<AddBackward0>), loss_auto: tensor(0.3093, device='cuda:0', grad_fn=<AddBackward0>), loss_pre: tensor(0.1711, device='cuda:0', grad_fn=<NllLossBackward0>)[0m[0m
experiment  : INFO     [32m[32mstep: 47120 	 meta_lr 0.000500 	 training acc 0.890625 and training loss tensor(0.4735, device='cuda:0', grad_fn=<AddBackward0>), loss_auto: tensor(0.3160, device='cuda:0', grad_fn=<AddBackward0>), loss_pre: tensor(0.4419, device='cuda:0', grad_fn=<NllLossBackward0>)[0m[0m
experiment  : INFO     [32m[32mstep: 47160 	 meta_lr 0.000500 	 training acc 0.921875 and training loss tensor(0.2401, device='cuda:0', grad_fn=<AddBackward0>), loss_auto: tensor(0.3109, device='cuda:0', grad_fn=<AddBackward0>), loss_pre: tensor(0.2090, device='cuda:0', grad_fn=<NllLossBackward0>)[0m[0m
experiment  : INFO     [32m[32mstep: 47200 	 meta_lr 0.000500 	 training acc 0.875 and training loss tensor(0.3580, device='cuda:0', grad_fn=<AddBackward0>), loss_auto: tensor(0.3098, device='cuda:0', grad_fn=<AddBackward0>), loss_pre: tensor(0.3270, device='cuda:0', grad_fn=<NllLossBackward0>)[0m[0m
experiment  : INFO     [32m[32mstep: 47240 	 meta_lr 0.000500 	 training acc 0.90625 and training loss tensor(0.5558, device='cuda:0', grad_fn=<AddBackward0>), loss_auto: tensor(0.3140, device='cuda:0', grad_fn=<AddBackward0>), loss_pre: tensor(0.5244, device='cuda:0', grad_fn=<NllLossBackward0>)[0m[0m
experiment  : INFO     [32m[32mstep: 47280 	 meta_lr 0.000500 	 training acc 0.828125 and training loss tensor(0.5982, device='cuda:0', grad_fn=<AddBackward0>), loss_auto: tensor(0.3153, device='cuda:0', grad_fn=<AddBackward0>), loss_pre: tensor(0.5667, device='cuda:0', grad_fn=<NllLossBackward0>)[0m[0m
experiment  : INFO     [32m[32mstep: 47320 	 meta_lr 0.000500 	 training acc 0.890625 and training loss tensor(0.2637, device='cuda:0', grad_fn=<AddBackward0>), loss_auto: tensor(0.3071, device='cuda:0', grad_fn=<AddBackward0>), loss_pre: tensor(0.2330, device='cuda:0', grad_fn=<NllLossBackward0>)[0m[0m
experiment  : INFO     [32m[32mstep: 47360 	 meta_lr 0.000500 	 training acc 0.9375 and training loss tensor(0.2082, device='cuda:0', grad_fn=<AddBackward0>), loss_auto: tensor(0.3099, device='cuda:0', grad_fn=<AddBackward0>), loss_pre: tensor(0.1772, device='cuda:0', grad_fn=<NllLossBackward0>)[0m[0m
experiment  : INFO     [32m[32mstep: 47400 	 meta_lr 0.000500 	 training acc 0.84375 and training loss tensor(0.6811, device='cuda:0', grad_fn=<AddBackward0>), loss_auto: tensor(0.3084, device='cuda:0', grad_fn=<AddBackward0>), loss_pre: tensor(0.6503, device='cuda:0', grad_fn=<NllLossBackward0>)[0m[0m
experiment  : INFO     [32m[32mstep: 47440 	 meta_lr 0.000500 	 training acc 0.890625 and training loss tensor(0.3112, device='cuda:0', grad_fn=<AddBackward0>), loss_auto: tensor(0.3103, device='cuda:0', grad_fn=<AddBackward0>), loss_pre: tensor(0.2801, device='cuda:0', grad_fn=<NllLossBackward0>)[0m[0m
experiment  : INFO     [32m[32mstep: 47480 	 meta_lr 0.000500 	 training acc 0.9375 and training loss tensor(0.2039, device='cuda:0', grad_fn=<AddBackward0>), loss_auto: tensor(0.3111, device='cuda:0', grad_fn=<AddBackward0>), loss_pre: tensor(0.1728, device='cuda:0', grad_fn=<NllLossBackward0>)[0m[0m
experiment  : INFO     [32m[32mTrain Accuracy = 0.8714428191489362[0m[0m
experiment  : INFO     [32m[32mTest Accuracy = 0.0[0m[0m
experiment  : INFO     [32m[32mstep: 47520 	 meta_lr 0.000500 	 training acc 0.90625 and training loss tensor(0.3841, device='cuda:0', grad_fn=<AddBackward0>), loss_auto: tensor(0.3108, device='cuda:0', grad_fn=<AddBackward0>), loss_pre: tensor(0.3531, device='cuda:0', grad_fn=<NllLossBackward0>)[0m[0m
experiment  : INFO     [32m[32mstep: 47560 	 meta_lr 0.000500 	 training acc 0.890625 and training loss tensor(0.4430, device='cuda:0', grad_fn=<AddBackward0>), loss_auto: tensor(0.3136, device='cuda:0', grad_fn=<AddBackward0>), loss_pre: tensor(0.4117, device='cuda:0', grad_fn=<NllLossBackward0>)[0m[0m
experiment  : INFO     [32m[32mstep: 47600 	 meta_lr 0.000500 	 training acc 0.953125 and training loss tensor(0.2188, device='cuda:0', grad_fn=<AddBackward0>), loss_auto: tensor(0.3119, device='cuda:0', grad_fn=<AddBackward0>), loss_pre: tensor(0.1876, device='cuda:0', grad_fn=<NllLossBackward0>)[0m[0m
experiment  : INFO     [32m[32mstep: 47640 	 meta_lr 0.000500 	 training acc 0.828125 and training loss tensor(0.5841, device='cuda:0', grad_fn=<AddBackward0>), loss_auto: tensor(0.3113, device='cuda:0', grad_fn=<AddBackward0>), loss_pre: tensor(0.5529, device='cuda:0', grad_fn=<NllLossBackward0>)[0m[0m
experiment  : INFO     [32m[32mstep: 47680 	 meta_lr 0.000500 	 training acc 0.9375 and training loss tensor(0.2219, device='cuda:0', grad_fn=<AddBackward0>), loss_auto: tensor(0.3087, device='cuda:0', grad_fn=<AddBackward0>), loss_pre: tensor(0.1910, device='cuda:0', grad_fn=<NllLossBackward0>)[0m[0m
experiment  : INFO     [32m[32mstep: 47720 	 meta_lr 0.000500 	 training acc 0.875 and training loss tensor(0.3967, device='cuda:0', grad_fn=<AddBackward0>), loss_auto: tensor(0.3073, device='cuda:0', grad_fn=<AddBackward0>), loss_pre: tensor(0.3660, device='cuda:0', grad_fn=<NllLossBackward0>)[0m[0m
experiment  : INFO     [32m[32mstep: 47760 	 meta_lr 0.000500 	 training acc 0.921875 and training loss tensor(0.2772, device='cuda:0', grad_fn=<AddBackward0>), loss_auto: tensor(0.3079, device='cuda:0', grad_fn=<AddBackward0>), loss_pre: tensor(0.2464, device='cuda:0', grad_fn=<NllLossBackward0>)[0m[0m
experiment  : INFO     [32m[32mstep: 47800 	 meta_lr 0.000500 	 training acc 0.890625 and training loss tensor(0.5727, device='cuda:0', grad_fn=<AddBackward0>), loss_auto: tensor(0.3096, device='cuda:0', grad_fn=<AddBackward0>), loss_pre: tensor(0.5418, device='cuda:0', grad_fn=<NllLossBackward0>)[0m[0m
experiment  : INFO     [32m[32mstep: 47840 	 meta_lr 0.000500 	 training acc 0.921875 and training loss tensor(0.2919, device='cuda:0', grad_fn=<AddBackward0>), loss_auto: tensor(0.3118, device='cuda:0', grad_fn=<AddBackward0>), loss_pre: tensor(0.2608, device='cuda:0', grad_fn=<NllLossBackward0>)[0m[0m
experiment  : INFO     [32m[32mstep: 47880 	 meta_lr 0.000500 	 training acc 0.90625 and training loss tensor(0.6376, device='cuda:0', grad_fn=<AddBackward0>), loss_auto: tensor(0.3105, device='cuda:0', grad_fn=<AddBackward0>), loss_pre: tensor(0.6066, device='cuda:0', grad_fn=<NllLossBackward0>)[0m[0m
experiment  : INFO     [32m[32mstep: 47920 	 meta_lr 0.000500 	 training acc 0.890625 and training loss tensor(0.7179, device='cuda:0', grad_fn=<AddBackward0>), loss_auto: tensor(0.3136, device='cuda:0', grad_fn=<AddBackward0>), loss_pre: tensor(0.6865, device='cuda:0', grad_fn=<NllLossBackward0>)[0m[0m
experiment  : INFO     [32m[32mstep: 47960 	 meta_lr 0.000500 	 training acc 0.796875 and training loss tensor(0.7440, device='cuda:0', grad_fn=<AddBackward0>), loss_auto: tensor(0.3116, device='cuda:0', grad_fn=<AddBackward0>), loss_pre: tensor(0.7129, device='cuda:0', grad_fn=<NllLossBackward0>)[0m[0m
experiment  : INFO     [32m[32mstep: 48000 	 meta_lr 0.000500 	 training acc 0.90625 and training loss tensor(0.3610, device='cuda:0', grad_fn=<AddBackward0>), loss_auto: tensor(0.3130, device='cuda:0', grad_fn=<AddBackward0>), loss_pre: tensor(0.3297, device='cuda:0', grad_fn=<NllLossBackward0>)[0m[0m
experiment  : INFO     [32m[32mTrain Accuracy = 0.8683621453900708[0m[0m
experiment  : INFO     [32m[32mTest Accuracy = 0.0[0m[0m
experiment  : INFO     [32m[32mstep: 48040 	 meta_lr 0.000500 	 training acc 0.875 and training loss tensor(0.4449, device='cuda:0', grad_fn=<AddBackward0>), loss_auto: tensor(0.3168, device='cuda:0', grad_fn=<AddBackward0>), loss_pre: tensor(0.4132, device='cuda:0', grad_fn=<NllLossBackward0>)[0m[0m
experiment  : INFO     [32m[32mstep: 48080 	 meta_lr 0.000500 	 training acc 0.9375 and training loss tensor(0.2660, device='cuda:0', grad_fn=<AddBackward0>), loss_auto: tensor(0.3100, device='cuda:0', grad_fn=<AddBackward0>), loss_pre: tensor(0.2350, device='cuda:0', grad_fn=<NllLossBackward0>)[0m[0m
experiment  : INFO     [32m[32mstep: 48120 	 meta_lr 0.000500 	 training acc 0.890625 and training loss tensor(0.4533, device='cuda:0', grad_fn=<AddBackward0>), loss_auto: tensor(0.3098, device='cuda:0', grad_fn=<AddBackward0>), loss_pre: tensor(0.4223, device='cuda:0', grad_fn=<NllLossBackward0>)[0m[0m
experiment  : INFO     [32m[32mstep: 48160 	 meta_lr 0.000500 	 training acc 0.859375 and training loss tensor(1.0943, device='cuda:0', grad_fn=<AddBackward0>), loss_auto: tensor(0.3113, device='cuda:0', grad_fn=<AddBackward0>), loss_pre: tensor(1.0631, device='cuda:0', grad_fn=<NllLossBackward0>)[0m[0m
experiment  : INFO     [32m[32mstep: 48200 	 meta_lr 0.000500 	 training acc 0.75 and training loss tensor(0.9843, device='cuda:0', grad_fn=<AddBackward0>), loss_auto: tensor(0.3139, device='cuda:0', grad_fn=<AddBackward0>), loss_pre: tensor(0.9530, device='cuda:0', grad_fn=<NllLossBackward0>)[0m[0m
experiment  : INFO     [32m[32mstep: 48240 	 meta_lr 0.000500 	 training acc 0.84375 and training loss tensor(0.3650, device='cuda:0', grad_fn=<AddBackward0>), loss_auto: tensor(0.3137, device='cuda:0', grad_fn=<AddBackward0>), loss_pre: tensor(0.3336, device='cuda:0', grad_fn=<NllLossBackward0>)[0m[0m
experiment  : INFO     [32m[32mstep: 48280 	 meta_lr 0.000500 	 training acc 0.8125 and training loss tensor(1.4905, device='cuda:0', grad_fn=<AddBackward0>), loss_auto: tensor(0.3153, device='cuda:0', grad_fn=<AddBackward0>), loss_pre: tensor(1.4590, device='cuda:0', grad_fn=<NllLossBackward0>)[0m[0m
experiment  : INFO     [32m[32mstep: 48320 	 meta_lr 0.000500 	 training acc 0.90625 and training loss tensor(0.3158, device='cuda:0', grad_fn=<AddBackward0>), loss_auto: tensor(0.3099, device='cuda:0', grad_fn=<AddBackward0>), loss_pre: tensor(0.2848, device='cuda:0', grad_fn=<NllLossBackward0>)[0m[0m
experiment  : INFO     [32m[32mstep: 48360 	 meta_lr 0.000500 	 training acc 0.953125 and training loss tensor(0.2359, device='cuda:0', grad_fn=<AddBackward0>), loss_auto: tensor(0.3117, device='cuda:0', grad_fn=<AddBackward0>), loss_pre: tensor(0.2048, device='cuda:0', grad_fn=<NllLossBackward0>)[0m[0m
experiment  : INFO     [32m[32mstep: 48400 	 meta_lr 0.000500 	 training acc 0.859375 and training loss tensor(0.6373, device='cuda:0', grad_fn=<AddBackward0>), loss_auto: tensor(0.3121, device='cuda:0', grad_fn=<AddBackward0>), loss_pre: tensor(0.6061, device='cuda:0', grad_fn=<NllLossBackward0>)[0m[0m
experiment  : INFO     [32m[32mstep: 48440 	 meta_lr 0.000500 	 training acc 0.796875 and training loss tensor(0.6889, device='cuda:0', grad_fn=<AddBackward0>), loss_auto: tensor(0.3153, device='cuda:0', grad_fn=<AddBackward0>), loss_pre: tensor(0.6573, device='cuda:0', grad_fn=<NllLossBackward0>)[0m[0m
experiment  : INFO     [32m[32mstep: 48480 	 meta_lr 0.000500 	 training acc 0.828125 and training loss tensor(0.8144, device='cuda:0', grad_fn=<AddBackward0>), loss_auto: tensor(0.3142, device='cuda:0', grad_fn=<AddBackward0>), loss_pre: tensor(0.7830, device='cuda:0', grad_fn=<NllLossBackward0>)[0m[0m
experiment  : INFO     [32m[32mTrain Accuracy = 0.8431294326241134[0m[0m
experiment  : INFO     [32m[32mTest Accuracy = 0.0[0m[0m
experiment  : INFO     [32m[32mstep: 48520 	 meta_lr 0.000500 	 training acc 0.921875 and training loss tensor(0.2690, device='cuda:0', grad_fn=<AddBackward0>), loss_auto: tensor(0.3138, device='cuda:0', grad_fn=<AddBackward0>), loss_pre: tensor(0.2376, device='cuda:0', grad_fn=<NllLossBackward0>)[0m[0m
experiment  : INFO     [32m[32mstep: 48560 	 meta_lr 0.000500 	 training acc 0.9375 and training loss tensor(0.1590, device='cuda:0', grad_fn=<AddBackward0>), loss_auto: tensor(0.3147, device='cuda:0', grad_fn=<AddBackward0>), loss_pre: tensor(0.1276, device='cuda:0', grad_fn=<NllLossBackward0>)[0m[0m
experiment  : INFO     [32m[32mstep: 48600 	 meta_lr 0.000500 	 training acc 0.875 and training loss tensor(0.3894, device='cuda:0', grad_fn=<AddBackward0>), loss_auto: tensor(0.3129, device='cuda:0', grad_fn=<AddBackward0>), loss_pre: tensor(0.3582, device='cuda:0', grad_fn=<NllLossBackward0>)[0m[0m
experiment  : INFO     [32m[32mstep: 48640 	 meta_lr 0.000500 	 training acc 0.921875 and training loss tensor(0.2723, device='cuda:0', grad_fn=<AddBackward0>), loss_auto: tensor(0.3123, device='cuda:0', grad_fn=<AddBackward0>), loss_pre: tensor(0.2411, device='cuda:0', grad_fn=<NllLossBackward0>)[0m[0m
experiment  : INFO     [32m[32mstep: 48680 	 meta_lr 0.000500 	 training acc 0.921875 and training loss tensor(0.2611, device='cuda:0', grad_fn=<AddBackward0>), loss_auto: tensor(0.3104, device='cuda:0', grad_fn=<AddBackward0>), loss_pre: tensor(0.2301, device='cuda:0', grad_fn=<NllLossBackward0>)[0m[0m
experiment  : INFO     [32m[32mstep: 48720 	 meta_lr 0.000500 	 training acc 0.921875 and training loss tensor(0.2593, device='cuda:0', grad_fn=<AddBackward0>), loss_auto: tensor(0.3118, device='cuda:0', grad_fn=<AddBackward0>), loss_pre: tensor(0.2281, device='cuda:0', grad_fn=<NllLossBackward0>)[0m[0m
experiment  : INFO     [32m[32mstep: 48760 	 meta_lr 0.000500 	 training acc 0.96875 and training loss tensor(0.3725, device='cuda:0', grad_fn=<AddBackward0>), loss_auto: tensor(0.3084, device='cuda:0', grad_fn=<AddBackward0>), loss_pre: tensor(0.3417, device='cuda:0', grad_fn=<NllLossBackward0>)[0m[0m
experiment  : INFO     [32m[32mstep: 48800 	 meta_lr 0.000500 	 training acc 0.90625 and training loss tensor(0.4158, device='cuda:0', grad_fn=<AddBackward0>), loss_auto: tensor(0.3086, device='cuda:0', grad_fn=<AddBackward0>), loss_pre: tensor(0.3849, device='cuda:0', grad_fn=<NllLossBackward0>)[0m[0m
experiment  : INFO     [32m[32mstep: 48840 	 meta_lr 0.000500 	 training acc 0.921875 and training loss tensor(0.3345, device='cuda:0', grad_fn=<AddBackward0>), loss_auto: tensor(0.3124, device='cuda:0', grad_fn=<AddBackward0>), loss_pre: tensor(0.3032, device='cuda:0', grad_fn=<NllLossBackward0>)[0m[0m
experiment  : INFO     [32m[32mstep: 48880 	 meta_lr 0.000500 	 training acc 0.859375 and training loss tensor(0.5593, device='cuda:0', grad_fn=<AddBackward0>), loss_auto: tensor(0.3136, device='cuda:0', grad_fn=<AddBackward0>), loss_pre: tensor(0.5279, device='cuda:0', grad_fn=<NllLossBackward0>)[0m[0m
experiment  : INFO     [32m[32mstep: 48920 	 meta_lr 0.000500 	 training acc 0.875 and training loss tensor(0.4542, device='cuda:0', grad_fn=<AddBackward0>), loss_auto: tensor(0.3131, device='cuda:0', grad_fn=<AddBackward0>), loss_pre: tensor(0.4229, device='cuda:0', grad_fn=<NllLossBackward0>)[0m[0m
experiment  : INFO     [32m[32mstep: 48960 	 meta_lr 0.000500 	 training acc 0.890625 and training loss tensor(0.9950, device='cuda:0', grad_fn=<AddBackward0>), loss_auto: tensor(0.3141, device='cuda:0', grad_fn=<AddBackward0>), loss_pre: tensor(0.9636, device='cuda:0', grad_fn=<NllLossBackward0>)[0m[0m
experiment  : INFO     [32m[32mstep: 49000 	 meta_lr 0.000500 	 training acc 0.921875 and training loss tensor(0.2601, device='cuda:0', grad_fn=<AddBackward0>), loss_auto: tensor(0.3135, device='cuda:0', grad_fn=<AddBackward0>), loss_pre: tensor(0.2288, device='cuda:0', grad_fn=<NllLossBackward0>)[0m[0m
experiment  : INFO     [32m[32mTrain Accuracy = 0.8468085106382979[0m[0m
experiment  : INFO     [32m[32mTest Accuracy = 0.0[0m[0m
experiment  : INFO     [32m[32mstep: 49040 	 meta_lr 0.000500 	 training acc 0.921875 and training loss tensor(0.1617, device='cuda:0', grad_fn=<AddBackward0>), loss_auto: tensor(0.3092, device='cuda:0', grad_fn=<AddBackward0>), loss_pre: tensor(0.1308, device='cuda:0', grad_fn=<NllLossBackward0>)[0m[0m
experiment  : INFO     [32m[32mstep: 49080 	 meta_lr 0.000500 	 training acc 0.9375 and training loss tensor(0.3043, device='cuda:0', grad_fn=<AddBackward0>), loss_auto: tensor(0.3106, device='cuda:0', grad_fn=<AddBackward0>), loss_pre: tensor(0.2732, device='cuda:0', grad_fn=<NllLossBackward0>)[0m[0m
experiment  : INFO     [32m[32mstep: 49120 	 meta_lr 0.000500 	 training acc 0.90625 and training loss tensor(0.3298, device='cuda:0', grad_fn=<AddBackward0>), loss_auto: tensor(0.3107, device='cuda:0', grad_fn=<AddBackward0>), loss_pre: tensor(0.2987, device='cuda:0', grad_fn=<NllLossBackward0>)[0m[0m
experiment  : INFO     [32m[32mstep: 49160 	 meta_lr 0.000500 	 training acc 0.90625 and training loss tensor(0.4231, device='cuda:0', grad_fn=<AddBackward0>), loss_auto: tensor(0.3120, device='cuda:0', grad_fn=<AddBackward0>), loss_pre: tensor(0.3919, device='cuda:0', grad_fn=<NllLossBackward0>)[0m[0m
experiment  : INFO     [32m[32mstep: 49200 	 meta_lr 0.000500 	 training acc 0.828125 and training loss tensor(0.4279, device='cuda:0', grad_fn=<AddBackward0>), loss_auto: tensor(0.3092, device='cuda:0', grad_fn=<AddBackward0>), loss_pre: tensor(0.3970, device='cuda:0', grad_fn=<NllLossBackward0>)[0m[0m
experiment  : INFO     [32m[32mstep: 49240 	 meta_lr 0.000500 	 training acc 0.875 and training loss tensor(0.5142, device='cuda:0', grad_fn=<AddBackward0>), loss_auto: tensor(0.3090, device='cuda:0', grad_fn=<AddBackward0>), loss_pre: tensor(0.4833, device='cuda:0', grad_fn=<NllLossBackward0>)[0m[0m
experiment  : INFO     [32m[32mstep: 49280 	 meta_lr 0.000500 	 training acc 0.875 and training loss tensor(0.8623, device='cuda:0', grad_fn=<AddBackward0>), loss_auto: tensor(0.3107, device='cuda:0', grad_fn=<AddBackward0>), loss_pre: tensor(0.8312, device='cuda:0', grad_fn=<NllLossBackward0>)[0m[0m
experiment  : INFO     [32m[32mstep: 49320 	 meta_lr 0.000500 	 training acc 0.90625 and training loss tensor(0.3243, device='cuda:0', grad_fn=<AddBackward0>), loss_auto: tensor(0.3124, device='cuda:0', grad_fn=<AddBackward0>), loss_pre: tensor(0.2931, device='cuda:0', grad_fn=<NllLossBackward0>)[0m[0m
experiment  : INFO     [32m[32mstep: 49360 	 meta_lr 0.000500 	 training acc 0.890625 and training loss tensor(0.4352, device='cuda:0', grad_fn=<AddBackward0>), loss_auto: tensor(0.3098, device='cuda:0', grad_fn=<AddBackward0>), loss_pre: tensor(0.4042, device='cuda:0', grad_fn=<NllLossBackward0>)[0m[0m
experiment  : INFO     [32m[32mstep: 49400 	 meta_lr 0.000500 	 training acc 0.90625 and training loss tensor(0.3292, device='cuda:0', grad_fn=<AddBackward0>), loss_auto: tensor(0.3097, device='cuda:0', grad_fn=<AddBackward0>), loss_pre: tensor(0.2982, device='cuda:0', grad_fn=<NllLossBackward0>)[0m[0m
experiment  : INFO     [32m[32mstep: 49440 	 meta_lr 0.000500 	 training acc 0.921875 and training loss tensor(0.3831, device='cuda:0', grad_fn=<AddBackward0>), loss_auto: tensor(0.3138, device='cuda:0', grad_fn=<AddBackward0>), loss_pre: tensor(0.3517, device='cuda:0', grad_fn=<NllLossBackward0>)[0m[0m
experiment  : INFO     [32m[32mstep: 49480 	 meta_lr 0.000500 	 training acc 0.953125 and training loss tensor(0.2072, device='cuda:0', grad_fn=<AddBackward0>), loss_auto: tensor(0.3124, device='cuda:0', grad_fn=<AddBackward0>), loss_pre: tensor(0.1759, device='cuda:0', grad_fn=<NllLossBackward0>)[0m[0m
experiment  : INFO     [32m[32mTrain Accuracy = 0.8553080673758866[0m[0m
experiment  : INFO     [32m[32mTest Accuracy = 0.0[0m[0m
experiment  : INFO     [32m[32mstep: 49520 	 meta_lr 0.000500 	 training acc 0.9375 and training loss tensor(0.2454, device='cuda:0', grad_fn=<AddBackward0>), loss_auto: tensor(0.3151, device='cuda:0', grad_fn=<AddBackward0>), loss_pre: tensor(0.2139, device='cuda:0', grad_fn=<NllLossBackward0>)[0m[0m
experiment  : INFO     [32m[32mstep: 49560 	 meta_lr 0.000500 	 training acc 0.875 and training loss tensor(0.7156, device='cuda:0', grad_fn=<AddBackward0>), loss_auto: tensor(0.3124, device='cuda:0', grad_fn=<AddBackward0>), loss_pre: tensor(0.6843, device='cuda:0', grad_fn=<NllLossBackward0>)[0m[0m
experiment  : INFO     [32m[32mstep: 49600 	 meta_lr 0.000500 	 training acc 0.90625 and training loss tensor(0.3518, device='cuda:0', grad_fn=<AddBackward0>), loss_auto: tensor(0.3118, device='cuda:0', grad_fn=<AddBackward0>), loss_pre: tensor(0.3206, device='cuda:0', grad_fn=<NllLossBackward0>)[0m[0m
experiment  : INFO     [32m[32mstep: 49640 	 meta_lr 0.000500 	 training acc 0.90625 and training loss tensor(0.3629, device='cuda:0', grad_fn=<AddBackward0>), loss_auto: tensor(0.3131, device='cuda:0', grad_fn=<AddBackward0>), loss_pre: tensor(0.3316, device='cuda:0', grad_fn=<NllLossBackward0>)[0m[0m
experiment  : INFO     [32m[32mstep: 49680 	 meta_lr 0.000500 	 training acc 0.96875 and training loss tensor(0.1505, device='cuda:0', grad_fn=<AddBackward0>), loss_auto: tensor(0.3119, device='cuda:0', grad_fn=<AddBackward0>), loss_pre: tensor(0.1193, device='cuda:0', grad_fn=<NllLossBackward0>)[0m[0m
experiment  : INFO     [32m[32mstep: 49720 	 meta_lr 0.000500 	 training acc 0.921875 and training loss tensor(0.2359, device='cuda:0', grad_fn=<AddBackward0>), loss_auto: tensor(0.3118, device='cuda:0', grad_fn=<AddBackward0>), loss_pre: tensor(0.2047, device='cuda:0', grad_fn=<NllLossBackward0>)[0m[0m
experiment  : INFO     [32m[32mstep: 49760 	 meta_lr 0.000500 	 training acc 0.875 and training loss tensor(0.5540, device='cuda:0', grad_fn=<AddBackward0>), loss_auto: tensor(0.3107, device='cuda:0', grad_fn=<AddBackward0>), loss_pre: tensor(0.5230, device='cuda:0', grad_fn=<NllLossBackward0>)[0m[0m
experiment  : INFO     [32m[32mstep: 49800 	 meta_lr 0.000500 	 training acc 0.90625 and training loss tensor(0.2115, device='cuda:0', grad_fn=<AddBackward0>), loss_auto: tensor(0.3141, device='cuda:0', grad_fn=<AddBackward0>), loss_pre: tensor(0.1801, device='cuda:0', grad_fn=<NllLossBackward0>)[0m[0m
experiment  : INFO     [32m[32mstep: 49840 	 meta_lr 0.000500 	 training acc 0.859375 and training loss tensor(0.4116, device='cuda:0', grad_fn=<AddBackward0>), loss_auto: tensor(0.3132, device='cuda:0', grad_fn=<AddBackward0>), loss_pre: tensor(0.3803, device='cuda:0', grad_fn=<NllLossBackward0>)[0m[0m
experiment  : INFO     [32m[32mstep: 49880 	 meta_lr 0.000500 	 training acc 0.859375 and training loss tensor(0.5965, device='cuda:0', grad_fn=<AddBackward0>), loss_auto: tensor(0.3115, device='cuda:0', grad_fn=<AddBackward0>), loss_pre: tensor(0.5653, device='cuda:0', grad_fn=<NllLossBackward0>)[0m[0m
experiment  : INFO     [32m[32mstep: 49920 	 meta_lr 0.000500 	 training acc 0.890625 and training loss tensor(0.3631, device='cuda:0', grad_fn=<AddBackward0>), loss_auto: tensor(0.3115, device='cuda:0', grad_fn=<AddBackward0>), loss_pre: tensor(0.3319, device='cuda:0', grad_fn=<NllLossBackward0>)[0m[0m
experiment  : INFO     [32m[32mstep: 49960 	 meta_lr 0.000500 	 training acc 0.890625 and training loss tensor(0.3689, device='cuda:0', grad_fn=<AddBackward0>), loss_auto: tensor(0.3118, device='cuda:0', grad_fn=<AddBackward0>), loss_pre: tensor(0.3378, device='cuda:0', grad_fn=<NllLossBackward0>)[0m[0m
experiment  : INFO     [32m[32mstep: 50000 	 meta_lr 0.000500 	 training acc 0.875 and training loss tensor(0.5661, device='cuda:0', grad_fn=<AddBackward0>), loss_auto: tensor(0.3113, device='cuda:0', grad_fn=<AddBackward0>), loss_pre: tensor(0.5350, device='cuda:0', grad_fn=<NllLossBackward0>)[0m[0m
experiment  : INFO     [32m[32mTrain Accuracy = 0.8489361702127659[0m[0m
experiment  : INFO     [32m[32mTest Accuracy = 0.0[0m[0m
experiment  : INFO     [32m[32mstep: 50040 	 meta_lr 0.000500 	 training acc 0.953125 and training loss tensor(0.2379, device='cuda:0', grad_fn=<AddBackward0>), loss_auto: tensor(0.3078, device='cuda:0', grad_fn=<AddBackward0>), loss_pre: tensor(0.2071, device='cuda:0', grad_fn=<NllLossBackward0>)[0m[0m
experiment  : INFO     [32m[32mstep: 50080 	 meta_lr 0.000500 	 training acc 0.953125 and training loss tensor(0.2911, device='cuda:0', grad_fn=<AddBackward0>), loss_auto: tensor(0.3116, device='cuda:0', grad_fn=<AddBackward0>), loss_pre: tensor(0.2600, device='cuda:0', grad_fn=<NllLossBackward0>)[0m[0m
experiment  : INFO     [32m[32mstep: 50120 	 meta_lr 0.000500 	 training acc 0.953125 and training loss tensor(0.1388, device='cuda:0', grad_fn=<AddBackward0>), loss_auto: tensor(0.3124, device='cuda:0', grad_fn=<AddBackward0>), loss_pre: tensor(0.1075, device='cuda:0', grad_fn=<NllLossBackward0>)[0m[0m
experiment  : INFO     [32m[32mstep: 50160 	 meta_lr 0.000500 	 training acc 0.921875 and training loss tensor(0.2783, device='cuda:0', grad_fn=<AddBackward0>), loss_auto: tensor(0.3108, device='cuda:0', grad_fn=<AddBackward0>), loss_pre: tensor(0.2473, device='cuda:0', grad_fn=<NllLossBackward0>)[0m[0m
experiment  : INFO     [32m[32mstep: 50200 	 meta_lr 0.000500 	 training acc 0.875 and training loss tensor(0.6956, device='cuda:0', grad_fn=<AddBackward0>), loss_auto: tensor(0.3115, device='cuda:0', grad_fn=<AddBackward0>), loss_pre: tensor(0.6645, device='cuda:0', grad_fn=<NllLossBackward0>)[0m[0m
experiment  : INFO     [32m[32mstep: 50240 	 meta_lr 0.000500 	 training acc 0.921875 and training loss tensor(0.3237, device='cuda:0', grad_fn=<AddBackward0>), loss_auto: tensor(0.3108, device='cuda:0', grad_fn=<AddBackward0>), loss_pre: tensor(0.2926, device='cuda:0', grad_fn=<NllLossBackward0>)[0m[0m
experiment  : INFO     [32m[32mstep: 50280 	 meta_lr 0.000500 	 training acc 0.8125 and training loss tensor(0.5649, device='cuda:0', grad_fn=<AddBackward0>), loss_auto: tensor(0.3146, device='cuda:0', grad_fn=<AddBackward0>), loss_pre: tensor(0.5334, device='cuda:0', grad_fn=<NllLossBackward0>)[0m[0m
experiment  : INFO     [32m[32mstep: 50320 	 meta_lr 0.000500 	 training acc 0.84375 and training loss tensor(0.5163, device='cuda:0', grad_fn=<AddBackward0>), loss_auto: tensor(0.3127, device='cuda:0', grad_fn=<AddBackward0>), loss_pre: tensor(0.4850, device='cuda:0', grad_fn=<NllLossBackward0>)[0m[0m
experiment  : INFO     [32m[32mstep: 50360 	 meta_lr 0.000500 	 training acc 0.9375 and training loss tensor(0.2898, device='cuda:0', grad_fn=<AddBackward0>), loss_auto: tensor(0.3110, device='cuda:0', grad_fn=<AddBackward0>), loss_pre: tensor(0.2587, device='cuda:0', grad_fn=<NllLossBackward0>)[0m[0m
experiment  : INFO     [32m[32mstep: 50400 	 meta_lr 0.000500 	 training acc 0.890625 and training loss tensor(0.9114, device='cuda:0', grad_fn=<AddBackward0>), loss_auto: tensor(0.3144, device='cuda:0', grad_fn=<AddBackward0>), loss_pre: tensor(0.8800, device='cuda:0', grad_fn=<NllLossBackward0>)[0m[0m
experiment  : INFO     [32m[32mstep: 50440 	 meta_lr 0.000500 	 training acc 0.890625 and training loss tensor(0.2538, device='cuda:0', grad_fn=<AddBackward0>), loss_auto: tensor(0.3110, device='cuda:0', grad_fn=<AddBackward0>), loss_pre: tensor(0.2227, device='cuda:0', grad_fn=<NllLossBackward0>)[0m[0m
experiment  : INFO     [32m[32mstep: 50480 	 meta_lr 0.000500 	 training acc 0.890625 and training loss tensor(0.2494, device='cuda:0', grad_fn=<AddBackward0>), loss_auto: tensor(0.3114, device='cuda:0', grad_fn=<AddBackward0>), loss_pre: tensor(0.2182, device='cuda:0', grad_fn=<NllLossBackward0>)[0m[0m
experiment  : INFO     [32m[32mTrain Accuracy = 0.8578014184397164[0m[0m
experiment  : INFO     [32m[32mTest Accuracy = 0.0[0m[0m
experiment  : INFO     [32m[32mstep: 50520 	 meta_lr 0.000500 	 training acc 0.9375 and training loss tensor(0.2695, device='cuda:0', grad_fn=<AddBackward0>), loss_auto: tensor(0.3110, device='cuda:0', grad_fn=<AddBackward0>), loss_pre: tensor(0.2384, device='cuda:0', grad_fn=<NllLossBackward0>)[0m[0m
experiment  : INFO     [32m[32mstep: 50560 	 meta_lr 0.000500 	 training acc 0.890625 and training loss tensor(0.3473, device='cuda:0', grad_fn=<AddBackward0>), loss_auto: tensor(0.3135, device='cuda:0', grad_fn=<AddBackward0>), loss_pre: tensor(0.3160, device='cuda:0', grad_fn=<NllLossBackward0>)[0m[0m
experiment  : INFO     [32m[32mstep: 50600 	 meta_lr 0.000500 	 training acc 0.828125 and training loss tensor(0.5796, device='cuda:0', grad_fn=<AddBackward0>), loss_auto: tensor(0.3097, device='cuda:0', grad_fn=<AddBackward0>), loss_pre: tensor(0.5487, device='cuda:0', grad_fn=<NllLossBackward0>)[0m[0m
experiment  : INFO     [32m[32mstep: 50640 	 meta_lr 0.000500 	 training acc 0.921875 and training loss tensor(0.2491, device='cuda:0', grad_fn=<AddBackward0>), loss_auto: tensor(0.3121, device='cuda:0', grad_fn=<AddBackward0>), loss_pre: tensor(0.2179, device='cuda:0', grad_fn=<NllLossBackward0>)[0m[0m
experiment  : INFO     [32m[32mstep: 50680 	 meta_lr 0.000500 	 training acc 0.953125 and training loss tensor(0.1882, device='cuda:0', grad_fn=<AddBackward0>), loss_auto: tensor(0.3127, device='cuda:0', grad_fn=<AddBackward0>), loss_pre: tensor(0.1569, device='cuda:0', grad_fn=<NllLossBackward0>)[0m[0m
experiment  : INFO     [32m[32mstep: 50720 	 meta_lr 0.000500 	 training acc 0.859375 and training loss tensor(0.6498, device='cuda:0', grad_fn=<AddBackward0>), loss_auto: tensor(0.3122, device='cuda:0', grad_fn=<AddBackward0>), loss_pre: tensor(0.6186, device='cuda:0', grad_fn=<NllLossBackward0>)[0m[0m
experiment  : INFO     [32m[32mstep: 50760 	 meta_lr 0.000500 	 training acc 0.953125 and training loss tensor(0.1806, device='cuda:0', grad_fn=<AddBackward0>), loss_auto: tensor(0.3123, device='cuda:0', grad_fn=<AddBackward0>), loss_pre: tensor(0.1494, device='cuda:0', grad_fn=<NllLossBackward0>)[0m[0m
experiment  : INFO     [32m[32mstep: 50800 	 meta_lr 0.000500 	 training acc 0.84375 and training loss tensor(0.3727, device='cuda:0', grad_fn=<AddBackward0>), loss_auto: tensor(0.3120, device='cuda:0', grad_fn=<AddBackward0>), loss_pre: tensor(0.3415, device='cuda:0', grad_fn=<NllLossBackward0>)[0m[0m
experiment  : INFO     [32m[32mstep: 50840 	 meta_lr 0.000500 	 training acc 0.796875 and training loss tensor(0.6047, device='cuda:0', grad_fn=<AddBackward0>), loss_auto: tensor(0.3104, device='cuda:0', grad_fn=<AddBackward0>), loss_pre: tensor(0.5737, device='cuda:0', grad_fn=<NllLossBackward0>)[0m[0m
experiment  : INFO     [32m[32mstep: 50880 	 meta_lr 0.000500 	 training acc 0.90625 and training loss tensor(0.2949, device='cuda:0', grad_fn=<AddBackward0>), loss_auto: tensor(0.3133, device='cuda:0', grad_fn=<AddBackward0>), loss_pre: tensor(0.2636, device='cuda:0', grad_fn=<NllLossBackward0>)[0m[0m
experiment  : INFO     [32m[32mstep: 50920 	 meta_lr 0.000500 	 training acc 0.859375 and training loss tensor(0.4699, device='cuda:0', grad_fn=<AddBackward0>), loss_auto: tensor(0.3142, device='cuda:0', grad_fn=<AddBackward0>), loss_pre: tensor(0.4385, device='cuda:0', grad_fn=<NllLossBackward0>)[0m[0m
experiment  : INFO     [32m[32mstep: 50960 	 meta_lr 0.000500 	 training acc 0.890625 and training loss tensor(0.3632, device='cuda:0', grad_fn=<AddBackward0>), loss_auto: tensor(0.3113, device='cuda:0', grad_fn=<AddBackward0>), loss_pre: tensor(0.3321, device='cuda:0', grad_fn=<NllLossBackward0>)[0m[0m
experiment  : INFO     [32m[32mstep: 51000 	 meta_lr 0.000500 	 training acc 0.9375 and training loss tensor(0.3358, device='cuda:0', grad_fn=<AddBackward0>), loss_auto: tensor(0.3117, device='cuda:0', grad_fn=<AddBackward0>), loss_pre: tensor(0.3047, device='cuda:0', grad_fn=<NllLossBackward0>)[0m[0m
experiment  : INFO     [32m[32mTrain Accuracy = 0.8348293439716312[0m[0m
experiment  : INFO     [32m[32mTest Accuracy = 0.0[0m[0m
experiment  : INFO     [32m[32mstep: 51040 	 meta_lr 0.000500 	 training acc 0.859375 and training loss tensor(0.5789, device='cuda:0', grad_fn=<AddBackward0>), loss_auto: tensor(0.3086, device='cuda:0', grad_fn=<AddBackward0>), loss_pre: tensor(0.5480, device='cuda:0', grad_fn=<NllLossBackward0>)[0m[0m
experiment  : INFO     [32m[32mstep: 51080 	 meta_lr 0.000500 	 training acc 0.8125 and training loss tensor(0.6203, device='cuda:0', grad_fn=<AddBackward0>), loss_auto: tensor(0.3118, device='cuda:0', grad_fn=<AddBackward0>), loss_pre: tensor(0.5891, device='cuda:0', grad_fn=<NllLossBackward0>)[0m[0m
experiment  : INFO     [32m[32mstep: 51120 	 meta_lr 0.000500 	 training acc 0.9375 and training loss tensor(0.1700, device='cuda:0', grad_fn=<AddBackward0>), loss_auto: tensor(0.3094, device='cuda:0', grad_fn=<AddBackward0>), loss_pre: tensor(0.1391, device='cuda:0', grad_fn=<NllLossBackward0>)[0m[0m
experiment  : INFO     [32m[32mstep: 51160 	 meta_lr 0.000500 	 training acc 0.984375 and training loss tensor(0.1589, device='cuda:0', grad_fn=<AddBackward0>), loss_auto: tensor(0.3130, device='cuda:0', grad_fn=<AddBackward0>), loss_pre: tensor(0.1276, device='cuda:0', grad_fn=<NllLossBackward0>)[0m[0m
experiment  : INFO     [32m[32mstep: 51200 	 meta_lr 0.000500 	 training acc 0.921875 and training loss tensor(0.2220, device='cuda:0', grad_fn=<AddBackward0>), loss_auto: tensor(0.3096, device='cuda:0', grad_fn=<AddBackward0>), loss_pre: tensor(0.1911, device='cuda:0', grad_fn=<NllLossBackward0>)[0m[0m
experiment  : INFO     [32m[32mstep: 51240 	 meta_lr 0.000500 	 training acc 0.953125 and training loss tensor(0.2076, device='cuda:0', grad_fn=<AddBackward0>), loss_auto: tensor(0.3110, device='cuda:0', grad_fn=<AddBackward0>), loss_pre: tensor(0.1765, device='cuda:0', grad_fn=<NllLossBackward0>)[0m[0m
experiment  : INFO     [32m[32mstep: 51280 	 meta_lr 0.000500 	 training acc 0.890625 and training loss tensor(0.4379, device='cuda:0', grad_fn=<AddBackward0>), loss_auto: tensor(0.3125, device='cuda:0', grad_fn=<AddBackward0>), loss_pre: tensor(0.4067, device='cuda:0', grad_fn=<NllLossBackward0>)[0m[0m
experiment  : INFO     [32m[32mstep: 51320 	 meta_lr 0.000500 	 training acc 0.875 and training loss tensor(0.4053, device='cuda:0', grad_fn=<AddBackward0>), loss_auto: tensor(0.3141, device='cuda:0', grad_fn=<AddBackward0>), loss_pre: tensor(0.3739, device='cuda:0', grad_fn=<NllLossBackward0>)[0m[0m
experiment  : INFO     [32m[32mstep: 51360 	 meta_lr 0.000500 	 training acc 0.90625 and training loss tensor(0.2767, device='cuda:0', grad_fn=<AddBackward0>), loss_auto: tensor(0.3146, device='cuda:0', grad_fn=<AddBackward0>), loss_pre: tensor(0.2453, device='cuda:0', grad_fn=<NllLossBackward0>)[0m[0m
experiment  : INFO     [32m[32mstep: 51400 	 meta_lr 0.000500 	 training acc 0.90625 and training loss tensor(0.1805, device='cuda:0', grad_fn=<AddBackward0>), loss_auto: tensor(0.3137, device='cuda:0', grad_fn=<AddBackward0>), loss_pre: tensor(0.1491, device='cuda:0', grad_fn=<NllLossBackward0>)[0m[0m
experiment  : INFO     [32m[32mstep: 51440 	 meta_lr 0.000500 	 training acc 0.921875 and training loss tensor(0.4108, device='cuda:0', grad_fn=<AddBackward0>), loss_auto: tensor(0.3133, device='cuda:0', grad_fn=<AddBackward0>), loss_pre: tensor(0.3794, device='cuda:0', grad_fn=<NllLossBackward0>)[0m[0m
experiment  : INFO     [32m[32mstep: 51480 	 meta_lr 0.000500 	 training acc 0.921875 and training loss tensor(0.2891, device='cuda:0', grad_fn=<AddBackward0>), loss_auto: tensor(0.3122, device='cuda:0', grad_fn=<AddBackward0>), loss_pre: tensor(0.2579, device='cuda:0', grad_fn=<NllLossBackward0>)[0m[0m
experiment  : INFO     [32m[32mTrain Accuracy = 0.8691821808510638[0m[0m
experiment  : INFO     [32m[32mTest Accuracy = 0.0[0m[0m
experiment  : INFO     [32m[32mstep: 51520 	 meta_lr 0.000500 	 training acc 0.9375 and training loss tensor(0.2478, device='cuda:0', grad_fn=<AddBackward0>), loss_auto: tensor(0.3146, device='cuda:0', grad_fn=<AddBackward0>), loss_pre: tensor(0.2163, device='cuda:0', grad_fn=<NllLossBackward0>)[0m[0m
experiment  : INFO     [32m[32mstep: 51560 	 meta_lr 0.000500 	 training acc 0.921875 and training loss tensor(0.3996, device='cuda:0', grad_fn=<AddBackward0>), loss_auto: tensor(0.3126, device='cuda:0', grad_fn=<AddBackward0>), loss_pre: tensor(0.3683, device='cuda:0', grad_fn=<NllLossBackward0>)[0m[0m
experiment  : INFO     [32m[32mstep: 51600 	 meta_lr 0.000500 	 training acc 0.9375 and training loss tensor(0.4656, device='cuda:0', grad_fn=<AddBackward0>), loss_auto: tensor(0.3132, device='cuda:0', grad_fn=<AddBackward0>), loss_pre: tensor(0.4342, device='cuda:0', grad_fn=<NllLossBackward0>)[0m[0m
experiment  : INFO     [32m[32mstep: 51640 	 meta_lr 0.000500 	 training acc 0.875 and training loss tensor(0.4635, device='cuda:0', grad_fn=<AddBackward0>), loss_auto: tensor(0.3142, device='cuda:0', grad_fn=<AddBackward0>), loss_pre: tensor(0.4321, device='cuda:0', grad_fn=<NllLossBackward0>)[0m[0m
experiment  : INFO     [32m[32mstep: 51680 	 meta_lr 0.000500 	 training acc 0.875 and training loss tensor(0.5192, device='cuda:0', grad_fn=<AddBackward0>), loss_auto: tensor(0.3126, device='cuda:0', grad_fn=<AddBackward0>), loss_pre: tensor(0.4880, device='cuda:0', grad_fn=<NllLossBackward0>)[0m[0m
experiment  : INFO     [32m[32mstep: 51720 	 meta_lr 0.000500 	 training acc 0.90625 and training loss tensor(0.5553, device='cuda:0', grad_fn=<AddBackward0>), loss_auto: tensor(0.3121, device='cuda:0', grad_fn=<AddBackward0>), loss_pre: tensor(0.5241, device='cuda:0', grad_fn=<NllLossBackward0>)[0m[0m
experiment  : INFO     [32m[32mstep: 51760 	 meta_lr 0.000500 	 training acc 0.84375 and training loss tensor(1.0743, device='cuda:0', grad_fn=<AddBackward0>), loss_auto: tensor(0.3130, device='cuda:0', grad_fn=<AddBackward0>), loss_pre: tensor(1.0430, device='cuda:0', grad_fn=<NllLossBackward0>)[0m[0m
experiment  : INFO     [32m[32mstep: 51800 	 meta_lr 0.000500 	 training acc 0.875 and training loss tensor(0.3879, device='cuda:0', grad_fn=<AddBackward0>), loss_auto: tensor(0.3136, device='cuda:0', grad_fn=<AddBackward0>), loss_pre: tensor(0.3566, device='cuda:0', grad_fn=<NllLossBackward0>)[0m[0m
experiment  : INFO     [32m[32mstep: 51840 	 meta_lr 0.000500 	 training acc 0.9375 and training loss tensor(0.2194, device='cuda:0', grad_fn=<AddBackward0>), loss_auto: tensor(0.3176, device='cuda:0', grad_fn=<AddBackward0>), loss_pre: tensor(0.1876, device='cuda:0', grad_fn=<NllLossBackward0>)[0m[0m
experiment  : INFO     [32m[32mstep: 51880 	 meta_lr 0.000500 	 training acc 0.859375 and training loss tensor(0.4570, device='cuda:0', grad_fn=<AddBackward0>), loss_auto: tensor(0.3149, device='cuda:0', grad_fn=<AddBackward0>), loss_pre: tensor(0.4255, device='cuda:0', grad_fn=<NllLossBackward0>)[0m[0m
experiment  : INFO     [32m[32mstep: 51920 	 meta_lr 0.000500 	 training acc 0.90625 and training loss tensor(0.3723, device='cuda:0', grad_fn=<AddBackward0>), loss_auto: tensor(0.3144, device='cuda:0', grad_fn=<AddBackward0>), loss_pre: tensor(0.3408, device='cuda:0', grad_fn=<NllLossBackward0>)[0m[0m
experiment  : INFO     [32m[32mstep: 51960 	 meta_lr 0.000500 	 training acc 0.953125 and training loss tensor(0.2500, device='cuda:0', grad_fn=<AddBackward0>), loss_auto: tensor(0.3131, device='cuda:0', grad_fn=<AddBackward0>), loss_pre: tensor(0.2186, device='cuda:0', grad_fn=<NllLossBackward0>)[0m[0m
experiment  : INFO     [32m[32mstep: 52000 	 meta_lr 0.000500 	 training acc 0.9375 and training loss tensor(0.2234, device='cuda:0', grad_fn=<AddBackward0>), loss_auto: tensor(0.3132, device='cuda:0', grad_fn=<AddBackward0>), loss_pre: tensor(0.1921, device='cuda:0', grad_fn=<NllLossBackward0>)[0m[0m
experiment  : INFO     [32m[32mTrain Accuracy = 0.8473847517730496[0m[0m
experiment  : INFO     [32m[32mTest Accuracy = 0.0[0m[0m
experiment  : INFO     [32m[32mstep: 52040 	 meta_lr 0.000500 	 training acc 0.859375 and training loss tensor(0.6741, device='cuda:0', grad_fn=<AddBackward0>), loss_auto: tensor(0.3172, device='cuda:0', grad_fn=<AddBackward0>), loss_pre: tensor(0.6423, device='cuda:0', grad_fn=<NllLossBackward0>)[0m[0m
experiment  : INFO     [32m[32mstep: 52080 	 meta_lr 0.000500 	 training acc 0.84375 and training loss tensor(0.3909, device='cuda:0', grad_fn=<AddBackward0>), loss_auto: tensor(0.3145, device='cuda:0', grad_fn=<AddBackward0>), loss_pre: tensor(0.3594, device='cuda:0', grad_fn=<NllLossBackward0>)[0m[0m
experiment  : INFO     [32m[32mstep: 52120 	 meta_lr 0.000500 	 training acc 0.875 and training loss tensor(0.5103, device='cuda:0', grad_fn=<AddBackward0>), loss_auto: tensor(0.3140, device='cuda:0', grad_fn=<AddBackward0>), loss_pre: tensor(0.4789, device='cuda:0', grad_fn=<NllLossBackward0>)[0m[0m
experiment  : INFO     [32m[32mstep: 52160 	 meta_lr 0.000500 	 training acc 0.90625 and training loss tensor(0.4261, device='cuda:0', grad_fn=<AddBackward0>), loss_auto: tensor(0.3128, device='cuda:0', grad_fn=<AddBackward0>), loss_pre: tensor(0.3948, device='cuda:0', grad_fn=<NllLossBackward0>)[0m[0m
experiment  : INFO     [32m[32mstep: 52200 	 meta_lr 0.000500 	 training acc 0.90625 and training loss tensor(0.3166, device='cuda:0', grad_fn=<AddBackward0>), loss_auto: tensor(0.3122, device='cuda:0', grad_fn=<AddBackward0>), loss_pre: tensor(0.2854, device='cuda:0', grad_fn=<NllLossBackward0>)[0m[0m
experiment  : INFO     [32m[32mstep: 52240 	 meta_lr 0.000500 	 training acc 0.921875 and training loss tensor(0.2083, device='cuda:0', grad_fn=<AddBackward0>), loss_auto: tensor(0.3102, device='cuda:0', grad_fn=<AddBackward0>), loss_pre: tensor(0.1773, device='cuda:0', grad_fn=<NllLossBackward0>)[0m[0m
experiment  : INFO     [32m[32mstep: 52280 	 meta_lr 0.000500 	 training acc 0.875 and training loss tensor(0.4385, device='cuda:0', grad_fn=<AddBackward0>), loss_auto: tensor(0.3128, device='cuda:0', grad_fn=<AddBackward0>), loss_pre: tensor(0.4072, device='cuda:0', grad_fn=<NllLossBackward0>)[0m[0m
experiment  : INFO     [32m[32mstep: 52320 	 meta_lr 0.000500 	 training acc 0.9375 and training loss tensor(1.1504, device='cuda:0', grad_fn=<AddBackward0>), loss_auto: tensor(0.3114, device='cuda:0', grad_fn=<AddBackward0>), loss_pre: tensor(1.1193, device='cuda:0', grad_fn=<NllLossBackward0>)[0m[0m
experiment  : INFO     [32m[32mstep: 52360 	 meta_lr 0.000500 	 training acc 0.859375 and training loss tensor(0.4696, device='cuda:0', grad_fn=<AddBackward0>), loss_auto: tensor(0.3126, device='cuda:0', grad_fn=<AddBackward0>), loss_pre: tensor(0.4384, device='cuda:0', grad_fn=<NllLossBackward0>)[0m[0m
experiment  : INFO     [32m[32mstep: 52400 	 meta_lr 0.000500 	 training acc 0.984375 and training loss tensor(0.1538, device='cuda:0', grad_fn=<AddBackward0>), loss_auto: tensor(0.3119, device='cuda:0', grad_fn=<AddBackward0>), loss_pre: tensor(0.1226, device='cuda:0', grad_fn=<NllLossBackward0>)[0m[0m
experiment  : INFO     [32m[32mstep: 52440 	 meta_lr 0.000500 	 training acc 0.890625 and training loss tensor(0.3225, device='cuda:0', grad_fn=<AddBackward0>), loss_auto: tensor(0.3100, device='cuda:0', grad_fn=<AddBackward0>), loss_pre: tensor(0.2915, device='cuda:0', grad_fn=<NllLossBackward0>)[0m[0m
experiment  : INFO     [32m[32mstep: 52480 	 meta_lr 0.000500 	 training acc 0.875 and training loss tensor(0.4226, device='cuda:0', grad_fn=<AddBackward0>), loss_auto: tensor(0.3133, device='cuda:0', grad_fn=<AddBackward0>), loss_pre: tensor(0.3913, device='cuda:0', grad_fn=<NllLossBackward0>)[0m[0m
experiment  : INFO     [32m[32mTrain Accuracy = 0.869957890070922[0m[0m
experiment  : INFO     [32m[32mTest Accuracy = 0.0[0m[0m
experiment  : INFO     [32m[32mstep: 52520 	 meta_lr 0.000500 	 training acc 0.921875 and training loss tensor(0.4360, device='cuda:0', grad_fn=<AddBackward0>), loss_auto: tensor(0.3137, device='cuda:0', grad_fn=<AddBackward0>), loss_pre: tensor(0.4047, device='cuda:0', grad_fn=<NllLossBackward0>)[0m[0m
experiment  : INFO     [32m[32mstep: 52560 	 meta_lr 0.000500 	 training acc 0.9375 and training loss tensor(0.1472, device='cuda:0', grad_fn=<AddBackward0>), loss_auto: tensor(0.3154, device='cuda:0', grad_fn=<AddBackward0>), loss_pre: tensor(0.1156, device='cuda:0', grad_fn=<NllLossBackward0>)[0m[0m
experiment  : INFO     [32m[32mstep: 52600 	 meta_lr 0.000500 	 training acc 0.90625 and training loss tensor(0.4892, device='cuda:0', grad_fn=<AddBackward0>), loss_auto: tensor(0.3147, device='cuda:0', grad_fn=<AddBackward0>), loss_pre: tensor(0.4578, device='cuda:0', grad_fn=<NllLossBackward0>)[0m[0m
experiment  : INFO     [32m[32mstep: 52640 	 meta_lr 0.000500 	 training acc 0.90625 and training loss tensor(0.3281, device='cuda:0', grad_fn=<AddBackward0>), loss_auto: tensor(0.3108, device='cuda:0', grad_fn=<AddBackward0>), loss_pre: tensor(0.2971, device='cuda:0', grad_fn=<NllLossBackward0>)[0m[0m
experiment  : INFO     [32m[32mstep: 52680 	 meta_lr 0.000500 	 training acc 0.890625 and training loss tensor(0.3701, device='cuda:0', grad_fn=<AddBackward0>), loss_auto: tensor(0.3147, device='cuda:0', grad_fn=<AddBackward0>), loss_pre: tensor(0.3386, device='cuda:0', grad_fn=<NllLossBackward0>)[0m[0m
experiment  : INFO     [32m[32mstep: 52720 	 meta_lr 0.000500 	 training acc 0.90625 and training loss tensor(0.3932, device='cuda:0', grad_fn=<AddBackward0>), loss_auto: tensor(0.3104, device='cuda:0', grad_fn=<AddBackward0>), loss_pre: tensor(0.3621, device='cuda:0', grad_fn=<NllLossBackward0>)[0m[0m
experiment  : INFO     [32m[32mstep: 52760 	 meta_lr 0.000500 	 training acc 0.875 and training loss tensor(0.2661, device='cuda:0', grad_fn=<AddBackward0>), loss_auto: tensor(0.3156, device='cuda:0', grad_fn=<AddBackward0>), loss_pre: tensor(0.2345, device='cuda:0', grad_fn=<NllLossBackward0>)[0m[0m
experiment  : INFO     [32m[32mstep: 52800 	 meta_lr 0.000500 	 training acc 0.875 and training loss tensor(0.5425, device='cuda:0', grad_fn=<AddBackward0>), loss_auto: tensor(0.3147, device='cuda:0', grad_fn=<AddBackward0>), loss_pre: tensor(0.5110, device='cuda:0', grad_fn=<NllLossBackward0>)[0m[0m
experiment  : INFO     [32m[32mstep: 52840 	 meta_lr 0.000500 	 training acc 0.953125 and training loss tensor(0.2358, device='cuda:0', grad_fn=<AddBackward0>), loss_auto: tensor(0.3138, device='cuda:0', grad_fn=<AddBackward0>), loss_pre: tensor(0.2044, device='cuda:0', grad_fn=<NllLossBackward0>)[0m[0m
experiment  : INFO     [32m[32mstep: 52880 	 meta_lr 0.000500 	 training acc 0.921875 and training loss tensor(0.2715, device='cuda:0', grad_fn=<AddBackward0>), loss_auto: tensor(0.3133, device='cuda:0', grad_fn=<AddBackward0>), loss_pre: tensor(0.2401, device='cuda:0', grad_fn=<NllLossBackward0>)[0m[0m
experiment  : INFO     [32m[32mstep: 52920 	 meta_lr 0.000500 	 training acc 0.9375 and training loss tensor(0.2228, device='cuda:0', grad_fn=<AddBackward0>), loss_auto: tensor(0.3123, device='cuda:0', grad_fn=<AddBackward0>), loss_pre: tensor(0.1916, device='cuda:0', grad_fn=<NllLossBackward0>)[0m[0m
experiment  : INFO     [32m[32mstep: 52960 	 meta_lr 0.000500 	 training acc 0.875 and training loss tensor(0.3120, device='cuda:0', grad_fn=<AddBackward0>), loss_auto: tensor(0.3140, device='cuda:0', grad_fn=<AddBackward0>), loss_pre: tensor(0.2806, device='cuda:0', grad_fn=<NllLossBackward0>)[0m[0m
experiment  : INFO     [32m[32mstep: 53000 	 meta_lr 0.000500 	 training acc 0.921875 and training loss tensor(0.3272, device='cuda:0', grad_fn=<AddBackward0>), loss_auto: tensor(0.3148, device='cuda:0', grad_fn=<AddBackward0>), loss_pre: tensor(0.2958, device='cuda:0', grad_fn=<NllLossBackward0>)[0m[0m
experiment  : INFO     [32m[32mTrain Accuracy = 0.8657247340425532[0m[0m
experiment  : INFO     [32m[32mTest Accuracy = 0.0[0m[0m
experiment  : INFO     [32m[32mstep: 53040 	 meta_lr 0.000500 	 training acc 0.953125 and training loss tensor(0.2114, device='cuda:0', grad_fn=<AddBackward0>), loss_auto: tensor(0.3127, device='cuda:0', grad_fn=<AddBackward0>), loss_pre: tensor(0.1801, device='cuda:0', grad_fn=<NllLossBackward0>)[0m[0m
experiment  : INFO     [32m[32mstep: 53080 	 meta_lr 0.000500 	 training acc 0.890625 and training loss tensor(0.7302, device='cuda:0', grad_fn=<AddBackward0>), loss_auto: tensor(0.3102, device='cuda:0', grad_fn=<AddBackward0>), loss_pre: tensor(0.6992, device='cuda:0', grad_fn=<NllLossBackward0>)[0m[0m
experiment  : INFO     [32m[32mstep: 53120 	 meta_lr 0.000500 	 training acc 0.9375 and training loss tensor(0.2825, device='cuda:0', grad_fn=<AddBackward0>), loss_auto: tensor(0.3144, device='cuda:0', grad_fn=<AddBackward0>), loss_pre: tensor(0.2511, device='cuda:0', grad_fn=<NllLossBackward0>)[0m[0m
experiment  : INFO     [32m[32mstep: 53160 	 meta_lr 0.000500 	 training acc 0.953125 and training loss tensor(0.2103, device='cuda:0', grad_fn=<AddBackward0>), loss_auto: tensor(0.3131, device='cuda:0', grad_fn=<AddBackward0>), loss_pre: tensor(0.1790, device='cuda:0', grad_fn=<NllLossBackward0>)[0m[0m
experiment  : INFO     [32m[32mstep: 53200 	 meta_lr 0.000500 	 training acc 0.953125 and training loss tensor(0.1330, device='cuda:0', grad_fn=<AddBackward0>), loss_auto: tensor(0.3103, device='cuda:0', grad_fn=<AddBackward0>), loss_pre: tensor(0.1019, device='cuda:0', grad_fn=<NllLossBackward0>)[0m[0m
experiment  : INFO     [32m[32mstep: 53240 	 meta_lr 0.000500 	 training acc 0.953125 and training loss tensor(0.4061, device='cuda:0', grad_fn=<AddBackward0>), loss_auto: tensor(0.3162, device='cuda:0', grad_fn=<AddBackward0>), loss_pre: tensor(0.3745, device='cuda:0', grad_fn=<NllLossBackward0>)[0m[0m
experiment  : INFO     [32m[32mstep: 53280 	 meta_lr 0.000500 	 training acc 0.90625 and training loss tensor(0.4063, device='cuda:0', grad_fn=<AddBackward0>), loss_auto: tensor(0.3134, device='cuda:0', grad_fn=<AddBackward0>), loss_pre: tensor(0.3749, device='cuda:0', grad_fn=<NllLossBackward0>)[0m[0m
experiment  : INFO     [32m[32mstep: 53320 	 meta_lr 0.000500 	 training acc 0.921875 and training loss tensor(0.3614, device='cuda:0', grad_fn=<AddBackward0>), loss_auto: tensor(0.3132, device='cuda:0', grad_fn=<AddBackward0>), loss_pre: tensor(0.3301, device='cuda:0', grad_fn=<NllLossBackward0>)[0m[0m
experiment  : INFO     [32m[32mstep: 53360 	 meta_lr 0.000500 	 training acc 0.8125 and training loss tensor(0.5362, device='cuda:0', grad_fn=<AddBackward0>), loss_auto: tensor(0.3151, device='cuda:0', grad_fn=<AddBackward0>), loss_pre: tensor(0.5047, device='cuda:0', grad_fn=<NllLossBackward0>)[0m[0m
experiment  : INFO     [32m[32mstep: 53400 	 meta_lr 0.000500 	 training acc 0.875 and training loss tensor(0.6209, device='cuda:0', grad_fn=<AddBackward0>), loss_auto: tensor(0.3144, device='cuda:0', grad_fn=<AddBackward0>), loss_pre: tensor(0.5894, device='cuda:0', grad_fn=<NllLossBackward0>)[0m[0m
experiment  : INFO     [32m[32mstep: 53440 	 meta_lr 0.000500 	 training acc 0.9375 and training loss tensor(0.2715, device='cuda:0', grad_fn=<AddBackward0>), loss_auto: tensor(0.3113, device='cuda:0', grad_fn=<AddBackward0>), loss_pre: tensor(0.2404, device='cuda:0', grad_fn=<NllLossBackward0>)[0m[0m
experiment  : INFO     [32m[32mstep: 53480 	 meta_lr 0.000500 	 training acc 0.90625 and training loss tensor(0.4993, device='cuda:0', grad_fn=<AddBackward0>), loss_auto: tensor(0.3110, device='cuda:0', grad_fn=<AddBackward0>), loss_pre: tensor(0.4682, device='cuda:0', grad_fn=<NllLossBackward0>)[0m[0m
experiment  : INFO     [32m[32mTrain Accuracy = 0.8536458333333333[0m[0m
experiment  : INFO     [32m[32mTest Accuracy = 0.0[0m[0m
experiment  : INFO     [32m[32mstep: 53520 	 meta_lr 0.000500 	 training acc 0.890625 and training loss tensor(0.3613, device='cuda:0', grad_fn=<AddBackward0>), loss_auto: tensor(0.3111, device='cuda:0', grad_fn=<AddBackward0>), loss_pre: tensor(0.3302, device='cuda:0', grad_fn=<NllLossBackward0>)[0m[0m
experiment  : INFO     [32m[32mstep: 53560 	 meta_lr 0.000500 	 training acc 0.96875 and training loss tensor(0.1318, device='cuda:0', grad_fn=<AddBackward0>), loss_auto: tensor(0.3136, device='cuda:0', grad_fn=<AddBackward0>), loss_pre: tensor(0.1004, device='cuda:0', grad_fn=<NllLossBackward0>)[0m[0m
experiment  : INFO     [32m[32mstep: 53600 	 meta_lr 0.000500 	 training acc 0.921875 and training loss tensor(0.2289, device='cuda:0', grad_fn=<AddBackward0>), loss_auto: tensor(0.3150, device='cuda:0', grad_fn=<AddBackward0>), loss_pre: tensor(0.1974, device='cuda:0', grad_fn=<NllLossBackward0>)[0m[0m
experiment  : INFO     [32m[32mstep: 53640 	 meta_lr 0.000500 	 training acc 0.90625 and training loss tensor(0.4152, device='cuda:0', grad_fn=<AddBackward0>), loss_auto: tensor(0.3165, device='cuda:0', grad_fn=<AddBackward0>), loss_pre: tensor(0.3836, device='cuda:0', grad_fn=<NllLossBackward0>)[0m[0m
experiment  : INFO     [32m[32mstep: 53680 	 meta_lr 0.000500 	 training acc 0.9375 and training loss tensor(0.3609, device='cuda:0', grad_fn=<AddBackward0>), loss_auto: tensor(0.3139, device='cuda:0', grad_fn=<AddBackward0>), loss_pre: tensor(0.3296, device='cuda:0', grad_fn=<NllLossBackward0>)[0m[0m
experiment  : INFO     [32m[32mstep: 53720 	 meta_lr 0.000500 	 training acc 0.90625 and training loss tensor(0.5571, device='cuda:0', grad_fn=<AddBackward0>), loss_auto: tensor(0.3153, device='cuda:0', grad_fn=<AddBackward0>), loss_pre: tensor(0.5255, device='cuda:0', grad_fn=<NllLossBackward0>)[0m[0m
experiment  : INFO     [32m[32mstep: 53760 	 meta_lr 0.000500 	 training acc 1.0 and training loss tensor(0.0974, device='cuda:0', grad_fn=<AddBackward0>), loss_auto: tensor(0.3132, device='cuda:0', grad_fn=<AddBackward0>), loss_pre: tensor(0.0661, device='cuda:0', grad_fn=<NllLossBackward0>)[0m[0m
experiment  : INFO     [32m[32mstep: 53800 	 meta_lr 0.000500 	 training acc 0.859375 and training loss tensor(0.3678, device='cuda:0', grad_fn=<AddBackward0>), loss_auto: tensor(0.3105, device='cuda:0', grad_fn=<AddBackward0>), loss_pre: tensor(0.3368, device='cuda:0', grad_fn=<NllLossBackward0>)[0m[0m
experiment  : INFO     [32m[32mstep: 53840 	 meta_lr 0.000500 	 training acc 0.96875 and training loss tensor(0.2196, device='cuda:0', grad_fn=<AddBackward0>), loss_auto: tensor(0.3110, device='cuda:0', grad_fn=<AddBackward0>), loss_pre: tensor(0.1885, device='cuda:0', grad_fn=<NllLossBackward0>)[0m[0m
experiment  : INFO     [32m[32mstep: 53880 	 meta_lr 0.000500 	 training acc 0.90625 and training loss tensor(0.3135, device='cuda:0', grad_fn=<AddBackward0>), loss_auto: tensor(0.3144, device='cuda:0', grad_fn=<AddBackward0>), loss_pre: tensor(0.2821, device='cuda:0', grad_fn=<NllLossBackward0>)[0m[0m
experiment  : INFO     [32m[32mstep: 53920 	 meta_lr 0.000500 	 training acc 0.9375 and training loss tensor(0.2677, device='cuda:0', grad_fn=<AddBackward0>), loss_auto: tensor(0.3129, device='cuda:0', grad_fn=<AddBackward0>), loss_pre: tensor(0.2364, device='cuda:0', grad_fn=<NllLossBackward0>)[0m[0m
experiment  : INFO     [32m[32mstep: 53960 	 meta_lr 0.000500 	 training acc 0.90625 and training loss tensor(0.3708, device='cuda:0', grad_fn=<AddBackward0>), loss_auto: tensor(0.3167, device='cuda:0', grad_fn=<AddBackward0>), loss_pre: tensor(0.3391, device='cuda:0', grad_fn=<NllLossBackward0>)[0m[0m
experiment  : INFO     [32m[32mstep: 54000 	 meta_lr 0.000500 	 training acc 0.921875 and training loss tensor(0.2151, device='cuda:0', grad_fn=<AddBackward0>), loss_auto: tensor(0.3161, device='cuda:0', grad_fn=<AddBackward0>), loss_pre: tensor(0.1834, device='cuda:0', grad_fn=<NllLossBackward0>)[0m[0m
experiment  : INFO     [32m[32mTrain Accuracy = 0.8594747340425531[0m[0m
experiment  : INFO     [32m[32mTest Accuracy = 0.0[0m[0m
experiment  : INFO     [32m[32mstep: 54040 	 meta_lr 0.000500 	 training acc 0.890625 and training loss tensor(0.4353, device='cuda:0', grad_fn=<AddBackward0>), loss_auto: tensor(0.3126, device='cuda:0', grad_fn=<AddBackward0>), loss_pre: tensor(0.4041, device='cuda:0', grad_fn=<NllLossBackward0>)[0m[0m
experiment  : INFO     [32m[32mstep: 54080 	 meta_lr 0.000500 	 training acc 0.953125 and training loss tensor(0.2056, device='cuda:0', grad_fn=<AddBackward0>), loss_auto: tensor(0.3119, device='cuda:0', grad_fn=<AddBackward0>), loss_pre: tensor(0.1744, device='cuda:0', grad_fn=<NllLossBackward0>)[0m[0m
experiment  : INFO     [32m[32mstep: 54120 	 meta_lr 0.000500 	 training acc 0.921875 and training loss tensor(0.2536, device='cuda:0', grad_fn=<AddBackward0>), loss_auto: tensor(0.3093, device='cuda:0', grad_fn=<AddBackward0>), loss_pre: tensor(0.2227, device='cuda:0', grad_fn=<NllLossBackward0>)[0m[0m
experiment  : INFO     [32m[32mstep: 54160 	 meta_lr 0.000500 	 training acc 0.96875 and training loss tensor(0.1652, device='cuda:0', grad_fn=<AddBackward0>), loss_auto: tensor(0.3131, device='cuda:0', grad_fn=<AddBackward0>), loss_pre: tensor(0.1339, device='cuda:0', grad_fn=<NllLossBackward0>)[0m[0m
experiment  : INFO     [32m[32mstep: 54200 	 meta_lr 0.000500 	 training acc 0.90625 and training loss tensor(0.3453, device='cuda:0', grad_fn=<AddBackward0>), loss_auto: tensor(0.3148, device='cuda:0', grad_fn=<AddBackward0>), loss_pre: tensor(0.3139, device='cuda:0', grad_fn=<NllLossBackward0>)[0m[0m
experiment  : INFO     [32m[32mstep: 54240 	 meta_lr 0.000500 	 training acc 0.921875 and training loss tensor(0.2228, device='cuda:0', grad_fn=<AddBackward0>), loss_auto: tensor(0.3143, device='cuda:0', grad_fn=<AddBackward0>), loss_pre: tensor(0.1914, device='cuda:0', grad_fn=<NllLossBackward0>)[0m[0m
experiment  : INFO     [32m[32mstep: 54280 	 meta_lr 0.000500 	 training acc 0.875 and training loss tensor(0.4325, device='cuda:0', grad_fn=<AddBackward0>), loss_auto: tensor(0.3130, device='cuda:0', grad_fn=<AddBackward0>), loss_pre: tensor(0.4012, device='cuda:0', grad_fn=<NllLossBackward0>)[0m[0m
experiment  : INFO     [32m[32mstep: 54320 	 meta_lr 0.000500 	 training acc 0.8125 and training loss tensor(0.9107, device='cuda:0', grad_fn=<AddBackward0>), loss_auto: tensor(0.3185, device='cuda:0', grad_fn=<AddBackward0>), loss_pre: tensor(0.8788, device='cuda:0', grad_fn=<NllLossBackward0>)[0m[0m
experiment  : INFO     [32m[32mstep: 54360 	 meta_lr 0.000500 	 training acc 0.890625 and training loss tensor(0.3333, device='cuda:0', grad_fn=<AddBackward0>), loss_auto: tensor(0.3156, device='cuda:0', grad_fn=<AddBackward0>), loss_pre: tensor(0.3018, device='cuda:0', grad_fn=<NllLossBackward0>)[0m[0m
experiment  : INFO     [32m[32mstep: 54400 	 meta_lr 0.000500 	 training acc 0.90625 and training loss tensor(0.3983, device='cuda:0', grad_fn=<AddBackward0>), loss_auto: tensor(0.3139, device='cuda:0', grad_fn=<AddBackward0>), loss_pre: tensor(0.3669, device='cuda:0', grad_fn=<NllLossBackward0>)[0m[0m
experiment  : INFO     [32m[32mstep: 54440 	 meta_lr 0.000500 	 training acc 0.9375 and training loss tensor(0.2813, device='cuda:0', grad_fn=<AddBackward0>), loss_auto: tensor(0.3148, device='cuda:0', grad_fn=<AddBackward0>), loss_pre: tensor(0.2498, device='cuda:0', grad_fn=<NllLossBackward0>)[0m[0m
experiment  : INFO     [32m[32mstep: 54480 	 meta_lr 0.000500 	 training acc 0.875 and training loss tensor(0.4896, device='cuda:0', grad_fn=<AddBackward0>), loss_auto: tensor(0.3162, device='cuda:0', grad_fn=<AddBackward0>), loss_pre: tensor(0.4580, device='cuda:0', grad_fn=<NllLossBackward0>)[0m[0m
experiment  : INFO     [32m[32mTrain Accuracy = 0.8460438829787233[0m[0m
experiment  : INFO     [32m[32mTest Accuracy = 0.0[0m[0m
experiment  : INFO     [32m[32mstep: 54520 	 meta_lr 0.000500 	 training acc 0.96875 and training loss tensor(0.1478, device='cuda:0', grad_fn=<AddBackward0>), loss_auto: tensor(0.3107, device='cuda:0', grad_fn=<AddBackward0>), loss_pre: tensor(0.1168, device='cuda:0', grad_fn=<NllLossBackward0>)[0m[0m
experiment  : INFO     [32m[32mstep: 54560 	 meta_lr 0.000500 	 training acc 0.921875 and training loss tensor(0.3066, device='cuda:0', grad_fn=<AddBackward0>), loss_auto: tensor(0.3146, device='cuda:0', grad_fn=<AddBackward0>), loss_pre: tensor(0.2752, device='cuda:0', grad_fn=<NllLossBackward0>)[0m[0m
experiment  : INFO     [32m[32mstep: 54600 	 meta_lr 0.000500 	 training acc 0.875 and training loss tensor(0.3397, device='cuda:0', grad_fn=<AddBackward0>), loss_auto: tensor(0.3130, device='cuda:0', grad_fn=<AddBackward0>), loss_pre: tensor(0.3084, device='cuda:0', grad_fn=<NllLossBackward0>)[0m[0m
experiment  : INFO     [32m[32mstep: 54640 	 meta_lr 0.000500 	 training acc 0.875 and training loss tensor(0.3061, device='cuda:0', grad_fn=<AddBackward0>), loss_auto: tensor(0.3133, device='cuda:0', grad_fn=<AddBackward0>), loss_pre: tensor(0.2747, device='cuda:0', grad_fn=<NllLossBackward0>)[0m[0m
experiment  : INFO     [32m[32mstep: 54680 	 meta_lr 0.000500 	 training acc 0.90625 and training loss tensor(0.4860, device='cuda:0', grad_fn=<AddBackward0>), loss_auto: tensor(0.3162, device='cuda:0', grad_fn=<AddBackward0>), loss_pre: tensor(0.4543, device='cuda:0', grad_fn=<NllLossBackward0>)[0m[0m
experiment  : INFO     [32m[32mstep: 54720 	 meta_lr 0.000500 	 training acc 0.96875 and training loss tensor(0.1293, device='cuda:0', grad_fn=<AddBackward0>), loss_auto: tensor(0.3146, device='cuda:0', grad_fn=<AddBackward0>), loss_pre: tensor(0.0978, device='cuda:0', grad_fn=<NllLossBackward0>)[0m[0m
experiment  : INFO     [32m[32mstep: 54760 	 meta_lr 0.000500 	 training acc 0.921875 and training loss tensor(0.2772, device='cuda:0', grad_fn=<AddBackward0>), loss_auto: tensor(0.3158, device='cuda:0', grad_fn=<AddBackward0>), loss_pre: tensor(0.2456, device='cuda:0', grad_fn=<NllLossBackward0>)[0m[0m
experiment  : INFO     [32m[32mstep: 54800 	 meta_lr 0.000500 	 training acc 0.875 and training loss tensor(0.5336, device='cuda:0', grad_fn=<AddBackward0>), loss_auto: tensor(0.3153, device='cuda:0', grad_fn=<AddBackward0>), loss_pre: tensor(0.5021, device='cuda:0', grad_fn=<NllLossBackward0>)[0m[0m
experiment  : INFO     [32m[32mstep: 54840 	 meta_lr 0.000500 	 training acc 0.796875 and training loss tensor(0.6053, device='cuda:0', grad_fn=<AddBackward0>), loss_auto: tensor(0.3164, device='cuda:0', grad_fn=<AddBackward0>), loss_pre: tensor(0.5736, device='cuda:0', grad_fn=<NllLossBackward0>)[0m[0m
experiment  : INFO     [32m[32mstep: 54880 	 meta_lr 0.000500 	 training acc 0.9375 and training loss tensor(0.4118, device='cuda:0', grad_fn=<AddBackward0>), loss_auto: tensor(0.3155, device='cuda:0', grad_fn=<AddBackward0>), loss_pre: tensor(0.3802, device='cuda:0', grad_fn=<NllLossBackward0>)[0m[0m
experiment  : INFO     [32m[32mstep: 54920 	 meta_lr 0.000500 	 training acc 0.921875 and training loss tensor(0.2595, device='cuda:0', grad_fn=<AddBackward0>), loss_auto: tensor(0.3151, device='cuda:0', grad_fn=<AddBackward0>), loss_pre: tensor(0.2280, device='cuda:0', grad_fn=<NllLossBackward0>)[0m[0m
experiment  : INFO     [32m[32mstep: 54960 	 meta_lr 0.000500 	 training acc 0.953125 and training loss tensor(0.1422, device='cuda:0', grad_fn=<AddBackward0>), loss_auto: tensor(0.3116, device='cuda:0', grad_fn=<AddBackward0>), loss_pre: tensor(0.1111, device='cuda:0', grad_fn=<NllLossBackward0>)[0m[0m
experiment  : INFO     [32m[32mstep: 55000 	 meta_lr 0.000500 	 training acc 0.953125 and training loss tensor(0.2600, device='cuda:0', grad_fn=<AddBackward0>), loss_auto: tensor(0.3124, device='cuda:0', grad_fn=<AddBackward0>), loss_pre: tensor(0.2287, device='cuda:0', grad_fn=<NllLossBackward0>)[0m[0m
experiment  : INFO     [32m[32mTrain Accuracy = 0.8726285460992909[0m[0m
experiment  : INFO     [32m[32mTest Accuracy = 0.0[0m[0m
experiment  : INFO     [32m[32mstep: 55040 	 meta_lr 0.000500 	 training acc 0.9375 and training loss tensor(0.2545, device='cuda:0', grad_fn=<AddBackward0>), loss_auto: tensor(0.3116, device='cuda:0', grad_fn=<AddBackward0>), loss_pre: tensor(0.2233, device='cuda:0', grad_fn=<NllLossBackward0>)[0m[0m
experiment  : INFO     [32m[32mstep: 55080 	 meta_lr 0.000500 	 training acc 0.890625 and training loss tensor(0.3490, device='cuda:0', grad_fn=<AddBackward0>), loss_auto: tensor(0.3127, device='cuda:0', grad_fn=<AddBackward0>), loss_pre: tensor(0.3178, device='cuda:0', grad_fn=<NllLossBackward0>)[0m[0m
experiment  : INFO     [32m[32mstep: 55120 	 meta_lr 0.000500 	 training acc 0.859375 and training loss tensor(0.4904, device='cuda:0', grad_fn=<AddBackward0>), loss_auto: tensor(0.3138, device='cuda:0', grad_fn=<AddBackward0>), loss_pre: tensor(0.4590, device='cuda:0', grad_fn=<NllLossBackward0>)[0m[0m
experiment  : INFO     [32m[32mstep: 55160 	 meta_lr 0.000500 	 training acc 0.859375 and training loss tensor(0.4639, device='cuda:0', grad_fn=<AddBackward0>), loss_auto: tensor(0.3115, device='cuda:0', grad_fn=<AddBackward0>), loss_pre: tensor(0.4327, device='cuda:0', grad_fn=<NllLossBackward0>)[0m[0m
experiment  : INFO     [32m[32mstep: 55200 	 meta_lr 0.000500 	 training acc 0.84375 and training loss tensor(0.6454, device='cuda:0', grad_fn=<AddBackward0>), loss_auto: tensor(0.3121, device='cuda:0', grad_fn=<AddBackward0>), loss_pre: tensor(0.6142, device='cuda:0', grad_fn=<NllLossBackward0>)[0m[0m
experiment  : INFO     [32m[32mstep: 55240 	 meta_lr 0.000500 	 training acc 0.90625 and training loss tensor(0.4146, device='cuda:0', grad_fn=<AddBackward0>), loss_auto: tensor(0.3143, device='cuda:0', grad_fn=<AddBackward0>), loss_pre: tensor(0.3831, device='cuda:0', grad_fn=<NllLossBackward0>)[0m[0m
experiment  : INFO     [32m[32mstep: 55280 	 meta_lr 0.000500 	 training acc 0.84375 and training loss tensor(0.5600, device='cuda:0', grad_fn=<AddBackward0>), loss_auto: tensor(0.3114, device='cuda:0', grad_fn=<AddBackward0>), loss_pre: tensor(0.5289, device='cuda:0', grad_fn=<NllLossBackward0>)[0m[0m
experiment  : INFO     [32m[32mstep: 55320 	 meta_lr 0.000500 	 training acc 0.96875 and training loss tensor(0.2117, device='cuda:0', grad_fn=<AddBackward0>), loss_auto: tensor(0.3158, device='cuda:0', grad_fn=<AddBackward0>), loss_pre: tensor(0.1802, device='cuda:0', grad_fn=<NllLossBackward0>)[0m[0m
experiment  : INFO     [32m[32mstep: 55360 	 meta_lr 0.000500 	 training acc 0.90625 and training loss tensor(0.3109, device='cuda:0', grad_fn=<AddBackward0>), loss_auto: tensor(0.3132, device='cuda:0', grad_fn=<AddBackward0>), loss_pre: tensor(0.2795, device='cuda:0', grad_fn=<NllLossBackward0>)[0m[0m
experiment  : INFO     [32m[32mstep: 55400 	 meta_lr 0.000500 	 training acc 0.859375 and training loss tensor(0.4095, device='cuda:0', grad_fn=<AddBackward0>), loss_auto: tensor(0.3110, device='cuda:0', grad_fn=<AddBackward0>), loss_pre: tensor(0.3784, device='cuda:0', grad_fn=<NllLossBackward0>)[0m[0m
experiment  : INFO     [32m[32mstep: 55440 	 meta_lr 0.000500 	 training acc 0.875 and training loss tensor(0.3828, device='cuda:0', grad_fn=<AddBackward0>), loss_auto: tensor(0.3167, device='cuda:0', grad_fn=<AddBackward0>), loss_pre: tensor(0.3511, device='cuda:0', grad_fn=<NllLossBackward0>)[0m[0m
experiment  : INFO     [32m[32mstep: 55480 	 meta_lr 0.000500 	 training acc 0.90625 and training loss tensor(0.4116, device='cuda:0', grad_fn=<AddBackward0>), loss_auto: tensor(0.3133, device='cuda:0', grad_fn=<AddBackward0>), loss_pre: tensor(0.3803, device='cuda:0', grad_fn=<NllLossBackward0>)[0m[0m
experiment  : INFO     [32m[32mTrain Accuracy = 0.8421875[0m[0m
experiment  : INFO     [32m[32mTest Accuracy = 0.0[0m[0m
experiment  : INFO     [32m[32mstep: 55520 	 meta_lr 0.000500 	 training acc 0.84375 and training loss tensor(0.5437, device='cuda:0', grad_fn=<AddBackward0>), loss_auto: tensor(0.3105, device='cuda:0', grad_fn=<AddBackward0>), loss_pre: tensor(0.5126, device='cuda:0', grad_fn=<NllLossBackward0>)[0m[0m
experiment  : INFO     [32m[32mstep: 55560 	 meta_lr 0.000500 	 training acc 0.953125 and training loss tensor(0.1424, device='cuda:0', grad_fn=<AddBackward0>), loss_auto: tensor(0.3119, device='cuda:0', grad_fn=<AddBackward0>), loss_pre: tensor(0.1113, device='cuda:0', grad_fn=<NllLossBackward0>)[0m[0m
experiment  : INFO     [32m[32mstep: 55600 	 meta_lr 0.000500 	 training acc 0.890625 and training loss tensor(0.3155, device='cuda:0', grad_fn=<AddBackward0>), loss_auto: tensor(0.3147, device='cuda:0', grad_fn=<AddBackward0>), loss_pre: tensor(0.2840, device='cuda:0', grad_fn=<NllLossBackward0>)[0m[0m
experiment  : INFO     [32m[32mstep: 55640 	 meta_lr 0.000500 	 training acc 0.921875 and training loss tensor(0.3280, device='cuda:0', grad_fn=<AddBackward0>), loss_auto: tensor(0.3165, device='cuda:0', grad_fn=<AddBackward0>), loss_pre: tensor(0.2964, device='cuda:0', grad_fn=<NllLossBackward0>)[0m[0m
experiment  : INFO     [32m[32mstep: 55680 	 meta_lr 0.000500 	 training acc 0.953125 and training loss tensor(0.1159, device='cuda:0', grad_fn=<AddBackward0>), loss_auto: tensor(0.3134, device='cuda:0', grad_fn=<AddBackward0>), loss_pre: tensor(0.0845, device='cuda:0', grad_fn=<NllLossBackward0>)[0m[0m
experiment  : INFO     [32m[32mstep: 55720 	 meta_lr 0.000500 	 training acc 0.90625 and training loss tensor(0.3909, device='cuda:0', grad_fn=<AddBackward0>), loss_auto: tensor(0.3114, device='cuda:0', grad_fn=<AddBackward0>), loss_pre: tensor(0.3598, device='cuda:0', grad_fn=<NllLossBackward0>)[0m[0m
experiment  : INFO     [32m[32mstep: 55760 	 meta_lr 0.000500 	 training acc 0.890625 and training loss tensor(0.5477, device='cuda:0', grad_fn=<AddBackward0>), loss_auto: tensor(0.3138, device='cuda:0', grad_fn=<AddBackward0>), loss_pre: tensor(0.5163, device='cuda:0', grad_fn=<NllLossBackward0>)[0m[0m
experiment  : INFO     [32m[32mstep: 55800 	 meta_lr 0.000500 	 training acc 0.890625 and training loss tensor(0.3708, device='cuda:0', grad_fn=<AddBackward0>), loss_auto: tensor(0.3158, device='cuda:0', grad_fn=<AddBackward0>), loss_pre: tensor(0.3392, device='cuda:0', grad_fn=<NllLossBackward0>)[0m[0m
experiment  : INFO     [32m[32mstep: 55840 	 meta_lr 0.000500 	 training acc 0.953125 and training loss tensor(0.1482, device='cuda:0', grad_fn=<AddBackward0>), loss_auto: tensor(0.3157, device='cuda:0', grad_fn=<AddBackward0>), loss_pre: tensor(0.1167, device='cuda:0', grad_fn=<NllLossBackward0>)[0m[0m
experiment  : INFO     [32m[32mstep: 55880 	 meta_lr 0.000500 	 training acc 0.921875 and training loss tensor(0.2255, device='cuda:0', grad_fn=<AddBackward0>), loss_auto: tensor(0.3145, device='cuda:0', grad_fn=<AddBackward0>), loss_pre: tensor(0.1941, device='cuda:0', grad_fn=<NllLossBackward0>)[0m[0m
experiment  : INFO     [32m[32mstep: 55920 	 meta_lr 0.000500 	 training acc 0.875 and training loss tensor(0.4877, device='cuda:0', grad_fn=<AddBackward0>), loss_auto: tensor(0.3127, device='cuda:0', grad_fn=<AddBackward0>), loss_pre: tensor(0.4564, device='cuda:0', grad_fn=<NllLossBackward0>)[0m[0m
experiment  : INFO     [32m[32mstep: 55960 	 meta_lr 0.000500 	 training acc 0.875 and training loss tensor(0.3395, device='cuda:0', grad_fn=<AddBackward0>), loss_auto: tensor(0.3126, device='cuda:0', grad_fn=<AddBackward0>), loss_pre: tensor(0.3082, device='cuda:0', grad_fn=<NllLossBackward0>)[0m[0m
experiment  : INFO     [32m[32mstep: 56000 	 meta_lr 0.000500 	 training acc 0.875 and training loss tensor(0.4598, device='cuda:0', grad_fn=<AddBackward0>), loss_auto: tensor(0.3100, device='cuda:0', grad_fn=<AddBackward0>), loss_pre: tensor(0.4288, device='cuda:0', grad_fn=<NllLossBackward0>)[0m[0m
experiment  : INFO     [32m[32mTrain Accuracy = 0.8723736702127659[0m[0m
experiment  : INFO     [32m[32mTest Accuracy = 0.0[0m[0m
experiment  : INFO     [32m[32mstep: 56040 	 meta_lr 0.000500 	 training acc 0.953125 and training loss tensor(0.1526, device='cuda:0', grad_fn=<AddBackward0>), loss_auto: tensor(0.3149, device='cuda:0', grad_fn=<AddBackward0>), loss_pre: tensor(0.1211, device='cuda:0', grad_fn=<NllLossBackward0>)[0m[0m
experiment  : INFO     [32m[32mstep: 56080 	 meta_lr 0.000500 	 training acc 0.921875 and training loss tensor(0.6479, device='cuda:0', grad_fn=<AddBackward0>), loss_auto: tensor(0.3127, device='cuda:0', grad_fn=<AddBackward0>), loss_pre: tensor(0.6167, device='cuda:0', grad_fn=<NllLossBackward0>)[0m[0m
experiment  : INFO     [32m[32mstep: 56120 	 meta_lr 0.000500 	 training acc 0.9375 and training loss tensor(0.1879, device='cuda:0', grad_fn=<AddBackward0>), loss_auto: tensor(0.3119, device='cuda:0', grad_fn=<AddBackward0>), loss_pre: tensor(0.1567, device='cuda:0', grad_fn=<NllLossBackward0>)[0m[0m
experiment  : INFO     [32m[32mstep: 56160 	 meta_lr 0.000500 	 training acc 0.859375 and training loss tensor(0.6838, device='cuda:0', grad_fn=<AddBackward0>), loss_auto: tensor(0.3150, device='cuda:0', grad_fn=<AddBackward0>), loss_pre: tensor(0.6523, device='cuda:0', grad_fn=<NllLossBackward0>)[0m[0m
experiment  : INFO     [32m[32mstep: 56200 	 meta_lr 0.000500 	 training acc 0.9375 and training loss tensor(0.2930, device='cuda:0', grad_fn=<AddBackward0>), loss_auto: tensor(0.3123, device='cuda:0', grad_fn=<AddBackward0>), loss_pre: tensor(0.2618, device='cuda:0', grad_fn=<NllLossBackward0>)[0m[0m
experiment  : INFO     [32m[32mstep: 56240 	 meta_lr 0.000500 	 training acc 0.921875 and training loss tensor(0.2460, device='cuda:0', grad_fn=<AddBackward0>), loss_auto: tensor(0.3128, device='cuda:0', grad_fn=<AddBackward0>), loss_pre: tensor(0.2147, device='cuda:0', grad_fn=<NllLossBackward0>)[0m[0m
experiment  : INFO     [32m[32mstep: 56280 	 meta_lr 0.000500 	 training acc 0.890625 and training loss tensor(0.4616, device='cuda:0', grad_fn=<AddBackward0>), loss_auto: tensor(0.3152, device='cuda:0', grad_fn=<AddBackward0>), loss_pre: tensor(0.4300, device='cuda:0', grad_fn=<NllLossBackward0>)[0m[0m
experiment  : INFO     [32m[32mstep: 56320 	 meta_lr 0.000500 	 training acc 0.78125 and training loss tensor(1.5212, device='cuda:0', grad_fn=<AddBackward0>), loss_auto: tensor(0.3138, device='cuda:0', grad_fn=<AddBackward0>), loss_pre: tensor(1.4899, device='cuda:0', grad_fn=<NllLossBackward0>)[0m[0m
experiment  : INFO     [32m[32mstep: 56360 	 meta_lr 0.000500 	 training acc 0.9375 and training loss tensor(0.2366, device='cuda:0', grad_fn=<AddBackward0>), loss_auto: tensor(0.3129, device='cuda:0', grad_fn=<AddBackward0>), loss_pre: tensor(0.2054, device='cuda:0', grad_fn=<NllLossBackward0>)[0m[0m
experiment  : INFO     [32m[32mstep: 56400 	 meta_lr 0.000500 	 training acc 0.84375 and training loss tensor(0.5371, device='cuda:0', grad_fn=<AddBackward0>), loss_auto: tensor(0.3151, device='cuda:0', grad_fn=<AddBackward0>), loss_pre: tensor(0.5056, device='cuda:0', grad_fn=<NllLossBackward0>)[0m[0m
experiment  : INFO     [32m[32mstep: 56440 	 meta_lr 0.000500 	 training acc 0.90625 and training loss tensor(0.3309, device='cuda:0', grad_fn=<AddBackward0>), loss_auto: tensor(0.3135, device='cuda:0', grad_fn=<AddBackward0>), loss_pre: tensor(0.2995, device='cuda:0', grad_fn=<NllLossBackward0>)[0m[0m
experiment  : INFO     [32m[32mstep: 56480 	 meta_lr 0.000500 	 training acc 0.984375 and training loss tensor(0.1107, device='cuda:0', grad_fn=<AddBackward0>), loss_auto: tensor(0.3205, device='cuda:0', grad_fn=<AddBackward0>), loss_pre: tensor(0.0786, device='cuda:0', grad_fn=<NllLossBackward0>)[0m[0m
experiment  : INFO     [32m[32mTrain Accuracy = 0.8476174645390071[0m[0m
experiment  : INFO     [32m[32mTest Accuracy = 0.0[0m[0m
experiment  : INFO     [32m[32mstep: 56520 	 meta_lr 0.000500 	 training acc 0.96875 and training loss tensor(0.1742, device='cuda:0', grad_fn=<AddBackward0>), loss_auto: tensor(0.3127, device='cuda:0', grad_fn=<AddBackward0>), loss_pre: tensor(0.1430, device='cuda:0', grad_fn=<NllLossBackward0>)[0m[0m
experiment  : INFO     [32m[32mstep: 56560 	 meta_lr 0.000500 	 training acc 0.875 and training loss tensor(0.4550, device='cuda:0', grad_fn=<AddBackward0>), loss_auto: tensor(0.3145, device='cuda:0', grad_fn=<AddBackward0>), loss_pre: tensor(0.4235, device='cuda:0', grad_fn=<NllLossBackward0>)[0m[0m
experiment  : INFO     [32m[32mstep: 56600 	 meta_lr 0.000500 	 training acc 0.859375 and training loss tensor(0.5431, device='cuda:0', grad_fn=<AddBackward0>), loss_auto: tensor(0.3159, device='cuda:0', grad_fn=<AddBackward0>), loss_pre: tensor(0.5115, device='cuda:0', grad_fn=<NllLossBackward0>)[0m[0m
experiment  : INFO     [32m[32mstep: 56640 	 meta_lr 0.000500 	 training acc 0.9375 and training loss tensor(0.1824, device='cuda:0', grad_fn=<AddBackward0>), loss_auto: tensor(0.3144, device='cuda:0', grad_fn=<AddBackward0>), loss_pre: tensor(0.1510, device='cuda:0', grad_fn=<NllLossBackward0>)[0m[0m
experiment  : INFO     [32m[32mstep: 56680 	 meta_lr 0.000500 	 training acc 0.890625 and training loss tensor(0.4149, device='cuda:0', grad_fn=<AddBackward0>), loss_auto: tensor(0.3143, device='cuda:0', grad_fn=<AddBackward0>), loss_pre: tensor(0.3834, device='cuda:0', grad_fn=<NllLossBackward0>)[0m[0m
experiment  : INFO     [32m[32mstep: 56720 	 meta_lr 0.000500 	 training acc 0.890625 and training loss tensor(0.3772, device='cuda:0', grad_fn=<AddBackward0>), loss_auto: tensor(0.3113, device='cuda:0', grad_fn=<AddBackward0>), loss_pre: tensor(0.3461, device='cuda:0', grad_fn=<NllLossBackward0>)[0m[0m
experiment  : INFO     [32m[32mstep: 56760 	 meta_lr 0.000500 	 training acc 0.859375 and training loss tensor(1.1856, device='cuda:0', grad_fn=<AddBackward0>), loss_auto: tensor(0.3141, device='cuda:0', grad_fn=<AddBackward0>), loss_pre: tensor(1.1542, device='cuda:0', grad_fn=<NllLossBackward0>)[0m[0m
experiment  : INFO     [32m[32mstep: 56800 	 meta_lr 0.000500 	 training acc 0.796875 and training loss tensor(0.5721, device='cuda:0', grad_fn=<AddBackward0>), loss_auto: tensor(0.3114, device='cuda:0', grad_fn=<AddBackward0>), loss_pre: tensor(0.5410, device='cuda:0', grad_fn=<NllLossBackward0>)[0m[0m
experiment  : INFO     [32m[32mstep: 56840 	 meta_lr 0.000500 	 training acc 0.921875 and training loss tensor(0.2748, device='cuda:0', grad_fn=<AddBackward0>), loss_auto: tensor(0.3146, device='cuda:0', grad_fn=<AddBackward0>), loss_pre: tensor(0.2433, device='cuda:0', grad_fn=<NllLossBackward0>)[0m[0m
experiment  : INFO     [32m[32mstep: 56880 	 meta_lr 0.000500 	 training acc 0.921875 and training loss tensor(0.2107, device='cuda:0', grad_fn=<AddBackward0>), loss_auto: tensor(0.3134, device='cuda:0', grad_fn=<AddBackward0>), loss_pre: tensor(0.1793, device='cuda:0', grad_fn=<NllLossBackward0>)[0m[0m
experiment  : INFO     [32m[32mstep: 56920 	 meta_lr 0.000500 	 training acc 0.953125 and training loss tensor(0.1788, device='cuda:0', grad_fn=<AddBackward0>), loss_auto: tensor(0.3185, device='cuda:0', grad_fn=<AddBackward0>), loss_pre: tensor(0.1469, device='cuda:0', grad_fn=<NllLossBackward0>)[0m[0m
experiment  : INFO     [32m[32mstep: 56960 	 meta_lr 0.000500 	 training acc 0.875 and training loss tensor(0.4658, device='cuda:0', grad_fn=<AddBackward0>), loss_auto: tensor(0.3112, device='cuda:0', grad_fn=<AddBackward0>), loss_pre: tensor(0.4347, device='cuda:0', grad_fn=<NllLossBackward0>)[0m[0m
experiment  : INFO     [32m[32mstep: 57000 	 meta_lr 0.000500 	 training acc 0.875 and training loss tensor(0.3512, device='cuda:0', grad_fn=<AddBackward0>), loss_auto: tensor(0.3165, device='cuda:0', grad_fn=<AddBackward0>), loss_pre: tensor(0.3195, device='cuda:0', grad_fn=<NllLossBackward0>)[0m[0m
experiment  : INFO     [32m[32mTrain Accuracy = 0.8711768617021277[0m[0m
experiment  : INFO     [32m[32mTest Accuracy = 0.0[0m[0m
experiment  : INFO     [32m[32mstep: 57040 	 meta_lr 0.000500 	 training acc 0.890625 and training loss tensor(0.4470, device='cuda:0', grad_fn=<AddBackward0>), loss_auto: tensor(0.3185, device='cuda:0', grad_fn=<AddBackward0>), loss_pre: tensor(0.4151, device='cuda:0', grad_fn=<NllLossBackward0>)[0m[0m
experiment  : INFO     [32m[32mstep: 57080 	 meta_lr 0.000500 	 training acc 0.890625 and training loss tensor(0.4182, device='cuda:0', grad_fn=<AddBackward0>), loss_auto: tensor(0.3118, device='cuda:0', grad_fn=<AddBackward0>), loss_pre: tensor(0.3870, device='cuda:0', grad_fn=<NllLossBackward0>)[0m[0m
experiment  : INFO     [32m[32mstep: 57120 	 meta_lr 0.000500 	 training acc 0.875 and training loss tensor(0.5454, device='cuda:0', grad_fn=<AddBackward0>), loss_auto: tensor(0.3137, device='cuda:0', grad_fn=<AddBackward0>), loss_pre: tensor(0.5141, device='cuda:0', grad_fn=<NllLossBackward0>)[0m[0m
experiment  : INFO     [32m[32mstep: 57160 	 meta_lr 0.000500 	 training acc 0.828125 and training loss tensor(0.7924, device='cuda:0', grad_fn=<AddBackward0>), loss_auto: tensor(0.3141, device='cuda:0', grad_fn=<AddBackward0>), loss_pre: tensor(0.7610, device='cuda:0', grad_fn=<NllLossBackward0>)[0m[0m
experiment  : INFO     [32m[32mstep: 57200 	 meta_lr 0.000500 	 training acc 0.875 and training loss tensor(0.4779, device='cuda:0', grad_fn=<AddBackward0>), loss_auto: tensor(0.3113, device='cuda:0', grad_fn=<AddBackward0>), loss_pre: tensor(0.4467, device='cuda:0', grad_fn=<NllLossBackward0>)[0m[0m
experiment  : INFO     [32m[32mstep: 57240 	 meta_lr 0.000500 	 training acc 0.921875 and training loss tensor(0.3120, device='cuda:0', grad_fn=<AddBackward0>), loss_auto: tensor(0.3118, device='cuda:0', grad_fn=<AddBackward0>), loss_pre: tensor(0.2808, device='cuda:0', grad_fn=<NllLossBackward0>)[0m[0m
experiment  : INFO     [32m[32mstep: 57280 	 meta_lr 0.000500 	 training acc 0.96875 and training loss tensor(0.2658, device='cuda:0', grad_fn=<AddBackward0>), loss_auto: tensor(0.3137, device='cuda:0', grad_fn=<AddBackward0>), loss_pre: tensor(0.2344, device='cuda:0', grad_fn=<NllLossBackward0>)[0m[0m
experiment  : INFO     [32m[32mstep: 57320 	 meta_lr 0.000500 	 training acc 0.953125 and training loss tensor(0.3602, device='cuda:0', grad_fn=<AddBackward0>), loss_auto: tensor(0.3110, device='cuda:0', grad_fn=<AddBackward0>), loss_pre: tensor(0.3291, device='cuda:0', grad_fn=<NllLossBackward0>)[0m[0m
experiment  : INFO     [32m[32mstep: 57360 	 meta_lr 0.000500 	 training acc 0.921875 and training loss tensor(0.2484, device='cuda:0', grad_fn=<AddBackward0>), loss_auto: tensor(0.3128, device='cuda:0', grad_fn=<AddBackward0>), loss_pre: tensor(0.2171, device='cuda:0', grad_fn=<NllLossBackward0>)[0m[0m
experiment  : INFO     [32m[32mstep: 57400 	 meta_lr 0.000500 	 training acc 0.953125 and training loss tensor(0.2698, device='cuda:0', grad_fn=<AddBackward0>), loss_auto: tensor(0.3159, device='cuda:0', grad_fn=<AddBackward0>), loss_pre: tensor(0.2382, device='cuda:0', grad_fn=<NllLossBackward0>)[0m[0m
experiment  : INFO     [32m[32mstep: 57440 	 meta_lr 0.000500 	 training acc 0.921875 and training loss tensor(0.2564, device='cuda:0', grad_fn=<AddBackward0>), loss_auto: tensor(0.3147, device='cuda:0', grad_fn=<AddBackward0>), loss_pre: tensor(0.2249, device='cuda:0', grad_fn=<NllLossBackward0>)[0m[0m
experiment  : INFO     [32m[32mstep: 57480 	 meta_lr 0.000500 	 training acc 0.921875 and training loss tensor(0.3057, device='cuda:0', grad_fn=<AddBackward0>), loss_auto: tensor(0.3169, device='cuda:0', grad_fn=<AddBackward0>), loss_pre: tensor(0.2740, device='cuda:0', grad_fn=<NllLossBackward0>)[0m[0m
experiment  : INFO     [32m[32mTrain Accuracy = 0.8509308510638298[0m[0m
experiment  : INFO     [32m[32mTest Accuracy = 0.0[0m[0m
experiment  : INFO     [32m[32mstep: 57520 	 meta_lr 0.000500 	 training acc 0.921875 and training loss tensor(0.1971, device='cuda:0', grad_fn=<AddBackward0>), loss_auto: tensor(0.3146, device='cuda:0', grad_fn=<AddBackward0>), loss_pre: tensor(0.1657, device='cuda:0', grad_fn=<NllLossBackward0>)[0m[0m
experiment  : INFO     [32m[32mstep: 57560 	 meta_lr 0.000500 	 training acc 0.859375 and training loss tensor(0.4012, device='cuda:0', grad_fn=<AddBackward0>), loss_auto: tensor(0.3079, device='cuda:0', grad_fn=<AddBackward0>), loss_pre: tensor(0.3704, device='cuda:0', grad_fn=<NllLossBackward0>)[0m[0m
experiment  : INFO     [32m[32mstep: 57600 	 meta_lr 0.000500 	 training acc 0.90625 and training loss tensor(0.2318, device='cuda:0', grad_fn=<AddBackward0>), loss_auto: tensor(0.3127, device='cuda:0', grad_fn=<AddBackward0>), loss_pre: tensor(0.2006, device='cuda:0', grad_fn=<NllLossBackward0>)[0m[0m
experiment  : INFO     [32m[32mstep: 57640 	 meta_lr 0.000500 	 training acc 0.890625 and training loss tensor(0.6256, device='cuda:0', grad_fn=<AddBackward0>), loss_auto: tensor(0.3130, device='cuda:0', grad_fn=<AddBackward0>), loss_pre: tensor(0.5943, device='cuda:0', grad_fn=<NllLossBackward0>)[0m[0m
experiment  : INFO     [32m[32mstep: 57680 	 meta_lr 0.000500 	 training acc 0.953125 and training loss tensor(0.1634, device='cuda:0', grad_fn=<AddBackward0>), loss_auto: tensor(0.3159, device='cuda:0', grad_fn=<AddBackward0>), loss_pre: tensor(0.1318, device='cuda:0', grad_fn=<NllLossBackward0>)[0m[0m
experiment  : INFO     [32m[32mstep: 57720 	 meta_lr 0.000500 	 training acc 0.859375 and training loss tensor(0.5246, device='cuda:0', grad_fn=<AddBackward0>), loss_auto: tensor(0.3159, device='cuda:0', grad_fn=<AddBackward0>), loss_pre: tensor(0.4930, device='cuda:0', grad_fn=<NllLossBackward0>)[0m[0m
experiment  : INFO     [32m[32mstep: 57760 	 meta_lr 0.000500 	 training acc 0.921875 and training loss tensor(0.2732, device='cuda:0', grad_fn=<AddBackward0>), loss_auto: tensor(0.3150, device='cuda:0', grad_fn=<AddBackward0>), loss_pre: tensor(0.2417, device='cuda:0', grad_fn=<NllLossBackward0>)[0m[0m
experiment  : INFO     [32m[32mstep: 57800 	 meta_lr 0.000500 	 training acc 0.9375 and training loss tensor(0.2192, device='cuda:0', grad_fn=<AddBackward0>), loss_auto: tensor(0.3141, device='cuda:0', grad_fn=<AddBackward0>), loss_pre: tensor(0.1877, device='cuda:0', grad_fn=<NllLossBackward0>)[0m[0m
experiment  : INFO     [32m[32mstep: 57840 	 meta_lr 0.000500 	 training acc 0.90625 and training loss tensor(0.4361, device='cuda:0', grad_fn=<AddBackward0>), loss_auto: tensor(0.3154, device='cuda:0', grad_fn=<AddBackward0>), loss_pre: tensor(0.4046, device='cuda:0', grad_fn=<NllLossBackward0>)[0m[0m
experiment  : INFO     [32m[32mstep: 57880 	 meta_lr 0.000500 	 training acc 0.953125 and training loss tensor(0.1423, device='cuda:0', grad_fn=<AddBackward0>), loss_auto: tensor(0.3161, device='cuda:0', grad_fn=<AddBackward0>), loss_pre: tensor(0.1107, device='cuda:0', grad_fn=<NllLossBackward0>)[0m[0m
experiment  : INFO     [32m[32mstep: 57920 	 meta_lr 0.000500 	 training acc 0.984375 and training loss tensor(0.1294, device='cuda:0', grad_fn=<AddBackward0>), loss_auto: tensor(0.3137, device='cuda:0', grad_fn=<AddBackward0>), loss_pre: tensor(0.0981, device='cuda:0', grad_fn=<NllLossBackward0>)[0m[0m
experiment  : INFO     [32m[32mstep: 57960 	 meta_lr 0.000500 	 training acc 0.84375 and training loss tensor(0.8360, device='cuda:0', grad_fn=<AddBackward0>), loss_auto: tensor(0.3150, device='cuda:0', grad_fn=<AddBackward0>), loss_pre: tensor(0.8045, device='cuda:0', grad_fn=<NllLossBackward0>)[0m[0m
experiment  : INFO     [32m[32mstep: 58000 	 meta_lr 0.000500 	 training acc 0.9375 and training loss tensor(0.2388, device='cuda:0', grad_fn=<AddBackward0>), loss_auto: tensor(0.3156, device='cuda:0', grad_fn=<AddBackward0>), loss_pre: tensor(0.2073, device='cuda:0', grad_fn=<NllLossBackward0>)[0m[0m
experiment  : INFO     [32m[32mTrain Accuracy = 0.8547096631205674[0m[0m
experiment  : INFO     [32m[32mTest Accuracy = 0.0[0m[0m
experiment  : INFO     [32m[32mstep: 58040 	 meta_lr 0.000500 	 training acc 0.90625 and training loss tensor(0.4222, device='cuda:0', grad_fn=<AddBackward0>), loss_auto: tensor(0.3151, device='cuda:0', grad_fn=<AddBackward0>), loss_pre: tensor(0.3906, device='cuda:0', grad_fn=<NllLossBackward0>)[0m[0m
experiment  : INFO     [32m[32mstep: 58080 	 meta_lr 0.000500 	 training acc 0.890625 and training loss tensor(0.4465, device='cuda:0', grad_fn=<AddBackward0>), loss_auto: tensor(0.3140, device='cuda:0', grad_fn=<AddBackward0>), loss_pre: tensor(0.4151, device='cuda:0', grad_fn=<NllLossBackward0>)[0m[0m
experiment  : INFO     [32m[32mstep: 58120 	 meta_lr 0.000500 	 training acc 0.9375 and training loss tensor(0.2074, device='cuda:0', grad_fn=<AddBackward0>), loss_auto: tensor(0.3127, device='cuda:0', grad_fn=<AddBackward0>), loss_pre: tensor(0.1762, device='cuda:0', grad_fn=<NllLossBackward0>)[0m[0m
experiment  : INFO     [32m[32mstep: 58160 	 meta_lr 0.000500 	 training acc 0.9375 and training loss tensor(0.2600, device='cuda:0', grad_fn=<AddBackward0>), loss_auto: tensor(0.3167, device='cuda:0', grad_fn=<AddBackward0>), loss_pre: tensor(0.2283, device='cuda:0', grad_fn=<NllLossBackward0>)[0m[0m
experiment  : INFO     [32m[32mstep: 58200 	 meta_lr 0.000500 	 training acc 0.921875 and training loss tensor(0.3264, device='cuda:0', grad_fn=<AddBackward0>), loss_auto: tensor(0.3117, device='cuda:0', grad_fn=<AddBackward0>), loss_pre: tensor(0.2952, device='cuda:0', grad_fn=<NllLossBackward0>)[0m[0m
experiment  : INFO     [32m[32mstep: 58240 	 meta_lr 0.000500 	 training acc 0.9375 and training loss tensor(0.2701, device='cuda:0', grad_fn=<AddBackward0>), loss_auto: tensor(0.3133, device='cuda:0', grad_fn=<AddBackward0>), loss_pre: tensor(0.2388, device='cuda:0', grad_fn=<NllLossBackward0>)[0m[0m
experiment  : INFO     [32m[32mstep: 58280 	 meta_lr 0.000500 	 training acc 0.921875 and training loss tensor(0.3606, device='cuda:0', grad_fn=<AddBackward0>), loss_auto: tensor(0.3115, device='cuda:0', grad_fn=<AddBackward0>), loss_pre: tensor(0.3294, device='cuda:0', grad_fn=<NllLossBackward0>)[0m[0m
experiment  : INFO     [32m[32mstep: 58320 	 meta_lr 0.000500 	 training acc 0.890625 and training loss tensor(0.2814, device='cuda:0', grad_fn=<AddBackward0>), loss_auto: tensor(0.3113, device='cuda:0', grad_fn=<AddBackward0>), loss_pre: tensor(0.2502, device='cuda:0', grad_fn=<NllLossBackward0>)[0m[0m
experiment  : INFO     [32m[32mstep: 58360 	 meta_lr 0.000500 	 training acc 0.875 and training loss tensor(0.6103, device='cuda:0', grad_fn=<AddBackward0>), loss_auto: tensor(0.3161, device='cuda:0', grad_fn=<AddBackward0>), loss_pre: tensor(0.5786, device='cuda:0', grad_fn=<NllLossBackward0>)[0m[0m
experiment  : INFO     [32m[32mstep: 58400 	 meta_lr 0.000500 	 training acc 0.859375 and training loss tensor(0.4049, device='cuda:0', grad_fn=<AddBackward0>), loss_auto: tensor(0.3147, device='cuda:0', grad_fn=<AddBackward0>), loss_pre: tensor(0.3734, device='cuda:0', grad_fn=<NllLossBackward0>)[0m[0m
experiment  : INFO     [32m[32mstep: 58440 	 meta_lr 0.000500 	 training acc 0.921875 and training loss tensor(0.3082, device='cuda:0', grad_fn=<AddBackward0>), loss_auto: tensor(0.3158, device='cuda:0', grad_fn=<AddBackward0>), loss_pre: tensor(0.2766, device='cuda:0', grad_fn=<NllLossBackward0>)[0m[0m
experiment  : INFO     [32m[32mstep: 58480 	 meta_lr 0.000500 	 training acc 0.90625 and training loss tensor(0.6102, device='cuda:0', grad_fn=<AddBackward0>), loss_auto: tensor(0.3138, device='cuda:0', grad_fn=<AddBackward0>), loss_pre: tensor(0.5788, device='cuda:0', grad_fn=<NllLossBackward0>)[0m[0m
experiment  : INFO     [32m[32mTrain Accuracy = 0.8462655141843972[0m[0m
experiment  : INFO     [32m[32mTest Accuracy = 0.0[0m[0m
experiment  : INFO     [32m[32mstep: 58520 	 meta_lr 0.000500 	 training acc 0.890625 and training loss tensor(0.4876, device='cuda:0', grad_fn=<AddBackward0>), loss_auto: tensor(0.3153, device='cuda:0', grad_fn=<AddBackward0>), loss_pre: tensor(0.4561, device='cuda:0', grad_fn=<NllLossBackward0>)[0m[0m
experiment  : INFO     [32m[32mstep: 58560 	 meta_lr 0.000500 	 training acc 0.859375 and training loss tensor(0.5656, device='cuda:0', grad_fn=<AddBackward0>), loss_auto: tensor(0.3121, device='cuda:0', grad_fn=<AddBackward0>), loss_pre: tensor(0.5344, device='cuda:0', grad_fn=<NllLossBackward0>)[0m[0m
experiment  : INFO     [32m[32mstep: 58600 	 meta_lr 0.000500 	 training acc 0.890625 and training loss tensor(0.4841, device='cuda:0', grad_fn=<AddBackward0>), loss_auto: tensor(0.3162, device='cuda:0', grad_fn=<AddBackward0>), loss_pre: tensor(0.4525, device='cuda:0', grad_fn=<NllLossBackward0>)[0m[0m
experiment  : INFO     [32m[32mstep: 58640 	 meta_lr 0.000500 	 training acc 0.9375 and training loss tensor(0.3447, device='cuda:0', grad_fn=<AddBackward0>), loss_auto: tensor(0.3173, device='cuda:0', grad_fn=<AddBackward0>), loss_pre: tensor(0.3130, device='cuda:0', grad_fn=<NllLossBackward0>)[0m[0m
experiment  : INFO     [32m[32mstep: 58680 	 meta_lr 0.000500 	 training acc 0.921875 and training loss tensor(0.2350, device='cuda:0', grad_fn=<AddBackward0>), loss_auto: tensor(0.3134, device='cuda:0', grad_fn=<AddBackward0>), loss_pre: tensor(0.2037, device='cuda:0', grad_fn=<NllLossBackward0>)[0m[0m
experiment  : INFO     [32m[32mstep: 58720 	 meta_lr 0.000500 	 training acc 0.890625 and training loss tensor(0.4831, device='cuda:0', grad_fn=<AddBackward0>), loss_auto: tensor(0.3168, device='cuda:0', grad_fn=<AddBackward0>), loss_pre: tensor(0.4514, device='cuda:0', grad_fn=<NllLossBackward0>)[0m[0m
experiment  : INFO     [32m[32mstep: 58760 	 meta_lr 0.000500 	 training acc 0.921875 and training loss tensor(0.3524, device='cuda:0', grad_fn=<AddBackward0>), loss_auto: tensor(0.3167, device='cuda:0', grad_fn=<AddBackward0>), loss_pre: tensor(0.3207, device='cuda:0', grad_fn=<NllLossBackward0>)[0m[0m
experiment  : INFO     [32m[32mstep: 58800 	 meta_lr 0.000500 	 training acc 0.890625 and training loss tensor(0.4664, device='cuda:0', grad_fn=<AddBackward0>), loss_auto: tensor(0.3127, device='cuda:0', grad_fn=<AddBackward0>), loss_pre: tensor(0.4351, device='cuda:0', grad_fn=<NllLossBackward0>)[0m[0m
experiment  : INFO     [32m[32mstep: 58840 	 meta_lr 0.000500 	 training acc 0.90625 and training loss tensor(0.2821, device='cuda:0', grad_fn=<AddBackward0>), loss_auto: tensor(0.3124, device='cuda:0', grad_fn=<AddBackward0>), loss_pre: tensor(0.2509, device='cuda:0', grad_fn=<NllLossBackward0>)[0m[0m
experiment  : INFO     [32m[32mstep: 58880 	 meta_lr 0.000500 	 training acc 0.953125 and training loss tensor(0.1923, device='cuda:0', grad_fn=<AddBackward0>), loss_auto: tensor(0.3165, device='cuda:0', grad_fn=<AddBackward0>), loss_pre: tensor(0.1607, device='cuda:0', grad_fn=<NllLossBackward0>)[0m[0m
experiment  : INFO     [32m[32mstep: 58920 	 meta_lr 0.000500 	 training acc 0.859375 and training loss tensor(0.6946, device='cuda:0', grad_fn=<AddBackward0>), loss_auto: tensor(0.3159, device='cuda:0', grad_fn=<AddBackward0>), loss_pre: tensor(0.6630, device='cuda:0', grad_fn=<NllLossBackward0>)[0m[0m
experiment  : INFO     [32m[32mstep: 58960 	 meta_lr 0.000500 	 training acc 0.953125 and training loss tensor(0.1979, device='cuda:0', grad_fn=<AddBackward0>), loss_auto: tensor(0.3173, device='cuda:0', grad_fn=<AddBackward0>), loss_pre: tensor(0.1661, device='cuda:0', grad_fn=<NllLossBackward0>)[0m[0m
experiment  : INFO     [32m[32mstep: 59000 	 meta_lr 0.000500 	 training acc 0.9375 and training loss tensor(0.4135, device='cuda:0', grad_fn=<AddBackward0>), loss_auto: tensor(0.3143, device='cuda:0', grad_fn=<AddBackward0>), loss_pre: tensor(0.3821, device='cuda:0', grad_fn=<NllLossBackward0>)[0m[0m
experiment  : INFO     [32m[32mTrain Accuracy = 0.875[0m[0m
experiment  : INFO     [32m[32mTest Accuracy = 0.0[0m[0m
experiment  : INFO     [32m[32mstep: 59040 	 meta_lr 0.000500 	 training acc 0.90625 and training loss tensor(0.2505, device='cuda:0', grad_fn=<AddBackward0>), loss_auto: tensor(0.3121, device='cuda:0', grad_fn=<AddBackward0>), loss_pre: tensor(0.2193, device='cuda:0', grad_fn=<NllLossBackward0>)[0m[0m
experiment  : INFO     [32m[32mstep: 59080 	 meta_lr 0.000500 	 training acc 0.890625 and training loss tensor(0.3358, device='cuda:0', grad_fn=<AddBackward0>), loss_auto: tensor(0.3161, device='cuda:0', grad_fn=<AddBackward0>), loss_pre: tensor(0.3042, device='cuda:0', grad_fn=<NllLossBackward0>)[0m[0m
experiment  : INFO     [32m[32mstep: 59120 	 meta_lr 0.000500 	 training acc 0.953125 and training loss tensor(0.2377, device='cuda:0', grad_fn=<AddBackward0>), loss_auto: tensor(0.3118, device='cuda:0', grad_fn=<AddBackward0>), loss_pre: tensor(0.2065, device='cuda:0', grad_fn=<NllLossBackward0>)[0m[0m
experiment  : INFO     [32m[32mstep: 59160 	 meta_lr 0.000500 	 training acc 0.9375 and training loss tensor(0.1961, device='cuda:0', grad_fn=<AddBackward0>), loss_auto: tensor(0.3148, device='cuda:0', grad_fn=<AddBackward0>), loss_pre: tensor(0.1646, device='cuda:0', grad_fn=<NllLossBackward0>)[0m[0m
experiment  : INFO     [32m[32mstep: 59200 	 meta_lr 0.000500 	 training acc 0.953125 and training loss tensor(0.2777, device='cuda:0', grad_fn=<AddBackward0>), loss_auto: tensor(0.3133, device='cuda:0', grad_fn=<AddBackward0>), loss_pre: tensor(0.2463, device='cuda:0', grad_fn=<NllLossBackward0>)[0m[0m
experiment  : INFO     [32m[32mstep: 59240 	 meta_lr 0.000500 	 training acc 0.8125 and training loss tensor(0.7781, device='cuda:0', grad_fn=<AddBackward0>), loss_auto: tensor(0.3174, device='cuda:0', grad_fn=<AddBackward0>), loss_pre: tensor(0.7463, device='cuda:0', grad_fn=<NllLossBackward0>)[0m[0m
experiment  : INFO     [32m[32mstep: 59280 	 meta_lr 0.000500 	 training acc 0.9375 and training loss tensor(0.2427, device='cuda:0', grad_fn=<AddBackward0>), loss_auto: tensor(0.3151, device='cuda:0', grad_fn=<AddBackward0>), loss_pre: tensor(0.2112, device='cuda:0', grad_fn=<NllLossBackward0>)[0m[0m
experiment  : INFO     [32m[32mstep: 59320 	 meta_lr 0.000500 	 training acc 1.0 and training loss tensor(0.0701, device='cuda:0', grad_fn=<AddBackward0>), loss_auto: tensor(0.3137, device='cuda:0', grad_fn=<AddBackward0>), loss_pre: tensor(0.0388, device='cuda:0', grad_fn=<NllLossBackward0>)[0m[0m
experiment  : INFO     [32m[32mstep: 59360 	 meta_lr 0.000500 	 training acc 0.796875 and training loss tensor(1.5326, device='cuda:0', grad_fn=<AddBackward0>), loss_auto: tensor(0.3151, device='cuda:0', grad_fn=<AddBackward0>), loss_pre: tensor(1.5011, device='cuda:0', grad_fn=<NllLossBackward0>)[0m[0m
experiment  : INFO     [32m[32mstep: 59400 	 meta_lr 0.000500 	 training acc 0.9375 and training loss tensor(0.2371, device='cuda:0', grad_fn=<AddBackward0>), loss_auto: tensor(0.3141, device='cuda:0', grad_fn=<AddBackward0>), loss_pre: tensor(0.2057, device='cuda:0', grad_fn=<NllLossBackward0>)[0m[0m
experiment  : INFO     [32m[32mstep: 59440 	 meta_lr 0.000500 	 training acc 0.8125 and training loss tensor(1.0789, device='cuda:0', grad_fn=<AddBackward0>), loss_auto: tensor(0.3135, device='cuda:0', grad_fn=<AddBackward0>), loss_pre: tensor(1.0475, device='cuda:0', grad_fn=<NllLossBackward0>)[0m[0m
experiment  : INFO     [32m[32mstep: 59480 	 meta_lr 0.000500 	 training acc 0.90625 and training loss tensor(0.2831, device='cuda:0', grad_fn=<AddBackward0>), loss_auto: tensor(0.3139, device='cuda:0', grad_fn=<AddBackward0>), loss_pre: tensor(0.2517, device='cuda:0', grad_fn=<NllLossBackward0>)[0m[0m
experiment  : INFO     [32m[32mTrain Accuracy = 0.894747340425532[0m[0m
experiment  : INFO     [32m[32mTest Accuracy = 0.0[0m[0m
experiment  : INFO     [32m[32mstep: 59520 	 meta_lr 0.000500 	 training acc 0.9375 and training loss tensor(0.6638, device='cuda:0', grad_fn=<AddBackward0>), loss_auto: tensor(0.3120, device='cuda:0', grad_fn=<AddBackward0>), loss_pre: tensor(0.6326, device='cuda:0', grad_fn=<NllLossBackward0>)[0m[0m
experiment  : INFO     [32m[32mstep: 59560 	 meta_lr 0.000500 	 training acc 0.921875 and training loss tensor(0.2581, device='cuda:0', grad_fn=<AddBackward0>), loss_auto: tensor(0.3142, device='cuda:0', grad_fn=<AddBackward0>), loss_pre: tensor(0.2267, device='cuda:0', grad_fn=<NllLossBackward0>)[0m[0m
experiment  : INFO     [32m[32mstep: 59600 	 meta_lr 0.000500 	 training acc 0.875 and training loss tensor(0.5104, device='cuda:0', grad_fn=<AddBackward0>), loss_auto: tensor(0.3128, device='cuda:0', grad_fn=<AddBackward0>), loss_pre: tensor(0.4791, device='cuda:0', grad_fn=<NllLossBackward0>)[0m[0m
experiment  : INFO     [32m[32mstep: 59640 	 meta_lr 0.000500 	 training acc 0.921875 and training loss tensor(0.4771, device='cuda:0', grad_fn=<AddBackward0>), loss_auto: tensor(0.3150, device='cuda:0', grad_fn=<AddBackward0>), loss_pre: tensor(0.4456, device='cuda:0', grad_fn=<NllLossBackward0>)[0m[0m
experiment  : INFO     [32m[32mstep: 59680 	 meta_lr 0.000500 	 training acc 0.890625 and training loss tensor(0.2274, device='cuda:0', grad_fn=<AddBackward0>), loss_auto: tensor(0.3141, device='cuda:0', grad_fn=<AddBackward0>), loss_pre: tensor(0.1960, device='cuda:0', grad_fn=<NllLossBackward0>)[0m[0m
experiment  : INFO     [32m[32mstep: 59720 	 meta_lr 0.000500 	 training acc 1.0 and training loss tensor(0.1011, device='cuda:0', grad_fn=<AddBackward0>), loss_auto: tensor(0.3149, device='cuda:0', grad_fn=<AddBackward0>), loss_pre: tensor(0.0696, device='cuda:0', grad_fn=<NllLossBackward0>)[0m[0m
experiment  : INFO     [32m[32mstep: 59760 	 meta_lr 0.000500 	 training acc 0.859375 and training loss tensor(0.5480, device='cuda:0', grad_fn=<AddBackward0>), loss_auto: tensor(0.3124, device='cuda:0', grad_fn=<AddBackward0>), loss_pre: tensor(0.5167, device='cuda:0', grad_fn=<NllLossBackward0>)[0m[0m
experiment  : INFO     [32m[32mstep: 59800 	 meta_lr 0.000500 	 training acc 0.859375 and training loss tensor(0.4071, device='cuda:0', grad_fn=<AddBackward0>), loss_auto: tensor(0.3155, device='cuda:0', grad_fn=<AddBackward0>), loss_pre: tensor(0.3755, device='cuda:0', grad_fn=<NllLossBackward0>)[0m[0m
experiment  : INFO     [32m[32mstep: 59840 	 meta_lr 0.000500 	 training acc 0.921875 and training loss tensor(0.2039, device='cuda:0', grad_fn=<AddBackward0>), loss_auto: tensor(0.3175, device='cuda:0', grad_fn=<AddBackward0>), loss_pre: tensor(0.1721, device='cuda:0', grad_fn=<NllLossBackward0>)[0m[0m
experiment  : INFO     [32m[32mstep: 59880 	 meta_lr 0.000500 	 training acc 0.8125 and training loss tensor(0.5162, device='cuda:0', grad_fn=<AddBackward0>), loss_auto: tensor(0.3114, device='cuda:0', grad_fn=<AddBackward0>), loss_pre: tensor(0.4851, device='cuda:0', grad_fn=<NllLossBackward0>)[0m[0m
experiment  : INFO     [32m[32mstep: 59920 	 meta_lr 0.000500 	 training acc 0.84375 and training loss tensor(0.2721, device='cuda:0', grad_fn=<AddBackward0>), loss_auto: tensor(0.3159, device='cuda:0', grad_fn=<AddBackward0>), loss_pre: tensor(0.2405, device='cuda:0', grad_fn=<NllLossBackward0>)[0m[0m
experiment  : INFO     [32m[32mstep: 59960 	 meta_lr 0.000500 	 training acc 0.875 and training loss tensor(0.7463, device='cuda:0', grad_fn=<AddBackward0>), loss_auto: tensor(0.3155, device='cuda:0', grad_fn=<AddBackward0>), loss_pre: tensor(0.7148, device='cuda:0', grad_fn=<NllLossBackward0>)[0m[0m
experiment  : INFO     [32m[32mstep: 60000 	 meta_lr 0.000500 	 training acc 0.84375 and training loss tensor(0.3534, device='cuda:0', grad_fn=<AddBackward0>), loss_auto: tensor(0.3123, device='cuda:0', grad_fn=<AddBackward0>), loss_pre: tensor(0.3222, device='cuda:0', grad_fn=<NllLossBackward0>)[0m[0m
experiment  : INFO     [32m[32mTrain Accuracy = 0.8498116134751773[0m[0m
experiment  : INFO     [32m[32mTest Accuracy = 0.0[0m[0m
experiment  : INFO     [32m[32mstep: 60040 	 meta_lr 0.000500 	 training acc 0.828125 and training loss tensor(0.7479, device='cuda:0', grad_fn=<AddBackward0>), loss_auto: tensor(0.3161, device='cuda:0', grad_fn=<AddBackward0>), loss_pre: tensor(0.7163, device='cuda:0', grad_fn=<NllLossBackward0>)[0m[0m
experiment  : INFO     [32m[32mstep: 60080 	 meta_lr 0.000500 	 training acc 0.953125 and training loss tensor(0.1905, device='cuda:0', grad_fn=<AddBackward0>), loss_auto: tensor(0.3165, device='cuda:0', grad_fn=<AddBackward0>), loss_pre: tensor(0.1589, device='cuda:0', grad_fn=<NllLossBackward0>)[0m[0m
experiment  : INFO     [32m[32mstep: 60120 	 meta_lr 0.000500 	 training acc 0.921875 and training loss tensor(0.2580, device='cuda:0', grad_fn=<AddBackward0>), loss_auto: tensor(0.3157, device='cuda:0', grad_fn=<AddBackward0>), loss_pre: tensor(0.2264, device='cuda:0', grad_fn=<NllLossBackward0>)[0m[0m
experiment  : INFO     [32m[32mstep: 60160 	 meta_lr 0.000500 	 training acc 0.921875 and training loss tensor(0.3068, device='cuda:0', grad_fn=<AddBackward0>), loss_auto: tensor(0.3163, device='cuda:0', grad_fn=<AddBackward0>), loss_pre: tensor(0.2751, device='cuda:0', grad_fn=<NllLossBackward0>)[0m[0m
experiment  : INFO     [32m[32mstep: 60200 	 meta_lr 0.000500 	 training acc 0.953125 and training loss tensor(0.1404, device='cuda:0', grad_fn=<AddBackward0>), loss_auto: tensor(0.3155, device='cuda:0', grad_fn=<AddBackward0>), loss_pre: tensor(0.1089, device='cuda:0', grad_fn=<NllLossBackward0>)[0m[0m
experiment  : INFO     [32m[32mstep: 60240 	 meta_lr 0.000500 	 training acc 0.9375 and training loss tensor(0.3005, device='cuda:0', grad_fn=<AddBackward0>), loss_auto: tensor(0.3159, device='cuda:0', grad_fn=<AddBackward0>), loss_pre: tensor(0.2689, device='cuda:0', grad_fn=<NllLossBackward0>)[0m[0m
experiment  : INFO     [32m[32mstep: 60280 	 meta_lr 0.000500 	 training acc 0.84375 and training loss tensor(0.5792, device='cuda:0', grad_fn=<AddBackward0>), loss_auto: tensor(0.3150, device='cuda:0', grad_fn=<AddBackward0>), loss_pre: tensor(0.5477, device='cuda:0', grad_fn=<NllLossBackward0>)[0m[0m
experiment  : INFO     [32m[32mstep: 60320 	 meta_lr 0.000500 	 training acc 0.921875 and training loss tensor(0.2525, device='cuda:0', grad_fn=<AddBackward0>), loss_auto: tensor(0.3153, device='cuda:0', grad_fn=<AddBackward0>), loss_pre: tensor(0.2209, device='cuda:0', grad_fn=<NllLossBackward0>)[0m[0m
experiment  : INFO     [32m[32mstep: 60360 	 meta_lr 0.000500 	 training acc 0.921875 and training loss tensor(0.2907, device='cuda:0', grad_fn=<AddBackward0>), loss_auto: tensor(0.3139, device='cuda:0', grad_fn=<AddBackward0>), loss_pre: tensor(0.2593, device='cuda:0', grad_fn=<NllLossBackward0>)[0m[0m
experiment  : INFO     [32m[32mstep: 60400 	 meta_lr 0.000500 	 training acc 0.9375 and training loss tensor(0.2838, device='cuda:0', grad_fn=<AddBackward0>), loss_auto: tensor(0.3159, device='cuda:0', grad_fn=<AddBackward0>), loss_pre: tensor(0.2522, device='cuda:0', grad_fn=<NllLossBackward0>)[0m[0m
experiment  : INFO     [32m[32mstep: 60440 	 meta_lr 0.000500 	 training acc 0.859375 and training loss tensor(0.5735, device='cuda:0', grad_fn=<AddBackward0>), loss_auto: tensor(0.3119, device='cuda:0', grad_fn=<AddBackward0>), loss_pre: tensor(0.5423, device='cuda:0', grad_fn=<NllLossBackward0>)[0m[0m
experiment  : INFO     [32m[32mstep: 60480 	 meta_lr 0.000500 	 training acc 0.96875 and training loss tensor(0.3021, device='cuda:0', grad_fn=<AddBackward0>), loss_auto: tensor(0.3133, device='cuda:0', grad_fn=<AddBackward0>), loss_pre: tensor(0.2708, device='cuda:0', grad_fn=<NllLossBackward0>)[0m[0m
experiment  : INFO     [32m[32mTrain Accuracy = 0.8742575354609929[0m[0m
experiment  : INFO     [32m[32mTest Accuracy = 0.0[0m[0m
experiment  : INFO     [32m[32mstep: 60520 	 meta_lr 0.000500 	 training acc 0.96875 and training loss tensor(0.1661, device='cuda:0', grad_fn=<AddBackward0>), loss_auto: tensor(0.3137, device='cuda:0', grad_fn=<AddBackward0>), loss_pre: tensor(0.1347, device='cuda:0', grad_fn=<NllLossBackward0>)[0m[0m
experiment  : INFO     [32m[32mstep: 60560 	 meta_lr 0.000500 	 training acc 0.890625 and training loss tensor(0.3067, device='cuda:0', grad_fn=<AddBackward0>), loss_auto: tensor(0.3151, device='cuda:0', grad_fn=<AddBackward0>), loss_pre: tensor(0.2752, device='cuda:0', grad_fn=<NllLossBackward0>)[0m[0m
experiment  : INFO     [32m[32mstep: 60600 	 meta_lr 0.000500 	 training acc 0.921875 and training loss tensor(0.2453, device='cuda:0', grad_fn=<AddBackward0>), loss_auto: tensor(0.3181, device='cuda:0', grad_fn=<AddBackward0>), loss_pre: tensor(0.2135, device='cuda:0', grad_fn=<NllLossBackward0>)[0m[0m
experiment  : INFO     [32m[32mstep: 60640 	 meta_lr 0.000500 	 training acc 0.9375 and training loss tensor(0.3553, device='cuda:0', grad_fn=<AddBackward0>), loss_auto: tensor(0.3146, device='cuda:0', grad_fn=<AddBackward0>), loss_pre: tensor(0.3239, device='cuda:0', grad_fn=<NllLossBackward0>)[0m[0m
experiment  : INFO     [32m[32mstep: 60680 	 meta_lr 0.000500 	 training acc 0.859375 and training loss tensor(0.2640, device='cuda:0', grad_fn=<AddBackward0>), loss_auto: tensor(0.3143, device='cuda:0', grad_fn=<AddBackward0>), loss_pre: tensor(0.2326, device='cuda:0', grad_fn=<NllLossBackward0>)[0m[0m
experiment  : INFO     [32m[32mstep: 60720 	 meta_lr 0.000500 	 training acc 0.921875 and training loss tensor(0.3978, device='cuda:0', grad_fn=<AddBackward0>), loss_auto: tensor(0.3149, device='cuda:0', grad_fn=<AddBackward0>), loss_pre: tensor(0.3664, device='cuda:0', grad_fn=<NllLossBackward0>)[0m[0m
experiment  : INFO     [32m[32mstep: 60760 	 meta_lr 0.000500 	 training acc 0.90625 and training loss tensor(0.2635, device='cuda:0', grad_fn=<AddBackward0>), loss_auto: tensor(0.3149, device='cuda:0', grad_fn=<AddBackward0>), loss_pre: tensor(0.2320, device='cuda:0', grad_fn=<NllLossBackward0>)[0m[0m
experiment  : INFO     [32m[32mstep: 60800 	 meta_lr 0.000500 	 training acc 0.953125 and training loss tensor(0.2815, device='cuda:0', grad_fn=<AddBackward0>), loss_auto: tensor(0.3128, device='cuda:0', grad_fn=<AddBackward0>), loss_pre: tensor(0.2502, device='cuda:0', grad_fn=<NllLossBackward0>)[0m[0m
experiment  : INFO     [32m[32mstep: 60840 	 meta_lr 0.000500 	 training acc 0.921875 and training loss tensor(0.4026, device='cuda:0', grad_fn=<AddBackward0>), loss_auto: tensor(0.3150, device='cuda:0', grad_fn=<AddBackward0>), loss_pre: tensor(0.3711, device='cuda:0', grad_fn=<NllLossBackward0>)[0m[0m
experiment  : INFO     [32m[32mstep: 60880 	 meta_lr 0.000500 	 training acc 0.953125 and training loss tensor(0.2303, device='cuda:0', grad_fn=<AddBackward0>), loss_auto: tensor(0.3142, device='cuda:0', grad_fn=<AddBackward0>), loss_pre: tensor(0.1988, device='cuda:0', grad_fn=<NllLossBackward0>)[0m[0m
experiment  : INFO     [32m[32mstep: 60920 	 meta_lr 0.000500 	 training acc 0.96875 and training loss tensor(0.1827, device='cuda:0', grad_fn=<AddBackward0>), loss_auto: tensor(0.3132, device='cuda:0', grad_fn=<AddBackward0>), loss_pre: tensor(0.1514, device='cuda:0', grad_fn=<NllLossBackward0>)[0m[0m
experiment  : INFO     [32m[32mstep: 60960 	 meta_lr 0.000500 	 training acc 0.890625 and training loss tensor(0.5952, device='cuda:0', grad_fn=<AddBackward0>), loss_auto: tensor(0.3124, device='cuda:0', grad_fn=<AddBackward0>), loss_pre: tensor(0.5640, device='cuda:0', grad_fn=<NllLossBackward0>)[0m[0m
experiment  : INFO     [32m[32mstep: 61000 	 meta_lr 0.000500 	 training acc 0.921875 and training loss tensor(0.2249, device='cuda:0', grad_fn=<AddBackward0>), loss_auto: tensor(0.3168, device='cuda:0', grad_fn=<AddBackward0>), loss_pre: tensor(0.1932, device='cuda:0', grad_fn=<NllLossBackward0>)[0m[0m
experiment  : INFO     [32m[32mTrain Accuracy = 0.865270390070922[0m[0m
experiment  : INFO     [32m[32mTest Accuracy = 0.0[0m[0m
experiment  : INFO     [32m[32mstep: 61040 	 meta_lr 0.000500 	 training acc 0.921875 and training loss tensor(0.2166, device='cuda:0', grad_fn=<AddBackward0>), loss_auto: tensor(0.3177, device='cuda:0', grad_fn=<AddBackward0>), loss_pre: tensor(0.1848, device='cuda:0', grad_fn=<NllLossBackward0>)[0m[0m
experiment  : INFO     [32m[32mstep: 61080 	 meta_lr 0.000500 	 training acc 0.90625 and training loss tensor(0.3926, device='cuda:0', grad_fn=<AddBackward0>), loss_auto: tensor(0.3156, device='cuda:0', grad_fn=<AddBackward0>), loss_pre: tensor(0.3610, device='cuda:0', grad_fn=<NllLossBackward0>)[0m[0m
experiment  : INFO     [32m[32mstep: 61120 	 meta_lr 0.000500 	 training acc 0.96875 and training loss tensor(0.1232, device='cuda:0', grad_fn=<AddBackward0>), loss_auto: tensor(0.3141, device='cuda:0', grad_fn=<AddBackward0>), loss_pre: tensor(0.0918, device='cuda:0', grad_fn=<NllLossBackward0>)[0m[0m
experiment  : INFO     [32m[32mstep: 61160 	 meta_lr 0.000500 	 training acc 0.90625 and training loss tensor(0.6135, device='cuda:0', grad_fn=<AddBackward0>), loss_auto: tensor(0.3146, device='cuda:0', grad_fn=<AddBackward0>), loss_pre: tensor(0.5821, device='cuda:0', grad_fn=<NllLossBackward0>)[0m[0m
experiment  : INFO     [32m[32mstep: 61200 	 meta_lr 0.000500 	 training acc 0.9375 and training loss tensor(0.2276, device='cuda:0', grad_fn=<AddBackward0>), loss_auto: tensor(0.3143, device='cuda:0', grad_fn=<AddBackward0>), loss_pre: tensor(0.1962, device='cuda:0', grad_fn=<NllLossBackward0>)[0m[0m
experiment  : INFO     [32m[32mstep: 61240 	 meta_lr 0.000500 	 training acc 0.90625 and training loss tensor(0.3089, device='cuda:0', grad_fn=<AddBackward0>), loss_auto: tensor(0.3154, device='cuda:0', grad_fn=<AddBackward0>), loss_pre: tensor(0.2774, device='cuda:0', grad_fn=<NllLossBackward0>)[0m[0m
experiment  : INFO     [32m[32mstep: 61280 	 meta_lr 0.000500 	 training acc 0.9375 and training loss tensor(0.1764, device='cuda:0', grad_fn=<AddBackward0>), loss_auto: tensor(0.3155, device='cuda:0', grad_fn=<AddBackward0>), loss_pre: tensor(0.1448, device='cuda:0', grad_fn=<NllLossBackward0>)[0m[0m
experiment  : INFO     [32m[32mstep: 61320 	 meta_lr 0.000500 	 training acc 0.9375 and training loss tensor(0.4405, device='cuda:0', grad_fn=<AddBackward0>), loss_auto: tensor(0.3125, device='cuda:0', grad_fn=<AddBackward0>), loss_pre: tensor(0.4093, device='cuda:0', grad_fn=<NllLossBackward0>)[0m[0m
experiment  : INFO     [32m[32mstep: 61360 	 meta_lr 0.000500 	 training acc 0.9375 and training loss tensor(0.1888, device='cuda:0', grad_fn=<AddBackward0>), loss_auto: tensor(0.3160, device='cuda:0', grad_fn=<AddBackward0>), loss_pre: tensor(0.1572, device='cuda:0', grad_fn=<NllLossBackward0>)[0m[0m
experiment  : INFO     [32m[32mstep: 61400 	 meta_lr 0.000500 	 training acc 0.9375 and training loss tensor(0.1296, device='cuda:0', grad_fn=<AddBackward0>), loss_auto: tensor(0.3172, device='cuda:0', grad_fn=<AddBackward0>), loss_pre: tensor(0.0979, device='cuda:0', grad_fn=<NllLossBackward0>)[0m[0m
experiment  : INFO     [32m[32mstep: 61440 	 meta_lr 0.000500 	 training acc 0.859375 and training loss tensor(0.5460, device='cuda:0', grad_fn=<AddBackward0>), loss_auto: tensor(0.3146, device='cuda:0', grad_fn=<AddBackward0>), loss_pre: tensor(0.5146, device='cuda:0', grad_fn=<NllLossBackward0>)[0m[0m
experiment  : INFO     [32m[32mstep: 61480 	 meta_lr 0.000500 	 training acc 0.9375 and training loss tensor(0.2321, device='cuda:0', grad_fn=<AddBackward0>), loss_auto: tensor(0.3145, device='cuda:0', grad_fn=<AddBackward0>), loss_pre: tensor(0.2007, device='cuda:0', grad_fn=<NllLossBackward0>)[0m[0m
experiment  : INFO     [32m[32mTrain Accuracy = 0.8694038120567377[0m[0m
experiment  : INFO     [32m[32mTest Accuracy = 0.0[0m[0m
experiment  : INFO     [32m[32mstep: 61520 	 meta_lr 0.000500 	 training acc 0.890625 and training loss tensor(0.3825, device='cuda:0', grad_fn=<AddBackward0>), loss_auto: tensor(0.3159, device='cuda:0', grad_fn=<AddBackward0>), loss_pre: tensor(0.3509, device='cuda:0', grad_fn=<NllLossBackward0>)[0m[0m
experiment  : INFO     [32m[32mstep: 61560 	 meta_lr 0.000500 	 training acc 0.890625 and training loss tensor(0.2729, device='cuda:0', grad_fn=<AddBackward0>), loss_auto: tensor(0.3164, device='cuda:0', grad_fn=<AddBackward0>), loss_pre: tensor(0.2413, device='cuda:0', grad_fn=<NllLossBackward0>)[0m[0m
experiment  : INFO     [32m[32mstep: 61600 	 meta_lr 0.000500 	 training acc 0.953125 and training loss tensor(0.1680, device='cuda:0', grad_fn=<AddBackward0>), loss_auto: tensor(0.3130, device='cuda:0', grad_fn=<AddBackward0>), loss_pre: tensor(0.1367, device='cuda:0', grad_fn=<NllLossBackward0>)[0m[0m
experiment  : INFO     [32m[32mstep: 61640 	 meta_lr 0.000500 	 training acc 0.8125 and training loss tensor(0.4906, device='cuda:0', grad_fn=<AddBackward0>), loss_auto: tensor(0.3141, device='cuda:0', grad_fn=<AddBackward0>), loss_pre: tensor(0.4592, device='cuda:0', grad_fn=<NllLossBackward0>)[0m[0m
experiment  : INFO     [32m[32mstep: 61680 	 meta_lr 0.000500 	 training acc 0.921875 and training loss tensor(0.4060, device='cuda:0', grad_fn=<AddBackward0>), loss_auto: tensor(0.3154, device='cuda:0', grad_fn=<AddBackward0>), loss_pre: tensor(0.3745, device='cuda:0', grad_fn=<NllLossBackward0>)[0m[0m
experiment  : INFO     [32m[32mstep: 61720 	 meta_lr 0.000500 	 training acc 0.921875 and training loss tensor(0.2684, device='cuda:0', grad_fn=<AddBackward0>), loss_auto: tensor(0.3160, device='cuda:0', grad_fn=<AddBackward0>), loss_pre: tensor(0.2368, device='cuda:0', grad_fn=<NllLossBackward0>)[0m[0m
experiment  : INFO     [32m[32mstep: 61760 	 meta_lr 0.000500 	 training acc 0.96875 and training loss tensor(0.1810, device='cuda:0', grad_fn=<AddBackward0>), loss_auto: tensor(0.3141, device='cuda:0', grad_fn=<AddBackward0>), loss_pre: tensor(0.1496, device='cuda:0', grad_fn=<NllLossBackward0>)[0m[0m
experiment  : INFO     [32m[32mstep: 61800 	 meta_lr 0.000500 	 training acc 0.875 and training loss tensor(0.4002, device='cuda:0', grad_fn=<AddBackward0>), loss_auto: tensor(0.3167, device='cuda:0', grad_fn=<AddBackward0>), loss_pre: tensor(0.3685, device='cuda:0', grad_fn=<NllLossBackward0>)[0m[0m
experiment  : INFO     [32m[32mstep: 61840 	 meta_lr 0.000500 	 training acc 0.921875 and training loss tensor(0.3304, device='cuda:0', grad_fn=<AddBackward0>), loss_auto: tensor(0.3142, device='cuda:0', grad_fn=<AddBackward0>), loss_pre: tensor(0.2989, device='cuda:0', grad_fn=<NllLossBackward0>)[0m[0m
experiment  : INFO     [32m[32mstep: 61880 	 meta_lr 0.000500 	 training acc 0.96875 and training loss tensor(0.1409, device='cuda:0', grad_fn=<AddBackward0>), loss_auto: tensor(0.3155, device='cuda:0', grad_fn=<AddBackward0>), loss_pre: tensor(0.1094, device='cuda:0', grad_fn=<NllLossBackward0>)[0m[0m
experiment  : INFO     [32m[32mstep: 61920 	 meta_lr 0.000500 	 training acc 0.9375 and training loss tensor(0.2011, device='cuda:0', grad_fn=<AddBackward0>), loss_auto: tensor(0.3136, device='cuda:0', grad_fn=<AddBackward0>), loss_pre: tensor(0.1697, device='cuda:0', grad_fn=<NllLossBackward0>)[0m[0m
experiment  : INFO     [32m[32mstep: 61960 	 meta_lr 0.000500 	 training acc 0.9375 and training loss tensor(0.3233, device='cuda:0', grad_fn=<AddBackward0>), loss_auto: tensor(0.3140, device='cuda:0', grad_fn=<AddBackward0>), loss_pre: tensor(0.2919, device='cuda:0', grad_fn=<NllLossBackward0>)[0m[0m
experiment  : INFO     [32m[32mstep: 62000 	 meta_lr 0.000500 	 training acc 0.890625 and training loss tensor(0.4212, device='cuda:0', grad_fn=<AddBackward0>), loss_auto: tensor(0.3137, device='cuda:0', grad_fn=<AddBackward0>), loss_pre: tensor(0.3898, device='cuda:0', grad_fn=<NllLossBackward0>)[0m[0m
experiment  : INFO     [32m[32mTrain Accuracy = 0.862677304964539[0m[0m
experiment  : INFO     [32m[32mTest Accuracy = 0.0[0m[0m
experiment  : INFO     [32m[32mstep: 62040 	 meta_lr 0.000500 	 training acc 0.9375 and training loss tensor(0.3032, device='cuda:0', grad_fn=<AddBackward0>), loss_auto: tensor(0.3148, device='cuda:0', grad_fn=<AddBackward0>), loss_pre: tensor(0.2717, device='cuda:0', grad_fn=<NllLossBackward0>)[0m[0m
experiment  : INFO     [32m[32mstep: 62080 	 meta_lr 0.000500 	 training acc 0.875 and training loss tensor(0.4537, device='cuda:0', grad_fn=<AddBackward0>), loss_auto: tensor(0.3147, device='cuda:0', grad_fn=<AddBackward0>), loss_pre: tensor(0.4223, device='cuda:0', grad_fn=<NllLossBackward0>)[0m[0m
experiment  : INFO     [32m[32mstep: 62120 	 meta_lr 0.000500 	 training acc 0.828125 and training loss tensor(0.4681, device='cuda:0', grad_fn=<AddBackward0>), loss_auto: tensor(0.3129, device='cuda:0', grad_fn=<AddBackward0>), loss_pre: tensor(0.4368, device='cuda:0', grad_fn=<NllLossBackward0>)[0m[0m
experiment  : INFO     [32m[32mstep: 62160 	 meta_lr 0.000500 	 training acc 0.96875 and training loss tensor(0.1585, device='cuda:0', grad_fn=<AddBackward0>), loss_auto: tensor(0.3141, device='cuda:0', grad_fn=<AddBackward0>), loss_pre: tensor(0.1271, device='cuda:0', grad_fn=<NllLossBackward0>)[0m[0m
experiment  : INFO     [32m[32mstep: 62200 	 meta_lr 0.000500 	 training acc 0.9375 and training loss tensor(0.2542, device='cuda:0', grad_fn=<AddBackward0>), loss_auto: tensor(0.3152, device='cuda:0', grad_fn=<AddBackward0>), loss_pre: tensor(0.2227, device='cuda:0', grad_fn=<NllLossBackward0>)[0m[0m
experiment  : INFO     [32m[32mstep: 62240 	 meta_lr 0.000500 	 training acc 0.890625 and training loss tensor(0.3840, device='cuda:0', grad_fn=<AddBackward0>), loss_auto: tensor(0.3144, device='cuda:0', grad_fn=<AddBackward0>), loss_pre: tensor(0.3526, device='cuda:0', grad_fn=<NllLossBackward0>)[0m[0m
experiment  : INFO     [32m[32mstep: 62280 	 meta_lr 0.000500 	 training acc 0.9375 and training loss tensor(0.2085, device='cuda:0', grad_fn=<AddBackward0>), loss_auto: tensor(0.3136, device='cuda:0', grad_fn=<AddBackward0>), loss_pre: tensor(0.1772, device='cuda:0', grad_fn=<NllLossBackward0>)[0m[0m
experiment  : INFO     [32m[32mstep: 62320 	 meta_lr 0.000500 	 training acc 0.9375 and training loss tensor(0.2471, device='cuda:0', grad_fn=<AddBackward0>), loss_auto: tensor(0.3159, device='cuda:0', grad_fn=<AddBackward0>), loss_pre: tensor(0.2155, device='cuda:0', grad_fn=<NllLossBackward0>)[0m[0m
experiment  : INFO     [32m[32mstep: 62360 	 meta_lr 0.000500 	 training acc 0.90625 and training loss tensor(0.3153, device='cuda:0', grad_fn=<AddBackward0>), loss_auto: tensor(0.3148, device='cuda:0', grad_fn=<AddBackward0>), loss_pre: tensor(0.2838, device='cuda:0', grad_fn=<NllLossBackward0>)[0m[0m
experiment  : INFO     [32m[32mstep: 62400 	 meta_lr 0.000500 	 training acc 0.90625 and training loss tensor(0.4280, device='cuda:0', grad_fn=<AddBackward0>), loss_auto: tensor(0.3145, device='cuda:0', grad_fn=<AddBackward0>), loss_pre: tensor(0.3966, device='cuda:0', grad_fn=<NllLossBackward0>)[0m[0m
experiment  : INFO     [32m[32mstep: 62440 	 meta_lr 0.000500 	 training acc 0.921875 and training loss tensor(0.3713, device='cuda:0', grad_fn=<AddBackward0>), loss_auto: tensor(0.3184, device='cuda:0', grad_fn=<AddBackward0>), loss_pre: tensor(0.3394, device='cuda:0', grad_fn=<NllLossBackward0>)[0m[0m
experiment  : INFO     [32m[32mstep: 62480 	 meta_lr 0.000500 	 training acc 0.828125 and training loss tensor(0.5455, device='cuda:0', grad_fn=<AddBackward0>), loss_auto: tensor(0.3159, device='cuda:0', grad_fn=<AddBackward0>), loss_pre: tensor(0.5139, device='cuda:0', grad_fn=<NllLossBackward0>)[0m[0m
experiment  : INFO     [32m[32mTrain Accuracy = 0.8657136524822695[0m[0m
experiment  : INFO     [32m[32mTest Accuracy = 0.0[0m[0m
experiment  : INFO     [32m[32mstep: 62520 	 meta_lr 0.000500 	 training acc 0.9375 and training loss tensor(0.1903, device='cuda:0', grad_fn=<AddBackward0>), loss_auto: tensor(0.3147, device='cuda:0', grad_fn=<AddBackward0>), loss_pre: tensor(0.1589, device='cuda:0', grad_fn=<NllLossBackward0>)[0m[0m
experiment  : INFO     [32m[32mstep: 62560 	 meta_lr 0.000500 	 training acc 0.90625 and training loss tensor(0.4679, device='cuda:0', grad_fn=<AddBackward0>), loss_auto: tensor(0.3133, device='cuda:0', grad_fn=<AddBackward0>), loss_pre: tensor(0.4366, device='cuda:0', grad_fn=<NllLossBackward0>)[0m[0m
experiment  : INFO     [32m[32mstep: 62600 	 meta_lr 0.000500 	 training acc 0.9375 and training loss tensor(0.3351, device='cuda:0', grad_fn=<AddBackward0>), loss_auto: tensor(0.3155, device='cuda:0', grad_fn=<AddBackward0>), loss_pre: tensor(0.3035, device='cuda:0', grad_fn=<NllLossBackward0>)[0m[0m
experiment  : INFO     [32m[32mstep: 62640 	 meta_lr 0.000500 	 training acc 0.96875 and training loss tensor(0.1150, device='cuda:0', grad_fn=<AddBackward0>), loss_auto: tensor(0.3126, device='cuda:0', grad_fn=<AddBackward0>), loss_pre: tensor(0.0837, device='cuda:0', grad_fn=<NllLossBackward0>)[0m[0m
experiment  : INFO     [32m[32mstep: 62680 	 meta_lr 0.000500 	 training acc 0.9375 and training loss tensor(0.1776, device='cuda:0', grad_fn=<AddBackward0>), loss_auto: tensor(0.3166, device='cuda:0', grad_fn=<AddBackward0>), loss_pre: tensor(0.1460, device='cuda:0', grad_fn=<NllLossBackward0>)[0m[0m
experiment  : INFO     [32m[32mstep: 62720 	 meta_lr 0.000500 	 training acc 0.9375 and training loss tensor(0.3348, device='cuda:0', grad_fn=<AddBackward0>), loss_auto: tensor(0.3137, device='cuda:0', grad_fn=<AddBackward0>), loss_pre: tensor(0.3035, device='cuda:0', grad_fn=<NllLossBackward0>)[0m[0m
experiment  : INFO     [32m[32mstep: 62760 	 meta_lr 0.000500 	 training acc 0.9375 and training loss tensor(0.6035, device='cuda:0', grad_fn=<AddBackward0>), loss_auto: tensor(0.3140, device='cuda:0', grad_fn=<AddBackward0>), loss_pre: tensor(0.5721, device='cuda:0', grad_fn=<NllLossBackward0>)[0m[0m
experiment  : INFO     [32m[32mstep: 62800 	 meta_lr 0.000500 	 training acc 0.96875 and training loss tensor(0.1393, device='cuda:0', grad_fn=<AddBackward0>), loss_auto: tensor(0.3131, device='cuda:0', grad_fn=<AddBackward0>), loss_pre: tensor(0.1080, device='cuda:0', grad_fn=<NllLossBackward0>)[0m[0m
experiment  : INFO     [32m[32mstep: 62840 	 meta_lr 0.000500 	 training acc 0.953125 and training loss tensor(0.1457, device='cuda:0', grad_fn=<AddBackward0>), loss_auto: tensor(0.3172, device='cuda:0', grad_fn=<AddBackward0>), loss_pre: tensor(0.1139, device='cuda:0', grad_fn=<NllLossBackward0>)[0m[0m
experiment  : INFO     [32m[32mstep: 62880 	 meta_lr 0.000500 	 training acc 0.859375 and training loss tensor(0.7360, device='cuda:0', grad_fn=<AddBackward0>), loss_auto: tensor(0.3148, device='cuda:0', grad_fn=<AddBackward0>), loss_pre: tensor(0.7045, device='cuda:0', grad_fn=<NllLossBackward0>)[0m[0m
experiment  : INFO     [32m[32mstep: 62920 	 meta_lr 0.000500 	 training acc 0.9375 and training loss tensor(0.3565, device='cuda:0', grad_fn=<AddBackward0>), loss_auto: tensor(0.3145, device='cuda:0', grad_fn=<AddBackward0>), loss_pre: tensor(0.3250, device='cuda:0', grad_fn=<NllLossBackward0>)[0m[0m
experiment  : INFO     [32m[32mstep: 62960 	 meta_lr 0.000500 	 training acc 0.96875 and training loss tensor(0.2079, device='cuda:0', grad_fn=<AddBackward0>), loss_auto: tensor(0.3155, device='cuda:0', grad_fn=<AddBackward0>), loss_pre: tensor(0.1763, device='cuda:0', grad_fn=<NllLossBackward0>)[0m[0m
experiment  : INFO     [32m[32mstep: 63000 	 meta_lr 0.000500 	 training acc 0.875 and training loss tensor(0.3313, device='cuda:0', grad_fn=<AddBackward0>), loss_auto: tensor(0.3132, device='cuda:0', grad_fn=<AddBackward0>), loss_pre: tensor(0.2999, device='cuda:0', grad_fn=<NllLossBackward0>)[0m[0m
experiment  : INFO     [32m[32mTrain Accuracy = 0.875[0m[0m
experiment  : INFO     [32m[32mTest Accuracy = 0.0[0m[0m
experiment  : INFO     [32m[32mstep: 63040 	 meta_lr 0.000500 	 training acc 0.8125 and training loss tensor(0.7950, device='cuda:0', grad_fn=<AddBackward0>), loss_auto: tensor(0.3191, device='cuda:0', grad_fn=<AddBackward0>), loss_pre: tensor(0.7631, device='cuda:0', grad_fn=<NllLossBackward0>)[0m[0m
experiment  : INFO     [32m[32mstep: 63080 	 meta_lr 0.000500 	 training acc 0.921875 and training loss tensor(0.2336, device='cuda:0', grad_fn=<AddBackward0>), loss_auto: tensor(0.3180, device='cuda:0', grad_fn=<AddBackward0>), loss_pre: tensor(0.2018, device='cuda:0', grad_fn=<NllLossBackward0>)[0m[0m
experiment  : INFO     [32m[32mstep: 63120 	 meta_lr 0.000500 	 training acc 0.828125 and training loss tensor(0.7275, device='cuda:0', grad_fn=<AddBackward0>), loss_auto: tensor(0.3122, device='cuda:0', grad_fn=<AddBackward0>), loss_pre: tensor(0.6963, device='cuda:0', grad_fn=<NllLossBackward0>)[0m[0m
experiment  : INFO     [32m[32mstep: 63160 	 meta_lr 0.000500 	 training acc 0.859375 and training loss tensor(0.4470, device='cuda:0', grad_fn=<AddBackward0>), loss_auto: tensor(0.3161, device='cuda:0', grad_fn=<AddBackward0>), loss_pre: tensor(0.4154, device='cuda:0', grad_fn=<NllLossBackward0>)[0m[0m
experiment  : INFO     [32m[32mstep: 63200 	 meta_lr 0.000500 	 training acc 0.90625 and training loss tensor(0.3161, device='cuda:0', grad_fn=<AddBackward0>), loss_auto: tensor(0.3125, device='cuda:0', grad_fn=<AddBackward0>), loss_pre: tensor(0.2848, device='cuda:0', grad_fn=<NllLossBackward0>)[0m[0m
experiment  : INFO     [32m[32mstep: 63240 	 meta_lr 0.000500 	 training acc 0.890625 and training loss tensor(0.3921, device='cuda:0', grad_fn=<AddBackward0>), loss_auto: tensor(0.3133, device='cuda:0', grad_fn=<AddBackward0>), loss_pre: tensor(0.3608, device='cuda:0', grad_fn=<NllLossBackward0>)[0m[0m
experiment  : INFO     [32m[32mstep: 63280 	 meta_lr 0.000500 	 training acc 0.921875 and training loss tensor(0.1992, device='cuda:0', grad_fn=<AddBackward0>), loss_auto: tensor(0.3158, device='cuda:0', grad_fn=<AddBackward0>), loss_pre: tensor(0.1676, device='cuda:0', grad_fn=<NllLossBackward0>)[0m[0m
experiment  : INFO     [32m[32mstep: 63320 	 meta_lr 0.000500 	 training acc 0.96875 and training loss tensor(0.1188, device='cuda:0', grad_fn=<AddBackward0>), loss_auto: tensor(0.3158, device='cuda:0', grad_fn=<AddBackward0>), loss_pre: tensor(0.0872, device='cuda:0', grad_fn=<NllLossBackward0>)[0m[0m
experiment  : INFO     [32m[32mstep: 63360 	 meta_lr 0.000500 	 training acc 0.90625 and training loss tensor(0.3348, device='cuda:0', grad_fn=<AddBackward0>), loss_auto: tensor(0.3179, device='cuda:0', grad_fn=<AddBackward0>), loss_pre: tensor(0.3030, device='cuda:0', grad_fn=<NllLossBackward0>)[0m[0m
experiment  : INFO     [32m[32mstep: 63400 	 meta_lr 0.000500 	 training acc 0.90625 and training loss tensor(0.3041, device='cuda:0', grad_fn=<AddBackward0>), loss_auto: tensor(0.3138, device='cuda:0', grad_fn=<AddBackward0>), loss_pre: tensor(0.2728, device='cuda:0', grad_fn=<NllLossBackward0>)[0m[0m
experiment  : INFO     [32m[32mstep: 63440 	 meta_lr 0.000500 	 training acc 0.96875 and training loss tensor(0.1843, device='cuda:0', grad_fn=<AddBackward0>), loss_auto: tensor(0.3176, device='cuda:0', grad_fn=<AddBackward0>), loss_pre: tensor(0.1525, device='cuda:0', grad_fn=<NllLossBackward0>)[0m[0m
experiment  : INFO     [32m[32mstep: 63480 	 meta_lr 0.000500 	 training acc 0.9375 and training loss tensor(0.2243, device='cuda:0', grad_fn=<AddBackward0>), loss_auto: tensor(0.3098, device='cuda:0', grad_fn=<AddBackward0>), loss_pre: tensor(0.1934, device='cuda:0', grad_fn=<NllLossBackward0>)[0m[0m
experiment  : INFO     [32m[32mTrain Accuracy = 0.8632203014184398[0m[0m
experiment  : INFO     [32m[32mTest Accuracy = 0.0[0m[0m
experiment  : INFO     [32m[32mstep: 63520 	 meta_lr 0.000500 	 training acc 0.890625 and training loss tensor(0.8678, device='cuda:0', grad_fn=<AddBackward0>), loss_auto: tensor(0.3171, device='cuda:0', grad_fn=<AddBackward0>), loss_pre: tensor(0.8361, device='cuda:0', grad_fn=<NllLossBackward0>)[0m[0m
experiment  : INFO     [32m[32mstep: 63560 	 meta_lr 0.000500 	 training acc 0.921875 and training loss tensor(0.2095, device='cuda:0', grad_fn=<AddBackward0>), loss_auto: tensor(0.3151, device='cuda:0', grad_fn=<AddBackward0>), loss_pre: tensor(0.1780, device='cuda:0', grad_fn=<NllLossBackward0>)[0m[0m
experiment  : INFO     [32m[32mstep: 63600 	 meta_lr 0.000500 	 training acc 0.859375 and training loss tensor(0.3875, device='cuda:0', grad_fn=<AddBackward0>), loss_auto: tensor(0.3129, device='cuda:0', grad_fn=<AddBackward0>), loss_pre: tensor(0.3563, device='cuda:0', grad_fn=<NllLossBackward0>)[0m[0m
experiment  : INFO     [32m[32mstep: 63640 	 meta_lr 0.000500 	 training acc 0.9375 and training loss tensor(0.2075, device='cuda:0', grad_fn=<AddBackward0>), loss_auto: tensor(0.3161, device='cuda:0', grad_fn=<AddBackward0>), loss_pre: tensor(0.1759, device='cuda:0', grad_fn=<NllLossBackward0>)[0m[0m
experiment  : INFO     [32m[32mstep: 63680 	 meta_lr 0.000500 	 training acc 0.9375 and training loss tensor(0.2644, device='cuda:0', grad_fn=<AddBackward0>), loss_auto: tensor(0.3170, device='cuda:0', grad_fn=<AddBackward0>), loss_pre: tensor(0.2327, device='cuda:0', grad_fn=<NllLossBackward0>)[0m[0m
experiment  : INFO     [32m[32mstep: 63720 	 meta_lr 0.000500 	 training acc 0.9375 and training loss tensor(0.2987, device='cuda:0', grad_fn=<AddBackward0>), loss_auto: tensor(0.3161, device='cuda:0', grad_fn=<AddBackward0>), loss_pre: tensor(0.2671, device='cuda:0', grad_fn=<NllLossBackward0>)[0m[0m
experiment  : INFO     [32m[32mstep: 63760 	 meta_lr 0.000500 	 training acc 0.890625 and training loss tensor(0.4184, device='cuda:0', grad_fn=<AddBackward0>), loss_auto: tensor(0.3169, device='cuda:0', grad_fn=<AddBackward0>), loss_pre: tensor(0.3867, device='cuda:0', grad_fn=<NllLossBackward0>)[0m[0m
experiment  : INFO     [32m[32mstep: 63800 	 meta_lr 0.000500 	 training acc 0.984375 and training loss tensor(0.0959, device='cuda:0', grad_fn=<AddBackward0>), loss_auto: tensor(0.3124, device='cuda:0', grad_fn=<AddBackward0>), loss_pre: tensor(0.0646, device='cuda:0', grad_fn=<NllLossBackward0>)[0m[0m
experiment  : INFO     [32m[32mstep: 63840 	 meta_lr 0.000500 	 training acc 0.9375 and training loss tensor(0.2180, device='cuda:0', grad_fn=<AddBackward0>), loss_auto: tensor(0.3127, device='cuda:0', grad_fn=<AddBackward0>), loss_pre: tensor(0.1867, device='cuda:0', grad_fn=<NllLossBackward0>)[0m[0m
experiment  : INFO     [32m[32mstep: 63880 	 meta_lr 0.000500 	 training acc 0.90625 and training loss tensor(0.3075, device='cuda:0', grad_fn=<AddBackward0>), loss_auto: tensor(0.3166, device='cuda:0', grad_fn=<AddBackward0>), loss_pre: tensor(0.2759, device='cuda:0', grad_fn=<NllLossBackward0>)[0m[0m
experiment  : INFO     [32m[32mstep: 63920 	 meta_lr 0.000500 	 training acc 0.84375 and training loss tensor(0.8459, device='cuda:0', grad_fn=<AddBackward0>), loss_auto: tensor(0.3158, device='cuda:0', grad_fn=<AddBackward0>), loss_pre: tensor(0.8143, device='cuda:0', grad_fn=<NllLossBackward0>)[0m[0m
experiment  : INFO     [32m[32mstep: 63960 	 meta_lr 0.000500 	 training acc 0.953125 and training loss tensor(0.1935, device='cuda:0', grad_fn=<AddBackward0>), loss_auto: tensor(0.3101, device='cuda:0', grad_fn=<AddBackward0>), loss_pre: tensor(0.1625, device='cuda:0', grad_fn=<NllLossBackward0>)[0m[0m
experiment  : INFO     [32m[32mstep: 64000 	 meta_lr 0.000500 	 training acc 0.953125 and training loss tensor(0.1660, device='cuda:0', grad_fn=<AddBackward0>), loss_auto: tensor(0.3119, device='cuda:0', grad_fn=<AddBackward0>), loss_pre: tensor(0.1348, device='cuda:0', grad_fn=<NllLossBackward0>)[0m[0m
experiment  : INFO     [32m[32mTrain Accuracy = 0.8574357269503546[0m[0m
experiment  : INFO     [32m[32mTest Accuracy = 0.0[0m[0m
experiment  : INFO     [32m[32mstep: 64040 	 meta_lr 0.000500 	 training acc 0.875 and training loss tensor(0.4317, device='cuda:0', grad_fn=<AddBackward0>), loss_auto: tensor(0.3158, device='cuda:0', grad_fn=<AddBackward0>), loss_pre: tensor(0.4002, device='cuda:0', grad_fn=<NllLossBackward0>)[0m[0m
experiment  : INFO     [32m[32mstep: 64080 	 meta_lr 0.000500 	 training acc 0.921875 and training loss tensor(0.1896, device='cuda:0', grad_fn=<AddBackward0>), loss_auto: tensor(0.3146, device='cuda:0', grad_fn=<AddBackward0>), loss_pre: tensor(0.1582, device='cuda:0', grad_fn=<NllLossBackward0>)[0m[0m
experiment  : INFO     [32m[32mstep: 64120 	 meta_lr 0.000500 	 training acc 0.890625 and training loss tensor(0.4737, device='cuda:0', grad_fn=<AddBackward0>), loss_auto: tensor(0.3142, device='cuda:0', grad_fn=<AddBackward0>), loss_pre: tensor(0.4423, device='cuda:0', grad_fn=<NllLossBackward0>)[0m[0m
experiment  : INFO     [32m[32mstep: 64160 	 meta_lr 0.000500 	 training acc 0.9375 and training loss tensor(0.2220, device='cuda:0', grad_fn=<AddBackward0>), loss_auto: tensor(0.3141, device='cuda:0', grad_fn=<AddBackward0>), loss_pre: tensor(0.1906, device='cuda:0', grad_fn=<NllLossBackward0>)[0m[0m
experiment  : INFO     [32m[32mstep: 64200 	 meta_lr 0.000500 	 training acc 0.96875 and training loss tensor(0.1418, device='cuda:0', grad_fn=<AddBackward0>), loss_auto: tensor(0.3127, device='cuda:0', grad_fn=<AddBackward0>), loss_pre: tensor(0.1105, device='cuda:0', grad_fn=<NllLossBackward0>)[0m[0m
experiment  : INFO     [32m[32mstep: 64240 	 meta_lr 0.000500 	 training acc 0.953125 and training loss tensor(0.1707, device='cuda:0', grad_fn=<AddBackward0>), loss_auto: tensor(0.3143, device='cuda:0', grad_fn=<AddBackward0>), loss_pre: tensor(0.1392, device='cuda:0', grad_fn=<NllLossBackward0>)[0m[0m
experiment  : INFO     [32m[32mstep: 64280 	 meta_lr 0.000500 	 training acc 0.953125 and training loss tensor(0.1910, device='cuda:0', grad_fn=<AddBackward0>), loss_auto: tensor(0.3155, device='cuda:0', grad_fn=<AddBackward0>), loss_pre: tensor(0.1594, device='cuda:0', grad_fn=<NllLossBackward0>)[0m[0m
experiment  : INFO     [32m[32mstep: 64320 	 meta_lr 0.000500 	 training acc 0.921875 and training loss tensor(0.2859, device='cuda:0', grad_fn=<AddBackward0>), loss_auto: tensor(0.3158, device='cuda:0', grad_fn=<AddBackward0>), loss_pre: tensor(0.2543, device='cuda:0', grad_fn=<NllLossBackward0>)[0m[0m
experiment  : INFO     [32m[32mstep: 64360 	 meta_lr 0.000500 	 training acc 0.890625 and training loss tensor(0.3436, device='cuda:0', grad_fn=<AddBackward0>), loss_auto: tensor(0.3139, device='cuda:0', grad_fn=<AddBackward0>), loss_pre: tensor(0.3122, device='cuda:0', grad_fn=<NllLossBackward0>)[0m[0m
experiment  : INFO     [32m[32mstep: 64400 	 meta_lr 0.000500 	 training acc 0.875 and training loss tensor(0.2915, device='cuda:0', grad_fn=<AddBackward0>), loss_auto: tensor(0.3154, device='cuda:0', grad_fn=<AddBackward0>), loss_pre: tensor(0.2599, device='cuda:0', grad_fn=<NllLossBackward0>)[0m[0m
experiment  : INFO     [32m[32mstep: 64440 	 meta_lr 0.000500 	 training acc 0.953125 and training loss tensor(0.1740, device='cuda:0', grad_fn=<AddBackward0>), loss_auto: tensor(0.3157, device='cuda:0', grad_fn=<AddBackward0>), loss_pre: tensor(0.1424, device='cuda:0', grad_fn=<NllLossBackward0>)[0m[0m
experiment  : INFO     [32m[32mstep: 64480 	 meta_lr 0.000500 	 training acc 0.90625 and training loss tensor(0.2710, device='cuda:0', grad_fn=<AddBackward0>), loss_auto: tensor(0.3134, device='cuda:0', grad_fn=<AddBackward0>), loss_pre: tensor(0.2397, device='cuda:0', grad_fn=<NllLossBackward0>)[0m[0m
experiment  : INFO     [32m[32mTrain Accuracy = 0.8606715425531914[0m[0m
experiment  : INFO     [32m[32mTest Accuracy = 0.0[0m[0m
experiment  : INFO     [32m[32mstep: 64520 	 meta_lr 0.000500 	 training acc 0.921875 and training loss tensor(0.2903, device='cuda:0', grad_fn=<AddBackward0>), loss_auto: tensor(0.3131, device='cuda:0', grad_fn=<AddBackward0>), loss_pre: tensor(0.2590, device='cuda:0', grad_fn=<NllLossBackward0>)[0m[0m
experiment  : INFO     [32m[32mstep: 64560 	 meta_lr 0.000500 	 training acc 0.96875 and training loss tensor(0.1574, device='cuda:0', grad_fn=<AddBackward0>), loss_auto: tensor(0.3153, device='cuda:0', grad_fn=<AddBackward0>), loss_pre: tensor(0.1258, device='cuda:0', grad_fn=<NllLossBackward0>)[0m[0m
experiment  : INFO     [32m[32mstep: 64600 	 meta_lr 0.000500 	 training acc 0.9375 and training loss tensor(0.1994, device='cuda:0', grad_fn=<AddBackward0>), loss_auto: tensor(0.3177, device='cuda:0', grad_fn=<AddBackward0>), loss_pre: tensor(0.1676, device='cuda:0', grad_fn=<NllLossBackward0>)[0m[0m
experiment  : INFO     [32m[32mstep: 64640 	 meta_lr 0.000500 	 training acc 0.921875 and training loss tensor(0.1914, device='cuda:0', grad_fn=<AddBackward0>), loss_auto: tensor(0.3145, device='cuda:0', grad_fn=<AddBackward0>), loss_pre: tensor(0.1600, device='cuda:0', grad_fn=<NllLossBackward0>)[0m[0m
experiment  : INFO     [32m[32mstep: 64680 	 meta_lr 0.000500 	 training acc 0.9375 and training loss tensor(0.2731, device='cuda:0', grad_fn=<AddBackward0>), loss_auto: tensor(0.3165, device='cuda:0', grad_fn=<AddBackward0>), loss_pre: tensor(0.2414, device='cuda:0', grad_fn=<NllLossBackward0>)[0m[0m
experiment  : INFO     [32m[32mstep: 64720 	 meta_lr 0.000500 	 training acc 0.9375 and training loss tensor(0.2069, device='cuda:0', grad_fn=<AddBackward0>), loss_auto: tensor(0.3152, device='cuda:0', grad_fn=<AddBackward0>), loss_pre: tensor(0.1753, device='cuda:0', grad_fn=<NllLossBackward0>)[0m[0m
experiment  : INFO     [32m[32mstep: 64760 	 meta_lr 0.000500 	 training acc 0.921875 and training loss tensor(0.3534, device='cuda:0', grad_fn=<AddBackward0>), loss_auto: tensor(0.3134, device='cuda:0', grad_fn=<AddBackward0>), loss_pre: tensor(0.3221, device='cuda:0', grad_fn=<NllLossBackward0>)[0m[0m
experiment  : INFO     [32m[32mstep: 64800 	 meta_lr 0.000500 	 training acc 0.9375 and training loss tensor(0.3247, device='cuda:0', grad_fn=<AddBackward0>), loss_auto: tensor(0.3181, device='cuda:0', grad_fn=<AddBackward0>), loss_pre: tensor(0.2929, device='cuda:0', grad_fn=<NllLossBackward0>)[0m[0m
experiment  : INFO     [32m[32mstep: 64840 	 meta_lr 0.000500 	 training acc 0.953125 and training loss tensor(0.2751, device='cuda:0', grad_fn=<AddBackward0>), loss_auto: tensor(0.3154, device='cuda:0', grad_fn=<AddBackward0>), loss_pre: tensor(0.2436, device='cuda:0', grad_fn=<NllLossBackward0>)[0m[0m
experiment  : INFO     [32m[32mstep: 64880 	 meta_lr 0.000500 	 training acc 0.875 and training loss tensor(0.4021, device='cuda:0', grad_fn=<AddBackward0>), loss_auto: tensor(0.3164, device='cuda:0', grad_fn=<AddBackward0>), loss_pre: tensor(0.3704, device='cuda:0', grad_fn=<NllLossBackward0>)[0m[0m
experiment  : INFO     [32m[32mstep: 64920 	 meta_lr 0.000500 	 training acc 0.921875 and training loss tensor(0.3674, device='cuda:0', grad_fn=<AddBackward0>), loss_auto: tensor(0.3164, device='cuda:0', grad_fn=<AddBackward0>), loss_pre: tensor(0.3358, device='cuda:0', grad_fn=<NllLossBackward0>)[0m[0m
experiment  : INFO     [32m[32mstep: 64960 	 meta_lr 0.000500 	 training acc 0.90625 and training loss tensor(0.3729, device='cuda:0', grad_fn=<AddBackward0>), loss_auto: tensor(0.3162, device='cuda:0', grad_fn=<AddBackward0>), loss_pre: tensor(0.3412, device='cuda:0', grad_fn=<NllLossBackward0>)[0m[0m
experiment  : INFO     [32m[32mstep: 65000 	 meta_lr 0.000500 	 training acc 0.921875 and training loss tensor(0.3927, device='cuda:0', grad_fn=<AddBackward0>), loss_auto: tensor(0.3173, device='cuda:0', grad_fn=<AddBackward0>), loss_pre: tensor(0.3610, device='cuda:0', grad_fn=<NllLossBackward0>)[0m[0m
experiment  : INFO     [32m[32mTrain Accuracy = 0.8456892730496454[0m[0m
experiment  : INFO     [32m[32mTest Accuracy = 0.0[0m[0m
experiment  : INFO     [32m[32mstep: 65040 	 meta_lr 0.000500 	 training acc 0.890625 and training loss tensor(0.2462, device='cuda:0', grad_fn=<AddBackward0>), loss_auto: tensor(0.3153, device='cuda:0', grad_fn=<AddBackward0>), loss_pre: tensor(0.2147, device='cuda:0', grad_fn=<NllLossBackward0>)[0m[0m
experiment  : INFO     [32m[32mstep: 65080 	 meta_lr 0.000500 	 training acc 0.9375 and training loss tensor(0.4096, device='cuda:0', grad_fn=<AddBackward0>), loss_auto: tensor(0.3153, device='cuda:0', grad_fn=<AddBackward0>), loss_pre: tensor(0.3781, device='cuda:0', grad_fn=<NllLossBackward0>)[0m[0m
experiment  : INFO     [32m[32mstep: 65120 	 meta_lr 0.000500 	 training acc 0.96875 and training loss tensor(0.1405, device='cuda:0', grad_fn=<AddBackward0>), loss_auto: tensor(0.3145, device='cuda:0', grad_fn=<AddBackward0>), loss_pre: tensor(0.1091, device='cuda:0', grad_fn=<NllLossBackward0>)[0m[0m
experiment  : INFO     [32m[32mstep: 65160 	 meta_lr 0.000500 	 training acc 0.9375 and training loss tensor(0.2465, device='cuda:0', grad_fn=<AddBackward0>), loss_auto: tensor(0.3158, device='cuda:0', grad_fn=<AddBackward0>), loss_pre: tensor(0.2150, device='cuda:0', grad_fn=<NllLossBackward0>)[0m[0m
experiment  : INFO     [32m[32mstep: 65200 	 meta_lr 0.000500 	 training acc 0.859375 and training loss tensor(0.8470, device='cuda:0', grad_fn=<AddBackward0>), loss_auto: tensor(0.3142, device='cuda:0', grad_fn=<AddBackward0>), loss_pre: tensor(0.8156, device='cuda:0', grad_fn=<NllLossBackward0>)[0m[0m
experiment  : INFO     [32m[32mstep: 65240 	 meta_lr 0.000500 	 training acc 0.9375 and training loss tensor(0.1976, device='cuda:0', grad_fn=<AddBackward0>), loss_auto: tensor(0.3178, device='cuda:0', grad_fn=<AddBackward0>), loss_pre: tensor(0.1658, device='cuda:0', grad_fn=<NllLossBackward0>)[0m[0m
experiment  : INFO     [32m[32mstep: 65280 	 meta_lr 0.000500 	 training acc 0.9375 and training loss tensor(0.2220, device='cuda:0', grad_fn=<AddBackward0>), loss_auto: tensor(0.3143, device='cuda:0', grad_fn=<AddBackward0>), loss_pre: tensor(0.1905, device='cuda:0', grad_fn=<NllLossBackward0>)[0m[0m
experiment  : INFO     [32m[32mstep: 65320 	 meta_lr 0.000500 	 training acc 0.875 and training loss tensor(0.4009, device='cuda:0', grad_fn=<AddBackward0>), loss_auto: tensor(0.3168, device='cuda:0', grad_fn=<AddBackward0>), loss_pre: tensor(0.3692, device='cuda:0', grad_fn=<NllLossBackward0>)[0m[0m
experiment  : INFO     [32m[32mstep: 65360 	 meta_lr 0.000500 	 training acc 0.890625 and training loss tensor(0.4501, device='cuda:0', grad_fn=<AddBackward0>), loss_auto: tensor(0.3165, device='cuda:0', grad_fn=<AddBackward0>), loss_pre: tensor(0.4185, device='cuda:0', grad_fn=<NllLossBackward0>)[0m[0m
experiment  : INFO     [32m[32mstep: 65400 	 meta_lr 0.000500 	 training acc 0.921875 and training loss tensor(0.2417, device='cuda:0', grad_fn=<AddBackward0>), loss_auto: tensor(0.3177, device='cuda:0', grad_fn=<AddBackward0>), loss_pre: tensor(0.2099, device='cuda:0', grad_fn=<NllLossBackward0>)[0m[0m
experiment  : INFO     [32m[32mstep: 65440 	 meta_lr 0.000500 	 training acc 0.90625 and training loss tensor(0.3785, device='cuda:0', grad_fn=<AddBackward0>), loss_auto: tensor(0.3153, device='cuda:0', grad_fn=<AddBackward0>), loss_pre: tensor(0.3469, device='cuda:0', grad_fn=<NllLossBackward0>)[0m[0m
experiment  : INFO     [32m[32mstep: 65480 	 meta_lr 0.000500 	 training acc 0.96875 and training loss tensor(0.1499, device='cuda:0', grad_fn=<AddBackward0>), loss_auto: tensor(0.3151, device='cuda:0', grad_fn=<AddBackward0>), loss_pre: tensor(0.1184, device='cuda:0', grad_fn=<NllLossBackward0>)[0m[0m
experiment  : INFO     [32m[32mTrain Accuracy = 0.8506094858156028[0m[0m
experiment  : INFO     [32m[32mTest Accuracy = 0.0[0m[0m
experiment  : INFO     [32m[32mstep: 65520 	 meta_lr 0.000500 	 training acc 0.890625 and training loss tensor(0.4050, device='cuda:0', grad_fn=<AddBackward0>), loss_auto: tensor(0.3145, device='cuda:0', grad_fn=<AddBackward0>), loss_pre: tensor(0.3735, device='cuda:0', grad_fn=<NllLossBackward0>)[0m[0m
experiment  : INFO     [32m[32mstep: 65560 	 meta_lr 0.000500 	 training acc 0.953125 and training loss tensor(0.2216, device='cuda:0', grad_fn=<AddBackward0>), loss_auto: tensor(0.3173, device='cuda:0', grad_fn=<AddBackward0>), loss_pre: tensor(0.1899, device='cuda:0', grad_fn=<NllLossBackward0>)[0m[0m
experiment  : INFO     [32m[32mstep: 65600 	 meta_lr 0.000500 	 training acc 0.921875 and training loss tensor(0.2413, device='cuda:0', grad_fn=<AddBackward0>), loss_auto: tensor(0.3161, device='cuda:0', grad_fn=<AddBackward0>), loss_pre: tensor(0.2097, device='cuda:0', grad_fn=<NllLossBackward0>)[0m[0m
experiment  : INFO     [32m[32mstep: 65640 	 meta_lr 0.000500 	 training acc 0.9375 and training loss tensor(0.3812, device='cuda:0', grad_fn=<AddBackward0>), loss_auto: tensor(0.3143, device='cuda:0', grad_fn=<AddBackward0>), loss_pre: tensor(0.3498, device='cuda:0', grad_fn=<NllLossBackward0>)[0m[0m
experiment  : INFO     [32m[32mstep: 65680 	 meta_lr 0.000500 	 training acc 0.96875 and training loss tensor(0.1273, device='cuda:0', grad_fn=<AddBackward0>), loss_auto: tensor(0.3162, device='cuda:0', grad_fn=<AddBackward0>), loss_pre: tensor(0.0957, device='cuda:0', grad_fn=<NllLossBackward0>)[0m[0m
experiment  : INFO     [32m[32mstep: 65720 	 meta_lr 0.000500 	 training acc 0.90625 and training loss tensor(0.2767, device='cuda:0', grad_fn=<AddBackward0>), loss_auto: tensor(0.3155, device='cuda:0', grad_fn=<AddBackward0>), loss_pre: tensor(0.2452, device='cuda:0', grad_fn=<NllLossBackward0>)[0m[0m
experiment  : INFO     [32m[32mstep: 65760 	 meta_lr 0.000500 	 training acc 0.953125 and training loss tensor(0.2983, device='cuda:0', grad_fn=<AddBackward0>), loss_auto: tensor(0.3158, device='cuda:0', grad_fn=<AddBackward0>), loss_pre: tensor(0.2667, device='cuda:0', grad_fn=<NllLossBackward0>)[0m[0m
experiment  : INFO     [32m[32mstep: 65800 	 meta_lr 0.000500 	 training acc 0.921875 and training loss tensor(0.3225, device='cuda:0', grad_fn=<AddBackward0>), loss_auto: tensor(0.3152, device='cuda:0', grad_fn=<AddBackward0>), loss_pre: tensor(0.2910, device='cuda:0', grad_fn=<NllLossBackward0>)[0m[0m
experiment  : INFO     [32m[32mstep: 65840 	 meta_lr 0.000500 	 training acc 0.890625 and training loss tensor(0.4495, device='cuda:0', grad_fn=<AddBackward0>), loss_auto: tensor(0.3166, device='cuda:0', grad_fn=<AddBackward0>), loss_pre: tensor(0.4178, device='cuda:0', grad_fn=<NllLossBackward0>)[0m[0m
experiment  : INFO     [32m[32mstep: 65880 	 meta_lr 0.000500 	 training acc 0.96875 and training loss tensor(0.2110, device='cuda:0', grad_fn=<AddBackward0>), loss_auto: tensor(0.3154, device='cuda:0', grad_fn=<AddBackward0>), loss_pre: tensor(0.1795, device='cuda:0', grad_fn=<NllLossBackward0>)[0m[0m
experiment  : INFO     [32m[32mstep: 65920 	 meta_lr 0.000500 	 training acc 0.953125 and training loss tensor(0.3153, device='cuda:0', grad_fn=<AddBackward0>), loss_auto: tensor(0.3154, device='cuda:0', grad_fn=<AddBackward0>), loss_pre: tensor(0.2838, device='cuda:0', grad_fn=<NllLossBackward0>)[0m[0m
experiment  : INFO     [32m[32mstep: 65960 	 meta_lr 0.000500 	 training acc 0.921875 and training loss tensor(0.3361, device='cuda:0', grad_fn=<AddBackward0>), loss_auto: tensor(0.3156, device='cuda:0', grad_fn=<AddBackward0>), loss_pre: tensor(0.3045, device='cuda:0', grad_fn=<NllLossBackward0>)[0m[0m
experiment  : INFO     [32m[32mstep: 66000 	 meta_lr 0.000500 	 training acc 0.984375 and training loss tensor(0.0832, device='cuda:0', grad_fn=<AddBackward0>), loss_auto: tensor(0.3161, device='cuda:0', grad_fn=<AddBackward0>), loss_pre: tensor(0.0516, device='cuda:0', grad_fn=<NllLossBackward0>)[0m[0m
experiment  : INFO     [32m[32mTrain Accuracy = 0.8682513297872341[0m[0m
experiment  : INFO     [32m[32mTest Accuracy = 0.0[0m[0m
experiment  : INFO     [32m[32mstep: 66040 	 meta_lr 0.000500 	 training acc 0.875 and training loss tensor(0.8274, device='cuda:0', grad_fn=<AddBackward0>), loss_auto: tensor(0.3182, device='cuda:0', grad_fn=<AddBackward0>), loss_pre: tensor(0.7955, device='cuda:0', grad_fn=<NllLossBackward0>)[0m[0m
experiment  : INFO     [32m[32mstep: 66080 	 meta_lr 0.000500 	 training acc 0.96875 and training loss tensor(0.0993, device='cuda:0', grad_fn=<AddBackward0>), loss_auto: tensor(0.3143, device='cuda:0', grad_fn=<AddBackward0>), loss_pre: tensor(0.0678, device='cuda:0', grad_fn=<NllLossBackward0>)[0m[0m
experiment  : INFO     [32m[32mstep: 66120 	 meta_lr 0.000500 	 training acc 0.953125 and training loss tensor(0.1813, device='cuda:0', grad_fn=<AddBackward0>), loss_auto: tensor(0.3150, device='cuda:0', grad_fn=<AddBackward0>), loss_pre: tensor(0.1498, device='cuda:0', grad_fn=<NllLossBackward0>)[0m[0m
experiment  : INFO     [32m[32mstep: 66160 	 meta_lr 0.000500 	 training acc 0.90625 and training loss tensor(0.3431, device='cuda:0', grad_fn=<AddBackward0>), loss_auto: tensor(0.3195, device='cuda:0', grad_fn=<AddBackward0>), loss_pre: tensor(0.3111, device='cuda:0', grad_fn=<NllLossBackward0>)[0m[0m
experiment  : INFO     [32m[32mstep: 66200 	 meta_lr 0.000500 	 training acc 0.859375 and training loss tensor(0.4607, device='cuda:0', grad_fn=<AddBackward0>), loss_auto: tensor(0.3162, device='cuda:0', grad_fn=<AddBackward0>), loss_pre: tensor(0.4290, device='cuda:0', grad_fn=<NllLossBackward0>)[0m[0m
experiment  : INFO     [32m[32mstep: 66240 	 meta_lr 0.000500 	 training acc 0.921875 and training loss tensor(0.2237, device='cuda:0', grad_fn=<AddBackward0>), loss_auto: tensor(0.3142, device='cuda:0', grad_fn=<AddBackward0>), loss_pre: tensor(0.1922, device='cuda:0', grad_fn=<NllLossBackward0>)[0m[0m
experiment  : INFO     [32m[32mstep: 66280 	 meta_lr 0.000500 	 training acc 0.9375 and training loss tensor(0.1663, device='cuda:0', grad_fn=<AddBackward0>), loss_auto: tensor(0.3162, device='cuda:0', grad_fn=<AddBackward0>), loss_pre: tensor(0.1347, device='cuda:0', grad_fn=<NllLossBackward0>)[0m[0m
experiment  : INFO     [32m[32mstep: 66320 	 meta_lr 0.000500 	 training acc 0.984375 and training loss tensor(0.1126, device='cuda:0', grad_fn=<AddBackward0>), loss_auto: tensor(0.3150, device='cuda:0', grad_fn=<AddBackward0>), loss_pre: tensor(0.0811, device='cuda:0', grad_fn=<NllLossBackward0>)[0m[0m
experiment  : INFO     [32m[32mstep: 66360 	 meta_lr 0.000500 	 training acc 0.9375 and training loss tensor(0.1772, device='cuda:0', grad_fn=<AddBackward0>), loss_auto: tensor(0.3147, device='cuda:0', grad_fn=<AddBackward0>), loss_pre: tensor(0.1457, device='cuda:0', grad_fn=<NllLossBackward0>)[0m[0m
experiment  : INFO     [32m[32mstep: 66400 	 meta_lr 0.000500 	 training acc 0.90625 and training loss tensor(0.2638, device='cuda:0', grad_fn=<AddBackward0>), loss_auto: tensor(0.3145, device='cuda:0', grad_fn=<AddBackward0>), loss_pre: tensor(0.2324, device='cuda:0', grad_fn=<NllLossBackward0>)[0m[0m
experiment  : INFO     [32m[32mstep: 66440 	 meta_lr 0.000500 	 training acc 0.953125 and training loss tensor(0.3850, device='cuda:0', grad_fn=<AddBackward0>), loss_auto: tensor(0.3172, device='cuda:0', grad_fn=<AddBackward0>), loss_pre: tensor(0.3533, device='cuda:0', grad_fn=<NllLossBackward0>)[0m[0m
experiment  : INFO     [32m[32mstep: 66480 	 meta_lr 0.000500 	 training acc 0.90625 and training loss tensor(0.2445, device='cuda:0', grad_fn=<AddBackward0>), loss_auto: tensor(0.3149, device='cuda:0', grad_fn=<AddBackward0>), loss_pre: tensor(0.2130, device='cuda:0', grad_fn=<NllLossBackward0>)[0m[0m
experiment  : INFO     [32m[32mTrain Accuracy = 0.8466312056737589[0m[0m
experiment  : INFO     [32m[32mTest Accuracy = 0.0[0m[0m
experiment  : INFO     [32m[32mstep: 66520 	 meta_lr 0.000500 	 training acc 0.828125 and training loss tensor(0.5312, device='cuda:0', grad_fn=<AddBackward0>), loss_auto: tensor(0.3161, device='cuda:0', grad_fn=<AddBackward0>), loss_pre: tensor(0.4996, device='cuda:0', grad_fn=<NllLossBackward0>)[0m[0m
experiment  : INFO     [32m[32mstep: 66560 	 meta_lr 0.000500 	 training acc 0.890625 and training loss tensor(0.2891, device='cuda:0', grad_fn=<AddBackward0>), loss_auto: tensor(0.3150, device='cuda:0', grad_fn=<AddBackward0>), loss_pre: tensor(0.2576, device='cuda:0', grad_fn=<NllLossBackward0>)[0m[0m
experiment  : INFO     [32m[32mstep: 66600 	 meta_lr 0.000500 	 training acc 0.875 and training loss tensor(1.4921, device='cuda:0', grad_fn=<AddBackward0>), loss_auto: tensor(0.3176, device='cuda:0', grad_fn=<AddBackward0>), loss_pre: tensor(1.4604, device='cuda:0', grad_fn=<NllLossBackward0>)[0m[0m
experiment  : INFO     [32m[32mstep: 66640 	 meta_lr 0.000500 	 training acc 0.953125 and training loss tensor(0.2678, device='cuda:0', grad_fn=<AddBackward0>), loss_auto: tensor(0.3161, device='cuda:0', grad_fn=<AddBackward0>), loss_pre: tensor(0.2362, device='cuda:0', grad_fn=<NllLossBackward0>)[0m[0m
experiment  : INFO     [32m[32mstep: 66680 	 meta_lr 0.000500 	 training acc 0.953125 and training loss tensor(0.1937, device='cuda:0', grad_fn=<AddBackward0>), loss_auto: tensor(0.3175, device='cuda:0', grad_fn=<AddBackward0>), loss_pre: tensor(0.1620, device='cuda:0', grad_fn=<NllLossBackward0>)[0m[0m
experiment  : INFO     [32m[32mstep: 66720 	 meta_lr 0.000500 	 training acc 0.953125 and training loss tensor(0.1452, device='cuda:0', grad_fn=<AddBackward0>), loss_auto: tensor(0.3137, device='cuda:0', grad_fn=<AddBackward0>), loss_pre: tensor(0.1139, device='cuda:0', grad_fn=<NllLossBackward0>)[0m[0m
experiment  : INFO     [32m[32mstep: 66760 	 meta_lr 0.000500 	 training acc 0.921875 and training loss tensor(0.2202, device='cuda:0', grad_fn=<AddBackward0>), loss_auto: tensor(0.3146, device='cuda:0', grad_fn=<AddBackward0>), loss_pre: tensor(0.1888, device='cuda:0', grad_fn=<NllLossBackward0>)[0m[0m
experiment  : INFO     [32m[32mstep: 66800 	 meta_lr 0.000500 	 training acc 0.9375 and training loss tensor(0.4559, device='cuda:0', grad_fn=<AddBackward0>), loss_auto: tensor(0.3173, device='cuda:0', grad_fn=<AddBackward0>), loss_pre: tensor(0.4242, device='cuda:0', grad_fn=<NllLossBackward0>)[0m[0m
experiment  : INFO     [32m[32mstep: 66840 	 meta_lr 0.000500 	 training acc 0.953125 and training loss tensor(0.2900, device='cuda:0', grad_fn=<AddBackward0>), loss_auto: tensor(0.3168, device='cuda:0', grad_fn=<AddBackward0>), loss_pre: tensor(0.2583, device='cuda:0', grad_fn=<NllLossBackward0>)[0m[0m
experiment  : INFO     [32m[32mstep: 66880 	 meta_lr 0.000500 	 training acc 0.875 and training loss tensor(0.9248, device='cuda:0', grad_fn=<AddBackward0>), loss_auto: tensor(0.3173, device='cuda:0', grad_fn=<AddBackward0>), loss_pre: tensor(0.8931, device='cuda:0', grad_fn=<NllLossBackward0>)[0m[0m
experiment  : INFO     [32m[32mstep: 66920 	 meta_lr 0.000500 	 training acc 0.953125 and training loss tensor(0.2895, device='cuda:0', grad_fn=<AddBackward0>), loss_auto: tensor(0.3153, device='cuda:0', grad_fn=<AddBackward0>), loss_pre: tensor(0.2580, device='cuda:0', grad_fn=<NllLossBackward0>)[0m[0m
experiment  : INFO     [32m[32mstep: 66960 	 meta_lr 0.000500 	 training acc 0.953125 and training loss tensor(0.2901, device='cuda:0', grad_fn=<AddBackward0>), loss_auto: tensor(0.3179, device='cuda:0', grad_fn=<AddBackward0>), loss_pre: tensor(0.2583, device='cuda:0', grad_fn=<NllLossBackward0>)[0m[0m
experiment  : INFO     [32m[32mstep: 67000 	 meta_lr 0.000500 	 training acc 0.90625 and training loss tensor(0.3844, device='cuda:0', grad_fn=<AddBackward0>), loss_auto: tensor(0.3127, device='cuda:0', grad_fn=<AddBackward0>), loss_pre: tensor(0.3531, device='cuda:0', grad_fn=<NllLossBackward0>)[0m[0m
experiment  : INFO     [32m[32mTrain Accuracy = 0.8537788120567377[0m[0m
experiment  : INFO     [32m[32mTest Accuracy = 0.0[0m[0m
experiment  : INFO     [32m[32mstep: 67040 	 meta_lr 0.000500 	 training acc 0.921875 and training loss tensor(0.3884, device='cuda:0', grad_fn=<AddBackward0>), loss_auto: tensor(0.3178, device='cuda:0', grad_fn=<AddBackward0>), loss_pre: tensor(0.3566, device='cuda:0', grad_fn=<NllLossBackward0>)[0m[0m
experiment  : INFO     [32m[32mstep: 67080 	 meta_lr 0.000500 	 training acc 0.90625 and training loss tensor(0.2985, device='cuda:0', grad_fn=<AddBackward0>), loss_auto: tensor(0.3151, device='cuda:0', grad_fn=<AddBackward0>), loss_pre: tensor(0.2669, device='cuda:0', grad_fn=<NllLossBackward0>)[0m[0m
experiment  : INFO     [32m[32mstep: 67120 	 meta_lr 0.000500 	 training acc 0.90625 and training loss tensor(0.3421, device='cuda:0', grad_fn=<AddBackward0>), loss_auto: tensor(0.3138, device='cuda:0', grad_fn=<AddBackward0>), loss_pre: tensor(0.3107, device='cuda:0', grad_fn=<NllLossBackward0>)[0m[0m
experiment  : INFO     [32m[32mstep: 67160 	 meta_lr 0.000500 	 training acc 0.984375 and training loss tensor(0.1866, device='cuda:0', grad_fn=<AddBackward0>), loss_auto: tensor(0.3175, device='cuda:0', grad_fn=<AddBackward0>), loss_pre: tensor(0.1549, device='cuda:0', grad_fn=<NllLossBackward0>)[0m[0m
experiment  : INFO     [32m[32mstep: 67200 	 meta_lr 0.000500 	 training acc 0.859375 and training loss tensor(0.4586, device='cuda:0', grad_fn=<AddBackward0>), loss_auto: tensor(0.3149, device='cuda:0', grad_fn=<AddBackward0>), loss_pre: tensor(0.4271, device='cuda:0', grad_fn=<NllLossBackward0>)[0m[0m
experiment  : INFO     [32m[32mstep: 67240 	 meta_lr 0.000500 	 training acc 0.953125 and training loss tensor(0.1416, device='cuda:0', grad_fn=<AddBackward0>), loss_auto: tensor(0.3135, device='cuda:0', grad_fn=<AddBackward0>), loss_pre: tensor(0.1103, device='cuda:0', grad_fn=<NllLossBackward0>)[0m[0m
experiment  : INFO     [32m[32mstep: 67280 	 meta_lr 0.000500 	 training acc 0.984375 and training loss tensor(0.0975, device='cuda:0', grad_fn=<AddBackward0>), loss_auto: tensor(0.3154, device='cuda:0', grad_fn=<AddBackward0>), loss_pre: tensor(0.0660, device='cuda:0', grad_fn=<NllLossBackward0>)[0m[0m
experiment  : INFO     [32m[32mstep: 67320 	 meta_lr 0.000500 	 training acc 0.921875 and training loss tensor(0.2139, device='cuda:0', grad_fn=<AddBackward0>), loss_auto: tensor(0.3148, device='cuda:0', grad_fn=<AddBackward0>), loss_pre: tensor(0.1824, device='cuda:0', grad_fn=<NllLossBackward0>)[0m[0m
experiment  : INFO     [32m[32mstep: 67360 	 meta_lr 0.000500 	 training acc 0.84375 and training loss tensor(0.7052, device='cuda:0', grad_fn=<AddBackward0>), loss_auto: tensor(0.3162, device='cuda:0', grad_fn=<AddBackward0>), loss_pre: tensor(0.6736, device='cuda:0', grad_fn=<NllLossBackward0>)[0m[0m
experiment  : INFO     [32m[32mstep: 67400 	 meta_lr 0.000500 	 training acc 0.90625 and training loss tensor(0.4837, device='cuda:0', grad_fn=<AddBackward0>), loss_auto: tensor(0.3154, device='cuda:0', grad_fn=<AddBackward0>), loss_pre: tensor(0.4521, device='cuda:0', grad_fn=<NllLossBackward0>)[0m[0m
experiment  : INFO     [32m[32mstep: 67440 	 meta_lr 0.000500 	 training acc 0.890625 and training loss tensor(0.4069, device='cuda:0', grad_fn=<AddBackward0>), loss_auto: tensor(0.3134, device='cuda:0', grad_fn=<AddBackward0>), loss_pre: tensor(0.3755, device='cuda:0', grad_fn=<NllLossBackward0>)[0m[0m
experiment  : INFO     [32m[32mstep: 67480 	 meta_lr 0.000500 	 training acc 0.953125 and training loss tensor(0.2450, device='cuda:0', grad_fn=<AddBackward0>), loss_auto: tensor(0.3124, device='cuda:0', grad_fn=<AddBackward0>), loss_pre: tensor(0.2138, device='cuda:0', grad_fn=<NllLossBackward0>)[0m[0m
experiment  : INFO     [32m[32mTrain Accuracy = 0.8519614361702128[0m[0m
experiment  : INFO     [32m[32mTest Accuracy = 0.0[0m[0m
experiment  : INFO     [32m[32mstep: 67520 	 meta_lr 0.000500 	 training acc 0.9375 and training loss tensor(0.1929, device='cuda:0', grad_fn=<AddBackward0>), loss_auto: tensor(0.3153, device='cuda:0', grad_fn=<AddBackward0>), loss_pre: tensor(0.1614, device='cuda:0', grad_fn=<NllLossBackward0>)[0m[0m
experiment  : INFO     [32m[32mstep: 67560 	 meta_lr 0.000500 	 training acc 0.96875 and training loss tensor(0.1428, device='cuda:0', grad_fn=<AddBackward0>), loss_auto: tensor(0.3159, device='cuda:0', grad_fn=<AddBackward0>), loss_pre: tensor(0.1113, device='cuda:0', grad_fn=<NllLossBackward0>)[0m[0m
experiment  : INFO     [32m[32mstep: 67600 	 meta_lr 0.000500 	 training acc 0.890625 and training loss tensor(0.3447, device='cuda:0', grad_fn=<AddBackward0>), loss_auto: tensor(0.3193, device='cuda:0', grad_fn=<AddBackward0>), loss_pre: tensor(0.3128, device='cuda:0', grad_fn=<NllLossBackward0>)[0m[0m
experiment  : INFO     [32m[32mstep: 67640 	 meta_lr 0.000500 	 training acc 0.90625 and training loss tensor(0.4042, device='cuda:0', grad_fn=<AddBackward0>), loss_auto: tensor(0.3152, device='cuda:0', grad_fn=<AddBackward0>), loss_pre: tensor(0.3727, device='cuda:0', grad_fn=<NllLossBackward0>)[0m[0m
experiment  : INFO     [32m[32mstep: 67680 	 meta_lr 0.000500 	 training acc 0.9375 and training loss tensor(0.2651, device='cuda:0', grad_fn=<AddBackward0>), loss_auto: tensor(0.3151, device='cuda:0', grad_fn=<AddBackward0>), loss_pre: tensor(0.2335, device='cuda:0', grad_fn=<NllLossBackward0>)[0m[0m
experiment  : INFO     [32m[32mstep: 67720 	 meta_lr 0.000500 	 training acc 0.9375 and training loss tensor(0.3025, device='cuda:0', grad_fn=<AddBackward0>), loss_auto: tensor(0.3152, device='cuda:0', grad_fn=<AddBackward0>), loss_pre: tensor(0.2710, device='cuda:0', grad_fn=<NllLossBackward0>)[0m[0m
experiment  : INFO     [32m[32mstep: 67760 	 meta_lr 0.000500 	 training acc 0.921875 and training loss tensor(0.2148, device='cuda:0', grad_fn=<AddBackward0>), loss_auto: tensor(0.3179, device='cuda:0', grad_fn=<AddBackward0>), loss_pre: tensor(0.1830, device='cuda:0', grad_fn=<NllLossBackward0>)[0m[0m
experiment  : INFO     [32m[32mstep: 67800 	 meta_lr 0.000500 	 training acc 1.0 and training loss tensor(0.0654, device='cuda:0', grad_fn=<AddBackward0>), loss_auto: tensor(0.3148, device='cuda:0', grad_fn=<AddBackward0>), loss_pre: tensor(0.0340, device='cuda:0', grad_fn=<NllLossBackward0>)[0m[0m
experiment  : INFO     [32m[32mstep: 67840 	 meta_lr 0.000500 	 training acc 0.90625 and training loss tensor(0.6394, device='cuda:0', grad_fn=<AddBackward0>), loss_auto: tensor(0.3175, device='cuda:0', grad_fn=<AddBackward0>), loss_pre: tensor(0.6076, device='cuda:0', grad_fn=<NllLossBackward0>)[0m[0m
experiment  : INFO     [32m[32mstep: 67880 	 meta_lr 0.000500 	 training acc 0.875 and training loss tensor(0.3873, device='cuda:0', grad_fn=<AddBackward0>), loss_auto: tensor(0.3172, device='cuda:0', grad_fn=<AddBackward0>), loss_pre: tensor(0.3556, device='cuda:0', grad_fn=<NllLossBackward0>)[0m[0m
experiment  : INFO     [32m[32mstep: 67920 	 meta_lr 0.000500 	 training acc 0.953125 and training loss tensor(0.2136, device='cuda:0', grad_fn=<AddBackward0>), loss_auto: tensor(0.3150, device='cuda:0', grad_fn=<AddBackward0>), loss_pre: tensor(0.1821, device='cuda:0', grad_fn=<NllLossBackward0>)[0m[0m
experiment  : INFO     [32m[32mstep: 67960 	 meta_lr 0.000500 	 training acc 0.921875 and training loss tensor(0.9963, device='cuda:0', grad_fn=<AddBackward0>), loss_auto: tensor(0.3192, device='cuda:0', grad_fn=<AddBackward0>), loss_pre: tensor(0.9644, device='cuda:0', grad_fn=<NllLossBackward0>)[0m[0m
experiment  : INFO     [32m[32mstep: 68000 	 meta_lr 0.000500 	 training acc 0.9375 and training loss tensor(0.2464, device='cuda:0', grad_fn=<AddBackward0>), loss_auto: tensor(0.3162, device='cuda:0', grad_fn=<AddBackward0>), loss_pre: tensor(0.2147, device='cuda:0', grad_fn=<NllLossBackward0>)[0m[0m
experiment  : INFO     [32m[32mTrain Accuracy = 0.831493794326241[0m[0m
experiment  : INFO     [32m[32mTest Accuracy = 0.0[0m[0m
experiment  : INFO     [32m[32mstep: 68040 	 meta_lr 0.000500 	 training acc 0.875 and training loss tensor(0.6594, device='cuda:0', grad_fn=<AddBackward0>), loss_auto: tensor(0.3163, device='cuda:0', grad_fn=<AddBackward0>), loss_pre: tensor(0.6278, device='cuda:0', grad_fn=<NllLossBackward0>)[0m[0m
experiment  : INFO     [32m[32mstep: 68080 	 meta_lr 0.000500 	 training acc 0.8125 and training loss tensor(0.7807, device='cuda:0', grad_fn=<AddBackward0>), loss_auto: tensor(0.3181, device='cuda:0', grad_fn=<AddBackward0>), loss_pre: tensor(0.7489, device='cuda:0', grad_fn=<NllLossBackward0>)[0m[0m
experiment  : INFO     [32m[32mstep: 68120 	 meta_lr 0.000500 	 training acc 0.96875 and training loss tensor(0.1413, device='cuda:0', grad_fn=<AddBackward0>), loss_auto: tensor(0.3152, device='cuda:0', grad_fn=<AddBackward0>), loss_pre: tensor(0.1098, device='cuda:0', grad_fn=<NllLossBackward0>)[0m[0m
experiment  : INFO     [32m[32mstep: 68160 	 meta_lr 0.000500 	 training acc 0.984375 and training loss tensor(0.1335, device='cuda:0', grad_fn=<AddBackward0>), loss_auto: tensor(0.3151, device='cuda:0', grad_fn=<AddBackward0>), loss_pre: tensor(0.1020, device='cuda:0', grad_fn=<NllLossBackward0>)[0m[0m
experiment  : INFO     [32m[32mstep: 68200 	 meta_lr 0.000500 	 training acc 0.921875 and training loss tensor(0.3381, device='cuda:0', grad_fn=<AddBackward0>), loss_auto: tensor(0.3161, device='cuda:0', grad_fn=<AddBackward0>), loss_pre: tensor(0.3065, device='cuda:0', grad_fn=<NllLossBackward0>)[0m[0m
experiment  : INFO     [32m[32mstep: 68240 	 meta_lr 0.000500 	 training acc 0.90625 and training loss tensor(0.3862, device='cuda:0', grad_fn=<AddBackward0>), loss_auto: tensor(0.3154, device='cuda:0', grad_fn=<AddBackward0>), loss_pre: tensor(0.3547, device='cuda:0', grad_fn=<NllLossBackward0>)[0m[0m
experiment  : INFO     [32m[32mstep: 68280 	 meta_lr 0.000500 	 training acc 0.90625 and training loss tensor(0.4586, device='cuda:0', grad_fn=<AddBackward0>), loss_auto: tensor(0.3158, device='cuda:0', grad_fn=<AddBackward0>), loss_pre: tensor(0.4270, device='cuda:0', grad_fn=<NllLossBackward0>)[0m[0m
experiment  : INFO     [32m[32mstep: 68320 	 meta_lr 0.000500 	 training acc 0.90625 and training loss tensor(0.4599, device='cuda:0', grad_fn=<AddBackward0>), loss_auto: tensor(0.3164, device='cuda:0', grad_fn=<AddBackward0>), loss_pre: tensor(0.4283, device='cuda:0', grad_fn=<NllLossBackward0>)[0m[0m
experiment  : INFO     [32m[32mstep: 68360 	 meta_lr 0.000500 	 training acc 0.96875 and training loss tensor(0.1212, device='cuda:0', grad_fn=<AddBackward0>), loss_auto: tensor(0.3131, device='cuda:0', grad_fn=<AddBackward0>), loss_pre: tensor(0.0899, device='cuda:0', grad_fn=<NllLossBackward0>)[0m[0m
experiment  : INFO     [32m[32mstep: 68400 	 meta_lr 0.000500 	 training acc 0.96875 and training loss tensor(0.1074, device='cuda:0', grad_fn=<AddBackward0>), loss_auto: tensor(0.3151, device='cuda:0', grad_fn=<AddBackward0>), loss_pre: tensor(0.0759, device='cuda:0', grad_fn=<NllLossBackward0>)[0m[0m
experiment  : INFO     [32m[32mstep: 68440 	 meta_lr 0.000500 	 training acc 0.875 and training loss tensor(0.3501, device='cuda:0', grad_fn=<AddBackward0>), loss_auto: tensor(0.3140, device='cuda:0', grad_fn=<AddBackward0>), loss_pre: tensor(0.3187, device='cuda:0', grad_fn=<NllLossBackward0>)[0m[0m
experiment  : INFO     [32m[32mstep: 68480 	 meta_lr 0.000500 	 training acc 1.0 and training loss tensor(0.0707, device='cuda:0', grad_fn=<AddBackward0>), loss_auto: tensor(0.3170, device='cuda:0', grad_fn=<AddBackward0>), loss_pre: tensor(0.0390, device='cuda:0', grad_fn=<NllLossBackward0>)[0m[0m
experiment  : INFO     [32m[32mTrain Accuracy = 0.8522828014184397[0m[0m
experiment  : INFO     [32m[32mTest Accuracy = 0.0[0m[0m
experiment  : INFO     [32m[32mstep: 68520 	 meta_lr 0.000500 	 training acc 1.0 and training loss tensor(0.0809, device='cuda:0', grad_fn=<AddBackward0>), loss_auto: tensor(0.3137, device='cuda:0', grad_fn=<AddBackward0>), loss_pre: tensor(0.0495, device='cuda:0', grad_fn=<NllLossBackward0>)[0m[0m
experiment  : INFO     [32m[32mstep: 68560 	 meta_lr 0.000500 	 training acc 0.953125 and training loss tensor(0.1468, device='cuda:0', grad_fn=<AddBackward0>), loss_auto: tensor(0.3165, device='cuda:0', grad_fn=<AddBackward0>), loss_pre: tensor(0.1152, device='cuda:0', grad_fn=<NllLossBackward0>)[0m[0m
experiment  : INFO     [32m[32mstep: 68600 	 meta_lr 0.000500 	 training acc 0.90625 and training loss tensor(0.2486, device='cuda:0', grad_fn=<AddBackward0>), loss_auto: tensor(0.3173, device='cuda:0', grad_fn=<AddBackward0>), loss_pre: tensor(0.2169, device='cuda:0', grad_fn=<NllLossBackward0>)[0m[0m
experiment  : INFO     [32m[32mstep: 68640 	 meta_lr 0.000500 	 training acc 0.9375 and training loss tensor(0.4438, device='cuda:0', grad_fn=<AddBackward0>), loss_auto: tensor(0.3151, device='cuda:0', grad_fn=<AddBackward0>), loss_pre: tensor(0.4123, device='cuda:0', grad_fn=<NllLossBackward0>)[0m[0m
experiment  : INFO     [32m[32mstep: 68680 	 meta_lr 0.000500 	 training acc 0.875 and training loss tensor(0.5365, device='cuda:0', grad_fn=<AddBackward0>), loss_auto: tensor(0.3161, device='cuda:0', grad_fn=<AddBackward0>), loss_pre: tensor(0.5049, device='cuda:0', grad_fn=<NllLossBackward0>)[0m[0m
experiment  : INFO     [32m[32mstep: 68720 	 meta_lr 0.000500 	 training acc 0.90625 and training loss tensor(0.5461, device='cuda:0', grad_fn=<AddBackward0>), loss_auto: tensor(0.3166, device='cuda:0', grad_fn=<AddBackward0>), loss_pre: tensor(0.5145, device='cuda:0', grad_fn=<NllLossBackward0>)[0m[0m
experiment  : INFO     [32m[32mstep: 68760 	 meta_lr 0.000500 	 training acc 0.890625 and training loss tensor(0.4794, device='cuda:0', grad_fn=<AddBackward0>), loss_auto: tensor(0.3154, device='cuda:0', grad_fn=<AddBackward0>), loss_pre: tensor(0.4478, device='cuda:0', grad_fn=<NllLossBackward0>)[0m[0m
experiment  : INFO     [32m[32mstep: 68800 	 meta_lr 0.000500 	 training acc 0.90625 and training loss tensor(0.2543, device='cuda:0', grad_fn=<AddBackward0>), loss_auto: tensor(0.3147, device='cuda:0', grad_fn=<AddBackward0>), loss_pre: tensor(0.2228, device='cuda:0', grad_fn=<NllLossBackward0>)[0m[0m
experiment  : INFO     [32m[32mstep: 68840 	 meta_lr 0.000500 	 training acc 0.953125 and training loss tensor(0.2070, device='cuda:0', grad_fn=<AddBackward0>), loss_auto: tensor(0.3161, device='cuda:0', grad_fn=<AddBackward0>), loss_pre: tensor(0.1754, device='cuda:0', grad_fn=<NllLossBackward0>)[0m[0m
experiment  : INFO     [32m[32mstep: 68880 	 meta_lr 0.000500 	 training acc 0.953125 and training loss tensor(0.1992, device='cuda:0', grad_fn=<AddBackward0>), loss_auto: tensor(0.3178, device='cuda:0', grad_fn=<AddBackward0>), loss_pre: tensor(0.1675, device='cuda:0', grad_fn=<NllLossBackward0>)[0m[0m
experiment  : INFO     [32m[32mstep: 68920 	 meta_lr 0.000500 	 training acc 0.875 and training loss tensor(0.3778, device='cuda:0', grad_fn=<AddBackward0>), loss_auto: tensor(0.3173, device='cuda:0', grad_fn=<AddBackward0>), loss_pre: tensor(0.3461, device='cuda:0', grad_fn=<NllLossBackward0>)[0m[0m
experiment  : INFO     [32m[32mstep: 68960 	 meta_lr 0.000500 	 training acc 0.90625 and training loss tensor(0.3083, device='cuda:0', grad_fn=<AddBackward0>), loss_auto: tensor(0.3157, device='cuda:0', grad_fn=<AddBackward0>), loss_pre: tensor(0.2767, device='cuda:0', grad_fn=<NllLossBackward0>)[0m[0m
experiment  : INFO     [32m[32mstep: 69000 	 meta_lr 0.000500 	 training acc 0.9375 and training loss tensor(0.2308, device='cuda:0', grad_fn=<AddBackward0>), loss_auto: tensor(0.3166, device='cuda:0', grad_fn=<AddBackward0>), loss_pre: tensor(0.1991, device='cuda:0', grad_fn=<NllLossBackward0>)[0m[0m
experiment  : INFO     [32m[32mTrain Accuracy = 0.8802969858156028[0m[0m
experiment  : INFO     [32m[32mTest Accuracy = 0.0[0m[0m
experiment  : INFO     [32m[32mstep: 69040 	 meta_lr 0.000500 	 training acc 0.90625 and training loss tensor(0.6329, device='cuda:0', grad_fn=<AddBackward0>), loss_auto: tensor(0.3155, device='cuda:0', grad_fn=<AddBackward0>), loss_pre: tensor(0.6013, device='cuda:0', grad_fn=<NllLossBackward0>)[0m[0m
experiment  : INFO     [32m[32mstep: 69080 	 meta_lr 0.000500 	 training acc 0.984375 and training loss tensor(0.0973, device='cuda:0', grad_fn=<AddBackward0>), loss_auto: tensor(0.3157, device='cuda:0', grad_fn=<AddBackward0>), loss_pre: tensor(0.0658, device='cuda:0', grad_fn=<NllLossBackward0>)[0m[0m
experiment  : INFO     [32m[32mstep: 69120 	 meta_lr 0.000500 	 training acc 0.859375 and training loss tensor(0.5388, device='cuda:0', grad_fn=<AddBackward0>), loss_auto: tensor(0.3151, device='cuda:0', grad_fn=<AddBackward0>), loss_pre: tensor(0.5073, device='cuda:0', grad_fn=<NllLossBackward0>)[0m[0m
experiment  : INFO     [32m[32mstep: 69160 	 meta_lr 0.000500 	 training acc 0.9375 and training loss tensor(0.4526, device='cuda:0', grad_fn=<AddBackward0>), loss_auto: tensor(0.3147, device='cuda:0', grad_fn=<AddBackward0>), loss_pre: tensor(0.4212, device='cuda:0', grad_fn=<NllLossBackward0>)[0m[0m
experiment  : INFO     [32m[32mstep: 69200 	 meta_lr 0.000500 	 training acc 0.953125 and training loss tensor(0.2116, device='cuda:0', grad_fn=<AddBackward0>), loss_auto: tensor(0.3164, device='cuda:0', grad_fn=<AddBackward0>), loss_pre: tensor(0.1800, device='cuda:0', grad_fn=<NllLossBackward0>)[0m[0m
experiment  : INFO     [32m[32mstep: 69240 	 meta_lr 0.000500 	 training acc 0.953125 and training loss tensor(0.2794, device='cuda:0', grad_fn=<AddBackward0>), loss_auto: tensor(0.3158, device='cuda:0', grad_fn=<AddBackward0>), loss_pre: tensor(0.2478, device='cuda:0', grad_fn=<NllLossBackward0>)[0m[0m
experiment  : INFO     [32m[32mstep: 69280 	 meta_lr 0.000500 	 training acc 0.90625 and training loss tensor(0.3149, device='cuda:0', grad_fn=<AddBackward0>), loss_auto: tensor(0.3168, device='cuda:0', grad_fn=<AddBackward0>), loss_pre: tensor(0.2832, device='cuda:0', grad_fn=<NllLossBackward0>)[0m[0m
experiment  : INFO     [32m[32mstep: 69320 	 meta_lr 0.000500 	 training acc 0.921875 and training loss tensor(0.3036, device='cuda:0', grad_fn=<AddBackward0>), loss_auto: tensor(0.3152, device='cuda:0', grad_fn=<AddBackward0>), loss_pre: tensor(0.2721, device='cuda:0', grad_fn=<NllLossBackward0>)[0m[0m
experiment  : INFO     [32m[32mstep: 69360 	 meta_lr 0.000500 	 training acc 0.953125 and training loss tensor(0.2629, device='cuda:0', grad_fn=<AddBackward0>), loss_auto: tensor(0.3165, device='cuda:0', grad_fn=<AddBackward0>), loss_pre: tensor(0.2313, device='cuda:0', grad_fn=<NllLossBackward0>)[0m[0m
experiment  : INFO     [32m[32mstep: 69400 	 meta_lr 0.000500 	 training acc 0.953125 and training loss tensor(0.2815, device='cuda:0', grad_fn=<AddBackward0>), loss_auto: tensor(0.3141, device='cuda:0', grad_fn=<AddBackward0>), loss_pre: tensor(0.2501, device='cuda:0', grad_fn=<NllLossBackward0>)[0m[0m
experiment  : INFO     [32m[32mstep: 69440 	 meta_lr 0.000500 	 training acc 0.90625 and training loss tensor(0.4297, device='cuda:0', grad_fn=<AddBackward0>), loss_auto: tensor(0.3167, device='cuda:0', grad_fn=<AddBackward0>), loss_pre: tensor(0.3980, device='cuda:0', grad_fn=<NllLossBackward0>)[0m[0m
experiment  : INFO     [32m[32mstep: 69480 	 meta_lr 0.000500 	 training acc 0.9375 and training loss tensor(0.1625, device='cuda:0', grad_fn=<AddBackward0>), loss_auto: tensor(0.3153, device='cuda:0', grad_fn=<AddBackward0>), loss_pre: tensor(0.1309, device='cuda:0', grad_fn=<NllLossBackward0>)[0m[0m
experiment  : INFO     [32m[32mTrain Accuracy = 0.8644503546099291[0m[0m
experiment  : INFO     [32m[32mTest Accuracy = 0.0[0m[0m
experiment  : INFO     [32m[32mstep: 69520 	 meta_lr 0.000500 	 training acc 0.96875 and training loss tensor(0.1442, device='cuda:0', grad_fn=<AddBackward0>), loss_auto: tensor(0.3116, device='cuda:0', grad_fn=<AddBackward0>), loss_pre: tensor(0.1131, device='cuda:0', grad_fn=<NllLossBackward0>)[0m[0m
experiment  : INFO     [32m[32mstep: 69560 	 meta_lr 0.000500 	 training acc 0.984375 and training loss tensor(0.0989, device='cuda:0', grad_fn=<AddBackward0>), loss_auto: tensor(0.3158, device='cuda:0', grad_fn=<AddBackward0>), loss_pre: tensor(0.0674, device='cuda:0', grad_fn=<NllLossBackward0>)[0m[0m
experiment  : INFO     [32m[32mstep: 69600 	 meta_lr 0.000500 	 training acc 0.953125 and training loss tensor(0.2462, device='cuda:0', grad_fn=<AddBackward0>), loss_auto: tensor(0.3174, device='cuda:0', grad_fn=<AddBackward0>), loss_pre: tensor(0.2145, device='cuda:0', grad_fn=<NllLossBackward0>)[0m[0m
experiment  : INFO     [32m[32mstep: 69640 	 meta_lr 0.000500 	 training acc 0.96875 and training loss tensor(0.1540, device='cuda:0', grad_fn=<AddBackward0>), loss_auto: tensor(0.3196, device='cuda:0', grad_fn=<AddBackward0>), loss_pre: tensor(0.1220, device='cuda:0', grad_fn=<NllLossBackward0>)[0m[0m
experiment  : INFO     [32m[32mstep: 69680 	 meta_lr 0.000500 	 training acc 0.90625 and training loss tensor(0.2955, device='cuda:0', grad_fn=<AddBackward0>), loss_auto: tensor(0.3138, device='cuda:0', grad_fn=<AddBackward0>), loss_pre: tensor(0.2642, device='cuda:0', grad_fn=<NllLossBackward0>)[0m[0m
experiment  : INFO     [32m[32mstep: 69720 	 meta_lr 0.000500 	 training acc 0.921875 and training loss tensor(0.5178, device='cuda:0', grad_fn=<AddBackward0>), loss_auto: tensor(0.3181, device='cuda:0', grad_fn=<AddBackward0>), loss_pre: tensor(0.4860, device='cuda:0', grad_fn=<NllLossBackward0>)[0m[0m
experiment  : INFO     [32m[32mstep: 69760 	 meta_lr 0.000500 	 training acc 0.9375 and training loss tensor(0.1771, device='cuda:0', grad_fn=<AddBackward0>), loss_auto: tensor(0.3161, device='cuda:0', grad_fn=<AddBackward0>), loss_pre: tensor(0.1455, device='cuda:0', grad_fn=<NllLossBackward0>)[0m[0m
experiment  : INFO     [32m[32mstep: 69800 	 meta_lr 0.000500 	 training acc 0.890625 and training loss tensor(0.6953, device='cuda:0', grad_fn=<AddBackward0>), loss_auto: tensor(0.3183, device='cuda:0', grad_fn=<AddBackward0>), loss_pre: tensor(0.6635, device='cuda:0', grad_fn=<NllLossBackward0>)[0m[0m
experiment  : INFO     [32m[32mstep: 69840 	 meta_lr 0.000500 	 training acc 0.921875 and training loss tensor(0.3170, device='cuda:0', grad_fn=<AddBackward0>), loss_auto: tensor(0.3146, device='cuda:0', grad_fn=<AddBackward0>), loss_pre: tensor(0.2856, device='cuda:0', grad_fn=<NllLossBackward0>)[0m[0m
experiment  : INFO     [32m[32mstep: 69880 	 meta_lr 0.000500 	 training acc 0.96875 and training loss tensor(0.2001, device='cuda:0', grad_fn=<AddBackward0>), loss_auto: tensor(0.3154, device='cuda:0', grad_fn=<AddBackward0>), loss_pre: tensor(0.1685, device='cuda:0', grad_fn=<NllLossBackward0>)[0m[0m
experiment  : INFO     [32m[32mstep: 69920 	 meta_lr 0.000500 	 training acc 0.9375 and training loss tensor(0.2907, device='cuda:0', grad_fn=<AddBackward0>), loss_auto: tensor(0.3142, device='cuda:0', grad_fn=<AddBackward0>), loss_pre: tensor(0.2593, device='cuda:0', grad_fn=<NllLossBackward0>)[0m[0m
experiment  : INFO     [32m[32mstep: 69960 	 meta_lr 0.000500 	 training acc 0.96875 and training loss tensor(0.1251, device='cuda:0', grad_fn=<AddBackward0>), loss_auto: tensor(0.3159, device='cuda:0', grad_fn=<AddBackward0>), loss_pre: tensor(0.0935, device='cuda:0', grad_fn=<NllLossBackward0>)[0m[0m
experiment  : INFO     [32m[32mFinal replay status: {'mode': 'fse', 'content': 'decoder', 'enabled': False, 'buffer_length': 0, 'buffer_capacity': 1000, 'replay_events': 0, 'total_replayed_samples': 0, 'last_replay_count': 0, 'samples_since_replay': 0, 'replay_gap': 960, 'replay_rate': 0.05, 'top_p': 32, 'partitions': 10}[0m[0m
