nohup: ignoring input
experiment  : INFO     [32m[32mLen of complete iterator = 19264[0m[0m
Namespace(steps=90000, model_name='FSEML_Model.net', treatment='FSEML', checkpoint=False, saved_model='my_model.net', seed=9, seeds=[10], tasks=1, meta_lr=0.001, update_lr=0.05, update_step=10, name='omniglot/0_001/mrcl_omniglot_fseml_replay_480_01', dataset='omniglot', num_workers=2, sparsity_target=0.05, sparsity_weight=0.005, reconstruction_weight=0.1, weight_decay_weight=0.0, fda_weight=0.1, commit=False, no_reset=False, rln=6, replay=True, replay_mode='simple', replay_buffer_size=1000, replay_gap=480, replay_rate=0.1, replay_top_p=32, replay_partitions=10, visualize_replay=False, replay_viz_dir='replay_visualizations', replay_viz_max=10, model='none')
{'steps': 90000, 'model_name': 'FSEML_Model.net', 'treatment': 'FSEML', 'checkpoint': False, 'saved_model': 'my_model.net', 'seed': 9, 'seeds': [10], 'tasks': 1, 'meta_lr': 0.001, 'update_lr': 0.05, 'update_step': 10, 'name': 'omniglot/0_001/mrcl_omniglot_fseml_replay_480_01', 'dataset': 'omniglot', 'num_workers': 2, 'sparsity_target': 0.05, 'sparsity_weight': 0.005, 'reconstruction_weight': 0.1, 'weight_decay_weight': 0.0, 'fda_weight': 0.1, 'commit': False, 'no_reset': False, 'rln': 6, 'replay': True, 'replay_mode': 'simple', 'replay_buffer_size': 1000, 'replay_gap': 480, 'replay_rate': 0.1, 'replay_top_p': 32, 'replay_partitions': 10, 'visualize_replay': False, 'replay_viz_dir': 'replay_visualizations', 'replay_viz_max': 10, 'model': 'none'}
Files already downloaded and verified
Total classes =  963
Files already downloaded and verified
Total classes =  963
Task 708 has been added to the list
experiment  : INFO     [32m[32mstep: 0 	 training acc 0.13513513513513514 and training loss tensor(19.4534, device='cuda:0', grad_fn=<AddBackward0>), loss_auto: tensor(0.5581, device='cuda:0', grad_fn=<AddBackward0>), loss_pre: tensor(19.3976, device='cuda:0', grad_fn=<NllLossBackward0>)[0m[0m
Task 367 has been added to the list
Task 346 has been added to the list
Task 550 has been added to the list
Task 573 has been added to the list
Task 405 has been added to the list
Task 360 has been added to the list
Task 181 has been added to the list
Task 872 has been added to the list
Task 80 has been added to the list
Task 719 has been added to the list
Task 348 has been added to the list
Task 923 has been added to the list
Task 7 has been added to the list
Task 680 has been added to the list
Task 422 has been added to the list
Task 99 has been added to the list
Task 731 has been added to the list
Task 189 has been added to the list
Task 358 has been added to the list
Task 160 has been added to the list
Task 458 has been added to the list
Task 305 has been added to the list
Task 727 has been added to the list
Task 804 has been added to the list
Task 544 has been added to the list
Task 100 has been added to the list
Task 494 has been added to the list
Task 143 has been added to the list
Task 5 has been added to the list
Task 671 has been added to the list
Task 41 has been added to the list
Task 277 has been added to the list
Task 830 has been added to the list
Task 74 has been added to the list
Task 497 has been added to the list
Task 285 has been added to the list
Task 352 has been added to the list
Task 463 has been added to the list
experiment  : INFO     [32m[32mstep: 40 	 training acc 0.13513513513513514 and training loss tensor(6.4289, device='cuda:0', grad_fn=<AddBackward0>), loss_auto: tensor(0.4920, device='cuda:0', grad_fn=<AddBackward0>), loss_pre: tensor(6.3797, device='cuda:0', grad_fn=<NllLossBackward0>)[0m[0m
Task 629 has been added to the list
Task 682 has been added to the list
Task 941 has been added to the list
Task 307 has been added to the list
Task 252 has been added to the list
Task 213 has been added to the list
Task 188 has been added to the list
Task 116 has been added to the list
Task 580 has been added to the list
Task 705 has been added to the list
Task 590 has been added to the list
Task 937 has been added to the list
Task 368 has been added to the list
Task 927 has been added to the list
Task 274 has been added to the list
Task 167 has been added to the list
Task 823 has been added to the list
Task 859 has been added to the list
Task 818 has been added to the list
Task 540 has been added to the list
Task 649 has been added to the list
Task 796 has been added to the list
Task 887 has been added to the list
Task 403 has been added to the list
Task 651 has been added to the list
Task 634 has been added to the list
Task 250 has been added to the list
Task 681 has been added to the list
Task 280 has been added to the list
Task 106 has been added to the list
Task 832 has been added to the list
Task 468 has been added to the list
Task 903 has been added to the list
Task 317 has been added to the list
Task 707 has been added to the list
experiment  : INFO     [32m[32mstep: 80 	 training acc 0.14864864864864866 and training loss tensor(6.3685, device='cuda:0', grad_fn=<AddBackward0>), loss_auto: tensor(0.4918, device='cuda:0', grad_fn=<AddBackward0>), loss_pre: tensor(6.3194, device='cuda:0', grad_fn=<NllLossBackward0>)[0m[0m
Task 960 has been added to the list
Task 448 has been added to the list
Task 926 has been added to the list
Task 568 has been added to the list
Task 921 has been added to the list
Task 241 has been added to the list
Task 459 has been added to the list
Task 13 has been added to the list
Task 246 has been added to the list
Task 479 has been added to the list
Task 697 has been added to the list
Task 881 has been added to the list
Task 560 has been added to the list
Task 733 has been added to the list
Task 445 has been added to the list
Task 910 has been added to the list
Task 473 has been added to the list
Task 509 has been added to the list
Task 781 has been added to the list
Task 22 has been added to the list
Task 713 has been added to the list
Task 559 has been added to the list
Task 430 has been added to the list
Task 329 has been added to the list
Task 814 has been added to the list
Task 101 has been added to the list
Task 666 has been added to the list
Task 341 has been added to the list
Task 735 has been added to the list
Task 398 has been added to the list
Task 518 has been added to the list
Task 404 has been added to the list
Task 244 has been added to the list
Task 908 has been added to the list
Task 313 has been added to the list
Task 23 has been added to the list
Task 843 has been added to the list
Task 146 has been added to the list
Task 27 has been added to the list
experiment  : INFO     [32m[32mstep: 120 	 training acc 0.13513513513513514 and training loss tensor(6.1081, device='cuda:0', grad_fn=<AddBackward0>), loss_auto: tensor(0.4912, device='cuda:0', grad_fn=<AddBackward0>), loss_pre: tensor(6.0590, device='cuda:0', grad_fn=<NllLossBackward0>)[0m[0m
Task 686 has been added to the list
Task 871 has been added to the list
Task 877 has been added to the list
Task 858 has been added to the list
Task 206 has been added to the list
Task 275 has been added to the list
Task 127 has been added to the list
Task 139 has been added to the list
Task 309 has been added to the list
Task 66 has been added to the list
Task 217 has been added to the list
Task 102 has been added to the list
Task 904 has been added to the list
Task 384 has been added to the list
Task 510 has been added to the list
Task 866 has been added to the list
Task 601 has been added to the list
Task 542 has been added to the list
Task 936 has been added to the list
Task 602 has been added to the list
Task 109 has been added to the list
Task 58 has been added to the list
Task 8 has been added to the list
Task 447 has been added to the list
Task 310 has been added to the list
Task 190 has been added to the list
Task 799 has been added to the list
Task 429 has been added to the list
Task 383 has been added to the list
Task 655 has been added to the list
Task 399 has been added to the list
Task 885 has been added to the list
Task 952 has been added to the list
Task 262 has been added to the list
experiment  : INFO     [32m[32mstep: 160 	 training acc 0.13513513513513514 and training loss tensor(6.0165, device='cuda:0', grad_fn=<AddBackward0>), loss_auto: tensor(0.4874, device='cuda:0', grad_fn=<AddBackward0>), loss_pre: tensor(5.9678, device='cuda:0', grad_fn=<NllLossBackward0>)[0m[0m
Task 94 has been added to the list
Task 922 has been added to the list
Task 493 has been added to the list
Task 961 has been added to the list
Task 278 has been added to the list
Task 647 has been added to the list
Task 874 has been added to the list
Task 135 has been added to the list
Task 297 has been added to the list
Task 563 has been added to the list
Task 753 has been added to the list
Task 690 has been added to the list
Task 594 has been added to the list
Task 72 has been added to the list
Task 555 has been added to the list
Task 379 has been added to the list
Task 176 has been added to the list
Task 853 has been added to the list
Task 333 has been added to the list
Task 306 has been added to the list
Task 517 has been added to the list
Task 53 has been added to the list
Task 194 has been added to the list
Task 665 has been added to the list
Task 801 has been added to the list
Task 613 has been added to the list
Task 504 has been added to the list
Task 377 has been added to the list
Task 723 has been added to the list
Task 265 has been added to the list
experiment  : INFO     [32m[32mstep: 200 	 training acc 0.13513513513513514 and training loss tensor(6.4083, device='cuda:0', grad_fn=<AddBackward0>), loss_auto: tensor(0.4895, device='cuda:0', grad_fn=<AddBackward0>), loss_pre: tensor(6.3593, device='cuda:0', grad_fn=<NllLossBackward0>)[0m[0m
Task 48 has been added to the list
Task 907 has been added to the list
Task 410 has been added to the list
Task 208 has been added to the list
Task 626 has been added to the list
Task 621 has been added to the list
Task 876 has been added to the list
Task 316 has been added to the list
Task 212 has been added to the list
Task 294 has been added to the list
Task 270 has been added to the list
Task 810 has been added to the list
Task 897 has been added to the list
Task 440 has been added to the list
Task 152 has been added to the list
Task 355 has been added to the list
Task 37 has been added to the list
Task 88 has been added to the list
Task 397 has been added to the list
Task 886 has been added to the list
Task 95 has been added to the list
Task 892 has been added to the list
Task 210 has been added to the list
Task 264 has been added to the list
Task 372 has been added to the list
Task 757 has been added to the list
Task 301 has been added to the list
Task 777 has been added to the list
Task 453 has been added to the list
Task 890 has been added to the list
Task 536 has been added to the list
Task 292 has been added to the list
experiment  : INFO     [32m[32mstep: 240 	 training acc 0.13513513513513514 and training loss tensor(5.7654, device='cuda:0', grad_fn=<AddBackward0>), loss_auto: tensor(0.4886, device='cuda:0', grad_fn=<AddBackward0>), loss_pre: tensor(5.7165, device='cuda:0', grad_fn=<NllLossBackward0>)[0m[0m
Task 751 has been added to the list
Task 670 has been added to the list
Task 11 has been added to the list
Task 168 has been added to the list
Task 955 has been added to the list
Task 511 has been added to the list
Task 598 has been added to the list
Task 609 has been added to the list
Task 233 has been added to the list
Task 415 has been added to the list
Task 800 has been added to the list
Task 795 has been added to the list
Task 766 has been added to the list
Task 279 has been added to the list
Task 638 has been added to the list
Task 350 has been added to the list
Task 412 has been added to the list
Task 761 has been added to the list
Task 901 has been added to the list
Task 706 has been added to the list
Task 593 has been added to the list
Task 172 has been added to the list
Task 842 has been added to the list
Task 131 has been added to the list
Task 627 has been added to the list
Task 32 has been added to the list
Task 79 has been added to the list
experiment  : INFO     [32m[32mstep: 280 	 training acc 0.13513513513513514 and training loss tensor(5.5371, device='cuda:0', grad_fn=<AddBackward0>), loss_auto: tensor(0.4878, device='cuda:0', grad_fn=<AddBackward0>), loss_pre: tensor(5.4883, device='cuda:0', grad_fn=<NllLossBackward0>)[0m[0m
Task 344 has been added to the list
Task 364 has been added to the list
Task 773 has been added to the list
Task 98 has been added to the list
Task 326 has been added to the list
Task 369 has been added to the list
Task 199 has been added to the list
Task 83 has been added to the list
Task 251 has been added to the list
Task 39 has been added to the list
Task 546 has been added to the list
Task 43 has been added to the list
Task 806 has been added to the list
Task 743 has been added to the list
Task 435 has been added to the list
Task 42 has been added to the list
Task 319 has been added to the list
Task 488 has been added to the list
Task 153 has been added to the list
Task 284 has been added to the list
Task 571 has been added to the list
Task 356 has been added to the list
Task 763 has been added to the list
Task 202 has been added to the list
Task 700 has been added to the list
Task 442 has been added to the list
Task 833 has been added to the list
Task 957 has been added to the list
Task 687 has been added to the list
Task 962 has been added to the list
experiment  : INFO     [32m[32mstep: 320 	 training acc 0.13513513513513514 and training loss tensor(5.4405, device='cuda:0', grad_fn=<AddBackward0>), loss_auto: tensor(0.4880, device='cuda:0', grad_fn=<AddBackward0>), loss_pre: tensor(5.3917, device='cuda:0', grad_fn=<NllLossBackward0>)[0m[0m
Task 514 has been added to the list
Task 698 has been added to the list
Task 775 has been added to the list
Task 909 has been added to the list
Task 829 has been added to the list
Task 276 has been added to the list
Task 667 has been added to the list
Task 608 has been added to the list
Task 883 has been added to the list
Task 299 has been added to the list
Task 225 has been added to the list
Task 140 has been added to the list
Task 273 has been added to the list
Task 362 has been added to the list
Task 221 has been added to the list
Task 359 has been added to the list
Task 570 has been added to the list
Task 711 has been added to the list
Task 821 has been added to the list
Task 765 has been added to the list
Task 677 has been added to the list
Task 654 has been added to the list
Task 704 has been added to the list
Task 387 has been added to the list
Task 669 has been added to the list
Task 772 has been added to the list
Task 209 has been added to the list
experiment  : INFO     [32m[32mstep: 360 	 training acc 0.14864864864864866 and training loss tensor(5.2642, device='cuda:0', grad_fn=<AddBackward0>), loss_auto: tensor(0.4906, device='cuda:0', grad_fn=<AddBackward0>), loss_pre: tensor(5.2151, device='cuda:0', grad_fn=<NllLossBackward0>)[0m[0m
Task 134 has been added to the list
Task 165 has been added to the list
Task 87 has been added to the list
Task 583 has been added to the list
Task 34 has been added to the list
Task 81 has been added to the list
Task 635 has been added to the list
Task 434 has been added to the list
Task 717 has been added to the list
Task 534 has been added to the list
Task 198 has been added to the list
Task 63 has been added to the list
Task 578 has been added to the list
Task 505 has been added to the list
Task 695 has been added to the list
Task 266 has been added to the list
Task 6 has been added to the list
Task 738 has been added to the list
Task 261 has been added to the list
Task 370 has been added to the list
Task 439 has been added to the list
Task 718 has been added to the list
Task 145 has been added to the list
Task 408 has been added to the list
Task 378 has been added to the list
Task 394 has been added to the list
Task 332 has been added to the list
Task 758 has been added to the list
Task 76 has been added to the list
Task 441 has been added to the list
experiment  : INFO     [32m[32mstep: 400 	 training acc 0.13513513513513514 and training loss tensor(5.4786, device='cuda:0', grad_fn=<AddBackward0>), loss_auto: tensor(0.4900, device='cuda:0', grad_fn=<AddBackward0>), loss_pre: tensor(5.4296, device='cuda:0', grad_fn=<NllLossBackward0>)[0m[0m
Task 600 has been added to the list
Task 311 has been added to the list
Task 898 has been added to the list
Task 96 has been added to the list
Task 661 has been added to the list
Task 433 has been added to the list
Task 702 has been added to the list
Task 812 has been added to the list
Task 928 has been added to the list
Task 749 has been added to the list
Task 854 has been added to the list
Task 38 has been added to the list
Task 916 has been added to the list
Task 89 has been added to the list
Task 327 has been added to the list
Task 154 has been added to the list
Task 389 has been added to the list
Task 120 has been added to the list
Task 747 has been added to the list
Task 848 has been added to the list
Task 729 has been added to the list
Task 267 has been added to the list
Task 836 has been added to the list
Task 71 has been added to the list
Task 366 has been added to the list
Task 173 has been added to the list
Task 524 has been added to the list
Task 374 has been added to the list
experiment  : INFO     [32m[32mstep: 440 	 training acc 0.14864864864864866 and training loss tensor(5.2488, device='cuda:0', grad_fn=<AddBackward0>), loss_auto: tensor(0.4868, device='cuda:0', grad_fn=<AddBackward0>), loss_pre: tensor(5.2001, device='cuda:0', grad_fn=<NllLossBackward0>)[0m[0m
Task 900 has been added to the list
Task 148 has been added to the list
Task 802 has been added to the list
Task 648 has been added to the list
Task 425 has been added to the list
Task 268 has been added to the list
Task 84 has been added to the list
Task 798 has been added to the list
Task 107 has been added to the list
Task 889 has been added to the list
Task 482 has been added to the list
Task 639 has been added to the list
Task 286 has been added to the list
Task 328 has been added to the list
Task 240 has been added to the list
Task 449 has been added to the list
Task 528 has been added to the list
Task 920 has been added to the list
Task 720 has been added to the list
Task 699 has been added to the list
Task 164 has been added to the list
Task 125 has been added to the list
Task 668 has been added to the list
Task 748 has been added to the list
Task 54 has been added to the list
experiment  : INFO     [32m[32mstep: 480 	 training acc 0.14864864864864866 and training loss tensor(4.7095, device='cuda:0', grad_fn=<AddBackward0>), loss_auto: tensor(0.4909, device='cuda:0', grad_fn=<AddBackward0>), loss_pre: tensor(4.6604, device='cuda:0', grad_fn=<NllLossBackward0>)[0m[0m
Task 807 has been added to the list
Task 390 has been added to the list
Task 604 has been added to the list
Task 361 has been added to the list
Task 694 has been added to the list
Task 61 has been added to the list
Task 724 has been added to the list
Task 487 has been added to the list
Task 373 has been added to the list
Task 419 has been added to the list
Task 507 has been added to the list
Task 132 has been added to the list
Task 547 has been added to the list
experiment  : INFO     [32m[32mTrain Accuracy = 0.062240663900414085[0m[0m
experiment  : INFO     [32m[32mTest Accuracy = 0.06229253112033107[0m[0m
Task 552 has been added to the list
Task 553 has been added to the list
Task 451 has been added to the list
Task 17 has been added to the list
Task 375 has been added to the list
Task 644 has been added to the list
Task 249 has been added to the list
Task 205 has been added to the list
Task 771 has been added to the list
Task 175 has been added to the list
Task 31 has been added to the list
Task 556 has been added to the list
experiment  : INFO     [32m[32mstep: 520 	 training acc 0.16216216216216217 and training loss tensor(4.7830, device='cuda:0', grad_fn=<AddBackward0>), loss_auto: tensor(0.4922, device='cuda:0', grad_fn=<AddBackward0>), loss_pre: tensor(4.7338, device='cuda:0', grad_fn=<NllLossBackward0>)[0m[0m
Task 432 has been added to the list
Task 151 has been added to the list
Task 875 has been added to the list
Task 489 has been added to the list
Task 339 has been added to the list
Task 752 has been added to the list
Task 575 has been added to the list
Task 894 has been added to the list
Task 481 has been added to the list
Task 260 has been added to the list
Task 287 has been added to the list
Task 462 has been added to the list
Task 849 has been added to the list
Task 30 has been added to the list
Task 490 has been added to the list
Task 124 has been added to the list
Task 597 has been added to the list
Task 455 has been added to the list
Task 295 has been added to the list
Task 577 has been added to the list
Task 501 has been added to the list
Task 2 has been added to the list
Task 159 has been added to the list
Task 685 has been added to the list
Task 689 has been added to the list
Task 774 has been added to the list
experiment  : INFO     [32m[32mstep: 560 	 training acc 0.13513513513513514 and training loss tensor(4.8973, device='cuda:0', grad_fn=<AddBackward0>), loss_auto: tensor(0.4917, device='cuda:0', grad_fn=<AddBackward0>), loss_pre: tensor(4.8481, device='cuda:0', grad_fn=<NllLossBackward0>)[0m[0m
Task 947 has been added to the list
Task 605 has been added to the list
Task 869 has been added to the list
Task 461 has been added to the list
Task 938 has been added to the list
Task 929 has been added to the list
Task 401 has been added to the list
Task 551 has been added to the list
Task 446 has been added to the list
Task 503 has been added to the list
Task 45 has been added to the list
Task 525 has been added to the list
Task 565 has been added to the list
Task 862 has been added to the list
Task 438 has been added to the list
Task 365 has been added to the list
Task 385 has been added to the list
Task 122 has been added to the list
Task 945 has been added to the list
Task 480 has been added to the list
Task 215 has been added to the list
Task 428 has been added to the list
Task 515 has been added to the list
Task 144 has been added to the list
Task 693 has been added to the list
Task 129 has been added to the list
Task 780 has been added to the list
Task 293 has been added to the list
Task 420 has been added to the list
Task 183 has been added to the list
Task 354 has been added to the list
Task 617 has been added to the list
Task 126 has been added to the list
Task 103 has been added to the list
experiment  : INFO     [32m[32mstep: 600 	 training acc 0.13513513513513514 and training loss tensor(4.8614, device='cuda:0', grad_fn=<AddBackward0>), loss_auto: tensor(0.4899, device='cuda:0', grad_fn=<AddBackward0>), loss_pre: tensor(4.8124, device='cuda:0', grad_fn=<NllLossBackward0>)[0m[0m
Task 59 has been added to the list
Task 235 has been added to the list
Task 502 has been added to the list
Task 533 has been added to the list
Task 56 has been added to the list
Task 29 has been added to the list
Task 628 has been added to the list
Task 245 has been added to the list
Task 791 has been added to the list
Task 454 has been added to the list
Task 622 has been added to the list
Task 186 has been added to the list
Task 288 has been added to the list
Task 15 has been added to the list
Task 935 has been added to the list
Task 643 has been added to the list
Task 46 has been added to the list
Task 645 has been added to the list
Task 395 has been added to the list
Task 28 has been added to the list
Task 218 has been added to the list
Task 24 has been added to the list
Task 576 has been added to the list
Task 85 has been added to the list
Task 744 has been added to the list
experiment  : INFO     [32m[32mstep: 640 	 training acc 0.14864864864864866 and training loss tensor(4.8519, device='cuda:0', grad_fn=<AddBackward0>), loss_auto: tensor(0.4898, device='cuda:0', grad_fn=<AddBackward0>), loss_pre: tensor(4.8029, device='cuda:0', grad_fn=<NllLossBackward0>)[0m[0m
Task 60 has been added to the list
Task 10 has been added to the list
Task 437 has been added to the list
Task 382 has been added to the list
Task 917 has been added to the list
Task 158 has been added to the list
Task 345 has been added to the list
Task 520 has been added to the list
Task 839 has been added to the list
Task 334 has been added to the list
Task 304 has been added to the list
Task 785 has been added to the list
Task 337 has been added to the list
Task 228 has been added to the list
Task 20 has been added to the list
Task 222 has been added to the list
Task 684 has been added to the list
experiment  : INFO     [32m[32mstep: 680 	 training acc 0.17567567567567569 and training loss tensor(4.6677, device='cuda:0', grad_fn=<AddBackward0>), loss_auto: tensor(0.4897, device='cuda:0', grad_fn=<AddBackward0>), loss_pre: tensor(4.6187, device='cuda:0', grad_fn=<NllLossBackward0>)[0m[0m
Task 880 has been added to the list
Task 409 has been added to the list
Task 296 has been added to the list
Task 656 has been added to the list
Task 691 has been added to the list
Task 320 has been added to the list
Task 303 has been added to the list
Task 944 has been added to the list
Task 841 has been added to the list
Task 26 has been added to the list
Task 322 has been added to the list
Task 805 has been added to the list
Task 470 has been added to the list
Task 678 has been added to the list
Task 263 has been added to the list
Task 931 has been added to the list
Task 130 has been added to the list
Task 166 has been added to the list
experiment  : INFO     [32m[32mstep: 720 	 training acc 0.20270270270270271 and training loss tensor(4.4482, device='cuda:0', grad_fn=<AddBackward0>), loss_auto: tensor(0.4881, device='cuda:0', grad_fn=<AddBackward0>), loss_pre: tensor(4.3994, device='cuda:0', grad_fn=<NllLossBackward0>)[0m[0m
Task 128 has been added to the list
Task 545 has been added to the list
Task 737 has been added to the list
Task 906 has been added to the list
Task 710 has been added to the list
Task 569 has been added to the list
Task 19 has been added to the list
Task 500 has been added to the list
Task 587 has been added to the list
Task 776 has been added to the list
Task 574 has been added to the list
Task 457 has been added to the list
Task 714 has been added to the list
Task 338 has been added to the list
Task 491 has been added to the list
experiment  : INFO     [32m[32mstep: 760 	 training acc 0.22972972972972974 and training loss tensor(4.4989, device='cuda:0', grad_fn=<AddBackward0>), loss_auto: tensor(0.4880, device='cuda:0', grad_fn=<AddBackward0>), loss_pre: tensor(4.4501, device='cuda:0', grad_fn=<NllLossBackward0>)[0m[0m
Task 421 has been added to the list
Task 755 has been added to the list
Task 300 has been added to the list
Task 196 has been added to the list
Task 484 has been added to the list
Task 291 has been added to the list
Task 513 has been added to the list
Task 516 has been added to the list
Task 912 has been added to the list
Task 21 has been added to the list
Task 237 has been added to the list
Task 614 has been added to the list
Task 664 has been added to the list
Task 879 has been added to the list
Task 633 has been added to the list
Task 230 has been added to the list
experiment  : INFO     [32m[32mstep: 800 	 training acc 0.21621621621621623 and training loss tensor(4.1928, device='cuda:0', grad_fn=<AddBackward0>), loss_auto: tensor(0.4923, device='cuda:0', grad_fn=<AddBackward0>), loss_pre: tensor(4.1436, device='cuda:0', grad_fn=<NllLossBackward0>)[0m[0m
Task 141 has been added to the list
Task 427 has been added to the list
Task 793 has been added to the list
Task 792 has been added to the list
Task 417 has been added to the list
Task 632 has been added to the list
Task 506 has been added to the list
Task 40 has been added to the list
Task 49 has been added to the list
Task 721 has been added to the list
Task 820 has been added to the list
Task 778 has been added to the list
Task 679 has been added to the list
Task 219 has been added to the list
Task 596 has been added to the list
Task 315 has been added to the list
Task 413 has been added to the list
Task 256 has been added to the list
experiment  : INFO     [32m[32mstep: 840 	 training acc 0.14864864864864866 and training loss tensor(4.4256, device='cuda:0', grad_fn=<AddBackward0>), loss_auto: tensor(0.4909, device='cuda:0', grad_fn=<AddBackward0>), loss_pre: tensor(4.3765, device='cuda:0', grad_fn=<NllLossBackward0>)[0m[0m
Task 640 has been added to the list
Task 736 has been added to the list
Task 595 has been added to the list
Task 335 has been added to the list
Task 813 has been added to the list
Task 709 has been added to the list
Task 169 has been added to the list
Task 386 has been added to the list
Task 566 has been added to the list
Task 529 has been added to the list
Task 825 has been added to the list
Task 314 has been added to the list
Task 861 has been added to the list
Task 161 has been added to the list
Task 312 has been added to the list
Task 477 has been added to the list
Task 610 has been added to the list
Task 790 has been added to the list
experiment  : INFO     [32m[32mstep: 880 	 training acc 0.22972972972972974 and training loss tensor(4.2481, device='cuda:0', grad_fn=<AddBackward0>), loss_auto: tensor(0.4864, device='cuda:0', grad_fn=<AddBackward0>), loss_pre: tensor(4.1995, device='cuda:0', grad_fn=<NllLossBackward0>)[0m[0m
Task 424 has been added to the list
Task 816 has been added to the list
Task 657 has been added to the list
Task 882 has been added to the list
Task 646 has been added to the list
Task 783 has been added to the list
Task 696 has been added to the list
Task 197 has been added to the list
Task 715 has been added to the list
Task 0 has been added to the list
Task 930 has been added to the list
Task 138 has been added to the list
Task 939 has been added to the list
Task 940 has been added to the list
Task 77 has been added to the list
Task 572 has been added to the list
Task 460 has been added to the list
experiment  : INFO     [32m[32mstep: 920 	 training acc 0.21621621621621623 and training loss tensor(4.5329, device='cuda:0', grad_fn=<AddBackward0>), loss_auto: tensor(0.4875, device='cuda:0', grad_fn=<AddBackward0>), loss_pre: tensor(4.4842, device='cuda:0', grad_fn=<NllLossBackward0>)[0m[0m
Task 788 has been added to the list
Task 426 has been added to the list
Task 342 has been added to the list
Task 959 has been added to the list
Task 117 has been added to the list
Task 803 has been added to the list
Task 257 has been added to the list
Task 400 has been added to the list
Task 353 has been added to the list
Task 942 has been added to the list
Task 734 has been added to the list
Task 932 has been added to the list
Task 809 has been added to the list
Task 407 has been added to the list
Task 156 has been added to the list
Task 33 has been added to the list
experiment  : INFO     [32m[32mstep: 960 	 training acc 0.17567567567567569 and training loss tensor(4.4139, device='cuda:0', grad_fn=<AddBackward0>), loss_auto: tensor(0.4886, device='cuda:0', grad_fn=<AddBackward0>), loss_pre: tensor(4.3650, device='cuda:0', grad_fn=<NllLossBackward0>)[0m[0m
Task 112 has been added to the list
Task 232 has been added to the list
Task 9 has been added to the list
Task 620 has been added to the list
Task 676 has been added to the list
Task 283 has been added to the list
Task 789 has been added to the list
Task 381 has been added to the list
experiment  : INFO     [32m[32mstep: 1000 	 training acc 0.20270270270270271 and training loss tensor(4.0555, device='cuda:0', grad_fn=<AddBackward0>), loss_auto: tensor(0.4866, device='cuda:0', grad_fn=<AddBackward0>), loss_pre: tensor(4.0068, device='cuda:0', grad_fn=<NllLossBackward0>)[0m[0m
experiment  : INFO     [32m[32mTrain Accuracy = 0.14242738589211362[0m[0m
experiment  : INFO     [32m[32mTest Accuracy = 0.13926348547717526[0m[0m
Task 216 has been added to the list
Task 330 has been added to the list
Task 340 has been added to the list
Task 591 has been added to the list
Task 65 has been added to the list
Task 224 has been added to the list
Task 845 has been added to the list
Task 239 has been added to the list
Task 289 has been added to the list
Task 247 has been added to the list
Task 290 has been added to the list
Task 200 has been added to the list
Task 411 has been added to the list
Task 97 has been added to the list
Task 794 has been added to the list
Task 321 has been added to the list
Task 349 has been added to the list
Task 884 has been added to the list
Task 712 has been added to the list
experiment  : INFO     [32m[32mstep: 1040 	 training acc 0.17567567567567569 and training loss tensor(4.4261, device='cuda:0', grad_fn=<AddBackward0>), loss_auto: tensor(0.4898, device='cuda:0', grad_fn=<AddBackward0>), loss_pre: tensor(4.3771, device='cuda:0', grad_fn=<NllLossBackward0>)[0m[0m
Task 538 has been added to the list
Task 121 has been added to the list
Task 201 has been added to the list
Task 177 has been added to the list
Task 331 has been added to the list
Task 562 has been added to the list
Task 78 has been added to the list
Task 703 has been added to the list
Task 75 has been added to the list
Task 554 has been added to the list
Task 57 has been added to the list
Task 271 has been added to the list
Task 759 has been added to the list
Task 827 has been added to the list
Task 582 has been added to the list
experiment  : INFO     [32m[32mstep: 1080 	 training acc 0.16216216216216217 and training loss tensor(4.3365, device='cuda:0', grad_fn=<AddBackward0>), loss_auto: tensor(0.4878, device='cuda:0', grad_fn=<AddBackward0>), loss_pre: tensor(4.2877, device='cuda:0', grad_fn=<NllLossBackward0>)[0m[0m
Task 62 has been added to the list
Task 663 has been added to the list
Task 956 has been added to the list
Task 492 has been added to the list
Task 532 has been added to the list
Task 35 has been added to the list
Task 811 has been added to the list
Task 254 has been added to the list
Task 847 has been added to the list
Task 192 has been added to the list
Task 899 has been added to the list
experiment  : INFO     [32m[32mstep: 1120 	 training acc 0.20270270270270271 and training loss tensor(3.9961, device='cuda:0', grad_fn=<AddBackward0>), loss_auto: tensor(0.4881, device='cuda:0', grad_fn=<AddBackward0>), loss_pre: tensor(3.9473, device='cuda:0', grad_fn=<NllLossBackward0>)[0m[0m
Task 55 has been added to the list
Task 137 has been added to the list
Task 767 has been added to the list
Task 531 has been added to the list
Task 157 has been added to the list
Task 191 has been added to the list
Task 51 has been added to the list
Task 913 has been added to the list
Task 443 has been added to the list
Task 258 has been added to the list
Task 914 has been added to the list
Task 625 has been added to the list
Task 850 has been added to the list
Task 86 has been added to the list
Task 214 has been added to the list
Task 726 has been added to the list
Task 673 has been added to the list
Task 530 has been added to the list
experiment  : INFO     [32m[32mstep: 1160 	 training acc 0.3108108108108108 and training loss tensor(3.9397, device='cuda:0', grad_fn=<AddBackward0>), loss_auto: tensor(0.4876, device='cuda:0', grad_fn=<AddBackward0>), loss_pre: tensor(3.8910, device='cuda:0', grad_fn=<NllLossBackward0>)[0m[0m
Task 762 has been added to the list
Task 325 has been added to the list
Task 371 has been added to the list
Task 831 has been added to the list
Task 946 has been added to the list
Task 539 has been added to the list
Task 567 has been added to the list
Task 642 has been added to the list
Task 18 has been added to the list
experiment  : INFO     [32m[32mstep: 1200 	 training acc 0.1891891891891892 and training loss tensor(4.1990, device='cuda:0', grad_fn=<AddBackward0>), loss_auto: tensor(0.4891, device='cuda:0', grad_fn=<AddBackward0>), loss_pre: tensor(4.1501, device='cuda:0', grad_fn=<NllLossBackward0>)[0m[0m
Task 948 has been added to the list
Task 351 has been added to the list
Task 483 has been added to the list
Task 185 has been added to the list
Task 817 has been added to the list
Task 797 has been added to the list
Task 469 has been added to the list
Task 741 has been added to the list
Task 163 has been added to the list
Task 36 has been added to the list
Task 844 has been added to the list
experiment  : INFO     [32m[32mstep: 1240 	 training acc 0.24324324324324326 and training loss tensor(3.7553, device='cuda:0', grad_fn=<AddBackward0>), loss_auto: tensor(0.4881, device='cuda:0', grad_fn=<AddBackward0>), loss_pre: tensor(3.7065, device='cuda:0', grad_fn=<NllLossBackward0>)[0m[0m
Task 592 has been added to the list
Task 486 has been added to the list
Task 207 has been added to the list
Task 728 has been added to the list
Task 631 has been added to the list
Task 586 has been added to the list
Task 229 has been added to the list
Task 527 has been added to the list
Task 82 has been added to the list
Task 318 has been added to the list
Task 636 has been added to the list
Task 93 has been added to the list
Task 768 has been added to the list
experiment  : INFO     [32m[32mstep: 1280 	 training acc 0.25675675675675674 and training loss tensor(4.1074, device='cuda:0', grad_fn=<AddBackward0>), loss_auto: tensor(0.4844, device='cuda:0', grad_fn=<AddBackward0>), loss_pre: tensor(4.0589, device='cuda:0', grad_fn=<NllLossBackward0>)[0m[0m
Task 856 has been added to the list
Task 485 has been added to the list
Task 67 has been added to the list
Task 431 has been added to the list
Task 750 has been added to the list
Task 951 has been added to the list
Task 393 has been added to the list
experiment  : INFO     [32m[32mstep: 1320 	 training acc 0.28378378378378377 and training loss tensor(3.5286, device='cuda:0', grad_fn=<AddBackward0>), loss_auto: tensor(0.4861, device='cuda:0', grad_fn=<AddBackward0>), loss_pre: tensor(3.4799, device='cuda:0', grad_fn=<NllLossBackward0>)[0m[0m
Task 730 has been added to the list
Task 675 has been added to the list
Task 498 has been added to the list
Task 725 has been added to the list
Task 465 has been added to the list
Task 52 has been added to the list
Task 170 has been added to the list
Task 119 has been added to the list
Task 543 has been added to the list
Task 637 has been added to the list
experiment  : INFO     [32m[32mstep: 1360 	 training acc 0.3108108108108108 and training loss tensor(3.7288, device='cuda:0', grad_fn=<AddBackward0>), loss_auto: tensor(0.4885, device='cuda:0', grad_fn=<AddBackward0>), loss_pre: tensor(3.6799, device='cuda:0', grad_fn=<NllLossBackward0>)[0m[0m
Task 630 has been added to the list
Task 25 has been added to the list
Task 113 has been added to the list
Task 336 has been added to the list
Task 895 has been added to the list
Task 521 has been added to the list
Task 302 has been added to the list
Task 541 has been added to the list
Task 149 has been added to the list
experiment  : INFO     [32m[32mstep: 1400 	 training acc 0.2702702702702703 and training loss tensor(3.8181, device='cuda:0', grad_fn=<AddBackward0>), loss_auto: tensor(0.4885, device='cuda:0', grad_fn=<AddBackward0>), loss_pre: tensor(3.7692, device='cuda:0', grad_fn=<NllLossBackward0>)[0m[0m
Task 851 has been added to the list
Task 826 has been added to the list
Task 834 has been added to the list
Task 828 has been added to the list
Task 402 has been added to the list
Task 612 has been added to the list
Task 474 has been added to the list
Task 396 has been added to the list
Task 50 has been added to the list
Task 641 has been added to the list
Task 248 has been added to the list
Task 211 has been added to the list
experiment  : INFO     [32m[32mstep: 1440 	 training acc 0.22972972972972974 and training loss tensor(3.9015, device='cuda:0', grad_fn=<AddBackward0>), loss_auto: tensor(0.4869, device='cuda:0', grad_fn=<AddBackward0>), loss_pre: tensor(3.8528, device='cuda:0', grad_fn=<NllLossBackward0>)[0m[0m
Task 808 has been added to the list
Task 90 has been added to the list
Task 784 has been added to the list
Task 786 has been added to the list
Task 557 has been added to the list
experiment  : INFO     [32m[32mstep: 1480 	 training acc 0.2972972972972973 and training loss tensor(3.6765, device='cuda:0', grad_fn=<AddBackward0>), loss_auto: tensor(0.4893, device='cuda:0', grad_fn=<AddBackward0>), loss_pre: tensor(3.6276, device='cuda:0', grad_fn=<NllLossBackward0>)[0m[0m
Task 868 has been added to the list
Task 105 has been added to the list
Task 203 has been added to the list
experiment  : INFO     [32m[32mTrain Accuracy = 0.22520746887967102[0m[0m
experiment  : INFO     [32m[32mTest Accuracy = 0.22707468879668366[0m[0m
Task 418 has been added to the list
Task 852 has been added to the list
Task 347 has been added to the list
Task 891 has been added to the list
Task 896 has been added to the list
Task 855 has been added to the list
experiment  : INFO     [32m[32mstep: 1520 	 training acc 0.28378378378378377 and training loss tensor(3.4976, device='cuda:0', grad_fn=<AddBackward0>), loss_auto: tensor(0.4876, device='cuda:0', grad_fn=<AddBackward0>), loss_pre: tensor(3.4488, device='cuda:0', grad_fn=<NllLossBackward0>)[0m[0m
Task 499 has been added to the list
Task 787 has been added to the list
Task 187 has been added to the list
Task 444 has been added to the list
Task 522 has been added to the list
Task 380 has been added to the list
Task 308 has been added to the list
experiment  : INFO     [32m[32mstep: 1560 	 training acc 0.22972972972972974 and training loss tensor(4.0719, device='cuda:0', grad_fn=<AddBackward0>), loss_auto: tensor(0.4881, device='cuda:0', grad_fn=<AddBackward0>), loss_pre: tensor(4.0231, device='cuda:0', grad_fn=<NllLossBackward0>)[0m[0m
Task 615 has been added to the list
Task 769 has been added to the list
Task 111 has been added to the list
Task 259 has been added to the list
Task 954 has been added to the list
experiment  : INFO     [32m[32mstep: 1600 	 training acc 0.33783783783783783 and training loss tensor(3.4672, device='cuda:0', grad_fn=<AddBackward0>), loss_auto: tensor(0.4869, device='cuda:0', grad_fn=<AddBackward0>), loss_pre: tensor(3.4185, device='cuda:0', grad_fn=<NllLossBackward0>)[0m[0m
Task 69 has been added to the list
Task 234 has been added to the list
Task 282 has been added to the list
Task 298 has been added to the list
Task 835 has been added to the list
Task 873 has been added to the list
experiment  : INFO     [32m[32mstep: 1640 	 training acc 0.32432432432432434 and training loss tensor(3.2560, device='cuda:0', grad_fn=<AddBackward0>), loss_auto: tensor(0.4886, device='cuda:0', grad_fn=<AddBackward0>), loss_pre: tensor(3.2072, device='cuda:0', grad_fn=<NllLossBackward0>)[0m[0m
Task 363 has been added to the list
Task 618 has been added to the list
Task 162 has been added to the list
Task 243 has been added to the list
Task 436 has been added to the list
Task 683 has been added to the list
Task 526 has been added to the list
Task 178 has been added to the list
Task 464 has been added to the list
Task 231 has been added to the list
Task 466 has been added to the list
experiment  : INFO     [32m[32mstep: 1680 	 training acc 0.36486486486486486 and training loss tensor(3.2239, device='cuda:0', grad_fn=<AddBackward0>), loss_auto: tensor(0.4871, device='cuda:0', grad_fn=<AddBackward0>), loss_pre: tensor(3.1752, device='cuda:0', grad_fn=<NllLossBackward0>)[0m[0m
Task 323 has been added to the list
Task 519 has been added to the list
Task 174 has been added to the list
Task 467 has been added to the list
Task 406 has been added to the list
Task 662 has been added to the list
Task 934 has been added to the list
Task 779 has been added to the list
experiment  : INFO     [32m[32mstep: 1720 	 training acc 0.2702702702702703 and training loss tensor(3.4496, device='cuda:0', grad_fn=<AddBackward0>), loss_auto: tensor(0.4840, device='cuda:0', grad_fn=<AddBackward0>), loss_pre: tensor(3.4012, device='cuda:0', grad_fn=<NllLossBackward0>)[0m[0m
Task 537 has been added to the list
Task 754 has been added to the list
Task 701 has been added to the list
Task 1 has been added to the list
Task 764 has been added to the list
Task 220 has been added to the list
experiment  : INFO     [32m[32mstep: 1760 	 training acc 0.3918918918918919 and training loss tensor(3.1233, device='cuda:0', grad_fn=<AddBackward0>), loss_auto: tensor(0.4860, device='cuda:0', grad_fn=<AddBackward0>), loss_pre: tensor(3.0747, device='cuda:0', grad_fn=<NllLossBackward0>)[0m[0m
Task 865 has been added to the list
Task 624 has been added to the list
Task 722 has been added to the list
Task 857 has been added to the list
Task 652 has been added to the list
Task 114 has been added to the list
experiment  : INFO     [32m[32mstep: 1800 	 training acc 0.40540540540540543 and training loss tensor(3.4968, device='cuda:0', grad_fn=<AddBackward0>), loss_auto: tensor(0.4856, device='cuda:0', grad_fn=<AddBackward0>), loss_pre: tensor(3.4483, device='cuda:0', grad_fn=<NllLossBackward0>)[0m[0m
Task 658 has been added to the list
Task 650 has been added to the list
Task 893 has been added to the list
Task 535 has been added to the list
Task 943 has been added to the list
Task 950 has been added to the list
Task 742 has been added to the list
Task 171 has been added to the list
Task 324 has been added to the list
Task 4 has been added to the list
experiment  : INFO     [32m[32mstep: 1840 	 training acc 0.3918918918918919 and training loss tensor(3.3338, device='cuda:0', grad_fn=<AddBackward0>), loss_auto: tensor(0.4845, device='cuda:0', grad_fn=<AddBackward0>), loss_pre: tensor(3.2854, device='cuda:0', grad_fn=<NllLossBackward0>)[0m[0m
Task 561 has been added to the list
Task 549 has been added to the list
Task 548 has been added to the list
Task 585 has been added to the list
experiment  : INFO     [32m[32mstep: 1880 	 training acc 0.35135135135135137 and training loss tensor(3.3597, device='cuda:0', grad_fn=<AddBackward0>), loss_auto: tensor(0.4852, device='cuda:0', grad_fn=<AddBackward0>), loss_pre: tensor(3.3112, device='cuda:0', grad_fn=<NllLossBackward0>)[0m[0m
Task 182 has been added to the list
Task 860 has been added to the list
Task 476 has been added to the list
Task 911 has been added to the list
Task 619 has been added to the list
experiment  : INFO     [32m[32mstep: 1920 	 training acc 0.3918918918918919 and training loss tensor(2.9269, device='cuda:0', grad_fn=<AddBackward0>), loss_auto: tensor(0.4836, device='cuda:0', grad_fn=<AddBackward0>), loss_pre: tensor(2.8785, device='cuda:0', grad_fn=<NllLossBackward0>)[0m[0m
Task 118 has been added to the list
Task 660 has been added to the list
Task 238 has been added to the list
Task 558 has been added to the list
Task 949 has been added to the list
Task 688 has been added to the list
Task 819 has been added to the list
experiment  : INFO     [32m[32mstep: 1960 	 training acc 0.4189189189189189 and training loss tensor(2.8463, device='cuda:0', grad_fn=<AddBackward0>), loss_auto: tensor(0.4855, device='cuda:0', grad_fn=<AddBackward0>), loss_pre: tensor(2.7978, device='cuda:0', grad_fn=<NllLossBackward0>)[0m[0m
Task 924 has been added to the list
Task 782 has been added to the list
Task 888 has been added to the list
Task 150 has been added to the list
Task 236 has been added to the list
Task 47 has been added to the list
experiment  : INFO     [32m[32mstep: 2000 	 training acc 0.2702702702702703 and training loss tensor(3.6137, device='cuda:0', grad_fn=<AddBackward0>), loss_auto: tensor(0.4820, device='cuda:0', grad_fn=<AddBackward0>), loss_pre: tensor(3.5655, device='cuda:0', grad_fn=<NllLossBackward0>)[0m[0m
experiment  : INFO     [32m[32mTrain Accuracy = 0.2755186721991756[0m[0m
experiment  : INFO     [32m[32mTest Accuracy = 0.2747925311203372[0m[0m
Task 603 has been added to the list
Task 391 has been added to the list
Task 204 has been added to the list
Task 376 has been added to the list
Task 496 has been added to the list
Task 870 has been added to the list
Task 195 has been added to the list
experiment  : INFO     [32m[32mstep: 2040 	 training acc 0.35135135135135137 and training loss tensor(3.4066, device='cuda:0', grad_fn=<AddBackward0>), loss_auto: tensor(0.4831, device='cuda:0', grad_fn=<AddBackward0>), loss_pre: tensor(3.3583, device='cuda:0', grad_fn=<NllLossBackward0>)[0m[0m
Task 933 has been added to the list
Task 392 has been added to the list
Task 746 has been added to the list
Task 915 has been added to the list
Task 91 has been added to the list
Task 155 has been added to the list
experiment  : INFO     [32m[32mstep: 2080 	 training acc 0.3918918918918919 and training loss tensor(3.0161, device='cuda:0', grad_fn=<AddBackward0>), loss_auto: tensor(0.4839, device='cuda:0', grad_fn=<AddBackward0>), loss_pre: tensor(2.9677, device='cuda:0', grad_fn=<NllLossBackward0>)[0m[0m
Task 692 has been added to the list
Task 672 has been added to the list
Task 108 has been added to the list
Task 452 has been added to the list
Task 745 has been added to the list
Task 564 has been added to the list
experiment  : INFO     [32m[32mstep: 2120 	 training acc 0.40540540540540543 and training loss tensor(2.8797, device='cuda:0', grad_fn=<AddBackward0>), loss_auto: tensor(0.4829, device='cuda:0', grad_fn=<AddBackward0>), loss_pre: tensor(2.8314, device='cuda:0', grad_fn=<NllLossBackward0>)[0m[0m
Task 142 has been added to the list
Task 123 has been added to the list
Task 450 has been added to the list
Task 616 has been added to the list
Task 611 has been added to the list
experiment  : INFO     [32m[32mstep: 2160 	 training acc 0.36486486486486486 and training loss tensor(2.8963, device='cuda:0', grad_fn=<AddBackward0>), loss_auto: tensor(0.4822, device='cuda:0', grad_fn=<AddBackward0>), loss_pre: tensor(2.8481, device='cuda:0', grad_fn=<NllLossBackward0>)[0m[0m
Task 905 has been added to the list
Task 588 has been added to the list
Task 343 has been added to the list
Task 607 has been added to the list
Task 242 has been added to the list
Task 68 has been added to the list
experiment  : INFO     [32m[32mstep: 2200 	 training acc 0.36486486486486486 and training loss tensor(2.8339, device='cuda:0', grad_fn=<AddBackward0>), loss_auto: tensor(0.4845, device='cuda:0', grad_fn=<AddBackward0>), loss_pre: tensor(2.7854, device='cuda:0', grad_fn=<NllLossBackward0>)[0m[0m
Task 115 has been added to the list
Task 16 has been added to the list
experiment  : INFO     [32m[32mstep: 2240 	 training acc 0.32432432432432434 and training loss tensor(3.5850, device='cuda:0', grad_fn=<AddBackward0>), loss_auto: tensor(0.4835, device='cuda:0', grad_fn=<AddBackward0>), loss_pre: tensor(3.5366, device='cuda:0', grad_fn=<NllLossBackward0>)[0m[0m
Task 838 has been added to the list
Task 104 has been added to the list
experiment  : INFO     [32m[32mstep: 2280 	 training acc 0.35135135135135137 and training loss tensor(3.1028, device='cuda:0', grad_fn=<AddBackward0>), loss_auto: tensor(0.4864, device='cuda:0', grad_fn=<AddBackward0>), loss_pre: tensor(3.0542, device='cuda:0', grad_fn=<NllLossBackward0>)[0m[0m
Task 64 has been added to the list
Task 824 has been added to the list
Task 659 has been added to the list
experiment  : INFO     [32m[32mstep: 2320 	 training acc 0.35135135135135137 and training loss tensor(3.3231, device='cuda:0', grad_fn=<AddBackward0>), loss_auto: tensor(0.4823, device='cuda:0', grad_fn=<AddBackward0>), loss_pre: tensor(3.2749, device='cuda:0', grad_fn=<NllLossBackward0>)[0m[0m
Task 73 has been added to the list
Task 739 has been added to the list
Task 925 has been added to the list
experiment  : INFO     [32m[32mstep: 2360 	 training acc 0.5135135135135135 and training loss tensor(2.6116, device='cuda:0', grad_fn=<AddBackward0>), loss_auto: tensor(0.4820, device='cuda:0', grad_fn=<AddBackward0>), loss_pre: tensor(2.5634, device='cuda:0', grad_fn=<NllLossBackward0>)[0m[0m
Task 623 has been added to the list
Task 255 has been added to the list
Task 581 has been added to the list
Task 226 has been added to the list
Task 958 has been added to the list
Task 147 has been added to the list
Task 512 has been added to the list
experiment  : INFO     [32m[32mstep: 2400 	 training acc 0.4189189189189189 and training loss tensor(2.8920, device='cuda:0', grad_fn=<AddBackward0>), loss_auto: tensor(0.4833, device='cuda:0', grad_fn=<AddBackward0>), loss_pre: tensor(2.8437, device='cuda:0', grad_fn=<NllLossBackward0>)[0m[0m
Task 902 has been added to the list
Task 584 has been added to the list
Task 918 has been added to the list
experiment  : INFO     [32m[32mstep: 2440 	 training acc 0.3108108108108108 and training loss tensor(2.9069, device='cuda:0', grad_fn=<AddBackward0>), loss_auto: tensor(0.4831, device='cuda:0', grad_fn=<AddBackward0>), loss_pre: tensor(2.8586, device='cuda:0', grad_fn=<NllLossBackward0>)[0m[0m
Task 269 has been added to the list
Task 357 has been added to the list
Task 815 has been added to the list
Task 599 has been added to the list
Task 653 has been added to the list
Task 136 has been added to the list
Task 179 has been added to the list
Task 867 has been added to the list
experiment  : INFO     [32m[32mstep: 2480 	 training acc 0.36486486486486486 and training loss tensor(3.1261, device='cuda:0', grad_fn=<AddBackward0>), loss_auto: tensor(0.4844, device='cuda:0', grad_fn=<AddBackward0>), loss_pre: tensor(3.0777, device='cuda:0', grad_fn=<NllLossBackward0>)[0m[0m
Task 227 has been added to the list
Task 864 has been added to the list
experiment  : INFO     [32m[32mTrain Accuracy = 0.34486514522822376[0m[0m
experiment  : INFO     [32m[32mTest Accuracy = 0.3423755186722069[0m[0m
experiment  : INFO     [32m[32mstep: 2520 	 training acc 0.40540540540540543 and training loss tensor(2.9191, device='cuda:0', grad_fn=<AddBackward0>), loss_auto: tensor(0.4871, device='cuda:0', grad_fn=<AddBackward0>), loss_pre: tensor(2.8704, device='cuda:0', grad_fn=<NllLossBackward0>)[0m[0m
Task 478 has been added to the list
Task 674 has been added to the list
Task 878 has been added to the list
experiment  : INFO     [32m[32mstep: 2560 	 training acc 0.32432432432432434 and training loss tensor(3.3541, device='cuda:0', grad_fn=<AddBackward0>), loss_auto: tensor(0.4843, device='cuda:0', grad_fn=<AddBackward0>), loss_pre: tensor(3.3057, device='cuda:0', grad_fn=<NllLossBackward0>)[0m[0m
Task 606 has been added to the list
experiment  : INFO     [32m[32mstep: 2600 	 training acc 0.36486486486486486 and training loss tensor(3.0634, device='cuda:0', grad_fn=<AddBackward0>), loss_auto: tensor(0.4816, device='cuda:0', grad_fn=<AddBackward0>), loss_pre: tensor(3.0152, device='cuda:0', grad_fn=<NllLossBackward0>)[0m[0m
Task 253 has been added to the list
experiment  : INFO     [32m[32mstep: 2640 	 training acc 0.43243243243243246 and training loss tensor(2.8937, device='cuda:0', grad_fn=<AddBackward0>), loss_auto: tensor(0.4867, device='cuda:0', grad_fn=<AddBackward0>), loss_pre: tensor(2.8450, device='cuda:0', grad_fn=<NllLossBackward0>)[0m[0m
Task 523 has been added to the list
experiment  : INFO     [32m[32mstep: 2680 	 training acc 0.4189189189189189 and training loss tensor(2.9357, device='cuda:0', grad_fn=<AddBackward0>), loss_auto: tensor(0.4821, device='cuda:0', grad_fn=<AddBackward0>), loss_pre: tensor(2.8875, device='cuda:0', grad_fn=<NllLossBackward0>)[0m[0m
Task 732 has been added to the list
experiment  : INFO     [32m[32mstep: 2720 	 training acc 0.4594594594594595 and training loss tensor(3.1022, device='cuda:0', grad_fn=<AddBackward0>), loss_auto: tensor(0.4837, device='cuda:0', grad_fn=<AddBackward0>), loss_pre: tensor(3.0538, device='cuda:0', grad_fn=<NllLossBackward0>)[0m[0m
experiment  : INFO     [32m[32mstep: 2760 	 training acc 0.36486486486486486 and training loss tensor(3.4325, device='cuda:0', grad_fn=<AddBackward0>), loss_auto: tensor(0.4808, device='cuda:0', grad_fn=<AddBackward0>), loss_pre: tensor(3.3845, device='cuda:0', grad_fn=<NllLossBackward0>)[0m[0m
Task 44 has been added to the list
Task 495 has been added to the list
experiment  : INFO     [32m[32mstep: 2800 	 training acc 0.3783783783783784 and training loss tensor(3.0578, device='cuda:0', grad_fn=<AddBackward0>), loss_auto: tensor(0.4831, device='cuda:0', grad_fn=<AddBackward0>), loss_pre: tensor(3.0095, device='cuda:0', grad_fn=<NllLossBackward0>)[0m[0m
Task 414 has been added to the list
Task 193 has been added to the list
experiment  : INFO     [32m[32mstep: 2840 	 training acc 0.4594594594594595 and training loss tensor(2.8191, device='cuda:0', grad_fn=<AddBackward0>), loss_auto: tensor(0.4832, device='cuda:0', grad_fn=<AddBackward0>), loss_pre: tensor(2.7708, device='cuda:0', grad_fn=<NllLossBackward0>)[0m[0m
Task 70 has been added to the list
experiment  : INFO     [32m[32mstep: 2880 	 training acc 0.43243243243243246 and training loss tensor(2.7924, device='cuda:0', grad_fn=<AddBackward0>), loss_auto: tensor(0.4846, device='cuda:0', grad_fn=<AddBackward0>), loss_pre: tensor(2.7440, device='cuda:0', grad_fn=<NllLossBackward0>)[0m[0m
Task 184 has been added to the list
Task 456 has been added to the list
experiment  : INFO     [32m[32mstep: 2920 	 training acc 0.40540540540540543 and training loss tensor(3.6383, device='cuda:0', grad_fn=<AddBackward0>), loss_auto: tensor(0.4840, device='cuda:0', grad_fn=<AddBackward0>), loss_pre: tensor(3.5899, device='cuda:0', grad_fn=<NllLossBackward0>)[0m[0m
Task 716 has been added to the list
experiment  : INFO     [32m[32mstep: 2960 	 training acc 0.3918918918918919 and training loss tensor(2.9668, device='cuda:0', grad_fn=<AddBackward0>), loss_auto: tensor(0.4826, device='cuda:0', grad_fn=<AddBackward0>), loss_pre: tensor(2.9185, device='cuda:0', grad_fn=<NllLossBackward0>)[0m[0m
experiment  : INFO     [32m[32mstep: 3000 	 training acc 0.4594594594594595 and training loss tensor(2.8496, device='cuda:0', grad_fn=<AddBackward0>), loss_auto: tensor(0.4826, device='cuda:0', grad_fn=<AddBackward0>), loss_pre: tensor(2.8013, device='cuda:0', grad_fn=<NllLossBackward0>)[0m[0m
experiment  : INFO     [32m[32mTrain Accuracy = 0.38661825726141913[0m[0m
experiment  : INFO     [32m[32mTest Accuracy = 0.38656639004150134[0m[0m
Task 822 has been added to the list
Task 760 has been added to the list
Task 472 has been added to the list
Task 475 has been added to the list
experiment  : INFO     [32m[32mstep: 3040 	 training acc 0.4864864864864865 and training loss tensor(2.5432, device='cuda:0', grad_fn=<AddBackward0>), loss_auto: tensor(0.4808, device='cuda:0', grad_fn=<AddBackward0>), loss_pre: tensor(2.4951, device='cuda:0', grad_fn=<NllLossBackward0>)[0m[0m
experiment  : INFO     [32m[32mstep: 3080 	 training acc 0.4864864864864865 and training loss tensor(2.4212, device='cuda:0', grad_fn=<AddBackward0>), loss_auto: tensor(0.4814, device='cuda:0', grad_fn=<AddBackward0>), loss_pre: tensor(2.3731, device='cuda:0', grad_fn=<NllLossBackward0>)[0m[0m
experiment  : INFO     [32m[32mstep: 3120 	 training acc 0.3783783783783784 and training loss tensor(2.9785, device='cuda:0', grad_fn=<AddBackward0>), loss_auto: tensor(0.4819, device='cuda:0', grad_fn=<AddBackward0>), loss_pre: tensor(2.9303, device='cuda:0', grad_fn=<NllLossBackward0>)[0m[0m
Task 471 has been added to the list
experiment  : INFO     [32m[32mstep: 3160 	 training acc 0.5135135135135135 and training loss tensor(2.4469, device='cuda:0', grad_fn=<AddBackward0>), loss_auto: tensor(0.4812, device='cuda:0', grad_fn=<AddBackward0>), loss_pre: tensor(2.3988, device='cuda:0', grad_fn=<NllLossBackward0>)[0m[0m
Task 840 has been added to the list
experiment  : INFO     [32m[32mstep: 3200 	 training acc 0.32432432432432434 and training loss tensor(3.4952, device='cuda:0', grad_fn=<AddBackward0>), loss_auto: tensor(0.4810, device='cuda:0', grad_fn=<AddBackward0>), loss_pre: tensor(3.4471, device='cuda:0', grad_fn=<NllLossBackward0>)[0m[0m
Task 388 has been added to the list
experiment  : INFO     [32m[32mstep: 3240 	 training acc 0.5135135135135135 and training loss tensor(2.5670, device='cuda:0', grad_fn=<AddBackward0>), loss_auto: tensor(0.4827, device='cuda:0', grad_fn=<AddBackward0>), loss_pre: tensor(2.5187, device='cuda:0', grad_fn=<NllLossBackward0>)[0m[0m
Task 14 has been added to the list
experiment  : INFO     [32m[32mstep: 3280 	 training acc 0.3783783783783784 and training loss tensor(2.9487, device='cuda:0', grad_fn=<AddBackward0>), loss_auto: tensor(0.4772, device='cuda:0', grad_fn=<AddBackward0>), loss_pre: tensor(2.9009, device='cuda:0', grad_fn=<NllLossBackward0>)[0m[0m
experiment  : INFO     [32m[32mstep: 3320 	 training acc 0.5 and training loss tensor(2.7249, device='cuda:0', grad_fn=<AddBackward0>), loss_auto: tensor(0.4836, device='cuda:0', grad_fn=<AddBackward0>), loss_pre: tensor(2.6765, device='cuda:0', grad_fn=<NllLossBackward0>)[0m[0m
Task 508 has been added to the list
Task 180 has been added to the list
experiment  : INFO     [32m[32mstep: 3360 	 training acc 0.527027027027027 and training loss tensor(2.4494, device='cuda:0', grad_fn=<AddBackward0>), loss_auto: tensor(0.4812, device='cuda:0', grad_fn=<AddBackward0>), loss_pre: tensor(2.4012, device='cuda:0', grad_fn=<NllLossBackward0>)[0m[0m
Task 846 has been added to the list
experiment  : INFO     [32m[32mstep: 3400 	 training acc 0.4864864864864865 and training loss tensor(2.3952, device='cuda:0', grad_fn=<AddBackward0>), loss_auto: tensor(0.4796, device='cuda:0', grad_fn=<AddBackward0>), loss_pre: tensor(2.3473, device='cuda:0', grad_fn=<NllLossBackward0>)[0m[0m
Task 12 has been added to the list
Task 953 has been added to the list
experiment  : INFO     [32m[32mstep: 3440 	 training acc 0.527027027027027 and training loss tensor(2.3430, device='cuda:0', grad_fn=<AddBackward0>), loss_auto: tensor(0.4782, device='cuda:0', grad_fn=<AddBackward0>), loss_pre: tensor(2.2952, device='cuda:0', grad_fn=<NllLossBackward0>)[0m[0m
Task 770 has been added to the list
experiment  : INFO     [32m[32mstep: 3480 	 training acc 0.4864864864864865 and training loss tensor(2.3921, device='cuda:0', grad_fn=<AddBackward0>), loss_auto: tensor(0.4818, device='cuda:0', grad_fn=<AddBackward0>), loss_pre: tensor(2.3439, device='cuda:0', grad_fn=<NllLossBackward0>)[0m[0m
experiment  : INFO     [32m[32mTrain Accuracy = 0.41327800829876166[0m[0m
experiment  : INFO     [32m[32mTest Accuracy = 0.4156639004149439[0m[0m
experiment  : INFO     [32m[32mstep: 3520 	 training acc 0.33783783783783783 and training loss tensor(2.8641, device='cuda:0', grad_fn=<AddBackward0>), loss_auto: tensor(0.4853, device='cuda:0', grad_fn=<AddBackward0>), loss_pre: tensor(2.8156, device='cuda:0', grad_fn=<NllLossBackward0>)[0m[0m
experiment  : INFO     [32m[32mstep: 3560 	 training acc 0.4594594594594595 and training loss tensor(2.5907, device='cuda:0', grad_fn=<AddBackward0>), loss_auto: tensor(0.4810, device='cuda:0', grad_fn=<AddBackward0>), loss_pre: tensor(2.5426, device='cuda:0', grad_fn=<NllLossBackward0>)[0m[0m
experiment  : INFO     [32m[32mstep: 3600 	 training acc 0.4189189189189189 and training loss tensor(2.8597, device='cuda:0', grad_fn=<AddBackward0>), loss_auto: tensor(0.4802, device='cuda:0', grad_fn=<AddBackward0>), loss_pre: tensor(2.8117, device='cuda:0', grad_fn=<NllLossBackward0>)[0m[0m
experiment  : INFO     [32m[32mstep: 3640 	 training acc 0.581081081081081 and training loss tensor(2.0566, device='cuda:0', grad_fn=<AddBackward0>), loss_auto: tensor(0.4778, device='cuda:0', grad_fn=<AddBackward0>), loss_pre: tensor(2.0089, device='cuda:0', grad_fn=<NllLossBackward0>)[0m[0m
Task 3 has been added to the list
experiment  : INFO     [32m[32mstep: 3680 	 training acc 0.5405405405405406 and training loss tensor(2.5767, device='cuda:0', grad_fn=<AddBackward0>), loss_auto: tensor(0.4831, device='cuda:0', grad_fn=<AddBackward0>), loss_pre: tensor(2.5284, device='cuda:0', grad_fn=<NllLossBackward0>)[0m[0m
experiment  : INFO     [32m[32mstep: 3720 	 training acc 0.5135135135135135 and training loss tensor(2.5425, device='cuda:0', grad_fn=<AddBackward0>), loss_auto: tensor(0.4825, device='cuda:0', grad_fn=<AddBackward0>), loss_pre: tensor(2.4943, device='cuda:0', grad_fn=<NllLossBackward0>)[0m[0m
experiment  : INFO     [32m[32mstep: 3760 	 training acc 0.4594594594594595 and training loss tensor(2.5731, device='cuda:0', grad_fn=<AddBackward0>), loss_auto: tensor(0.4781, device='cuda:0', grad_fn=<AddBackward0>), loss_pre: tensor(2.5253, device='cuda:0', grad_fn=<NllLossBackward0>)[0m[0m
Task 919 has been added to the list
Task 272 has been added to the list
experiment  : INFO     [32m[32mstep: 3800 	 training acc 0.40540540540540543 and training loss tensor(2.9529, device='cuda:0', grad_fn=<AddBackward0>), loss_auto: tensor(0.4801, device='cuda:0', grad_fn=<AddBackward0>), loss_pre: tensor(2.9049, device='cuda:0', grad_fn=<NllLossBackward0>)[0m[0m
experiment  : INFO     [32m[32mstep: 3840 	 training acc 0.47297297297297297 and training loss tensor(2.5815, device='cuda:0', grad_fn=<AddBackward0>), loss_auto: tensor(0.4780, device='cuda:0', grad_fn=<AddBackward0>), loss_pre: tensor(2.5337, device='cuda:0', grad_fn=<NllLossBackward0>)[0m[0m
experiment  : INFO     [32m[32mstep: 3880 	 training acc 0.5405405405405406 and training loss tensor(2.4439, device='cuda:0', grad_fn=<AddBackward0>), loss_auto: tensor(0.4795, device='cuda:0', grad_fn=<AddBackward0>), loss_pre: tensor(2.3960, device='cuda:0', grad_fn=<NllLossBackward0>)[0m[0m
Task 110 has been added to the list
experiment  : INFO     [32m[32mstep: 3920 	 training acc 0.44594594594594594 and training loss tensor(3.0059, device='cuda:0', grad_fn=<AddBackward0>), loss_auto: tensor(0.4811, device='cuda:0', grad_fn=<AddBackward0>), loss_pre: tensor(2.9578, device='cuda:0', grad_fn=<NllLossBackward0>)[0m[0m
Task 423 has been added to the list
experiment  : INFO     [32m[32mstep: 3960 	 training acc 0.5540540540540541 and training loss tensor(2.1064, device='cuda:0', grad_fn=<AddBackward0>), loss_auto: tensor(0.4792, device='cuda:0', grad_fn=<AddBackward0>), loss_pre: tensor(2.0585, device='cuda:0', grad_fn=<NllLossBackward0>)[0m[0m
experiment  : INFO     [32m[32mstep: 4000 	 training acc 0.6351351351351351 and training loss tensor(1.8473, device='cuda:0', grad_fn=<AddBackward0>), loss_auto: tensor(0.4778, device='cuda:0', grad_fn=<AddBackward0>), loss_pre: tensor(1.7995, device='cuda:0', grad_fn=<NllLossBackward0>)[0m[0m
experiment  : INFO     [32m[32mTrain Accuracy = 0.44678423236515[0m[0m
experiment  : INFO     [32m[32mTest Accuracy = 0.4448651452282196[0m[0m
experiment  : INFO     [32m[32mstep: 4040 	 training acc 0.47297297297297297 and training loss tensor(2.3737, device='cuda:0', grad_fn=<AddBackward0>), loss_auto: tensor(0.4773, device='cuda:0', grad_fn=<AddBackward0>), loss_pre: tensor(2.3260, device='cuda:0', grad_fn=<NllLossBackward0>)[0m[0m
experiment  : INFO     [32m[32mstep: 4080 	 training acc 0.5405405405405406 and training loss tensor(2.0303, device='cuda:0', grad_fn=<AddBackward0>), loss_auto: tensor(0.4796, device='cuda:0', grad_fn=<AddBackward0>), loss_pre: tensor(1.9823, device='cuda:0', grad_fn=<NllLossBackward0>)[0m[0m
experiment  : INFO     [32m[32mstep: 4120 	 training acc 0.581081081081081 and training loss tensor(1.9392, device='cuda:0', grad_fn=<AddBackward0>), loss_auto: tensor(0.4771, device='cuda:0', grad_fn=<AddBackward0>), loss_pre: tensor(1.8915, device='cuda:0', grad_fn=<NllLossBackward0>)[0m[0m
experiment  : INFO     [32m[32mstep: 4160 	 training acc 0.4864864864864865 and training loss tensor(2.4938, device='cuda:0', grad_fn=<AddBackward0>), loss_auto: tensor(0.4784, device='cuda:0', grad_fn=<AddBackward0>), loss_pre: tensor(2.4459, device='cuda:0', grad_fn=<NllLossBackward0>)[0m[0m
Task 740 has been added to the list
experiment  : INFO     [32m[32mstep: 4200 	 training acc 0.4864864864864865 and training loss tensor(2.5088, device='cuda:0', grad_fn=<AddBackward0>), loss_auto: tensor(0.4808, device='cuda:0', grad_fn=<AddBackward0>), loss_pre: tensor(2.4608, device='cuda:0', grad_fn=<NllLossBackward0>)[0m[0m
experiment  : INFO     [32m[32mstep: 4240 	 training acc 0.47297297297297297 and training loss tensor(2.7222, device='cuda:0', grad_fn=<AddBackward0>), loss_auto: tensor(0.4789, device='cuda:0', grad_fn=<AddBackward0>), loss_pre: tensor(2.6743, device='cuda:0', grad_fn=<NllLossBackward0>)[0m[0m
experiment  : INFO     [32m[32mstep: 4280 	 training acc 0.5675675675675675 and training loss tensor(2.2051, device='cuda:0', grad_fn=<AddBackward0>), loss_auto: tensor(0.4829, device='cuda:0', grad_fn=<AddBackward0>), loss_pre: tensor(2.1568, device='cuda:0', grad_fn=<NllLossBackward0>)[0m[0m
Task 416 has been added to the list
experiment  : INFO     [32m[32mstep: 4320 	 training acc 0.4594594594594595 and training loss tensor(2.6550, device='cuda:0', grad_fn=<AddBackward0>), loss_auto: tensor(0.4800, device='cuda:0', grad_fn=<AddBackward0>), loss_pre: tensor(2.6070, device='cuda:0', grad_fn=<NllLossBackward0>)[0m[0m
experiment  : INFO     [32m[32mstep: 4360 	 training acc 0.5540540540540541 and training loss tensor(2.3379, device='cuda:0', grad_fn=<AddBackward0>), loss_auto: tensor(0.4752, device='cuda:0', grad_fn=<AddBackward0>), loss_pre: tensor(2.2903, device='cuda:0', grad_fn=<NllLossBackward0>)[0m[0m
Task 589 has been added to the list
experiment  : INFO     [32m[32mstep: 4400 	 training acc 0.5405405405405406 and training loss tensor(2.2263, device='cuda:0', grad_fn=<AddBackward0>), loss_auto: tensor(0.4738, device='cuda:0', grad_fn=<AddBackward0>), loss_pre: tensor(2.1789, device='cuda:0', grad_fn=<NllLossBackward0>)[0m[0m
Task 281 has been added to the list
Task 837 has been added to the list
experiment  : INFO     [32m[32mstep: 4440 	 training acc 0.4864864864864865 and training loss tensor(2.3875, device='cuda:0', grad_fn=<AddBackward0>), loss_auto: tensor(0.4757, device='cuda:0', grad_fn=<AddBackward0>), loss_pre: tensor(2.3400, device='cuda:0', grad_fn=<NllLossBackward0>)[0m[0m
experiment  : INFO     [32m[32mstep: 4480 	 training acc 0.527027027027027 and training loss tensor(2.1662, device='cuda:0', grad_fn=<AddBackward0>), loss_auto: tensor(0.4781, device='cuda:0', grad_fn=<AddBackward0>), loss_pre: tensor(2.1184, device='cuda:0', grad_fn=<NllLossBackward0>)[0m[0m
experiment  : INFO     [32m[32mTrain Accuracy = 0.4684647302904583[0m[0m
experiment  : INFO     [32m[32mTest Accuracy = 0.470228215767638[0m[0m
experiment  : INFO     [32m[32mstep: 4520 	 training acc 0.6081081081081081 and training loss tensor(2.1182, device='cuda:0', grad_fn=<AddBackward0>), loss_auto: tensor(0.4766, device='cuda:0', grad_fn=<AddBackward0>), loss_pre: tensor(2.0705, device='cuda:0', grad_fn=<NllLossBackward0>)[0m[0m
Task 756 has been added to the list
Task 92 has been added to the list
experiment  : INFO     [32m[32mstep: 4560 	 training acc 0.6486486486486487 and training loss tensor(2.1829, device='cuda:0', grad_fn=<AddBackward0>), loss_auto: tensor(0.4788, device='cuda:0', grad_fn=<AddBackward0>), loss_pre: tensor(2.1350, device='cuda:0', grad_fn=<NllLossBackward0>)[0m[0m
experiment  : INFO     [32m[32mstep: 4600 	 training acc 0.40540540540540543 and training loss tensor(2.5796, device='cuda:0', grad_fn=<AddBackward0>), loss_auto: tensor(0.4765, device='cuda:0', grad_fn=<AddBackward0>), loss_pre: tensor(2.5319, device='cuda:0', grad_fn=<NllLossBackward0>)[0m[0m
experiment  : INFO     [32m[32mstep: 4640 	 training acc 0.5405405405405406 and training loss tensor(2.4847, device='cuda:0', grad_fn=<AddBackward0>), loss_auto: tensor(0.4772, device='cuda:0', grad_fn=<AddBackward0>), loss_pre: tensor(2.4370, device='cuda:0', grad_fn=<NllLossBackward0>)[0m[0m
experiment  : INFO     [32m[32mstep: 4680 	 training acc 0.5675675675675675 and training loss tensor(2.3442, device='cuda:0', grad_fn=<AddBackward0>), loss_auto: tensor(0.4779, device='cuda:0', grad_fn=<AddBackward0>), loss_pre: tensor(2.2964, device='cuda:0', grad_fn=<NllLossBackward0>)[0m[0m
Task 863 has been added to the list
experiment  : INFO     [32m[32mstep: 4720 	 training acc 0.527027027027027 and training loss tensor(2.0317, device='cuda:0', grad_fn=<AddBackward0>), loss_auto: tensor(0.4779, device='cuda:0', grad_fn=<AddBackward0>), loss_pre: tensor(1.9839, device='cuda:0', grad_fn=<NllLossBackward0>)[0m[0m
experiment  : INFO     [32m[32mstep: 4760 	 training acc 0.5 and training loss tensor(2.5769, device='cuda:0', grad_fn=<AddBackward0>), loss_auto: tensor(0.4761, device='cuda:0', grad_fn=<AddBackward0>), loss_pre: tensor(2.5293, device='cuda:0', grad_fn=<NllLossBackward0>)[0m[0m
experiment  : INFO     [32m[32mstep: 4800 	 training acc 0.5675675675675675 and training loss tensor(2.0117, device='cuda:0', grad_fn=<AddBackward0>), loss_auto: tensor(0.4750, device='cuda:0', grad_fn=<AddBackward0>), loss_pre: tensor(1.9642, device='cuda:0', grad_fn=<NllLossBackward0>)[0m[0m
experiment  : INFO     [32m[32mstep: 4840 	 training acc 0.5675675675675675 and training loss tensor(2.0753, device='cuda:0', grad_fn=<AddBackward0>), loss_auto: tensor(0.4784, device='cuda:0', grad_fn=<AddBackward0>), loss_pre: tensor(2.0275, device='cuda:0', grad_fn=<NllLossBackward0>)[0m[0m
experiment  : INFO     [32m[32mstep: 4880 	 training acc 0.5675675675675675 and training loss tensor(2.6565, device='cuda:0', grad_fn=<AddBackward0>), loss_auto: tensor(0.4753, device='cuda:0', grad_fn=<AddBackward0>), loss_pre: tensor(2.6090, device='cuda:0', grad_fn=<NllLossBackward0>)[0m[0m
experiment  : INFO     [32m[32mstep: 4920 	 training acc 0.5405405405405406 and training loss tensor(2.3017, device='cuda:0', grad_fn=<AddBackward0>), loss_auto: tensor(0.4795, device='cuda:0', grad_fn=<AddBackward0>), loss_pre: tensor(2.2537, device='cuda:0', grad_fn=<NllLossBackward0>)[0m[0m
experiment  : INFO     [32m[32mstep: 4960 	 training acc 0.527027027027027 and training loss tensor(2.4916, device='cuda:0', grad_fn=<AddBackward0>), loss_auto: tensor(0.4787, device='cuda:0', grad_fn=<AddBackward0>), loss_pre: tensor(2.4437, device='cuda:0', grad_fn=<NllLossBackward0>)[0m[0m
Task 133 has been added to the list
experiment  : INFO     [32m[32mstep: 5000 	 training acc 0.5405405405405406 and training loss tensor(2.2377, device='cuda:0', grad_fn=<AddBackward0>), loss_auto: tensor(0.4760, device='cuda:0', grad_fn=<AddBackward0>), loss_pre: tensor(2.1901, device='cuda:0', grad_fn=<NllLossBackward0>)[0m[0m
experiment  : INFO     [32m[32mTrain Accuracy = 0.47474066390041736[0m[0m
experiment  : INFO     [32m[32mTest Accuracy = 0.47380705394191114[0m[0m
experiment  : INFO     [32m[32mstep: 5040 	 training acc 0.6216216216216216 and training loss tensor(2.0789, device='cuda:0', grad_fn=<AddBackward0>), loss_auto: tensor(0.4757, device='cuda:0', grad_fn=<AddBackward0>), loss_pre: tensor(2.0313, device='cuda:0', grad_fn=<NllLossBackward0>)[0m[0m
experiment  : INFO     [32m[32mstep: 5080 	 training acc 0.5945945945945946 and training loss tensor(1.7892, device='cuda:0', grad_fn=<AddBackward0>), loss_auto: tensor(0.4750, device='cuda:0', grad_fn=<AddBackward0>), loss_pre: tensor(1.7417, device='cuda:0', grad_fn=<NllLossBackward0>)[0m[0m
experiment  : INFO     [32m[32mstep: 5120 	 training acc 0.4864864864864865 and training loss tensor(2.3676, device='cuda:0', grad_fn=<AddBackward0>), loss_auto: tensor(0.4786, device='cuda:0', grad_fn=<AddBackward0>), loss_pre: tensor(2.3198, device='cuda:0', grad_fn=<NllLossBackward0>)[0m[0m
experiment  : INFO     [32m[32mstep: 5160 	 training acc 0.5 and training loss tensor(2.4628, device='cuda:0', grad_fn=<AddBackward0>), loss_auto: tensor(0.4737, device='cuda:0', grad_fn=<AddBackward0>), loss_pre: tensor(2.4154, device='cuda:0', grad_fn=<NllLossBackward0>)[0m[0m
experiment  : INFO     [32m[32mstep: 5200 	 training acc 0.527027027027027 and training loss tensor(2.2015, device='cuda:0', grad_fn=<AddBackward0>), loss_auto: tensor(0.4749, device='cuda:0', grad_fn=<AddBackward0>), loss_pre: tensor(2.1540, device='cuda:0', grad_fn=<NllLossBackward0>)[0m[0m
Task 579 has been added to the list
experiment  : INFO     [32m[32mstep: 5240 	 training acc 0.5405405405405406 and training loss tensor(2.0392, device='cuda:0', grad_fn=<AddBackward0>), loss_auto: tensor(0.4749, device='cuda:0', grad_fn=<AddBackward0>), loss_pre: tensor(1.9917, device='cuda:0', grad_fn=<NllLossBackward0>)[0m[0m
experiment  : INFO     [32m[32mstep: 5280 	 training acc 0.4864864864864865 and training loss tensor(2.3540, device='cuda:0', grad_fn=<AddBackward0>), loss_auto: tensor(0.4738, device='cuda:0', grad_fn=<AddBackward0>), loss_pre: tensor(2.3066, device='cuda:0', grad_fn=<NllLossBackward0>)[0m[0m
experiment  : INFO     [32m[32mstep: 5320 	 training acc 0.5945945945945946 and training loss tensor(2.1208, device='cuda:0', grad_fn=<AddBackward0>), loss_auto: tensor(0.4760, device='cuda:0', grad_fn=<AddBackward0>), loss_pre: tensor(2.0732, device='cuda:0', grad_fn=<NllLossBackward0>)[0m[0m
experiment  : INFO     [32m[32mstep: 5360 	 training acc 0.5 and training loss tensor(2.7312, device='cuda:0', grad_fn=<AddBackward0>), loss_auto: tensor(0.4758, device='cuda:0', grad_fn=<AddBackward0>), loss_pre: tensor(2.6836, device='cuda:0', grad_fn=<NllLossBackward0>)[0m[0m
experiment  : INFO     [32m[32mstep: 5400 	 training acc 0.5675675675675675 and training loss tensor(2.1825, device='cuda:0', grad_fn=<AddBackward0>), loss_auto: tensor(0.4738, device='cuda:0', grad_fn=<AddBackward0>), loss_pre: tensor(2.1351, device='cuda:0', grad_fn=<NllLossBackward0>)[0m[0m
experiment  : INFO     [32m[32mstep: 5440 	 training acc 0.6081081081081081 and training loss tensor(2.0393, device='cuda:0', grad_fn=<AddBackward0>), loss_auto: tensor(0.4797, device='cuda:0', grad_fn=<AddBackward0>), loss_pre: tensor(1.9914, device='cuda:0', grad_fn=<NllLossBackward0>)[0m[0m
experiment  : INFO     [32m[32mstep: 5480 	 training acc 0.5135135135135135 and training loss tensor(2.4648, device='cuda:0', grad_fn=<AddBackward0>), loss_auto: tensor(0.4800, device='cuda:0', grad_fn=<AddBackward0>), loss_pre: tensor(2.4168, device='cuda:0', grad_fn=<NllLossBackward0>)[0m[0m
experiment  : INFO     [32m[32mTrain Accuracy = 0.48817427385892165[0m[0m
experiment  : INFO     [32m[32mTest Accuracy = 0.4857883817427408[0m[0m
experiment  : INFO     [32m[32mstep: 5520 	 training acc 0.5405405405405406 and training loss tensor(2.2430, device='cuda:0', grad_fn=<AddBackward0>), loss_auto: tensor(0.4790, device='cuda:0', grad_fn=<AddBackward0>), loss_pre: tensor(2.1951, device='cuda:0', grad_fn=<NllLossBackward0>)[0m[0m
experiment  : INFO     [32m[32mstep: 5560 	 training acc 0.5135135135135135 and training loss tensor(1.9894, device='cuda:0', grad_fn=<AddBackward0>), loss_auto: tensor(0.4794, device='cuda:0', grad_fn=<AddBackward0>), loss_pre: tensor(1.9415, device='cuda:0', grad_fn=<NllLossBackward0>)[0m[0m
experiment  : INFO     [32m[32mstep: 5600 	 training acc 0.5675675675675675 and training loss tensor(2.2565, device='cuda:0', grad_fn=<AddBackward0>), loss_auto: tensor(0.4764, device='cuda:0', grad_fn=<AddBackward0>), loss_pre: tensor(2.2088, device='cuda:0', grad_fn=<NllLossBackward0>)[0m[0m
experiment  : INFO     [32m[32mstep: 5640 	 training acc 0.527027027027027 and training loss tensor(2.5645, device='cuda:0', grad_fn=<AddBackward0>), loss_auto: tensor(0.4755, device='cuda:0', grad_fn=<AddBackward0>), loss_pre: tensor(2.5169, device='cuda:0', grad_fn=<NllLossBackward0>)[0m[0m
experiment  : INFO     [32m[32mstep: 5680 	 training acc 0.5 and training loss tensor(2.8989, device='cuda:0', grad_fn=<AddBackward0>), loss_auto: tensor(0.4755, device='cuda:0', grad_fn=<AddBackward0>), loss_pre: tensor(2.8513, device='cuda:0', grad_fn=<NllLossBackward0>)[0m[0m
experiment  : INFO     [32m[32mstep: 5720 	 training acc 0.4594594594594595 and training loss tensor(2.6714, device='cuda:0', grad_fn=<AddBackward0>), loss_auto: tensor(0.4722, device='cuda:0', grad_fn=<AddBackward0>), loss_pre: tensor(2.6242, device='cuda:0', grad_fn=<NllLossBackward0>)[0m[0m
experiment  : INFO     [32m[32mstep: 5760 	 training acc 0.581081081081081 and training loss tensor(2.3378, device='cuda:0', grad_fn=<AddBackward0>), loss_auto: tensor(0.4745, device='cuda:0', grad_fn=<AddBackward0>), loss_pre: tensor(2.2904, device='cuda:0', grad_fn=<NllLossBackward0>)[0m[0m
experiment  : INFO     [32m[32mstep: 5800 	 training acc 0.527027027027027 and training loss tensor(2.7062, device='cuda:0', grad_fn=<AddBackward0>), loss_auto: tensor(0.4793, device='cuda:0', grad_fn=<AddBackward0>), loss_pre: tensor(2.6583, device='cuda:0', grad_fn=<NllLossBackward0>)[0m[0m
experiment  : INFO     [32m[32mstep: 5840 	 training acc 0.5 and training loss tensor(2.3574, device='cuda:0', grad_fn=<AddBackward0>), loss_auto: tensor(0.4754, device='cuda:0', grad_fn=<AddBackward0>), loss_pre: tensor(2.3098, device='cuda:0', grad_fn=<NllLossBackward0>)[0m[0m
experiment  : INFO     [32m[32mstep: 5880 	 training acc 0.5135135135135135 and training loss tensor(2.3076, device='cuda:0', grad_fn=<AddBackward0>), loss_auto: tensor(0.4757, device='cuda:0', grad_fn=<AddBackward0>), loss_pre: tensor(2.2600, device='cuda:0', grad_fn=<NllLossBackward0>)[0m[0m
experiment  : INFO     [32m[32mstep: 5920 	 training acc 0.6351351351351351 and training loss tensor(1.9884, device='cuda:0', grad_fn=<AddBackward0>), loss_auto: tensor(0.4758, device='cuda:0', grad_fn=<AddBackward0>), loss_pre: tensor(1.9408, device='cuda:0', grad_fn=<NllLossBackward0>)[0m[0m
experiment  : INFO     [32m[32mstep: 5960 	 training acc 0.4594594594594595 and training loss tensor(2.5206, device='cuda:0', grad_fn=<AddBackward0>), loss_auto: tensor(0.4716, device='cuda:0', grad_fn=<AddBackward0>), loss_pre: tensor(2.4735, device='cuda:0', grad_fn=<NllLossBackward0>)[0m[0m
experiment  : INFO     [32m[32mstep: 6000 	 training acc 0.5675675675675675 and training loss tensor(2.4044, device='cuda:0', grad_fn=<AddBackward0>), loss_auto: tensor(0.4745, device='cuda:0', grad_fn=<AddBackward0>), loss_pre: tensor(2.3570, device='cuda:0', grad_fn=<NllLossBackward0>)[0m[0m
experiment  : INFO     [32m[32mTrain Accuracy = 0.49118257261410897[0m[0m
experiment  : INFO     [32m[32mTest Accuracy = 0.4931016597510379[0m[0m
experiment  : INFO     [32m[32mstep: 6040 	 training acc 0.6351351351351351 and training loss tensor(1.9430, device='cuda:0', grad_fn=<AddBackward0>), loss_auto: tensor(0.4770, device='cuda:0', grad_fn=<AddBackward0>), loss_pre: tensor(1.8953, device='cuda:0', grad_fn=<NllLossBackward0>)[0m[0m
experiment  : INFO     [32m[32mstep: 6080 	 training acc 0.44594594594594594 and training loss tensor(2.7580, device='cuda:0', grad_fn=<AddBackward0>), loss_auto: tensor(0.4723, device='cuda:0', grad_fn=<AddBackward0>), loss_pre: tensor(2.7108, device='cuda:0', grad_fn=<NllLossBackward0>)[0m[0m
experiment  : INFO     [32m[32mstep: 6120 	 training acc 0.5945945945945946 and training loss tensor(2.3296, device='cuda:0', grad_fn=<AddBackward0>), loss_auto: tensor(0.4729, device='cuda:0', grad_fn=<AddBackward0>), loss_pre: tensor(2.2823, device='cuda:0', grad_fn=<NllLossBackward0>)[0m[0m
experiment  : INFO     [32m[32mstep: 6160 	 training acc 0.581081081081081 and training loss tensor(2.2327, device='cuda:0', grad_fn=<AddBackward0>), loss_auto: tensor(0.4705, device='cuda:0', grad_fn=<AddBackward0>), loss_pre: tensor(2.1857, device='cuda:0', grad_fn=<NllLossBackward0>)[0m[0m
experiment  : INFO     [32m[32mstep: 6200 	 training acc 0.5135135135135135 and training loss tensor(2.2980, device='cuda:0', grad_fn=<AddBackward0>), loss_auto: tensor(0.4740, device='cuda:0', grad_fn=<AddBackward0>), loss_pre: tensor(2.2506, device='cuda:0', grad_fn=<NllLossBackward0>)[0m[0m
experiment  : INFO     [32m[32mstep: 6240 	 training acc 0.5405405405405406 and training loss tensor(2.2315, device='cuda:0', grad_fn=<AddBackward0>), loss_auto: tensor(0.4703, device='cuda:0', grad_fn=<AddBackward0>), loss_pre: tensor(2.1845, device='cuda:0', grad_fn=<NllLossBackward0>)[0m[0m
experiment  : INFO     [32m[32mstep: 6280 	 training acc 0.6216216216216216 and training loss tensor(2.2128, device='cuda:0', grad_fn=<AddBackward0>), loss_auto: tensor(0.4767, device='cuda:0', grad_fn=<AddBackward0>), loss_pre: tensor(2.1651, device='cuda:0', grad_fn=<NllLossBackward0>)[0m[0m
experiment  : INFO     [32m[32mstep: 6320 	 training acc 0.6486486486486487 and training loss tensor(1.7209, device='cuda:0', grad_fn=<AddBackward0>), loss_auto: tensor(0.4767, device='cuda:0', grad_fn=<AddBackward0>), loss_pre: tensor(1.6733, device='cuda:0', grad_fn=<NllLossBackward0>)[0m[0m
experiment  : INFO     [32m[32mstep: 6360 	 training acc 0.6081081081081081 and training loss tensor(2.2502, device='cuda:0', grad_fn=<AddBackward0>), loss_auto: tensor(0.4738, device='cuda:0', grad_fn=<AddBackward0>), loss_pre: tensor(2.2028, device='cuda:0', grad_fn=<NllLossBackward0>)[0m[0m
experiment  : INFO     [32m[32mstep: 6400 	 training acc 0.5540540540540541 and training loss tensor(2.7623, device='cuda:0', grad_fn=<AddBackward0>), loss_auto: tensor(0.4752, device='cuda:0', grad_fn=<AddBackward0>), loss_pre: tensor(2.7148, device='cuda:0', grad_fn=<NllLossBackward0>)[0m[0m
experiment  : INFO     [32m[32mstep: 6440 	 training acc 0.581081081081081 and training loss tensor(2.3232, device='cuda:0', grad_fn=<AddBackward0>), loss_auto: tensor(0.4767, device='cuda:0', grad_fn=<AddBackward0>), loss_pre: tensor(2.2756, device='cuda:0', grad_fn=<NllLossBackward0>)[0m[0m
experiment  : INFO     [32m[32mstep: 6480 	 training acc 0.6216216216216216 and training loss tensor(2.0017, device='cuda:0', grad_fn=<AddBackward0>), loss_auto: tensor(0.4731, device='cuda:0', grad_fn=<AddBackward0>), loss_pre: tensor(1.9544, device='cuda:0', grad_fn=<NllLossBackward0>)[0m[0m
experiment  : INFO     [32m[32mTrain Accuracy = 0.5014004149377608[0m[0m
experiment  : INFO     [32m[32mTest Accuracy = 0.5025414937759323[0m[0m
experiment  : INFO     [32m[32mstep: 6520 	 training acc 0.581081081081081 and training loss tensor(2.2614, device='cuda:0', grad_fn=<AddBackward0>), loss_auto: tensor(0.4753, device='cuda:0', grad_fn=<AddBackward0>), loss_pre: tensor(2.2139, device='cuda:0', grad_fn=<NllLossBackward0>)[0m[0m
experiment  : INFO     [32m[32mstep: 6560 	 training acc 0.6351351351351351 and training loss tensor(1.8331, device='cuda:0', grad_fn=<AddBackward0>), loss_auto: tensor(0.4712, device='cuda:0', grad_fn=<AddBackward0>), loss_pre: tensor(1.7860, device='cuda:0', grad_fn=<NllLossBackward0>)[0m[0m
experiment  : INFO     [32m[32mstep: 6600 	 training acc 0.47297297297297297 and training loss tensor(2.4970, device='cuda:0', grad_fn=<AddBackward0>), loss_auto: tensor(0.4745, device='cuda:0', grad_fn=<AddBackward0>), loss_pre: tensor(2.4496, device='cuda:0', grad_fn=<NllLossBackward0>)[0m[0m
experiment  : INFO     [32m[32mstep: 6640 	 training acc 0.47297297297297297 and training loss tensor(2.9903, device='cuda:0', grad_fn=<AddBackward0>), loss_auto: tensor(0.4754, device='cuda:0', grad_fn=<AddBackward0>), loss_pre: tensor(2.9428, device='cuda:0', grad_fn=<NllLossBackward0>)[0m[0m
experiment  : INFO     [32m[32mstep: 6680 	 training acc 0.5675675675675675 and training loss tensor(2.1872, device='cuda:0', grad_fn=<AddBackward0>), loss_auto: tensor(0.4734, device='cuda:0', grad_fn=<AddBackward0>), loss_pre: tensor(2.1398, device='cuda:0', grad_fn=<NllLossBackward0>)[0m[0m
experiment  : INFO     [32m[32mstep: 6720 	 training acc 0.5 and training loss tensor(2.7928, device='cuda:0', grad_fn=<AddBackward0>), loss_auto: tensor(0.4832, device='cuda:0', grad_fn=<AddBackward0>), loss_pre: tensor(2.7445, device='cuda:0', grad_fn=<NllLossBackward0>)[0m[0m
experiment  : INFO     [32m[32mstep: 6760 	 training acc 0.4594594594594595 and training loss tensor(2.6020, device='cuda:0', grad_fn=<AddBackward0>), loss_auto: tensor(0.4696, device='cuda:0', grad_fn=<AddBackward0>), loss_pre: tensor(2.5551, device='cuda:0', grad_fn=<NllLossBackward0>)[0m[0m
experiment  : INFO     [32m[32mstep: 6800 	 training acc 0.5 and training loss tensor(2.3831, device='cuda:0', grad_fn=<AddBackward0>), loss_auto: tensor(0.4717, device='cuda:0', grad_fn=<AddBackward0>), loss_pre: tensor(2.3360, device='cuda:0', grad_fn=<NllLossBackward0>)[0m[0m
experiment  : INFO     [32m[32mstep: 6840 	 training acc 0.5540540540540541 and training loss tensor(2.0161, device='cuda:0', grad_fn=<AddBackward0>), loss_auto: tensor(0.4700, device='cuda:0', grad_fn=<AddBackward0>), loss_pre: tensor(1.9691, device='cuda:0', grad_fn=<NllLossBackward0>)[0m[0m
experiment  : INFO     [32m[32mstep: 6880 	 training acc 0.581081081081081 and training loss tensor(1.9947, device='cuda:0', grad_fn=<AddBackward0>), loss_auto: tensor(0.4722, device='cuda:0', grad_fn=<AddBackward0>), loss_pre: tensor(1.9475, device='cuda:0', grad_fn=<NllLossBackward0>)[0m[0m
experiment  : INFO     [32m[32mstep: 6920 	 training acc 0.5135135135135135 and training loss tensor(2.5109, device='cuda:0', grad_fn=<AddBackward0>), loss_auto: tensor(0.4699, device='cuda:0', grad_fn=<AddBackward0>), loss_pre: tensor(2.4639, device='cuda:0', grad_fn=<NllLossBackward0>)[0m[0m
experiment  : INFO     [32m[32mstep: 6960 	 training acc 0.581081081081081 and training loss tensor(2.1255, device='cuda:0', grad_fn=<AddBackward0>), loss_auto: tensor(0.4708, device='cuda:0', grad_fn=<AddBackward0>), loss_pre: tensor(2.0784, device='cuda:0', grad_fn=<NllLossBackward0>)[0m[0m
experiment  : INFO     [32m[32mstep: 7000 	 training acc 0.581081081081081 and training loss tensor(2.0201, device='cuda:0', grad_fn=<AddBackward0>), loss_auto: tensor(0.4715, device='cuda:0', grad_fn=<AddBackward0>), loss_pre: tensor(1.9729, device='cuda:0', grad_fn=<NllLossBackward0>)[0m[0m
experiment  : INFO     [32m[32mTrain Accuracy = 0.5193983402489597[0m[0m
experiment  : INFO     [32m[32mTest Accuracy = 0.5150933609958495[0m[0m
experiment  : INFO     [32m[32mstep: 7040 	 training acc 0.527027027027027 and training loss tensor(2.5361, device='cuda:0', grad_fn=<AddBackward0>), loss_auto: tensor(0.4720, device='cuda:0', grad_fn=<AddBackward0>), loss_pre: tensor(2.4889, device='cuda:0', grad_fn=<NllLossBackward0>)[0m[0m
experiment  : INFO     [32m[32mstep: 7080 	 training acc 0.5675675675675675 and training loss tensor(1.9383, device='cuda:0', grad_fn=<AddBackward0>), loss_auto: tensor(0.4706, device='cuda:0', grad_fn=<AddBackward0>), loss_pre: tensor(1.8912, device='cuda:0', grad_fn=<NllLossBackward0>)[0m[0m
experiment  : INFO     [32m[32mstep: 7120 	 training acc 0.4864864864864865 and training loss tensor(2.9453, device='cuda:0', grad_fn=<AddBackward0>), loss_auto: tensor(0.4776, device='cuda:0', grad_fn=<AddBackward0>), loss_pre: tensor(2.8976, device='cuda:0', grad_fn=<NllLossBackward0>)[0m[0m
experiment  : INFO     [32m[32mstep: 7160 	 training acc 0.6081081081081081 and training loss tensor(1.8696, device='cuda:0', grad_fn=<AddBackward0>), loss_auto: tensor(0.4674, device='cuda:0', grad_fn=<AddBackward0>), loss_pre: tensor(1.8229, device='cuda:0', grad_fn=<NllLossBackward0>)[0m[0m
experiment  : INFO     [32m[32mstep: 7200 	 training acc 0.44594594594594594 and training loss tensor(2.6724, device='cuda:0', grad_fn=<AddBackward0>), loss_auto: tensor(0.4735, device='cuda:0', grad_fn=<AddBackward0>), loss_pre: tensor(2.6250, device='cuda:0', grad_fn=<NllLossBackward0>)[0m[0m
experiment  : INFO     [32m[32mstep: 7240 	 training acc 0.5945945945945946 and training loss tensor(2.2302, device='cuda:0', grad_fn=<AddBackward0>), loss_auto: tensor(0.4718, device='cuda:0', grad_fn=<AddBackward0>), loss_pre: tensor(2.1831, device='cuda:0', grad_fn=<NllLossBackward0>)[0m[0m
experiment  : INFO     [32m[32mstep: 7280 	 training acc 0.7027027027027027 and training loss tensor(1.6251, device='cuda:0', grad_fn=<AddBackward0>), loss_auto: tensor(0.4717, device='cuda:0', grad_fn=<AddBackward0>), loss_pre: tensor(1.5779, device='cuda:0', grad_fn=<NllLossBackward0>)[0m[0m
experiment  : INFO     [32m[32mstep: 7320 	 training acc 0.6351351351351351 and training loss tensor(1.9508, device='cuda:0', grad_fn=<AddBackward0>), loss_auto: tensor(0.4723, device='cuda:0', grad_fn=<AddBackward0>), loss_pre: tensor(1.9036, device='cuda:0', grad_fn=<NllLossBackward0>)[0m[0m
experiment  : INFO     [32m[32mstep: 7360 	 training acc 0.527027027027027 and training loss tensor(2.4339, device='cuda:0', grad_fn=<AddBackward0>), loss_auto: tensor(0.4723, device='cuda:0', grad_fn=<AddBackward0>), loss_pre: tensor(2.3867, device='cuda:0', grad_fn=<NllLossBackward0>)[0m[0m
experiment  : INFO     [32m[32mstep: 7400 	 training acc 0.5 and training loss tensor(2.2817, device='cuda:0', grad_fn=<AddBackward0>), loss_auto: tensor(0.4722, device='cuda:0', grad_fn=<AddBackward0>), loss_pre: tensor(2.2345, device='cuda:0', grad_fn=<NllLossBackward0>)[0m[0m
experiment  : INFO     [32m[32mstep: 7440 	 training acc 0.6486486486486487 and training loss tensor(1.9880, device='cuda:0', grad_fn=<AddBackward0>), loss_auto: tensor(0.4737, device='cuda:0', grad_fn=<AddBackward0>), loss_pre: tensor(1.9406, device='cuda:0', grad_fn=<NllLossBackward0>)[0m[0m
experiment  : INFO     [32m[32mstep: 7480 	 training acc 0.581081081081081 and training loss tensor(2.1833, device='cuda:0', grad_fn=<AddBackward0>), loss_auto: tensor(0.4666, device='cuda:0', grad_fn=<AddBackward0>), loss_pre: tensor(2.1366, device='cuda:0', grad_fn=<NllLossBackward0>)[0m[0m
experiment  : INFO     [32m[32mTrain Accuracy = 0.522354771784231[0m[0m
experiment  : INFO     [32m[32mTest Accuracy = 0.5234958506224039[0m[0m
experiment  : INFO     [32m[32mstep: 7520 	 training acc 0.5945945945945946 and training loss tensor(2.2326, device='cuda:0', grad_fn=<AddBackward0>), loss_auto: tensor(0.4703, device='cuda:0', grad_fn=<AddBackward0>), loss_pre: tensor(2.1855, device='cuda:0', grad_fn=<NllLossBackward0>)[0m[0m
experiment  : INFO     [32m[32mstep: 7560 	 training acc 0.5405405405405406 and training loss tensor(2.2749, device='cuda:0', grad_fn=<AddBackward0>), loss_auto: tensor(0.4705, device='cuda:0', grad_fn=<AddBackward0>), loss_pre: tensor(2.2278, device='cuda:0', grad_fn=<NllLossBackward0>)[0m[0m
experiment  : INFO     [32m[32mstep: 7600 	 training acc 0.6621621621621622 and training loss tensor(1.7038, device='cuda:0', grad_fn=<AddBackward0>), loss_auto: tensor(0.4683, device='cuda:0', grad_fn=<AddBackward0>), loss_pre: tensor(1.6570, device='cuda:0', grad_fn=<NllLossBackward0>)[0m[0m
Task 223 has been added to the list
experiment  : INFO     [32m[32mstep: 7640 	 training acc 0.6486486486486487 and training loss tensor(2.1201, device='cuda:0', grad_fn=<AddBackward0>), loss_auto: tensor(0.4725, device='cuda:0', grad_fn=<AddBackward0>), loss_pre: tensor(2.0728, device='cuda:0', grad_fn=<NllLossBackward0>)[0m[0m
experiment  : INFO     [32m[32mstep: 7680 	 training acc 0.5945945945945946 and training loss tensor(2.1116, device='cuda:0', grad_fn=<AddBackward0>), loss_auto: tensor(0.4730, device='cuda:0', grad_fn=<AddBackward0>), loss_pre: tensor(2.0643, device='cuda:0', grad_fn=<NllLossBackward0>)[0m[0m
experiment  : INFO     [32m[32mstep: 7720 	 training acc 0.5405405405405406 and training loss tensor(2.6270, device='cuda:0', grad_fn=<AddBackward0>), loss_auto: tensor(0.4704, device='cuda:0', grad_fn=<AddBackward0>), loss_pre: tensor(2.5800, device='cuda:0', grad_fn=<NllLossBackward0>)[0m[0m
experiment  : INFO     [32m[32mstep: 7760 	 training acc 0.5540540540540541 and training loss tensor(2.3623, device='cuda:0', grad_fn=<AddBackward0>), loss_auto: tensor(0.4681, device='cuda:0', grad_fn=<AddBackward0>), loss_pre: tensor(2.3154, device='cuda:0', grad_fn=<NllLossBackward0>)[0m[0m
experiment  : INFO     [32m[32mstep: 7800 	 training acc 0.7162162162162162 and training loss tensor(1.8083, device='cuda:0', grad_fn=<AddBackward0>), loss_auto: tensor(0.4710, device='cuda:0', grad_fn=<AddBackward0>), loss_pre: tensor(1.7612, device='cuda:0', grad_fn=<NllLossBackward0>)[0m[0m
experiment  : INFO     [32m[32mstep: 7840 	 training acc 0.5675675675675675 and training loss tensor(2.0682, device='cuda:0', grad_fn=<AddBackward0>), loss_auto: tensor(0.4727, device='cuda:0', grad_fn=<AddBackward0>), loss_pre: tensor(2.0209, device='cuda:0', grad_fn=<NllLossBackward0>)[0m[0m
experiment  : INFO     [32m[32mstep: 7880 	 training acc 0.6486486486486487 and training loss tensor(1.7435, device='cuda:0', grad_fn=<AddBackward0>), loss_auto: tensor(0.4709, device='cuda:0', grad_fn=<AddBackward0>), loss_pre: tensor(1.6964, device='cuda:0', grad_fn=<NllLossBackward0>)[0m[0m
experiment  : INFO     [32m[32mstep: 7920 	 training acc 0.5135135135135135 and training loss tensor(2.4616, device='cuda:0', grad_fn=<AddBackward0>), loss_auto: tensor(0.4664, device='cuda:0', grad_fn=<AddBackward0>), loss_pre: tensor(2.4150, device='cuda:0', grad_fn=<NllLossBackward0>)[0m[0m
experiment  : INFO     [32m[32mstep: 7960 	 training acc 0.5945945945945946 and training loss tensor(1.7874, device='cuda:0', grad_fn=<AddBackward0>), loss_auto: tensor(0.4681, device='cuda:0', grad_fn=<AddBackward0>), loss_pre: tensor(1.7406, device='cuda:0', grad_fn=<NllLossBackward0>)[0m[0m
experiment  : INFO     [32m[32mstep: 8000 	 training acc 0.6621621621621622 and training loss tensor(1.8352, device='cuda:0', grad_fn=<AddBackward0>), loss_auto: tensor(0.4726, device='cuda:0', grad_fn=<AddBackward0>), loss_pre: tensor(1.7879, device='cuda:0', grad_fn=<NllLossBackward0>)[0m[0m
experiment  : INFO     [32m[32mTrain Accuracy = 0.5214730290456387[0m[0m
experiment  : INFO     [32m[32mTest Accuracy = 0.5223029045643129[0m[0m
experiment  : INFO     [32m[32mstep: 8040 	 training acc 0.7297297297297297 and training loss tensor(1.6389, device='cuda:0', grad_fn=<AddBackward0>), loss_auto: tensor(0.4700, device='cuda:0', grad_fn=<AddBackward0>), loss_pre: tensor(1.5919, device='cuda:0', grad_fn=<NllLossBackward0>)[0m[0m
experiment  : INFO     [32m[32mstep: 8080 	 training acc 0.6081081081081081 and training loss tensor(2.1293, device='cuda:0', grad_fn=<AddBackward0>), loss_auto: tensor(0.4682, device='cuda:0', grad_fn=<AddBackward0>), loss_pre: tensor(2.0825, device='cuda:0', grad_fn=<NllLossBackward0>)[0m[0m
experiment  : INFO     [32m[32mstep: 8120 	 training acc 0.5675675675675675 and training loss tensor(2.2440, device='cuda:0', grad_fn=<AddBackward0>), loss_auto: tensor(0.4675, device='cuda:0', grad_fn=<AddBackward0>), loss_pre: tensor(2.1973, device='cuda:0', grad_fn=<NllLossBackward0>)[0m[0m
experiment  : INFO     [32m[32mstep: 8160 	 training acc 0.6756756756756757 and training loss tensor(2.0943, device='cuda:0', grad_fn=<AddBackward0>), loss_auto: tensor(0.4663, device='cuda:0', grad_fn=<AddBackward0>), loss_pre: tensor(2.0476, device='cuda:0', grad_fn=<NllLossBackward0>)[0m[0m
experiment  : INFO     [32m[32mstep: 8200 	 training acc 0.6621621621621622 and training loss tensor(1.4459, device='cuda:0', grad_fn=<AddBackward0>), loss_auto: tensor(0.4772, device='cuda:0', grad_fn=<AddBackward0>), loss_pre: tensor(1.3982, device='cuda:0', grad_fn=<NllLossBackward0>)[0m[0m
experiment  : INFO     [32m[32mstep: 8240 	 training acc 0.5945945945945946 and training loss tensor(2.3458, device='cuda:0', grad_fn=<AddBackward0>), loss_auto: tensor(0.4667, device='cuda:0', grad_fn=<AddBackward0>), loss_pre: tensor(2.2992, device='cuda:0', grad_fn=<NllLossBackward0>)[0m[0m
experiment  : INFO     [32m[32mstep: 8280 	 training acc 0.6756756756756757 and training loss tensor(1.7620, device='cuda:0', grad_fn=<AddBackward0>), loss_auto: tensor(0.4736, device='cuda:0', grad_fn=<AddBackward0>), loss_pre: tensor(1.7146, device='cuda:0', grad_fn=<NllLossBackward0>)[0m[0m
experiment  : INFO     [32m[32mstep: 8320 	 training acc 0.5945945945945946 and training loss tensor(2.1574, device='cuda:0', grad_fn=<AddBackward0>), loss_auto: tensor(0.4694, device='cuda:0', grad_fn=<AddBackward0>), loss_pre: tensor(2.1105, device='cuda:0', grad_fn=<NllLossBackward0>)[0m[0m
experiment  : INFO     [32m[32mstep: 8360 	 training acc 0.6081081081081081 and training loss tensor(2.4609, device='cuda:0', grad_fn=<AddBackward0>), loss_auto: tensor(0.4674, device='cuda:0', grad_fn=<AddBackward0>), loss_pre: tensor(2.4141, device='cuda:0', grad_fn=<NllLossBackward0>)[0m[0m
experiment  : INFO     [32m[32mstep: 8400 	 training acc 0.5135135135135135 and training loss tensor(2.4504, device='cuda:0', grad_fn=<AddBackward0>), loss_auto: tensor(0.4727, device='cuda:0', grad_fn=<AddBackward0>), loss_pre: tensor(2.4031, device='cuda:0', grad_fn=<NllLossBackward0>)[0m[0m
experiment  : INFO     [32m[32mstep: 8440 	 training acc 0.581081081081081 and training loss tensor(2.5386, device='cuda:0', grad_fn=<AddBackward0>), loss_auto: tensor(0.4722, device='cuda:0', grad_fn=<AddBackward0>), loss_pre: tensor(2.4914, device='cuda:0', grad_fn=<NllLossBackward0>)[0m[0m
experiment  : INFO     [32m[32mstep: 8480 	 training acc 0.43243243243243246 and training loss tensor(2.9531, device='cuda:0', grad_fn=<AddBackward0>), loss_auto: tensor(0.4732, device='cuda:0', grad_fn=<AddBackward0>), loss_pre: tensor(2.9058, device='cuda:0', grad_fn=<NllLossBackward0>)[0m[0m
experiment  : INFO     [32m[32mTrain Accuracy = 0.5332468879668016[0m[0m
experiment  : INFO     [32m[32mTest Accuracy = 0.5352697095435639[0m[0m
experiment  : INFO     [32m[32mstep: 8520 	 training acc 0.7162162162162162 and training loss tensor(1.6357, device='cuda:0', grad_fn=<AddBackward0>), loss_auto: tensor(0.4699, device='cuda:0', grad_fn=<AddBackward0>), loss_pre: tensor(1.5887, device='cuda:0', grad_fn=<NllLossBackward0>)[0m[0m
experiment  : INFO     [32m[32mstep: 8560 	 training acc 0.5945945945945946 and training loss tensor(1.9008, device='cuda:0', grad_fn=<AddBackward0>), loss_auto: tensor(0.4691, device='cuda:0', grad_fn=<AddBackward0>), loss_pre: tensor(1.8539, device='cuda:0', grad_fn=<NllLossBackward0>)[0m[0m
experiment  : INFO     [32m[32mstep: 8600 	 training acc 0.6891891891891891 and training loss tensor(1.6907, device='cuda:0', grad_fn=<AddBackward0>), loss_auto: tensor(0.4690, device='cuda:0', grad_fn=<AddBackward0>), loss_pre: tensor(1.6438, device='cuda:0', grad_fn=<NllLossBackward0>)[0m[0m
experiment  : INFO     [32m[32mstep: 8640 	 training acc 0.44594594594594594 and training loss tensor(3.3388, device='cuda:0', grad_fn=<AddBackward0>), loss_auto: tensor(0.4731, device='cuda:0', grad_fn=<AddBackward0>), loss_pre: tensor(3.2914, device='cuda:0', grad_fn=<NllLossBackward0>)[0m[0m
experiment  : INFO     [32m[32mstep: 8680 	 training acc 0.581081081081081 and training loss tensor(2.4644, device='cuda:0', grad_fn=<AddBackward0>), loss_auto: tensor(0.4721, device='cuda:0', grad_fn=<AddBackward0>), loss_pre: tensor(2.4172, device='cuda:0', grad_fn=<NllLossBackward0>)[0m[0m
experiment  : INFO     [32m[32mstep: 8720 	 training acc 0.5405405405405406 and training loss tensor(2.3301, device='cuda:0', grad_fn=<AddBackward0>), loss_auto: tensor(0.4663, device='cuda:0', grad_fn=<AddBackward0>), loss_pre: tensor(2.2834, device='cuda:0', grad_fn=<NllLossBackward0>)[0m[0m
experiment  : INFO     [32m[32mstep: 8760 	 training acc 0.6081081081081081 and training loss tensor(2.1829, device='cuda:0', grad_fn=<AddBackward0>), loss_auto: tensor(0.4657, device='cuda:0', grad_fn=<AddBackward0>), loss_pre: tensor(2.1363, device='cuda:0', grad_fn=<NllLossBackward0>)[0m[0m
experiment  : INFO     [32m[32mstep: 8800 	 training acc 0.47297297297297297 and training loss tensor(2.9412, device='cuda:0', grad_fn=<AddBackward0>), loss_auto: tensor(0.4693, device='cuda:0', grad_fn=<AddBackward0>), loss_pre: tensor(2.8943, device='cuda:0', grad_fn=<NllLossBackward0>)[0m[0m
experiment  : INFO     [32m[32mstep: 8840 	 training acc 0.6351351351351351 and training loss tensor(1.9569, device='cuda:0', grad_fn=<AddBackward0>), loss_auto: tensor(0.4689, device='cuda:0', grad_fn=<AddBackward0>), loss_pre: tensor(1.9100, device='cuda:0', grad_fn=<NllLossBackward0>)[0m[0m
experiment  : INFO     [32m[32mstep: 8880 	 training acc 0.5405405405405406 and training loss tensor(2.4854, device='cuda:0', grad_fn=<AddBackward0>), loss_auto: tensor(0.4659, device='cuda:0', grad_fn=<AddBackward0>), loss_pre: tensor(2.4388, device='cuda:0', grad_fn=<NllLossBackward0>)[0m[0m
experiment  : INFO     [32m[32mstep: 8920 	 training acc 0.5405405405405406 and training loss tensor(2.6408, device='cuda:0', grad_fn=<AddBackward0>), loss_auto: tensor(0.4773, device='cuda:0', grad_fn=<AddBackward0>), loss_pre: tensor(2.5930, device='cuda:0', grad_fn=<NllLossBackward0>)[0m[0m
experiment  : INFO     [32m[32mstep: 8960 	 training acc 0.6081081081081081 and training loss tensor(1.9410, device='cuda:0', grad_fn=<AddBackward0>), loss_auto: tensor(0.4705, device='cuda:0', grad_fn=<AddBackward0>), loss_pre: tensor(1.8939, device='cuda:0', grad_fn=<NllLossBackward0>)[0m[0m
experiment  : INFO     [32m[32mstep: 9000 	 training acc 0.6621621621621622 and training loss tensor(1.9528, device='cuda:0', grad_fn=<AddBackward0>), loss_auto: tensor(0.4708, device='cuda:0', grad_fn=<AddBackward0>), loss_pre: tensor(1.9057, device='cuda:0', grad_fn=<NllLossBackward0>)[0m[0m
experiment  : INFO     [32m[32mTrain Accuracy = 0.5311721991701212[0m[0m
experiment  : INFO     [32m[32mTest Accuracy = 0.5311721991701212[0m[0m
experiment  : INFO     [32m[32mstep: 9040 	 training acc 0.4864864864864865 and training loss tensor(2.7794, device='cuda:0', grad_fn=<AddBackward0>), loss_auto: tensor(0.4686, device='cuda:0', grad_fn=<AddBackward0>), loss_pre: tensor(2.7325, device='cuda:0', grad_fn=<NllLossBackward0>)[0m[0m
experiment  : INFO     [32m[32mstep: 9080 	 training acc 0.6486486486486487 and training loss tensor(1.7002, device='cuda:0', grad_fn=<AddBackward0>), loss_auto: tensor(0.4662, device='cuda:0', grad_fn=<AddBackward0>), loss_pre: tensor(1.6536, device='cuda:0', grad_fn=<NllLossBackward0>)[0m[0m
experiment  : INFO     [32m[32mstep: 9120 	 training acc 0.581081081081081 and training loss tensor(2.5206, device='cuda:0', grad_fn=<AddBackward0>), loss_auto: tensor(0.4644, device='cuda:0', grad_fn=<AddBackward0>), loss_pre: tensor(2.4741, device='cuda:0', grad_fn=<NllLossBackward0>)[0m[0m
experiment  : INFO     [32m[32mstep: 9160 	 training acc 0.5945945945945946 and training loss tensor(2.1168, device='cuda:0', grad_fn=<AddBackward0>), loss_auto: tensor(0.4696, device='cuda:0', grad_fn=<AddBackward0>), loss_pre: tensor(2.0699, device='cuda:0', grad_fn=<NllLossBackward0>)[0m[0m
experiment  : INFO     [32m[32mstep: 9200 	 training acc 0.527027027027027 and training loss tensor(2.1957, device='cuda:0', grad_fn=<AddBackward0>), loss_auto: tensor(0.4633, device='cuda:0', grad_fn=<AddBackward0>), loss_pre: tensor(2.1494, device='cuda:0', grad_fn=<NllLossBackward0>)[0m[0m
experiment  : INFO     [32m[32mstep: 9240 	 training acc 0.5675675675675675 and training loss tensor(2.1593, device='cuda:0', grad_fn=<AddBackward0>), loss_auto: tensor(0.4669, device='cuda:0', grad_fn=<AddBackward0>), loss_pre: tensor(2.1126, device='cuda:0', grad_fn=<NllLossBackward0>)[0m[0m
experiment  : INFO     [32m[32mstep: 9280 	 training acc 0.6351351351351351 and training loss tensor(1.7801, device='cuda:0', grad_fn=<AddBackward0>), loss_auto: tensor(0.4706, device='cuda:0', grad_fn=<AddBackward0>), loss_pre: tensor(1.7330, device='cuda:0', grad_fn=<NllLossBackward0>)[0m[0m
experiment  : INFO     [32m[32mstep: 9320 	 training acc 0.4864864864864865 and training loss tensor(3.2288, device='cuda:0', grad_fn=<AddBackward0>), loss_auto: tensor(0.4665, device='cuda:0', grad_fn=<AddBackward0>), loss_pre: tensor(3.1822, device='cuda:0', grad_fn=<NllLossBackward0>)[0m[0m
experiment  : INFO     [32m[32mstep: 9360 	 training acc 0.6216216216216216 and training loss tensor(2.3630, device='cuda:0', grad_fn=<AddBackward0>), loss_auto: tensor(0.4679, device='cuda:0', grad_fn=<AddBackward0>), loss_pre: tensor(2.3162, device='cuda:0', grad_fn=<NllLossBackward0>)[0m[0m
experiment  : INFO     [32m[32mstep: 9400 	 training acc 0.6351351351351351 and training loss tensor(1.7695, device='cuda:0', grad_fn=<AddBackward0>), loss_auto: tensor(0.4718, device='cuda:0', grad_fn=<AddBackward0>), loss_pre: tensor(1.7224, device='cuda:0', grad_fn=<NllLossBackward0>)[0m[0m
experiment  : INFO     [32m[32mstep: 9440 	 training acc 0.581081081081081 and training loss tensor(2.2364, device='cuda:0', grad_fn=<AddBackward0>), loss_auto: tensor(0.4693, device='cuda:0', grad_fn=<AddBackward0>), loss_pre: tensor(2.1895, device='cuda:0', grad_fn=<NllLossBackward0>)[0m[0m
experiment  : INFO     [32m[32mstep: 9480 	 training acc 0.5540540540540541 and training loss tensor(2.6038, device='cuda:0', grad_fn=<AddBackward0>), loss_auto: tensor(0.4625, device='cuda:0', grad_fn=<AddBackward0>), loss_pre: tensor(2.5575, device='cuda:0', grad_fn=<NllLossBackward0>)[0m[0m
experiment  : INFO     [32m[32mTrain Accuracy = 0.5425311203319454[0m[0m
experiment  : INFO     [32m[32mTest Accuracy = 0.5426348547717798[0m[0m
experiment  : INFO     [32m[32mstep: 9520 	 training acc 0.5135135135135135 and training loss tensor(2.3307, device='cuda:0', grad_fn=<AddBackward0>), loss_auto: tensor(0.4682, device='cuda:0', grad_fn=<AddBackward0>), loss_pre: tensor(2.2839, device='cuda:0', grad_fn=<NllLossBackward0>)[0m[0m
experiment  : INFO     [32m[32mstep: 9560 	 training acc 0.5945945945945946 and training loss tensor(2.1957, device='cuda:0', grad_fn=<AddBackward0>), loss_auto: tensor(0.4663, device='cuda:0', grad_fn=<AddBackward0>), loss_pre: tensor(2.1491, device='cuda:0', grad_fn=<NllLossBackward0>)[0m[0m
experiment  : INFO     [32m[32mstep: 9600 	 training acc 0.5945945945945946 and training loss tensor(2.3769, device='cuda:0', grad_fn=<AddBackward0>), loss_auto: tensor(0.4703, device='cuda:0', grad_fn=<AddBackward0>), loss_pre: tensor(2.3299, device='cuda:0', grad_fn=<NllLossBackward0>)[0m[0m
experiment  : INFO     [32m[32mstep: 9640 	 training acc 0.4864864864864865 and training loss tensor(2.7004, device='cuda:0', grad_fn=<AddBackward0>), loss_auto: tensor(0.4740, device='cuda:0', grad_fn=<AddBackward0>), loss_pre: tensor(2.6530, device='cuda:0', grad_fn=<NllLossBackward0>)[0m[0m
experiment  : INFO     [32m[32mstep: 9680 	 training acc 0.5405405405405406 and training loss tensor(2.7246, device='cuda:0', grad_fn=<AddBackward0>), loss_auto: tensor(0.4667, device='cuda:0', grad_fn=<AddBackward0>), loss_pre: tensor(2.6779, device='cuda:0', grad_fn=<NllLossBackward0>)[0m[0m
experiment  : INFO     [32m[32mstep: 9720 	 training acc 0.7162162162162162 and training loss tensor(1.8939, device='cuda:0', grad_fn=<AddBackward0>), loss_auto: tensor(0.4672, device='cuda:0', grad_fn=<AddBackward0>), loss_pre: tensor(1.8472, device='cuda:0', grad_fn=<NllLossBackward0>)[0m[0m
experiment  : INFO     [32m[32mstep: 9760 	 training acc 0.6216216216216216 and training loss tensor(2.0730, device='cuda:0', grad_fn=<AddBackward0>), loss_auto: tensor(0.4703, device='cuda:0', grad_fn=<AddBackward0>), loss_pre: tensor(2.0260, device='cuda:0', grad_fn=<NllLossBackward0>)[0m[0m
experiment  : INFO     [32m[32mstep: 9800 	 training acc 0.4594594594594595 and training loss tensor(3.0413, device='cuda:0', grad_fn=<AddBackward0>), loss_auto: tensor(0.4668, device='cuda:0', grad_fn=<AddBackward0>), loss_pre: tensor(2.9946, device='cuda:0', grad_fn=<NllLossBackward0>)[0m[0m
experiment  : INFO     [32m[32mstep: 9840 	 training acc 0.6621621621621622 and training loss tensor(1.8575, device='cuda:0', grad_fn=<AddBackward0>), loss_auto: tensor(0.4664, device='cuda:0', grad_fn=<AddBackward0>), loss_pre: tensor(1.8108, device='cuda:0', grad_fn=<NllLossBackward0>)[0m[0m
experiment  : INFO     [32m[32mstep: 9880 	 training acc 0.6486486486486487 and training loss tensor(1.7767, device='cuda:0', grad_fn=<AddBackward0>), loss_auto: tensor(0.4649, device='cuda:0', grad_fn=<AddBackward0>), loss_pre: tensor(1.7302, device='cuda:0', grad_fn=<NllLossBackward0>)[0m[0m
experiment  : INFO     [32m[32mstep: 9920 	 training acc 0.7297297297297297 and training loss tensor(1.9454, device='cuda:0', grad_fn=<AddBackward0>), loss_auto: tensor(0.4656, device='cuda:0', grad_fn=<AddBackward0>), loss_pre: tensor(1.8988, device='cuda:0', grad_fn=<NllLossBackward0>)[0m[0m
experiment  : INFO     [32m[32mstep: 9960 	 training acc 0.6621621621621622 and training loss tensor(1.7835, device='cuda:0', grad_fn=<AddBackward0>), loss_auto: tensor(0.4628, device='cuda:0', grad_fn=<AddBackward0>), loss_pre: tensor(1.7372, device='cuda:0', grad_fn=<NllLossBackward0>)[0m[0m
experiment  : INFO     [32m[32mstep: 10000 	 training acc 0.6216216216216216 and training loss tensor(1.9529, device='cuda:0', grad_fn=<AddBackward0>), loss_auto: tensor(0.4722, device='cuda:0', grad_fn=<AddBackward0>), loss_pre: tensor(1.9057, device='cuda:0', grad_fn=<NllLossBackward0>)[0m[0m
experiment  : INFO     [32m[32mTrain Accuracy = 0.5512966804979199[0m[0m
experiment  : INFO     [32m[32mTest Accuracy = 0.5556535269709487[0m[0m
experiment  : INFO     [32m[32mstep: 10040 	 training acc 0.5675675675675675 and training loss tensor(2.1993, device='cuda:0', grad_fn=<AddBackward0>), loss_auto: tensor(0.4685, device='cuda:0', grad_fn=<AddBackward0>), loss_pre: tensor(2.1524, device='cuda:0', grad_fn=<NllLossBackward0>)[0m[0m
experiment  : INFO     [32m[32mstep: 10080 	 training acc 0.5945945945945946 and training loss tensor(2.1529, device='cuda:0', grad_fn=<AddBackward0>), loss_auto: tensor(0.4623, device='cuda:0', grad_fn=<AddBackward0>), loss_pre: tensor(2.1066, device='cuda:0', grad_fn=<NllLossBackward0>)[0m[0m
experiment  : INFO     [32m[32mstep: 10120 	 training acc 0.5540540540540541 and training loss tensor(2.4417, device='cuda:0', grad_fn=<AddBackward0>), loss_auto: tensor(0.4661, device='cuda:0', grad_fn=<AddBackward0>), loss_pre: tensor(2.3951, device='cuda:0', grad_fn=<NllLossBackward0>)[0m[0m
experiment  : INFO     [32m[32mstep: 10160 	 training acc 0.6351351351351351 and training loss tensor(1.8019, device='cuda:0', grad_fn=<AddBackward0>), loss_auto: tensor(0.4709, device='cuda:0', grad_fn=<AddBackward0>), loss_pre: tensor(1.7548, device='cuda:0', grad_fn=<NllLossBackward0>)[0m[0m
experiment  : INFO     [32m[32mstep: 10200 	 training acc 0.5 and training loss tensor(2.7422, device='cuda:0', grad_fn=<AddBackward0>), loss_auto: tensor(0.4676, device='cuda:0', grad_fn=<AddBackward0>), loss_pre: tensor(2.6954, device='cuda:0', grad_fn=<NllLossBackward0>)[0m[0m
experiment  : INFO     [32m[32mstep: 10240 	 training acc 0.7297297297297297 and training loss tensor(1.5240, device='cuda:0', grad_fn=<AddBackward0>), loss_auto: tensor(0.4679, device='cuda:0', grad_fn=<AddBackward0>), loss_pre: tensor(1.4772, device='cuda:0', grad_fn=<NllLossBackward0>)[0m[0m
experiment  : INFO     [32m[32mstep: 10280 	 training acc 0.5540540540540541 and training loss tensor(2.2617, device='cuda:0', grad_fn=<AddBackward0>), loss_auto: tensor(0.4663, device='cuda:0', grad_fn=<AddBackward0>), loss_pre: tensor(2.2151, device='cuda:0', grad_fn=<NllLossBackward0>)[0m[0m
experiment  : INFO     [32m[32mstep: 10320 	 training acc 0.5540540540540541 and training loss tensor(2.4059, device='cuda:0', grad_fn=<AddBackward0>), loss_auto: tensor(0.4652, device='cuda:0', grad_fn=<AddBackward0>), loss_pre: tensor(2.3594, device='cuda:0', grad_fn=<NllLossBackward0>)[0m[0m
experiment  : INFO     [32m[32mstep: 10360 	 training acc 0.6216216216216216 and training loss tensor(2.1796, device='cuda:0', grad_fn=<AddBackward0>), loss_auto: tensor(0.4624, device='cuda:0', grad_fn=<AddBackward0>), loss_pre: tensor(2.1334, device='cuda:0', grad_fn=<NllLossBackward0>)[0m[0m
experiment  : INFO     [32m[32mstep: 10400 	 training acc 0.6351351351351351 and training loss tensor(2.0786, device='cuda:0', grad_fn=<AddBackward0>), loss_auto: tensor(0.4666, device='cuda:0', grad_fn=<AddBackward0>), loss_pre: tensor(2.0320, device='cuda:0', grad_fn=<NllLossBackward0>)[0m[0m
experiment  : INFO     [32m[32mstep: 10440 	 training acc 0.6486486486486487 and training loss tensor(1.7673, device='cuda:0', grad_fn=<AddBackward0>), loss_auto: tensor(0.4630, device='cuda:0', grad_fn=<AddBackward0>), loss_pre: tensor(1.7210, device='cuda:0', grad_fn=<NllLossBackward0>)[0m[0m
experiment  : INFO     [32m[32mstep: 10480 	 training acc 0.527027027027027 and training loss tensor(2.1004, device='cuda:0', grad_fn=<AddBackward0>), loss_auto: tensor(0.4673, device='cuda:0', grad_fn=<AddBackward0>), loss_pre: tensor(2.0537, device='cuda:0', grad_fn=<NllLossBackward0>)[0m[0m
experiment  : INFO     [32m[32mTrain Accuracy = 0.5426348547717809[0m[0m
experiment  : INFO     [32m[32mTest Accuracy = 0.5431535269709499[0m[0m
experiment  : INFO     [32m[32mstep: 10520 	 training acc 0.5540540540540541 and training loss tensor(1.9050, device='cuda:0', grad_fn=<AddBackward0>), loss_auto: tensor(0.4664, device='cuda:0', grad_fn=<AddBackward0>), loss_pre: tensor(1.8583, device='cuda:0', grad_fn=<NllLossBackward0>)[0m[0m
experiment  : INFO     [32m[32mstep: 10560 	 training acc 0.6081081081081081 and training loss tensor(2.0451, device='cuda:0', grad_fn=<AddBackward0>), loss_auto: tensor(0.4657, device='cuda:0', grad_fn=<AddBackward0>), loss_pre: tensor(1.9985, device='cuda:0', grad_fn=<NllLossBackward0>)[0m[0m
experiment  : INFO     [32m[32mstep: 10600 	 training acc 0.5135135135135135 and training loss tensor(2.4465, device='cuda:0', grad_fn=<AddBackward0>), loss_auto: tensor(0.4657, device='cuda:0', grad_fn=<AddBackward0>), loss_pre: tensor(2.3999, device='cuda:0', grad_fn=<NllLossBackward0>)[0m[0m
experiment  : INFO     [32m[32mstep: 10640 	 training acc 0.5540540540540541 and training loss tensor(2.0656, device='cuda:0', grad_fn=<AddBackward0>), loss_auto: tensor(0.4671, device='cuda:0', grad_fn=<AddBackward0>), loss_pre: tensor(2.0189, device='cuda:0', grad_fn=<NllLossBackward0>)[0m[0m
experiment  : INFO     [32m[32mstep: 10680 	 training acc 0.7027027027027027 and training loss tensor(1.5417, device='cuda:0', grad_fn=<AddBackward0>), loss_auto: tensor(0.4657, device='cuda:0', grad_fn=<AddBackward0>), loss_pre: tensor(1.4951, device='cuda:0', grad_fn=<NllLossBackward0>)[0m[0m
experiment  : INFO     [32m[32mstep: 10720 	 training acc 0.5540540540540541 and training loss tensor(2.0474, device='cuda:0', grad_fn=<AddBackward0>), loss_auto: tensor(0.4705, device='cuda:0', grad_fn=<AddBackward0>), loss_pre: tensor(2.0004, device='cuda:0', grad_fn=<NllLossBackward0>)[0m[0m
experiment  : INFO     [32m[32mstep: 10760 	 training acc 0.6216216216216216 and training loss tensor(2.0425, device='cuda:0', grad_fn=<AddBackward0>), loss_auto: tensor(0.4658, device='cuda:0', grad_fn=<AddBackward0>), loss_pre: tensor(1.9959, device='cuda:0', grad_fn=<NllLossBackward0>)[0m[0m
experiment  : INFO     [32m[32mstep: 10800 	 training acc 0.5675675675675675 and training loss tensor(2.1690, device='cuda:0', grad_fn=<AddBackward0>), loss_auto: tensor(0.4638, device='cuda:0', grad_fn=<AddBackward0>), loss_pre: tensor(2.1226, device='cuda:0', grad_fn=<NllLossBackward0>)[0m[0m
experiment  : INFO     [32m[32mstep: 10840 	 training acc 0.5675675675675675 and training loss tensor(2.3201, device='cuda:0', grad_fn=<AddBackward0>), loss_auto: tensor(0.4684, device='cuda:0', grad_fn=<AddBackward0>), loss_pre: tensor(2.2732, device='cuda:0', grad_fn=<NllLossBackward0>)[0m[0m
experiment  : INFO     [32m[32mstep: 10880 	 training acc 0.6081081081081081 and training loss tensor(1.8050, device='cuda:0', grad_fn=<AddBackward0>), loss_auto: tensor(0.4633, device='cuda:0', grad_fn=<AddBackward0>), loss_pre: tensor(1.7587, device='cuda:0', grad_fn=<NllLossBackward0>)[0m[0m
experiment  : INFO     [32m[32mstep: 10920 	 training acc 0.5945945945945946 and training loss tensor(2.1484, device='cuda:0', grad_fn=<AddBackward0>), loss_auto: tensor(0.4669, device='cuda:0', grad_fn=<AddBackward0>), loss_pre: tensor(2.1017, device='cuda:0', grad_fn=<NllLossBackward0>)[0m[0m
experiment  : INFO     [32m[32mstep: 10960 	 training acc 0.6216216216216216 and training loss tensor(2.1100, device='cuda:0', grad_fn=<AddBackward0>), loss_auto: tensor(0.4641, device='cuda:0', grad_fn=<AddBackward0>), loss_pre: tensor(2.0635, device='cuda:0', grad_fn=<NllLossBackward0>)[0m[0m
experiment  : INFO     [32m[32mstep: 11000 	 training acc 0.6891891891891891 and training loss tensor(1.7834, device='cuda:0', grad_fn=<AddBackward0>), loss_auto: tensor(0.4637, device='cuda:0', grad_fn=<AddBackward0>), loss_pre: tensor(1.7370, device='cuda:0', grad_fn=<NllLossBackward0>)[0m[0m
experiment  : INFO     [32m[32mTrain Accuracy = 0.5576763485477138[0m[0m
experiment  : INFO     [32m[32mTest Accuracy = 0.5584024896265503[0m[0m
experiment  : INFO     [32m[32mstep: 11040 	 training acc 0.527027027027027 and training loss tensor(2.1906, device='cuda:0', grad_fn=<AddBackward0>), loss_auto: tensor(0.4648, device='cuda:0', grad_fn=<AddBackward0>), loss_pre: tensor(2.1441, device='cuda:0', grad_fn=<NllLossBackward0>)[0m[0m
experiment  : INFO     [32m[32mstep: 11080 	 training acc 0.5135135135135135 and training loss tensor(2.5215, device='cuda:0', grad_fn=<AddBackward0>), loss_auto: tensor(0.4646, device='cuda:0', grad_fn=<AddBackward0>), loss_pre: tensor(2.4750, device='cuda:0', grad_fn=<NllLossBackward0>)[0m[0m
experiment  : INFO     [32m[32mstep: 11120 	 training acc 0.6216216216216216 and training loss tensor(2.1935, device='cuda:0', grad_fn=<AddBackward0>), loss_auto: tensor(0.4601, device='cuda:0', grad_fn=<AddBackward0>), loss_pre: tensor(2.1475, device='cuda:0', grad_fn=<NllLossBackward0>)[0m[0m
experiment  : INFO     [32m[32mstep: 11160 	 training acc 0.4594594594594595 and training loss tensor(2.7651, device='cuda:0', grad_fn=<AddBackward0>), loss_auto: tensor(0.4661, device='cuda:0', grad_fn=<AddBackward0>), loss_pre: tensor(2.7185, device='cuda:0', grad_fn=<NllLossBackward0>)[0m[0m
experiment  : INFO     [32m[32mstep: 11200 	 training acc 0.5675675675675675 and training loss tensor(2.1512, device='cuda:0', grad_fn=<AddBackward0>), loss_auto: tensor(0.4620, device='cuda:0', grad_fn=<AddBackward0>), loss_pre: tensor(2.1050, device='cuda:0', grad_fn=<NllLossBackward0>)[0m[0m
experiment  : INFO     [32m[32mstep: 11240 	 training acc 0.6081081081081081 and training loss tensor(1.9349, device='cuda:0', grad_fn=<AddBackward0>), loss_auto: tensor(0.4673, device='cuda:0', grad_fn=<AddBackward0>), loss_pre: tensor(1.8882, device='cuda:0', grad_fn=<NllLossBackward0>)[0m[0m
experiment  : INFO     [32m[32mstep: 11280 	 training acc 0.5405405405405406 and training loss tensor(2.3791, device='cuda:0', grad_fn=<AddBackward0>), loss_auto: tensor(0.4632, device='cuda:0', grad_fn=<AddBackward0>), loss_pre: tensor(2.3327, device='cuda:0', grad_fn=<NllLossBackward0>)[0m[0m
experiment  : INFO     [32m[32mstep: 11320 	 training acc 0.581081081081081 and training loss tensor(2.0799, device='cuda:0', grad_fn=<AddBackward0>), loss_auto: tensor(0.4658, device='cuda:0', grad_fn=<AddBackward0>), loss_pre: tensor(2.0334, device='cuda:0', grad_fn=<NllLossBackward0>)[0m[0m
experiment  : INFO     [32m[32mstep: 11360 	 training acc 0.6486486486486487 and training loss tensor(1.7632, device='cuda:0', grad_fn=<AddBackward0>), loss_auto: tensor(0.4606, device='cuda:0', grad_fn=<AddBackward0>), loss_pre: tensor(1.7171, device='cuda:0', grad_fn=<NllLossBackward0>)[0m[0m
experiment  : INFO     [32m[32mstep: 11400 	 training acc 0.6891891891891891 and training loss tensor(1.7296, device='cuda:0', grad_fn=<AddBackward0>), loss_auto: tensor(0.4625, device='cuda:0', grad_fn=<AddBackward0>), loss_pre: tensor(1.6833, device='cuda:0', grad_fn=<NllLossBackward0>)[0m[0m
experiment  : INFO     [32m[32mstep: 11440 	 training acc 0.6081081081081081 and training loss tensor(1.9299, device='cuda:0', grad_fn=<AddBackward0>), loss_auto: tensor(0.4665, device='cuda:0', grad_fn=<AddBackward0>), loss_pre: tensor(1.8832, device='cuda:0', grad_fn=<NllLossBackward0>)[0m[0m
experiment  : INFO     [32m[32mstep: 11480 	 training acc 0.7027027027027027 and training loss tensor(1.4503, device='cuda:0', grad_fn=<AddBackward0>), loss_auto: tensor(0.4647, device='cuda:0', grad_fn=<AddBackward0>), loss_pre: tensor(1.4038, device='cuda:0', grad_fn=<NllLossBackward0>)[0m[0m
experiment  : INFO     [32m[32mTrain Accuracy = 0.5488070539419045[0m[0m
experiment  : INFO     [32m[32mTest Accuracy = 0.5479253112033154[0m[0m
experiment  : INFO     [32m[32mstep: 11520 	 training acc 0.6486486486486487 and training loss tensor(1.6610, device='cuda:0', grad_fn=<AddBackward0>), loss_auto: tensor(0.4636, device='cuda:0', grad_fn=<AddBackward0>), loss_pre: tensor(1.6146, device='cuda:0', grad_fn=<NllLossBackward0>)[0m[0m
experiment  : INFO     [32m[32mstep: 11560 	 training acc 0.5135135135135135 and training loss tensor(2.5704, device='cuda:0', grad_fn=<AddBackward0>), loss_auto: tensor(0.4675, device='cuda:0', grad_fn=<AddBackward0>), loss_pre: tensor(2.5237, device='cuda:0', grad_fn=<NllLossBackward0>)[0m[0m
experiment  : INFO     [32m[32mstep: 11600 	 training acc 0.6351351351351351 and training loss tensor(1.7564, device='cuda:0', grad_fn=<AddBackward0>), loss_auto: tensor(0.4635, device='cuda:0', grad_fn=<AddBackward0>), loss_pre: tensor(1.7101, device='cuda:0', grad_fn=<NllLossBackward0>)[0m[0m
experiment  : INFO     [32m[32mstep: 11640 	 training acc 0.6486486486486487 and training loss tensor(1.8461, device='cuda:0', grad_fn=<AddBackward0>), loss_auto: tensor(0.4646, device='cuda:0', grad_fn=<AddBackward0>), loss_pre: tensor(1.7996, device='cuda:0', grad_fn=<NllLossBackward0>)[0m[0m
experiment  : INFO     [32m[32mstep: 11680 	 training acc 0.5945945945945946 and training loss tensor(2.1601, device='cuda:0', grad_fn=<AddBackward0>), loss_auto: tensor(0.4613, device='cuda:0', grad_fn=<AddBackward0>), loss_pre: tensor(2.1140, device='cuda:0', grad_fn=<NllLossBackward0>)[0m[0m
experiment  : INFO     [32m[32mstep: 11720 	 training acc 0.5945945945945946 and training loss tensor(2.4120, device='cuda:0', grad_fn=<AddBackward0>), loss_auto: tensor(0.4653, device='cuda:0', grad_fn=<AddBackward0>), loss_pre: tensor(2.3655, device='cuda:0', grad_fn=<NllLossBackward0>)[0m[0m
experiment  : INFO     [32m[32mstep: 11760 	 training acc 0.6891891891891891 and training loss tensor(1.6247, device='cuda:0', grad_fn=<AddBackward0>), loss_auto: tensor(0.4641, device='cuda:0', grad_fn=<AddBackward0>), loss_pre: tensor(1.5783, device='cuda:0', grad_fn=<NllLossBackward0>)[0m[0m
experiment  : INFO     [32m[32mstep: 11800 	 training acc 0.6891891891891891 and training loss tensor(1.6055, device='cuda:0', grad_fn=<AddBackward0>), loss_auto: tensor(0.4605, device='cuda:0', grad_fn=<AddBackward0>), loss_pre: tensor(1.5594, device='cuda:0', grad_fn=<NllLossBackward0>)[0m[0m
experiment  : INFO     [32m[32mstep: 11840 	 training acc 0.5675675675675675 and training loss tensor(2.3555, device='cuda:0', grad_fn=<AddBackward0>), loss_auto: tensor(0.4591, device='cuda:0', grad_fn=<AddBackward0>), loss_pre: tensor(2.3096, device='cuda:0', grad_fn=<NllLossBackward0>)[0m[0m
experiment  : INFO     [32m[32mstep: 11880 	 training acc 0.6081081081081081 and training loss tensor(2.3850, device='cuda:0', grad_fn=<AddBackward0>), loss_auto: tensor(0.4625, device='cuda:0', grad_fn=<AddBackward0>), loss_pre: tensor(2.3387, device='cuda:0', grad_fn=<NllLossBackward0>)[0m[0m
experiment  : INFO     [32m[32mstep: 11920 	 training acc 0.6351351351351351 and training loss tensor(1.7721, device='cuda:0', grad_fn=<AddBackward0>), loss_auto: tensor(0.4590, device='cuda:0', grad_fn=<AddBackward0>), loss_pre: tensor(1.7262, device='cuda:0', grad_fn=<NllLossBackward0>)[0m[0m
experiment  : INFO     [32m[32mstep: 11960 	 training acc 0.5540540540540541 and training loss tensor(2.3267, device='cuda:0', grad_fn=<AddBackward0>), loss_auto: tensor(0.4662, device='cuda:0', grad_fn=<AddBackward0>), loss_pre: tensor(2.2800, device='cuda:0', grad_fn=<NllLossBackward0>)[0m[0m
experiment  : INFO     [32m[32mstep: 12000 	 training acc 0.6351351351351351 and training loss tensor(1.8665, device='cuda:0', grad_fn=<AddBackward0>), loss_auto: tensor(0.4656, device='cuda:0', grad_fn=<AddBackward0>), loss_pre: tensor(1.8200, device='cuda:0', grad_fn=<NllLossBackward0>)[0m[0m
experiment  : INFO     [32m[32mTrain Accuracy = 0.564730290456426[0m[0m
experiment  : INFO     [32m[32mTest Accuracy = 0.5615145228215704[0m[0m
experiment  : INFO     [32m[32mstep: 12040 	 training acc 0.5135135135135135 and training loss tensor(2.5923, device='cuda:0', grad_fn=<AddBackward0>), loss_auto: tensor(0.4651, device='cuda:0', grad_fn=<AddBackward0>), loss_pre: tensor(2.5458, device='cuda:0', grad_fn=<NllLossBackward0>)[0m[0m
experiment  : INFO     [32m[32mstep: 12080 	 training acc 0.6216216216216216 and training loss tensor(1.9134, device='cuda:0', grad_fn=<AddBackward0>), loss_auto: tensor(0.4656, device='cuda:0', grad_fn=<AddBackward0>), loss_pre: tensor(1.8668, device='cuda:0', grad_fn=<NllLossBackward0>)[0m[0m
experiment  : INFO     [32m[32mstep: 12120 	 training acc 0.6081081081081081 and training loss tensor(2.1911, device='cuda:0', grad_fn=<AddBackward0>), loss_auto: tensor(0.4649, device='cuda:0', grad_fn=<AddBackward0>), loss_pre: tensor(2.1446, device='cuda:0', grad_fn=<NllLossBackward0>)[0m[0m
experiment  : INFO     [32m[32mstep: 12160 	 training acc 0.6486486486486487 and training loss tensor(1.8335, device='cuda:0', grad_fn=<AddBackward0>), loss_auto: tensor(0.4582, device='cuda:0', grad_fn=<AddBackward0>), loss_pre: tensor(1.7877, device='cuda:0', grad_fn=<NllLossBackward0>)[0m[0m
experiment  : INFO     [32m[32mstep: 12200 	 training acc 0.6081081081081081 and training loss tensor(1.8828, device='cuda:0', grad_fn=<AddBackward0>), loss_auto: tensor(0.4674, device='cuda:0', grad_fn=<AddBackward0>), loss_pre: tensor(1.8361, device='cuda:0', grad_fn=<NllLossBackward0>)[0m[0m
experiment  : INFO     [32m[32mstep: 12240 	 training acc 0.6081081081081081 and training loss tensor(1.8516, device='cuda:0', grad_fn=<AddBackward0>), loss_auto: tensor(0.4612, device='cuda:0', grad_fn=<AddBackward0>), loss_pre: tensor(1.8055, device='cuda:0', grad_fn=<NllLossBackward0>)[0m[0m
experiment  : INFO     [32m[32mstep: 12280 	 training acc 0.6216216216216216 and training loss tensor(1.8460, device='cuda:0', grad_fn=<AddBackward0>), loss_auto: tensor(0.4646, device='cuda:0', grad_fn=<AddBackward0>), loss_pre: tensor(1.7996, device='cuda:0', grad_fn=<NllLossBackward0>)[0m[0m
experiment  : INFO     [32m[32mstep: 12320 	 training acc 0.527027027027027 and training loss tensor(2.7001, device='cuda:0', grad_fn=<AddBackward0>), loss_auto: tensor(0.4650, device='cuda:0', grad_fn=<AddBackward0>), loss_pre: tensor(2.6536, device='cuda:0', grad_fn=<NllLossBackward0>)[0m[0m
experiment  : INFO     [32m[32mstep: 12360 	 training acc 0.5135135135135135 and training loss tensor(2.9336, device='cuda:0', grad_fn=<AddBackward0>), loss_auto: tensor(0.4630, device='cuda:0', grad_fn=<AddBackward0>), loss_pre: tensor(2.8873, device='cuda:0', grad_fn=<NllLossBackward0>)[0m[0m
experiment  : INFO     [32m[32mstep: 12400 	 training acc 0.6756756756756757 and training loss tensor(2.1877, device='cuda:0', grad_fn=<AddBackward0>), loss_auto: tensor(0.4643, device='cuda:0', grad_fn=<AddBackward0>), loss_pre: tensor(2.1413, device='cuda:0', grad_fn=<NllLossBackward0>)[0m[0m
experiment  : INFO     [32m[32mstep: 12440 	 training acc 0.6216216216216216 and training loss tensor(1.7662, device='cuda:0', grad_fn=<AddBackward0>), loss_auto: tensor(0.4632, device='cuda:0', grad_fn=<AddBackward0>), loss_pre: tensor(1.7199, device='cuda:0', grad_fn=<NllLossBackward0>)[0m[0m
experiment  : INFO     [32m[32mstep: 12480 	 training acc 0.6081081081081081 and training loss tensor(1.8189, device='cuda:0', grad_fn=<AddBackward0>), loss_auto: tensor(0.4626, device='cuda:0', grad_fn=<AddBackward0>), loss_pre: tensor(1.7727, device='cuda:0', grad_fn=<NllLossBackward0>)[0m[0m
experiment  : INFO     [32m[32mTrain Accuracy = 0.5632780082987496[0m[0m
experiment  : INFO     [32m[32mTest Accuracy = 0.5692946058091244[0m[0m
experiment  : INFO     [32m[32mstep: 12520 	 training acc 0.581081081081081 and training loss tensor(2.4006, device='cuda:0', grad_fn=<AddBackward0>), loss_auto: tensor(0.4612, device='cuda:0', grad_fn=<AddBackward0>), loss_pre: tensor(2.3544, device='cuda:0', grad_fn=<NllLossBackward0>)[0m[0m
experiment  : INFO     [32m[32mstep: 12560 	 training acc 0.5540540540540541 and training loss tensor(2.6091, device='cuda:0', grad_fn=<AddBackward0>), loss_auto: tensor(0.4656, device='cuda:0', grad_fn=<AddBackward0>), loss_pre: tensor(2.5625, device='cuda:0', grad_fn=<NllLossBackward0>)[0m[0m
experiment  : INFO     [32m[32mstep: 12600 	 training acc 0.6486486486486487 and training loss tensor(2.1367, device='cuda:0', grad_fn=<AddBackward0>), loss_auto: tensor(0.4674, device='cuda:0', grad_fn=<AddBackward0>), loss_pre: tensor(2.0899, device='cuda:0', grad_fn=<NllLossBackward0>)[0m[0m
experiment  : INFO     [32m[32mstep: 12640 	 training acc 0.5540540540540541 and training loss tensor(2.5361, device='cuda:0', grad_fn=<AddBackward0>), loss_auto: tensor(0.4619, device='cuda:0', grad_fn=<AddBackward0>), loss_pre: tensor(2.4899, device='cuda:0', grad_fn=<NllLossBackward0>)[0m[0m
experiment  : INFO     [32m[32mstep: 12680 	 training acc 0.5405405405405406 and training loss tensor(2.1347, device='cuda:0', grad_fn=<AddBackward0>), loss_auto: tensor(0.4582, device='cuda:0', grad_fn=<AddBackward0>), loss_pre: tensor(2.0888, device='cuda:0', grad_fn=<NllLossBackward0>)[0m[0m
experiment  : INFO     [32m[32mstep: 12720 	 training acc 0.6486486486486487 and training loss tensor(1.7530, device='cuda:0', grad_fn=<AddBackward0>), loss_auto: tensor(0.4612, device='cuda:0', grad_fn=<AddBackward0>), loss_pre: tensor(1.7069, device='cuda:0', grad_fn=<NllLossBackward0>)[0m[0m
experiment  : INFO     [32m[32mstep: 12760 	 training acc 0.7162162162162162 and training loss tensor(1.2709, device='cuda:0', grad_fn=<AddBackward0>), loss_auto: tensor(0.4624, device='cuda:0', grad_fn=<AddBackward0>), loss_pre: tensor(1.2247, device='cuda:0', grad_fn=<NllLossBackward0>)[0m[0m
experiment  : INFO     [32m[32mstep: 12800 	 training acc 0.581081081081081 and training loss tensor(2.3163, device='cuda:0', grad_fn=<AddBackward0>), loss_auto: tensor(0.4571, device='cuda:0', grad_fn=<AddBackward0>), loss_pre: tensor(2.2706, device='cuda:0', grad_fn=<NllLossBackward0>)[0m[0m
experiment  : INFO     [32m[32mstep: 12840 	 training acc 0.527027027027027 and training loss tensor(2.4398, device='cuda:0', grad_fn=<AddBackward0>), loss_auto: tensor(0.4637, device='cuda:0', grad_fn=<AddBackward0>), loss_pre: tensor(2.3934, device='cuda:0', grad_fn=<NllLossBackward0>)[0m[0m
experiment  : INFO     [32m[32mstep: 12880 	 training acc 0.5945945945945946 and training loss tensor(2.0616, device='cuda:0', grad_fn=<AddBackward0>), loss_auto: tensor(0.4610, device='cuda:0', grad_fn=<AddBackward0>), loss_pre: tensor(2.0155, device='cuda:0', grad_fn=<NllLossBackward0>)[0m[0m
experiment  : INFO     [32m[32mstep: 12920 	 training acc 0.6486486486486487 and training loss tensor(1.8648, device='cuda:0', grad_fn=<AddBackward0>), loss_auto: tensor(0.4639, device='cuda:0', grad_fn=<AddBackward0>), loss_pre: tensor(1.8184, device='cuda:0', grad_fn=<NllLossBackward0>)[0m[0m
experiment  : INFO     [32m[32mstep: 12960 	 training acc 0.6351351351351351 and training loss tensor(2.2149, device='cuda:0', grad_fn=<AddBackward0>), loss_auto: tensor(0.4652, device='cuda:0', grad_fn=<AddBackward0>), loss_pre: tensor(2.1683, device='cuda:0', grad_fn=<NllLossBackward0>)[0m[0m
experiment  : INFO     [32m[32mstep: 13000 	 training acc 0.5135135135135135 and training loss tensor(2.2683, device='cuda:0', grad_fn=<AddBackward0>), loss_auto: tensor(0.4642, device='cuda:0', grad_fn=<AddBackward0>), loss_pre: tensor(2.2219, device='cuda:0', grad_fn=<NllLossBackward0>)[0m[0m
experiment  : INFO     [32m[32mTrain Accuracy = 0.5777489626555964[0m[0m
experiment  : INFO     [32m[32mTest Accuracy = 0.569139004149371[0m[0m
experiment  : INFO     [32m[32mstep: 13040 	 training acc 0.5945945945945946 and training loss tensor(2.3615, device='cuda:0', grad_fn=<AddBackward0>), loss_auto: tensor(0.4611, device='cuda:0', grad_fn=<AddBackward0>), loss_pre: tensor(2.3154, device='cuda:0', grad_fn=<NllLossBackward0>)[0m[0m
experiment  : INFO     [32m[32mstep: 13080 	 training acc 0.6081081081081081 and training loss tensor(2.0540, device='cuda:0', grad_fn=<AddBackward0>), loss_auto: tensor(0.4640, device='cuda:0', grad_fn=<AddBackward0>), loss_pre: tensor(2.0076, device='cuda:0', grad_fn=<NllLossBackward0>)[0m[0m
experiment  : INFO     [32m[32mstep: 13120 	 training acc 0.6081081081081081 and training loss tensor(2.1656, device='cuda:0', grad_fn=<AddBackward0>), loss_auto: tensor(0.4579, device='cuda:0', grad_fn=<AddBackward0>), loss_pre: tensor(2.1198, device='cuda:0', grad_fn=<NllLossBackward0>)[0m[0m
experiment  : INFO     [32m[32mstep: 13160 	 training acc 0.5540540540540541 and training loss tensor(1.8426, device='cuda:0', grad_fn=<AddBackward0>), loss_auto: tensor(0.4595, device='cuda:0', grad_fn=<AddBackward0>), loss_pre: tensor(1.7966, device='cuda:0', grad_fn=<NllLossBackward0>)[0m[0m
experiment  : INFO     [32m[32mstep: 13200 	 training acc 0.6891891891891891 and training loss tensor(1.5906, device='cuda:0', grad_fn=<AddBackward0>), loss_auto: tensor(0.4608, device='cuda:0', grad_fn=<AddBackward0>), loss_pre: tensor(1.5445, device='cuda:0', grad_fn=<NllLossBackward0>)[0m[0m
experiment  : INFO     [32m[32mstep: 13240 	 training acc 0.6081081081081081 and training loss tensor(1.8978, device='cuda:0', grad_fn=<AddBackward0>), loss_auto: tensor(0.4605, device='cuda:0', grad_fn=<AddBackward0>), loss_pre: tensor(1.8518, device='cuda:0', grad_fn=<NllLossBackward0>)[0m[0m
experiment  : INFO     [32m[32mstep: 13280 	 training acc 0.6621621621621622 and training loss tensor(1.7323, device='cuda:0', grad_fn=<AddBackward0>), loss_auto: tensor(0.4655, device='cuda:0', grad_fn=<AddBackward0>), loss_pre: tensor(1.6858, device='cuda:0', grad_fn=<NllLossBackward0>)[0m[0m
experiment  : INFO     [32m[32mstep: 13320 	 training acc 0.6621621621621622 and training loss tensor(1.5886, device='cuda:0', grad_fn=<AddBackward0>), loss_auto: tensor(0.4619, device='cuda:0', grad_fn=<AddBackward0>), loss_pre: tensor(1.5424, device='cuda:0', grad_fn=<NllLossBackward0>)[0m[0m
experiment  : INFO     [32m[32mstep: 13360 	 training acc 0.6351351351351351 and training loss tensor(1.8046, device='cuda:0', grad_fn=<AddBackward0>), loss_auto: tensor(0.4607, device='cuda:0', grad_fn=<AddBackward0>), loss_pre: tensor(1.7585, device='cuda:0', grad_fn=<NllLossBackward0>)[0m[0m
experiment  : INFO     [32m[32mstep: 13400 	 training acc 0.6216216216216216 and training loss tensor(1.8386, device='cuda:0', grad_fn=<AddBackward0>), loss_auto: tensor(0.4639, device='cuda:0', grad_fn=<AddBackward0>), loss_pre: tensor(1.7922, device='cuda:0', grad_fn=<NllLossBackward0>)[0m[0m
experiment  : INFO     [32m[32mstep: 13440 	 training acc 0.527027027027027 and training loss tensor(2.4825, device='cuda:0', grad_fn=<AddBackward0>), loss_auto: tensor(0.4625, device='cuda:0', grad_fn=<AddBackward0>), loss_pre: tensor(2.4363, device='cuda:0', grad_fn=<NllLossBackward0>)[0m[0m
experiment  : INFO     [32m[32mstep: 13480 	 training acc 0.5675675675675675 and training loss tensor(2.1131, device='cuda:0', grad_fn=<AddBackward0>), loss_auto: tensor(0.4652, device='cuda:0', grad_fn=<AddBackward0>), loss_pre: tensor(2.0666, device='cuda:0', grad_fn=<NllLossBackward0>)[0m[0m
experiment  : INFO     [32m[32mTrain Accuracy = 0.5733921161825665[0m[0m
experiment  : INFO     [32m[32mTest Accuracy = 0.5724585062240612[0m[0m
experiment  : INFO     [32m[32mstep: 13520 	 training acc 0.6216216216216216 and training loss tensor(2.2847, device='cuda:0', grad_fn=<AddBackward0>), loss_auto: tensor(0.4615, device='cuda:0', grad_fn=<AddBackward0>), loss_pre: tensor(2.2385, device='cuda:0', grad_fn=<NllLossBackward0>)[0m[0m
experiment  : INFO     [32m[32mstep: 13560 	 training acc 0.5540540540540541 and training loss tensor(2.0668, device='cuda:0', grad_fn=<AddBackward0>), loss_auto: tensor(0.4614, device='cuda:0', grad_fn=<AddBackward0>), loss_pre: tensor(2.0206, device='cuda:0', grad_fn=<NllLossBackward0>)[0m[0m
experiment  : INFO     [32m[32mstep: 13600 	 training acc 0.6216216216216216 and training loss tensor(1.9530, device='cuda:0', grad_fn=<AddBackward0>), loss_auto: tensor(0.4583, device='cuda:0', grad_fn=<AddBackward0>), loss_pre: tensor(1.9072, device='cuda:0', grad_fn=<NllLossBackward0>)[0m[0m
experiment  : INFO     [32m[32mstep: 13640 	 training acc 0.6756756756756757 and training loss tensor(1.6334, device='cuda:0', grad_fn=<AddBackward0>), loss_auto: tensor(0.4596, device='cuda:0', grad_fn=<AddBackward0>), loss_pre: tensor(1.5874, device='cuda:0', grad_fn=<NllLossBackward0>)[0m[0m
experiment  : INFO     [32m[32mstep: 13680 	 training acc 0.6351351351351351 and training loss tensor(1.7672, device='cuda:0', grad_fn=<AddBackward0>), loss_auto: tensor(0.4604, device='cuda:0', grad_fn=<AddBackward0>), loss_pre: tensor(1.7212, device='cuda:0', grad_fn=<NllLossBackward0>)[0m[0m
experiment  : INFO     [32m[32mstep: 13720 	 training acc 0.6216216216216216 and training loss tensor(2.0125, device='cuda:0', grad_fn=<AddBackward0>), loss_auto: tensor(0.4582, device='cuda:0', grad_fn=<AddBackward0>), loss_pre: tensor(1.9666, device='cuda:0', grad_fn=<NllLossBackward0>)[0m[0m
experiment  : INFO     [32m[32mstep: 13760 	 training acc 0.6081081081081081 and training loss tensor(1.9274, device='cuda:0', grad_fn=<AddBackward0>), loss_auto: tensor(0.4654, device='cuda:0', grad_fn=<AddBackward0>), loss_pre: tensor(1.8808, device='cuda:0', grad_fn=<NllLossBackward0>)[0m[0m
experiment  : INFO     [32m[32mstep: 13800 	 training acc 0.6756756756756757 and training loss tensor(1.9326, device='cuda:0', grad_fn=<AddBackward0>), loss_auto: tensor(0.4596, device='cuda:0', grad_fn=<AddBackward0>), loss_pre: tensor(1.8866, device='cuda:0', grad_fn=<NllLossBackward0>)[0m[0m
experiment  : INFO     [32m[32mstep: 13840 	 training acc 0.5675675675675675 and training loss tensor(2.3648, device='cuda:0', grad_fn=<AddBackward0>), loss_auto: tensor(0.4586, device='cuda:0', grad_fn=<AddBackward0>), loss_pre: tensor(2.3189, device='cuda:0', grad_fn=<NllLossBackward0>)[0m[0m
experiment  : INFO     [32m[32mstep: 13880 	 training acc 0.6216216216216216 and training loss tensor(1.6901, device='cuda:0', grad_fn=<AddBackward0>), loss_auto: tensor(0.4580, device='cuda:0', grad_fn=<AddBackward0>), loss_pre: tensor(1.6443, device='cuda:0', grad_fn=<NllLossBackward0>)[0m[0m
experiment  : INFO     [32m[32mstep: 13920 	 training acc 0.6351351351351351 and training loss tensor(2.0891, device='cuda:0', grad_fn=<AddBackward0>), loss_auto: tensor(0.4586, device='cuda:0', grad_fn=<AddBackward0>), loss_pre: tensor(2.0432, device='cuda:0', grad_fn=<NllLossBackward0>)[0m[0m
experiment  : INFO     [32m[32mstep: 13960 	 training acc 0.6216216216216216 and training loss tensor(2.3487, device='cuda:0', grad_fn=<AddBackward0>), loss_auto: tensor(0.4625, device='cuda:0', grad_fn=<AddBackward0>), loss_pre: tensor(2.3024, device='cuda:0', grad_fn=<NllLossBackward0>)[0m[0m
experiment  : INFO     [32m[32mstep: 14000 	 training acc 0.7162162162162162 and training loss tensor(2.1393, device='cuda:0', grad_fn=<AddBackward0>), loss_auto: tensor(0.4595, device='cuda:0', grad_fn=<AddBackward0>), loss_pre: tensor(2.0934, device='cuda:0', grad_fn=<NllLossBackward0>)[0m[0m
experiment  : INFO     [32m[32mTrain Accuracy = 0.5671680497925258[0m[0m
experiment  : INFO     [32m[32mTest Accuracy = 0.5709543568464672[0m[0m
experiment  : INFO     [32m[32mstep: 14040 	 training acc 0.6081081081081081 and training loss tensor(2.0456, device='cuda:0', grad_fn=<AddBackward0>), loss_auto: tensor(0.4589, device='cuda:0', grad_fn=<AddBackward0>), loss_pre: tensor(1.9997, device='cuda:0', grad_fn=<NllLossBackward0>)[0m[0m
experiment  : INFO     [32m[32mstep: 14080 	 training acc 0.6891891891891891 and training loss tensor(1.4561, device='cuda:0', grad_fn=<AddBackward0>), loss_auto: tensor(0.4638, device='cuda:0', grad_fn=<AddBackward0>), loss_pre: tensor(1.4097, device='cuda:0', grad_fn=<NllLossBackward0>)[0m[0m
experiment  : INFO     [32m[32mstep: 14120 	 training acc 0.5675675675675675 and training loss tensor(2.0220, device='cuda:0', grad_fn=<AddBackward0>), loss_auto: tensor(0.4596, device='cuda:0', grad_fn=<AddBackward0>), loss_pre: tensor(1.9761, device='cuda:0', grad_fn=<NllLossBackward0>)[0m[0m
experiment  : INFO     [32m[32mstep: 14160 	 training acc 0.6621621621621622 and training loss tensor(1.7843, device='cuda:0', grad_fn=<AddBackward0>), loss_auto: tensor(0.4607, device='cuda:0', grad_fn=<AddBackward0>), loss_pre: tensor(1.7382, device='cuda:0', grad_fn=<NllLossBackward0>)[0m[0m
experiment  : INFO     [32m[32mstep: 14200 	 training acc 0.6621621621621622 and training loss tensor(1.9106, device='cuda:0', grad_fn=<AddBackward0>), loss_auto: tensor(0.4629, device='cuda:0', grad_fn=<AddBackward0>), loss_pre: tensor(1.8643, device='cuda:0', grad_fn=<NllLossBackward0>)[0m[0m
experiment  : INFO     [32m[32mstep: 14240 	 training acc 0.6081081081081081 and training loss tensor(1.9569, device='cuda:0', grad_fn=<AddBackward0>), loss_auto: tensor(0.4595, device='cuda:0', grad_fn=<AddBackward0>), loss_pre: tensor(1.9109, device='cuda:0', grad_fn=<NllLossBackward0>)[0m[0m
experiment  : INFO     [32m[32mstep: 14280 	 training acc 0.7567567567567568 and training loss tensor(1.2009, device='cuda:0', grad_fn=<AddBackward0>), loss_auto: tensor(0.4619, device='cuda:0', grad_fn=<AddBackward0>), loss_pre: tensor(1.1547, device='cuda:0', grad_fn=<NllLossBackward0>)[0m[0m
experiment  : INFO     [32m[32mstep: 14320 	 training acc 0.6081081081081081 and training loss tensor(2.1446, device='cuda:0', grad_fn=<AddBackward0>), loss_auto: tensor(0.4575, device='cuda:0', grad_fn=<AddBackward0>), loss_pre: tensor(2.0989, device='cuda:0', grad_fn=<NllLossBackward0>)[0m[0m
experiment  : INFO     [32m[32mstep: 14360 	 training acc 0.6486486486486487 and training loss tensor(2.4074, device='cuda:0', grad_fn=<AddBackward0>), loss_auto: tensor(0.4611, device='cuda:0', grad_fn=<AddBackward0>), loss_pre: tensor(2.3613, device='cuda:0', grad_fn=<NllLossBackward0>)[0m[0m
experiment  : INFO     [32m[32mstep: 14400 	 training acc 0.5135135135135135 and training loss tensor(2.2455, device='cuda:0', grad_fn=<AddBackward0>), loss_auto: tensor(0.4549, device='cuda:0', grad_fn=<AddBackward0>), loss_pre: tensor(2.2000, device='cuda:0', grad_fn=<NllLossBackward0>)[0m[0m
experiment  : INFO     [32m[32mstep: 14440 	 training acc 0.6486486486486487 and training loss tensor(1.6584, device='cuda:0', grad_fn=<AddBackward0>), loss_auto: tensor(0.4576, device='cuda:0', grad_fn=<AddBackward0>), loss_pre: tensor(1.6126, device='cuda:0', grad_fn=<NllLossBackward0>)[0m[0m
experiment  : INFO     [32m[32mstep: 14480 	 training acc 0.6216216216216216 and training loss tensor(1.8724, device='cuda:0', grad_fn=<AddBackward0>), loss_auto: tensor(0.4605, device='cuda:0', grad_fn=<AddBackward0>), loss_pre: tensor(1.8263, device='cuda:0', grad_fn=<NllLossBackward0>)[0m[0m
experiment  : INFO     [32m[32mTrain Accuracy = 0.576504149377588[0m[0m
experiment  : INFO     [32m[32mTest Accuracy = 0.5764004149377532[0m[0m
experiment  : INFO     [32m[32mstep: 14520 	 training acc 0.6891891891891891 and training loss tensor(1.7083, device='cuda:0', grad_fn=<AddBackward0>), loss_auto: tensor(0.4642, device='cuda:0', grad_fn=<AddBackward0>), loss_pre: tensor(1.6618, device='cuda:0', grad_fn=<NllLossBackward0>)[0m[0m
experiment  : INFO     [32m[32mstep: 14560 	 training acc 0.581081081081081 and training loss tensor(2.2341, device='cuda:0', grad_fn=<AddBackward0>), loss_auto: tensor(0.4596, device='cuda:0', grad_fn=<AddBackward0>), loss_pre: tensor(2.1881, device='cuda:0', grad_fn=<NllLossBackward0>)[0m[0m
experiment  : INFO     [32m[32mstep: 14600 	 training acc 0.5945945945945946 and training loss tensor(1.9900, device='cuda:0', grad_fn=<AddBackward0>), loss_auto: tensor(0.4631, device='cuda:0', grad_fn=<AddBackward0>), loss_pre: tensor(1.9436, device='cuda:0', grad_fn=<NllLossBackward0>)[0m[0m
experiment  : INFO     [32m[32mstep: 14640 	 training acc 0.5675675675675675 and training loss tensor(2.1898, device='cuda:0', grad_fn=<AddBackward0>), loss_auto: tensor(0.4593, device='cuda:0', grad_fn=<AddBackward0>), loss_pre: tensor(2.1439, device='cuda:0', grad_fn=<NllLossBackward0>)[0m[0m
experiment  : INFO     [32m[32mstep: 14680 	 training acc 0.5405405405405406 and training loss tensor(1.6830, device='cuda:0', grad_fn=<AddBackward0>), loss_auto: tensor(0.4604, device='cuda:0', grad_fn=<AddBackward0>), loss_pre: tensor(1.6370, device='cuda:0', grad_fn=<NllLossBackward0>)[0m[0m
experiment  : INFO     [32m[32mstep: 14720 	 training acc 0.4864864864864865 and training loss tensor(2.3826, device='cuda:0', grad_fn=<AddBackward0>), loss_auto: tensor(0.4588, device='cuda:0', grad_fn=<AddBackward0>), loss_pre: tensor(2.3367, device='cuda:0', grad_fn=<NllLossBackward0>)[0m[0m
experiment  : INFO     [32m[32mstep: 14760 	 training acc 0.5945945945945946 and training loss tensor(2.0629, device='cuda:0', grad_fn=<AddBackward0>), loss_auto: tensor(0.4583, device='cuda:0', grad_fn=<AddBackward0>), loss_pre: tensor(2.0170, device='cuda:0', grad_fn=<NllLossBackward0>)[0m[0m
experiment  : INFO     [32m[32mstep: 14800 	 training acc 0.5675675675675675 and training loss tensor(2.2446, device='cuda:0', grad_fn=<AddBackward0>), loss_auto: tensor(0.4564, device='cuda:0', grad_fn=<AddBackward0>), loss_pre: tensor(2.1989, device='cuda:0', grad_fn=<NllLossBackward0>)[0m[0m
experiment  : INFO     [32m[32mstep: 14840 	 training acc 0.6621621621621622 and training loss tensor(2.0745, device='cuda:0', grad_fn=<AddBackward0>), loss_auto: tensor(0.4612, device='cuda:0', grad_fn=<AddBackward0>), loss_pre: tensor(2.0284, device='cuda:0', grad_fn=<NllLossBackward0>)[0m[0m
experiment  : INFO     [32m[32mstep: 14880 	 training acc 0.7162162162162162 and training loss tensor(1.5916, device='cuda:0', grad_fn=<AddBackward0>), loss_auto: tensor(0.4570, device='cuda:0', grad_fn=<AddBackward0>), loss_pre: tensor(1.5459, device='cuda:0', grad_fn=<NllLossBackward0>)[0m[0m
experiment  : INFO     [32m[32mstep: 14920 	 training acc 0.7567567567567568 and training loss tensor(1.2473, device='cuda:0', grad_fn=<AddBackward0>), loss_auto: tensor(0.4564, device='cuda:0', grad_fn=<AddBackward0>), loss_pre: tensor(1.2016, device='cuda:0', grad_fn=<NllLossBackward0>)[0m[0m
experiment  : INFO     [32m[32mstep: 14960 	 training acc 0.5945945945945946 and training loss tensor(1.8087, device='cuda:0', grad_fn=<AddBackward0>), loss_auto: tensor(0.4607, device='cuda:0', grad_fn=<AddBackward0>), loss_pre: tensor(1.7626, device='cuda:0', grad_fn=<NllLossBackward0>)[0m[0m
experiment  : INFO     [32m[32mstep: 15000 	 training acc 0.6891891891891891 and training loss tensor(1.8550, device='cuda:0', grad_fn=<AddBackward0>), loss_auto: tensor(0.4578, device='cuda:0', grad_fn=<AddBackward0>), loss_pre: tensor(1.8093, device='cuda:0', grad_fn=<NllLossBackward0>)[0m[0m
experiment  : INFO     [32m[32mTrain Accuracy = 0.5719398340248908[0m[0m
experiment  : INFO     [32m[32mTest Accuracy = 0.5759854771784162[0m[0m
experiment  : INFO     [32m[32mstep: 15040 	 training acc 0.6081081081081081 and training loss tensor(1.5622, device='cuda:0', grad_fn=<AddBackward0>), loss_auto: tensor(0.4626, device='cuda:0', grad_fn=<AddBackward0>), loss_pre: tensor(1.5159, device='cuda:0', grad_fn=<NllLossBackward0>)[0m[0m
experiment  : INFO     [32m[32mstep: 15080 	 training acc 0.6081081081081081 and training loss tensor(1.8149, device='cuda:0', grad_fn=<AddBackward0>), loss_auto: tensor(0.4627, device='cuda:0', grad_fn=<AddBackward0>), loss_pre: tensor(1.7687, device='cuda:0', grad_fn=<NllLossBackward0>)[0m[0m
experiment  : INFO     [32m[32mstep: 15120 	 training acc 0.5675675675675675 and training loss tensor(2.5954, device='cuda:0', grad_fn=<AddBackward0>), loss_auto: tensor(0.4604, device='cuda:0', grad_fn=<AddBackward0>), loss_pre: tensor(2.5494, device='cuda:0', grad_fn=<NllLossBackward0>)[0m[0m
experiment  : INFO     [32m[32mstep: 15160 	 training acc 0.7162162162162162 and training loss tensor(1.3995, device='cuda:0', grad_fn=<AddBackward0>), loss_auto: tensor(0.4622, device='cuda:0', grad_fn=<AddBackward0>), loss_pre: tensor(1.3533, device='cuda:0', grad_fn=<NllLossBackward0>)[0m[0m
experiment  : INFO     [32m[32mstep: 15200 	 training acc 0.7162162162162162 and training loss tensor(1.7424, device='cuda:0', grad_fn=<AddBackward0>), loss_auto: tensor(0.4613, device='cuda:0', grad_fn=<AddBackward0>), loss_pre: tensor(1.6963, device='cuda:0', grad_fn=<NllLossBackward0>)[0m[0m
experiment  : INFO     [32m[32mstep: 15240 	 training acc 0.6621621621621622 and training loss tensor(1.7590, device='cuda:0', grad_fn=<AddBackward0>), loss_auto: tensor(0.4568, device='cuda:0', grad_fn=<AddBackward0>), loss_pre: tensor(1.7134, device='cuda:0', grad_fn=<NllLossBackward0>)[0m[0m
experiment  : INFO     [32m[32mstep: 15280 	 training acc 0.6891891891891891 and training loss tensor(1.7929, device='cuda:0', grad_fn=<AddBackward0>), loss_auto: tensor(0.4641, device='cuda:0', grad_fn=<AddBackward0>), loss_pre: tensor(1.7465, device='cuda:0', grad_fn=<NllLossBackward0>)[0m[0m
experiment  : INFO     [32m[32mstep: 15320 	 training acc 0.6756756756756757 and training loss tensor(1.7397, device='cuda:0', grad_fn=<AddBackward0>), loss_auto: tensor(0.4660, device='cuda:0', grad_fn=<AddBackward0>), loss_pre: tensor(1.6931, device='cuda:0', grad_fn=<NllLossBackward0>)[0m[0m
experiment  : INFO     [32m[32mstep: 15360 	 training acc 0.6756756756756757 and training loss tensor(1.7992, device='cuda:0', grad_fn=<AddBackward0>), loss_auto: tensor(0.4549, device='cuda:0', grad_fn=<AddBackward0>), loss_pre: tensor(1.7537, device='cuda:0', grad_fn=<NllLossBackward0>)[0m[0m
experiment  : INFO     [32m[32mstep: 15400 	 training acc 0.6486486486486487 and training loss tensor(2.5191, device='cuda:0', grad_fn=<AddBackward0>), loss_auto: tensor(0.4629, device='cuda:0', grad_fn=<AddBackward0>), loss_pre: tensor(2.4729, device='cuda:0', grad_fn=<NllLossBackward0>)[0m[0m
experiment  : INFO     [32m[32mstep: 15440 	 training acc 0.5 and training loss tensor(3.3209, device='cuda:0', grad_fn=<AddBackward0>), loss_auto: tensor(0.4550, device='cuda:0', grad_fn=<AddBackward0>), loss_pre: tensor(3.2754, device='cuda:0', grad_fn=<NllLossBackward0>)[0m[0m
experiment  : INFO     [32m[32mstep: 15480 	 training acc 0.6756756756756757 and training loss tensor(2.0700, device='cuda:0', grad_fn=<AddBackward0>), loss_auto: tensor(0.4601, device='cuda:0', grad_fn=<AddBackward0>), loss_pre: tensor(2.0240, device='cuda:0', grad_fn=<NllLossBackward0>)[0m[0m
experiment  : INFO     [32m[32mTrain Accuracy = 0.5895228215767553[0m[0m
experiment  : INFO     [32m[32mTest Accuracy = 0.5871887966804911[0m[0m
experiment  : INFO     [32m[32mstep: 15520 	 training acc 0.6216216216216216 and training loss tensor(1.8598, device='cuda:0', grad_fn=<AddBackward0>), loss_auto: tensor(0.4527, device='cuda:0', grad_fn=<AddBackward0>), loss_pre: tensor(1.8145, device='cuda:0', grad_fn=<NllLossBackward0>)[0m[0m
experiment  : INFO     [32m[32mstep: 15560 	 training acc 0.7432432432432432 and training loss tensor(1.4678, device='cuda:0', grad_fn=<AddBackward0>), loss_auto: tensor(0.4611, device='cuda:0', grad_fn=<AddBackward0>), loss_pre: tensor(1.4217, device='cuda:0', grad_fn=<NllLossBackward0>)[0m[0m
experiment  : INFO     [32m[32mstep: 15600 	 training acc 0.7027027027027027 and training loss tensor(1.6698, device='cuda:0', grad_fn=<AddBackward0>), loss_auto: tensor(0.4563, device='cuda:0', grad_fn=<AddBackward0>), loss_pre: tensor(1.6242, device='cuda:0', grad_fn=<NllLossBackward0>)[0m[0m
experiment  : INFO     [32m[32mstep: 15640 	 training acc 0.6486486486486487 and training loss tensor(2.2935, device='cuda:0', grad_fn=<AddBackward0>), loss_auto: tensor(0.4586, device='cuda:0', grad_fn=<AddBackward0>), loss_pre: tensor(2.2476, device='cuda:0', grad_fn=<NllLossBackward0>)[0m[0m
experiment  : INFO     [32m[32mstep: 15680 	 training acc 0.581081081081081 and training loss tensor(2.4012, device='cuda:0', grad_fn=<AddBackward0>), loss_auto: tensor(0.4581, device='cuda:0', grad_fn=<AddBackward0>), loss_pre: tensor(2.3554, device='cuda:0', grad_fn=<NllLossBackward0>)[0m[0m
experiment  : INFO     [32m[32mstep: 15720 	 training acc 0.6621621621621622 and training loss tensor(1.7120, device='cuda:0', grad_fn=<AddBackward0>), loss_auto: tensor(0.4554, device='cuda:0', grad_fn=<AddBackward0>), loss_pre: tensor(1.6665, device='cuda:0', grad_fn=<NllLossBackward0>)[0m[0m
experiment  : INFO     [32m[32mstep: 15760 	 training acc 0.6891891891891891 and training loss tensor(2.0869, device='cuda:0', grad_fn=<AddBackward0>), loss_auto: tensor(0.4656, device='cuda:0', grad_fn=<AddBackward0>), loss_pre: tensor(2.0403, device='cuda:0', grad_fn=<NllLossBackward0>)[0m[0m
experiment  : INFO     [32m[32mstep: 15800 	 training acc 0.6351351351351351 and training loss tensor(1.6675, device='cuda:0', grad_fn=<AddBackward0>), loss_auto: tensor(0.4649, device='cuda:0', grad_fn=<AddBackward0>), loss_pre: tensor(1.6210, device='cuda:0', grad_fn=<NllLossBackward0>)[0m[0m
experiment  : INFO     [32m[32mstep: 15840 	 training acc 0.6216216216216216 and training loss tensor(2.2716, device='cuda:0', grad_fn=<AddBackward0>), loss_auto: tensor(0.4576, device='cuda:0', grad_fn=<AddBackward0>), loss_pre: tensor(2.2258, device='cuda:0', grad_fn=<NllLossBackward0>)[0m[0m
experiment  : INFO     [32m[32mstep: 15880 	 training acc 0.581081081081081 and training loss tensor(2.2553, device='cuda:0', grad_fn=<AddBackward0>), loss_auto: tensor(0.4588, device='cuda:0', grad_fn=<AddBackward0>), loss_pre: tensor(2.2094, device='cuda:0', grad_fn=<NllLossBackward0>)[0m[0m
experiment  : INFO     [32m[32mstep: 15920 	 training acc 0.581081081081081 and training loss tensor(2.5153, device='cuda:0', grad_fn=<AddBackward0>), loss_auto: tensor(0.4648, device='cuda:0', grad_fn=<AddBackward0>), loss_pre: tensor(2.4688, device='cuda:0', grad_fn=<NllLossBackward0>)[0m[0m
experiment  : INFO     [32m[32mstep: 15960 	 training acc 0.7027027027027027 and training loss tensor(1.4206, device='cuda:0', grad_fn=<AddBackward0>), loss_auto: tensor(0.4574, device='cuda:0', grad_fn=<AddBackward0>), loss_pre: tensor(1.3748, device='cuda:0', grad_fn=<NllLossBackward0>)[0m[0m
experiment  : INFO     [32m[32mstep: 16000 	 training acc 0.6216216216216216 and training loss tensor(1.5501, device='cuda:0', grad_fn=<AddBackward0>), loss_auto: tensor(0.4543, device='cuda:0', grad_fn=<AddBackward0>), loss_pre: tensor(1.5046, device='cuda:0', grad_fn=<NllLossBackward0>)[0m[0m
experiment  : INFO     [32m[32mTrain Accuracy = 0.5815352697095397[0m[0m
experiment  : INFO     [32m[32mTest Accuracy = 0.5855290456431468[0m[0m
experiment  : INFO     [32m[32mstep: 16040 	 training acc 0.6351351351351351 and training loss tensor(1.9062, device='cuda:0', grad_fn=<AddBackward0>), loss_auto: tensor(0.4552, device='cuda:0', grad_fn=<AddBackward0>), loss_pre: tensor(1.8607, device='cuda:0', grad_fn=<NllLossBackward0>)[0m[0m
experiment  : INFO     [32m[32mstep: 16080 	 training acc 0.6621621621621622 and training loss tensor(2.3160, device='cuda:0', grad_fn=<AddBackward0>), loss_auto: tensor(0.4605, device='cuda:0', grad_fn=<AddBackward0>), loss_pre: tensor(2.2700, device='cuda:0', grad_fn=<NllLossBackward0>)[0m[0m
experiment  : INFO     [32m[32mstep: 16120 	 training acc 0.6081081081081081 and training loss tensor(1.9138, device='cuda:0', grad_fn=<AddBackward0>), loss_auto: tensor(0.4568, device='cuda:0', grad_fn=<AddBackward0>), loss_pre: tensor(1.8681, device='cuda:0', grad_fn=<NllLossBackward0>)[0m[0m
experiment  : INFO     [32m[32mstep: 16160 	 training acc 0.5675675675675675 and training loss tensor(2.2342, device='cuda:0', grad_fn=<AddBackward0>), loss_auto: tensor(0.4580, device='cuda:0', grad_fn=<AddBackward0>), loss_pre: tensor(2.1884, device='cuda:0', grad_fn=<NllLossBackward0>)[0m[0m
experiment  : INFO     [32m[32mstep: 16200 	 training acc 0.6621621621621622 and training loss tensor(1.8115, device='cuda:0', grad_fn=<AddBackward0>), loss_auto: tensor(0.4565, device='cuda:0', grad_fn=<AddBackward0>), loss_pre: tensor(1.7659, device='cuda:0', grad_fn=<NllLossBackward0>)[0m[0m
experiment  : INFO     [32m[32mstep: 16240 	 training acc 0.5945945945945946 and training loss tensor(2.3847, device='cuda:0', grad_fn=<AddBackward0>), loss_auto: tensor(0.4627, device='cuda:0', grad_fn=<AddBackward0>), loss_pre: tensor(2.3385, device='cuda:0', grad_fn=<NllLossBackward0>)[0m[0m
experiment  : INFO     [32m[32mstep: 16280 	 training acc 0.6756756756756757 and training loss tensor(1.5980, device='cuda:0', grad_fn=<AddBackward0>), loss_auto: tensor(0.4599, device='cuda:0', grad_fn=<AddBackward0>), loss_pre: tensor(1.5520, device='cuda:0', grad_fn=<NllLossBackward0>)[0m[0m
experiment  : INFO     [32m[32mstep: 16320 	 training acc 0.5540540540540541 and training loss tensor(2.2542, device='cuda:0', grad_fn=<AddBackward0>), loss_auto: tensor(0.4566, device='cuda:0', grad_fn=<AddBackward0>), loss_pre: tensor(2.2085, device='cuda:0', grad_fn=<NllLossBackward0>)[0m[0m
experiment  : INFO     [32m[32mstep: 16360 	 training acc 0.7702702702702703 and training loss tensor(1.2164, device='cuda:0', grad_fn=<AddBackward0>), loss_auto: tensor(0.4614, device='cuda:0', grad_fn=<AddBackward0>), loss_pre: tensor(1.1703, device='cuda:0', grad_fn=<NllLossBackward0>)[0m[0m
experiment  : INFO     [32m[32mstep: 16400 	 training acc 0.7567567567567568 and training loss tensor(1.2781, device='cuda:0', grad_fn=<AddBackward0>), loss_auto: tensor(0.4635, device='cuda:0', grad_fn=<AddBackward0>), loss_pre: tensor(1.2318, device='cuda:0', grad_fn=<NllLossBackward0>)[0m[0m
experiment  : INFO     [32m[32mstep: 16440 	 training acc 0.6351351351351351 and training loss tensor(1.8064, device='cuda:0', grad_fn=<AddBackward0>), loss_auto: tensor(0.4594, device='cuda:0', grad_fn=<AddBackward0>), loss_pre: tensor(1.7605, device='cuda:0', grad_fn=<NllLossBackward0>)[0m[0m
experiment  : INFO     [32m[32mstep: 16480 	 training acc 0.6081081081081081 and training loss tensor(1.9054, device='cuda:0', grad_fn=<AddBackward0>), loss_auto: tensor(0.4587, device='cuda:0', grad_fn=<AddBackward0>), loss_pre: tensor(1.8595, device='cuda:0', grad_fn=<NllLossBackward0>)[0m[0m
experiment  : INFO     [32m[32mTrain Accuracy = 0.5967842323651396[0m[0m
experiment  : INFO     [32m[32mTest Accuracy = 0.593931535269704[0m[0m
experiment  : INFO     [32m[32mstep: 16520 	 training acc 0.7432432432432432 and training loss tensor(1.4012, device='cuda:0', grad_fn=<AddBackward0>), loss_auto: tensor(0.4579, device='cuda:0', grad_fn=<AddBackward0>), loss_pre: tensor(1.3554, device='cuda:0', grad_fn=<NllLossBackward0>)[0m[0m
experiment  : INFO     [32m[32mstep: 16560 	 training acc 0.6756756756756757 and training loss tensor(1.4013, device='cuda:0', grad_fn=<AddBackward0>), loss_auto: tensor(0.4631, device='cuda:0', grad_fn=<AddBackward0>), loss_pre: tensor(1.3550, device='cuda:0', grad_fn=<NllLossBackward0>)[0m[0m
experiment  : INFO     [32m[32mstep: 16600 	 training acc 0.6756756756756757 and training loss tensor(1.7585, device='cuda:0', grad_fn=<AddBackward0>), loss_auto: tensor(0.4578, device='cuda:0', grad_fn=<AddBackward0>), loss_pre: tensor(1.7127, device='cuda:0', grad_fn=<NllLossBackward0>)[0m[0m
experiment  : INFO     [32m[32mstep: 16640 	 training acc 0.6216216216216216 and training loss tensor(1.9065, device='cuda:0', grad_fn=<AddBackward0>), loss_auto: tensor(0.4616, device='cuda:0', grad_fn=<AddBackward0>), loss_pre: tensor(1.8604, device='cuda:0', grad_fn=<NllLossBackward0>)[0m[0m
experiment  : INFO     [32m[32mstep: 16680 	 training acc 0.6216216216216216 and training loss tensor(2.0621, device='cuda:0', grad_fn=<AddBackward0>), loss_auto: tensor(0.4590, device='cuda:0', grad_fn=<AddBackward0>), loss_pre: tensor(2.0162, device='cuda:0', grad_fn=<NllLossBackward0>)[0m[0m
experiment  : INFO     [32m[32mstep: 16720 	 training acc 0.5540540540540541 and training loss tensor(2.6580, device='cuda:0', grad_fn=<AddBackward0>), loss_auto: tensor(0.4609, device='cuda:0', grad_fn=<AddBackward0>), loss_pre: tensor(2.6119, device='cuda:0', grad_fn=<NllLossBackward0>)[0m[0m
experiment  : INFO     [32m[32mstep: 16760 	 training acc 0.6486486486486487 and training loss tensor(1.6885, device='cuda:0', grad_fn=<AddBackward0>), loss_auto: tensor(0.4627, device='cuda:0', grad_fn=<AddBackward0>), loss_pre: tensor(1.6422, device='cuda:0', grad_fn=<NllLossBackward0>)[0m[0m
experiment  : INFO     [32m[32mstep: 16800 	 training acc 0.7297297297297297 and training loss tensor(1.8414, device='cuda:0', grad_fn=<AddBackward0>), loss_auto: tensor(0.4609, device='cuda:0', grad_fn=<AddBackward0>), loss_pre: tensor(1.7953, device='cuda:0', grad_fn=<NllLossBackward0>)[0m[0m
experiment  : INFO     [32m[32mstep: 16840 	 training acc 0.6216216216216216 and training loss tensor(1.8301, device='cuda:0', grad_fn=<AddBackward0>), loss_auto: tensor(0.4564, device='cuda:0', grad_fn=<AddBackward0>), loss_pre: tensor(1.7845, device='cuda:0', grad_fn=<NllLossBackward0>)[0m[0m
experiment  : INFO     [32m[32mstep: 16880 	 training acc 0.6081081081081081 and training loss tensor(2.2934, device='cuda:0', grad_fn=<AddBackward0>), loss_auto: tensor(0.4558, device='cuda:0', grad_fn=<AddBackward0>), loss_pre: tensor(2.2478, device='cuda:0', grad_fn=<NllLossBackward0>)[0m[0m
experiment  : INFO     [32m[32mstep: 16920 	 training acc 0.7162162162162162 and training loss tensor(1.7021, device='cuda:0', grad_fn=<AddBackward0>), loss_auto: tensor(0.4552, device='cuda:0', grad_fn=<AddBackward0>), loss_pre: tensor(1.6566, device='cuda:0', grad_fn=<NllLossBackward0>)[0m[0m
experiment  : INFO     [32m[32mstep: 16960 	 training acc 0.6486486486486487 and training loss tensor(1.9429, device='cuda:0', grad_fn=<AddBackward0>), loss_auto: tensor(0.4580, device='cuda:0', grad_fn=<AddBackward0>), loss_pre: tensor(1.8971, device='cuda:0', grad_fn=<NllLossBackward0>)[0m[0m
experiment  : INFO     [32m[32mstep: 17000 	 training acc 0.6891891891891891 and training loss tensor(1.6675, device='cuda:0', grad_fn=<AddBackward0>), loss_auto: tensor(0.4566, device='cuda:0', grad_fn=<AddBackward0>), loss_pre: tensor(1.6218, device='cuda:0', grad_fn=<NllLossBackward0>)[0m[0m
experiment  : INFO     [32m[32mTrain Accuracy = 0.585217842323645[0m[0m
experiment  : INFO     [32m[32mTest Accuracy = 0.586462655601653[0m[0m
experiment  : INFO     [32m[32mstep: 17040 	 training acc 0.6756756756756757 and training loss tensor(1.6330, device='cuda:0', grad_fn=<AddBackward0>), loss_auto: tensor(0.4594, device='cuda:0', grad_fn=<AddBackward0>), loss_pre: tensor(1.5871, device='cuda:0', grad_fn=<NllLossBackward0>)[0m[0m
experiment  : INFO     [32m[32mstep: 17080 	 training acc 0.6486486486486487 and training loss tensor(1.6345, device='cuda:0', grad_fn=<AddBackward0>), loss_auto: tensor(0.4557, device='cuda:0', grad_fn=<AddBackward0>), loss_pre: tensor(1.5889, device='cuda:0', grad_fn=<NllLossBackward0>)[0m[0m
experiment  : INFO     [32m[32mstep: 17120 	 training acc 0.6891891891891891 and training loss tensor(1.8591, device='cuda:0', grad_fn=<AddBackward0>), loss_auto: tensor(0.4546, device='cuda:0', grad_fn=<AddBackward0>), loss_pre: tensor(1.8136, device='cuda:0', grad_fn=<NllLossBackward0>)[0m[0m
experiment  : INFO     [32m[32mstep: 17160 	 training acc 0.36486486486486486 and training loss tensor(4.0268, device='cuda:0', grad_fn=<AddBackward0>), loss_auto: tensor(0.4620, device='cuda:0', grad_fn=<AddBackward0>), loss_pre: tensor(3.9806, device='cuda:0', grad_fn=<NllLossBackward0>)[0m[0m
experiment  : INFO     [32m[32mstep: 17200 	 training acc 0.7432432432432432 and training loss tensor(1.5779, device='cuda:0', grad_fn=<AddBackward0>), loss_auto: tensor(0.4583, device='cuda:0', grad_fn=<AddBackward0>), loss_pre: tensor(1.5321, device='cuda:0', grad_fn=<NllLossBackward0>)[0m[0m
experiment  : INFO     [32m[32mstep: 17240 	 training acc 0.6486486486486487 and training loss tensor(2.1582, device='cuda:0', grad_fn=<AddBackward0>), loss_auto: tensor(0.4558, device='cuda:0', grad_fn=<AddBackward0>), loss_pre: tensor(2.1126, device='cuda:0', grad_fn=<NllLossBackward0>)[0m[0m
experiment  : INFO     [32m[32mstep: 17280 	 training acc 0.5135135135135135 and training loss tensor(2.6228, device='cuda:0', grad_fn=<AddBackward0>), loss_auto: tensor(0.4556, device='cuda:0', grad_fn=<AddBackward0>), loss_pre: tensor(2.5772, device='cuda:0', grad_fn=<NllLossBackward0>)[0m[0m
experiment  : INFO     [32m[32mstep: 17320 	 training acc 0.6621621621621622 and training loss tensor(1.6236, device='cuda:0', grad_fn=<AddBackward0>), loss_auto: tensor(0.4577, device='cuda:0', grad_fn=<AddBackward0>), loss_pre: tensor(1.5779, device='cuda:0', grad_fn=<NllLossBackward0>)[0m[0m
experiment  : INFO     [32m[32mstep: 17360 	 training acc 0.6756756756756757 and training loss tensor(1.5825, device='cuda:0', grad_fn=<AddBackward0>), loss_auto: tensor(0.4568, device='cuda:0', grad_fn=<AddBackward0>), loss_pre: tensor(1.5368, device='cuda:0', grad_fn=<NllLossBackward0>)[0m[0m
experiment  : INFO     [32m[32mstep: 17400 	 training acc 0.6486486486486487 and training loss tensor(1.7694, device='cuda:0', grad_fn=<AddBackward0>), loss_auto: tensor(0.4616, device='cuda:0', grad_fn=<AddBackward0>), loss_pre: tensor(1.7233, device='cuda:0', grad_fn=<NllLossBackward0>)[0m[0m
experiment  : INFO     [32m[32mstep: 17440 	 training acc 0.6081081081081081 and training loss tensor(2.1308, device='cuda:0', grad_fn=<AddBackward0>), loss_auto: tensor(0.4591, device='cuda:0', grad_fn=<AddBackward0>), loss_pre: tensor(2.0849, device='cuda:0', grad_fn=<NllLossBackward0>)[0m[0m
experiment  : INFO     [32m[32mstep: 17480 	 training acc 0.5540540540540541 and training loss tensor(1.7512, device='cuda:0', grad_fn=<AddBackward0>), loss_auto: tensor(0.4593, device='cuda:0', grad_fn=<AddBackward0>), loss_pre: tensor(1.7053, device='cuda:0', grad_fn=<NllLossBackward0>)[0m[0m
experiment  : INFO     [32m[32mTrain Accuracy = 0.5915975103734383[0m[0m
experiment  : INFO     [32m[32mTest Accuracy = 0.5925311203319438[0m[0m
experiment  : INFO     [32m[32mstep: 17520 	 training acc 0.5945945945945946 and training loss tensor(2.5281, device='cuda:0', grad_fn=<AddBackward0>), loss_auto: tensor(0.4552, device='cuda:0', grad_fn=<AddBackward0>), loss_pre: tensor(2.4826, device='cuda:0', grad_fn=<NllLossBackward0>)[0m[0m
experiment  : INFO     [32m[32mstep: 17560 	 training acc 0.7567567567567568 and training loss tensor(1.3581, device='cuda:0', grad_fn=<AddBackward0>), loss_auto: tensor(0.4545, device='cuda:0', grad_fn=<AddBackward0>), loss_pre: tensor(1.3127, device='cuda:0', grad_fn=<NllLossBackward0>)[0m[0m
experiment  : INFO     [32m[32mstep: 17600 	 training acc 0.527027027027027 and training loss tensor(2.4553, device='cuda:0', grad_fn=<AddBackward0>), loss_auto: tensor(0.4572, device='cuda:0', grad_fn=<AddBackward0>), loss_pre: tensor(2.4096, device='cuda:0', grad_fn=<NllLossBackward0>)[0m[0m
experiment  : INFO     [32m[32mstep: 17640 	 training acc 0.6621621621621622 and training loss tensor(2.4599, device='cuda:0', grad_fn=<AddBackward0>), loss_auto: tensor(0.4556, device='cuda:0', grad_fn=<AddBackward0>), loss_pre: tensor(2.4143, device='cuda:0', grad_fn=<NllLossBackward0>)[0m[0m
experiment  : INFO     [32m[32mstep: 17680 	 training acc 0.581081081081081 and training loss tensor(2.3187, device='cuda:0', grad_fn=<AddBackward0>), loss_auto: tensor(0.4589, device='cuda:0', grad_fn=<AddBackward0>), loss_pre: tensor(2.2729, device='cuda:0', grad_fn=<NllLossBackward0>)[0m[0m
experiment  : INFO     [32m[32mstep: 17720 	 training acc 0.581081081081081 and training loss tensor(1.9804, device='cuda:0', grad_fn=<AddBackward0>), loss_auto: tensor(0.4543, device='cuda:0', grad_fn=<AddBackward0>), loss_pre: tensor(1.9350, device='cuda:0', grad_fn=<NllLossBackward0>)[0m[0m
experiment  : INFO     [32m[32mstep: 17760 	 training acc 0.6756756756756757 and training loss tensor(1.5732, device='cuda:0', grad_fn=<AddBackward0>), loss_auto: tensor(0.4587, device='cuda:0', grad_fn=<AddBackward0>), loss_pre: tensor(1.5273, device='cuda:0', grad_fn=<NllLossBackward0>)[0m[0m
experiment  : INFO     [32m[32mstep: 17800 	 training acc 0.581081081081081 and training loss tensor(2.3115, device='cuda:0', grad_fn=<AddBackward0>), loss_auto: tensor(0.4492, device='cuda:0', grad_fn=<AddBackward0>), loss_pre: tensor(2.2665, device='cuda:0', grad_fn=<NllLossBackward0>)[0m[0m
experiment  : INFO     [32m[32mstep: 17840 	 training acc 0.5540540540540541 and training loss tensor(2.2799, device='cuda:0', grad_fn=<AddBackward0>), loss_auto: tensor(0.4534, device='cuda:0', grad_fn=<AddBackward0>), loss_pre: tensor(2.2345, device='cuda:0', grad_fn=<NllLossBackward0>)[0m[0m
experiment  : INFO     [32m[32mstep: 17880 	 training acc 0.5675675675675675 and training loss tensor(2.2852, device='cuda:0', grad_fn=<AddBackward0>), loss_auto: tensor(0.4542, device='cuda:0', grad_fn=<AddBackward0>), loss_pre: tensor(2.2398, device='cuda:0', grad_fn=<NllLossBackward0>)[0m[0m
experiment  : INFO     [32m[32mstep: 17920 	 training acc 0.6891891891891891 and training loss tensor(1.6360, device='cuda:0', grad_fn=<AddBackward0>), loss_auto: tensor(0.4531, device='cuda:0', grad_fn=<AddBackward0>), loss_pre: tensor(1.5907, device='cuda:0', grad_fn=<NllLossBackward0>)[0m[0m
experiment  : INFO     [32m[32mstep: 17960 	 training acc 0.6351351351351351 and training loss tensor(1.8245, device='cuda:0', grad_fn=<AddBackward0>), loss_auto: tensor(0.4583, device='cuda:0', grad_fn=<AddBackward0>), loss_pre: tensor(1.7787, device='cuda:0', grad_fn=<NllLossBackward0>)[0m[0m
experiment  : INFO     [32m[32mstep: 18000 	 training acc 0.6351351351351351 and training loss tensor(1.7344, device='cuda:0', grad_fn=<AddBackward0>), loss_auto: tensor(0.4582, device='cuda:0', grad_fn=<AddBackward0>), loss_pre: tensor(1.6885, device='cuda:0', grad_fn=<NllLossBackward0>)[0m[0m
experiment  : INFO     [32m[32mTrain Accuracy = 0.594968879668042[0m[0m
experiment  : INFO     [32m[32mTest Accuracy = 0.5933609958506152[0m[0m
experiment  : INFO     [32m[32mstep: 18040 	 training acc 0.5945945945945946 and training loss tensor(2.1342, device='cuda:0', grad_fn=<AddBackward0>), loss_auto: tensor(0.4548, device='cuda:0', grad_fn=<AddBackward0>), loss_pre: tensor(2.0888, device='cuda:0', grad_fn=<NllLossBackward0>)[0m[0m
experiment  : INFO     [32m[32mstep: 18080 	 training acc 0.7162162162162162 and training loss tensor(1.3011, device='cuda:0', grad_fn=<AddBackward0>), loss_auto: tensor(0.4580, device='cuda:0', grad_fn=<AddBackward0>), loss_pre: tensor(1.2553, device='cuda:0', grad_fn=<NllLossBackward0>)[0m[0m
experiment  : INFO     [32m[32mstep: 18120 	 training acc 0.6351351351351351 and training loss tensor(2.1873, device='cuda:0', grad_fn=<AddBackward0>), loss_auto: tensor(0.4555, device='cuda:0', grad_fn=<AddBackward0>), loss_pre: tensor(2.1417, device='cuda:0', grad_fn=<NllLossBackward0>)[0m[0m
experiment  : INFO     [32m[32mstep: 18160 	 training acc 0.6216216216216216 and training loss tensor(1.6129, device='cuda:0', grad_fn=<AddBackward0>), loss_auto: tensor(0.4637, device='cuda:0', grad_fn=<AddBackward0>), loss_pre: tensor(1.5665, device='cuda:0', grad_fn=<NllLossBackward0>)[0m[0m
experiment  : INFO     [32m[32mstep: 18200 	 training acc 0.6216216216216216 and training loss tensor(1.9475, device='cuda:0', grad_fn=<AddBackward0>), loss_auto: tensor(0.4584, device='cuda:0', grad_fn=<AddBackward0>), loss_pre: tensor(1.9017, device='cuda:0', grad_fn=<NllLossBackward0>)[0m[0m
experiment  : INFO     [32m[32mstep: 18240 	 training acc 0.7162162162162162 and training loss tensor(1.6348, device='cuda:0', grad_fn=<AddBackward0>), loss_auto: tensor(0.4534, device='cuda:0', grad_fn=<AddBackward0>), loss_pre: tensor(1.5894, device='cuda:0', grad_fn=<NllLossBackward0>)[0m[0m
experiment  : INFO     [32m[32mstep: 18280 	 training acc 0.6351351351351351 and training loss tensor(1.9353, device='cuda:0', grad_fn=<AddBackward0>), loss_auto: tensor(0.4580, device='cuda:0', grad_fn=<AddBackward0>), loss_pre: tensor(1.8895, device='cuda:0', grad_fn=<NllLossBackward0>)[0m[0m
experiment  : INFO     [32m[32mstep: 18320 	 training acc 0.7162162162162162 and training loss tensor(1.6143, device='cuda:0', grad_fn=<AddBackward0>), loss_auto: tensor(0.4531, device='cuda:0', grad_fn=<AddBackward0>), loss_pre: tensor(1.5690, device='cuda:0', grad_fn=<NllLossBackward0>)[0m[0m
experiment  : INFO     [32m[32mstep: 18360 	 training acc 0.5675675675675675 and training loss tensor(2.1112, device='cuda:0', grad_fn=<AddBackward0>), loss_auto: tensor(0.4601, device='cuda:0', grad_fn=<AddBackward0>), loss_pre: tensor(2.0652, device='cuda:0', grad_fn=<NllLossBackward0>)[0m[0m
experiment  : INFO     [32m[32mstep: 18400 	 training acc 0.5945945945945946 and training loss tensor(1.7917, device='cuda:0', grad_fn=<AddBackward0>), loss_auto: tensor(0.4558, device='cuda:0', grad_fn=<AddBackward0>), loss_pre: tensor(1.7461, device='cuda:0', grad_fn=<NllLossBackward0>)[0m[0m
experiment  : INFO     [32m[32mstep: 18440 	 training acc 0.5675675675675675 and training loss tensor(2.1322, device='cuda:0', grad_fn=<AddBackward0>), loss_auto: tensor(0.4578, device='cuda:0', grad_fn=<AddBackward0>), loss_pre: tensor(2.0865, device='cuda:0', grad_fn=<NllLossBackward0>)[0m[0m
experiment  : INFO     [32m[32mstep: 18480 	 training acc 0.7162162162162162 and training loss tensor(1.4780, device='cuda:0', grad_fn=<AddBackward0>), loss_auto: tensor(0.4532, device='cuda:0', grad_fn=<AddBackward0>), loss_pre: tensor(1.4327, device='cuda:0', grad_fn=<NllLossBackward0>)[0m[0m
experiment  : INFO     [32m[32mTrain Accuracy = 0.6021784232365076[0m[0m
experiment  : INFO     [32m[32mTest Accuracy = 0.6006224066389996[0m[0m
experiment  : INFO     [32m[32mstep: 18520 	 training acc 0.5945945945945946 and training loss tensor(1.7265, device='cuda:0', grad_fn=<AddBackward0>), loss_auto: tensor(0.4544, device='cuda:0', grad_fn=<AddBackward0>), loss_pre: tensor(1.6811, device='cuda:0', grad_fn=<NllLossBackward0>)[0m[0m
experiment  : INFO     [32m[32mstep: 18560 	 training acc 0.6621621621621622 and training loss tensor(1.9926, device='cuda:0', grad_fn=<AddBackward0>), loss_auto: tensor(0.4521, device='cuda:0', grad_fn=<AddBackward0>), loss_pre: tensor(1.9474, device='cuda:0', grad_fn=<NllLossBackward0>)[0m[0m
experiment  : INFO     [32m[32mstep: 18600 	 training acc 0.581081081081081 and training loss tensor(1.7273, device='cuda:0', grad_fn=<AddBackward0>), loss_auto: tensor(0.4547, device='cuda:0', grad_fn=<AddBackward0>), loss_pre: tensor(1.6818, device='cuda:0', grad_fn=<NllLossBackward0>)[0m[0m
experiment  : INFO     [32m[32mstep: 18640 	 training acc 0.6756756756756757 and training loss tensor(1.4782, device='cuda:0', grad_fn=<AddBackward0>), loss_auto: tensor(0.4516, device='cuda:0', grad_fn=<AddBackward0>), loss_pre: tensor(1.4331, device='cuda:0', grad_fn=<NllLossBackward0>)[0m[0m
experiment  : INFO     [32m[32mstep: 18680 	 training acc 0.6486486486486487 and training loss tensor(1.9995, device='cuda:0', grad_fn=<AddBackward0>), loss_auto: tensor(0.4563, device='cuda:0', grad_fn=<AddBackward0>), loss_pre: tensor(1.9539, device='cuda:0', grad_fn=<NllLossBackward0>)[0m[0m
experiment  : INFO     [32m[32mstep: 18720 	 training acc 0.6081081081081081 and training loss tensor(2.1606, device='cuda:0', grad_fn=<AddBackward0>), loss_auto: tensor(0.4552, device='cuda:0', grad_fn=<AddBackward0>), loss_pre: tensor(2.1150, device='cuda:0', grad_fn=<NllLossBackward0>)[0m[0m
experiment  : INFO     [32m[32mstep: 18760 	 training acc 0.5135135135135135 and training loss tensor(2.4848, device='cuda:0', grad_fn=<AddBackward0>), loss_auto: tensor(0.4570, device='cuda:0', grad_fn=<AddBackward0>), loss_pre: tensor(2.4391, device='cuda:0', grad_fn=<NllLossBackward0>)[0m[0m
experiment  : INFO     [32m[32mstep: 18800 	 training acc 0.5405405405405406 and training loss tensor(2.4451, device='cuda:0', grad_fn=<AddBackward0>), loss_auto: tensor(0.4540, device='cuda:0', grad_fn=<AddBackward0>), loss_pre: tensor(2.3996, device='cuda:0', grad_fn=<NllLossBackward0>)[0m[0m
experiment  : INFO     [32m[32mstep: 18840 	 training acc 0.6621621621621622 and training loss tensor(1.5557, device='cuda:0', grad_fn=<AddBackward0>), loss_auto: tensor(0.4566, device='cuda:0', grad_fn=<AddBackward0>), loss_pre: tensor(1.5101, device='cuda:0', grad_fn=<NllLossBackward0>)[0m[0m
experiment  : INFO     [32m[32mstep: 18880 	 training acc 0.6756756756756757 and training loss tensor(1.6683, device='cuda:0', grad_fn=<AddBackward0>), loss_auto: tensor(0.4555, device='cuda:0', grad_fn=<AddBackward0>), loss_pre: tensor(1.6227, device='cuda:0', grad_fn=<NllLossBackward0>)[0m[0m
experiment  : INFO     [32m[32mstep: 18920 	 training acc 0.6756756756756757 and training loss tensor(1.6305, device='cuda:0', grad_fn=<AddBackward0>), loss_auto: tensor(0.4589, device='cuda:0', grad_fn=<AddBackward0>), loss_pre: tensor(1.5847, device='cuda:0', grad_fn=<NllLossBackward0>)[0m[0m
experiment  : INFO     [32m[32mstep: 18960 	 training acc 0.4864864864864865 and training loss tensor(2.5337, device='cuda:0', grad_fn=<AddBackward0>), loss_auto: tensor(0.4533, device='cuda:0', grad_fn=<AddBackward0>), loss_pre: tensor(2.4884, device='cuda:0', grad_fn=<NllLossBackward0>)[0m[0m
experiment  : INFO     [32m[32mstep: 19000 	 training acc 0.6486486486486487 and training loss tensor(1.4729, device='cuda:0', grad_fn=<AddBackward0>), loss_auto: tensor(0.4503, device='cuda:0', grad_fn=<AddBackward0>), loss_pre: tensor(1.4278, device='cuda:0', grad_fn=<NllLossBackward0>)[0m[0m
experiment  : INFO     [32m[32mTrain Accuracy = 0.5906639004149322[0m[0m
experiment  : INFO     [32m[32mTest Accuracy = 0.5924792531120273[0m[0m
experiment  : INFO     [32m[32mstep: 19040 	 training acc 0.6081081081081081 and training loss tensor(1.7586, device='cuda:0', grad_fn=<AddBackward0>), loss_auto: tensor(0.4514, device='cuda:0', grad_fn=<AddBackward0>), loss_pre: tensor(1.7135, device='cuda:0', grad_fn=<NllLossBackward0>)[0m[0m
experiment  : INFO     [32m[32mstep: 19080 	 training acc 0.6351351351351351 and training loss tensor(2.3850, device='cuda:0', grad_fn=<AddBackward0>), loss_auto: tensor(0.4576, device='cuda:0', grad_fn=<AddBackward0>), loss_pre: tensor(2.3392, device='cuda:0', grad_fn=<NllLossBackward0>)[0m[0m
experiment  : INFO     [32m[32mstep: 19120 	 training acc 0.6891891891891891 and training loss tensor(1.7109, device='cuda:0', grad_fn=<AddBackward0>), loss_auto: tensor(0.4543, device='cuda:0', grad_fn=<AddBackward0>), loss_pre: tensor(1.6655, device='cuda:0', grad_fn=<NllLossBackward0>)[0m[0m
experiment  : INFO     [32m[32mstep: 19160 	 training acc 0.6486486486486487 and training loss tensor(1.8929, device='cuda:0', grad_fn=<AddBackward0>), loss_auto: tensor(0.4576, device='cuda:0', grad_fn=<AddBackward0>), loss_pre: tensor(1.8471, device='cuda:0', grad_fn=<NllLossBackward0>)[0m[0m
experiment  : INFO     [32m[32mstep: 19200 	 training acc 0.7567567567567568 and training loss tensor(1.2700, device='cuda:0', grad_fn=<AddBackward0>), loss_auto: tensor(0.4525, device='cuda:0', grad_fn=<AddBackward0>), loss_pre: tensor(1.2248, device='cuda:0', grad_fn=<NllLossBackward0>)[0m[0m
experiment  : INFO     [32m[32mstep: 19240 	 training acc 0.6756756756756757 and training loss tensor(1.7325, device='cuda:0', grad_fn=<AddBackward0>), loss_auto: tensor(0.4515, device='cuda:0', grad_fn=<AddBackward0>), loss_pre: tensor(1.6874, device='cuda:0', grad_fn=<NllLossBackward0>)[0m[0m
experiment  : INFO     [32m[32mstep: 19280 	 training acc 0.7567567567567568 and training loss tensor(1.5875, device='cuda:0', grad_fn=<AddBackward0>), loss_auto: tensor(0.4571, device='cuda:0', grad_fn=<AddBackward0>), loss_pre: tensor(1.5417, device='cuda:0', grad_fn=<NllLossBackward0>)[0m[0m
experiment  : INFO     [32m[32mstep: 19320 	 training acc 0.6081081081081081 and training loss tensor(2.0123, device='cuda:0', grad_fn=<AddBackward0>), loss_auto: tensor(0.4516, device='cuda:0', grad_fn=<AddBackward0>), loss_pre: tensor(1.9671, device='cuda:0', grad_fn=<NllLossBackward0>)[0m[0m
experiment  : INFO     [32m[32mstep: 19360 	 training acc 0.6081081081081081 and training loss tensor(1.9699, device='cuda:0', grad_fn=<AddBackward0>), loss_auto: tensor(0.4563, device='cuda:0', grad_fn=<AddBackward0>), loss_pre: tensor(1.9243, device='cuda:0', grad_fn=<NllLossBackward0>)[0m[0m
experiment  : INFO     [32m[32mstep: 19400 	 training acc 0.6486486486486487 and training loss tensor(1.9134, device='cuda:0', grad_fn=<AddBackward0>), loss_auto: tensor(0.4511, device='cuda:0', grad_fn=<AddBackward0>), loss_pre: tensor(1.8683, device='cuda:0', grad_fn=<NllLossBackward0>)[0m[0m
experiment  : INFO     [32m[32mstep: 19440 	 training acc 0.7162162162162162 and training loss tensor(1.6495, device='cuda:0', grad_fn=<AddBackward0>), loss_auto: tensor(0.4546, device='cuda:0', grad_fn=<AddBackward0>), loss_pre: tensor(1.6041, device='cuda:0', grad_fn=<NllLossBackward0>)[0m[0m
experiment  : INFO     [32m[32mstep: 19480 	 training acc 0.6621621621621622 and training loss tensor(1.9712, device='cuda:0', grad_fn=<AddBackward0>), loss_auto: tensor(0.4526, device='cuda:0', grad_fn=<AddBackward0>), loss_pre: tensor(1.9259, device='cuda:0', grad_fn=<NllLossBackward0>)[0m[0m
experiment  : INFO     [32m[32mTrain Accuracy = 0.5996887966804919[0m[0m
experiment  : INFO     [32m[32mTest Accuracy = 0.598755186721986[0m[0m
experiment  : INFO     [32m[32mstep: 19520 	 training acc 0.6621621621621622 and training loss tensor(2.0274, device='cuda:0', grad_fn=<AddBackward0>), loss_auto: tensor(0.4547, device='cuda:0', grad_fn=<AddBackward0>), loss_pre: tensor(1.9819, device='cuda:0', grad_fn=<NllLossBackward0>)[0m[0m
experiment  : INFO     [32m[32mstep: 19560 	 training acc 0.6621621621621622 and training loss tensor(2.0922, device='cuda:0', grad_fn=<AddBackward0>), loss_auto: tensor(0.4548, device='cuda:0', grad_fn=<AddBackward0>), loss_pre: tensor(2.0468, device='cuda:0', grad_fn=<NllLossBackward0>)[0m[0m
experiment  : INFO     [32m[32mstep: 19600 	 training acc 0.6486486486486487 and training loss tensor(1.8181, device='cuda:0', grad_fn=<AddBackward0>), loss_auto: tensor(0.4514, device='cuda:0', grad_fn=<AddBackward0>), loss_pre: tensor(1.7730, device='cuda:0', grad_fn=<NllLossBackward0>)[0m[0m
experiment  : INFO     [32m[32mstep: 19640 	 training acc 0.6621621621621622 and training loss tensor(1.9318, device='cuda:0', grad_fn=<AddBackward0>), loss_auto: tensor(0.4530, device='cuda:0', grad_fn=<AddBackward0>), loss_pre: tensor(1.8865, device='cuda:0', grad_fn=<NllLossBackward0>)[0m[0m
experiment  : INFO     [32m[32mstep: 19680 	 training acc 0.7297297297297297 and training loss tensor(1.8349, device='cuda:0', grad_fn=<AddBackward0>), loss_auto: tensor(0.4520, device='cuda:0', grad_fn=<AddBackward0>), loss_pre: tensor(1.7897, device='cuda:0', grad_fn=<NllLossBackward0>)[0m[0m
experiment  : INFO     [32m[32mstep: 19720 	 training acc 0.6891891891891891 and training loss tensor(1.9405, device='cuda:0', grad_fn=<AddBackward0>), loss_auto: tensor(0.4544, device='cuda:0', grad_fn=<AddBackward0>), loss_pre: tensor(1.8951, device='cuda:0', grad_fn=<NllLossBackward0>)[0m[0m
experiment  : INFO     [32m[32mstep: 19760 	 training acc 0.7162162162162162 and training loss tensor(1.4090, device='cuda:0', grad_fn=<AddBackward0>), loss_auto: tensor(0.4565, device='cuda:0', grad_fn=<AddBackward0>), loss_pre: tensor(1.3634, device='cuda:0', grad_fn=<NllLossBackward0>)[0m[0m
experiment  : INFO     [32m[32mstep: 19800 	 training acc 0.5945945945945946 and training loss tensor(1.8884, device='cuda:0', grad_fn=<AddBackward0>), loss_auto: tensor(0.4569, device='cuda:0', grad_fn=<AddBackward0>), loss_pre: tensor(1.8427, device='cuda:0', grad_fn=<NllLossBackward0>)[0m[0m
experiment  : INFO     [32m[32mstep: 19840 	 training acc 0.6216216216216216 and training loss tensor(2.5006, device='cuda:0', grad_fn=<AddBackward0>), loss_auto: tensor(0.4557, device='cuda:0', grad_fn=<AddBackward0>), loss_pre: tensor(2.4550, device='cuda:0', grad_fn=<NllLossBackward0>)[0m[0m
experiment  : INFO     [32m[32mstep: 19880 	 training acc 0.5945945945945946 and training loss tensor(1.9348, device='cuda:0', grad_fn=<AddBackward0>), loss_auto: tensor(0.4558, device='cuda:0', grad_fn=<AddBackward0>), loss_pre: tensor(1.8892, device='cuda:0', grad_fn=<NllLossBackward0>)[0m[0m
experiment  : INFO     [32m[32mstep: 19920 	 training acc 0.7432432432432432 and training loss tensor(1.6464, device='cuda:0', grad_fn=<AddBackward0>), loss_auto: tensor(0.4534, device='cuda:0', grad_fn=<AddBackward0>), loss_pre: tensor(1.6010, device='cuda:0', grad_fn=<NllLossBackward0>)[0m[0m
experiment  : INFO     [32m[32mstep: 19960 	 training acc 0.7297297297297297 and training loss tensor(1.5023, device='cuda:0', grad_fn=<AddBackward0>), loss_auto: tensor(0.4541, device='cuda:0', grad_fn=<AddBackward0>), loss_pre: tensor(1.4569, device='cuda:0', grad_fn=<NllLossBackward0>)[0m[0m
experiment  : INFO     [32m[32mstep: 20000 	 training acc 0.5945945945945946 and training loss tensor(2.1423, device='cuda:0', grad_fn=<AddBackward0>), loss_auto: tensor(0.4537, device='cuda:0', grad_fn=<AddBackward0>), loss_pre: tensor(2.0969, device='cuda:0', grad_fn=<NllLossBackward0>)[0m[0m
experiment  : INFO     [32m[32mTrain Accuracy = 0.6080394190871319[0m[0m
experiment  : INFO     [32m[32mTest Accuracy = 0.6052385892116112[0m[0m
experiment  : INFO     [32m[32mstep: 20040 	 training acc 0.6486486486486487 and training loss tensor(1.7634, device='cuda:0', grad_fn=<AddBackward0>), loss_auto: tensor(0.4510, device='cuda:0', grad_fn=<AddBackward0>), loss_pre: tensor(1.7183, device='cuda:0', grad_fn=<NllLossBackward0>)[0m[0m
experiment  : INFO     [32m[32mstep: 20080 	 training acc 0.581081081081081 and training loss tensor(2.1940, device='cuda:0', grad_fn=<AddBackward0>), loss_auto: tensor(0.4593, device='cuda:0', grad_fn=<AddBackward0>), loss_pre: tensor(2.1481, device='cuda:0', grad_fn=<NllLossBackward0>)[0m[0m
experiment  : INFO     [32m[32mstep: 20120 	 training acc 0.6621621621621622 and training loss tensor(1.7045, device='cuda:0', grad_fn=<AddBackward0>), loss_auto: tensor(0.4569, device='cuda:0', grad_fn=<AddBackward0>), loss_pre: tensor(1.6588, device='cuda:0', grad_fn=<NllLossBackward0>)[0m[0m
experiment  : INFO     [32m[32mstep: 20160 	 training acc 0.6216216216216216 and training loss tensor(2.1831, device='cuda:0', grad_fn=<AddBackward0>), loss_auto: tensor(0.4548, device='cuda:0', grad_fn=<AddBackward0>), loss_pre: tensor(2.1376, device='cuda:0', grad_fn=<NllLossBackward0>)[0m[0m
experiment  : INFO     [32m[32mstep: 20200 	 training acc 0.6351351351351351 and training loss tensor(1.7686, device='cuda:0', grad_fn=<AddBackward0>), loss_auto: tensor(0.4496, device='cuda:0', grad_fn=<AddBackward0>), loss_pre: tensor(1.7236, device='cuda:0', grad_fn=<NllLossBackward0>)[0m[0m
experiment  : INFO     [32m[32mstep: 20240 	 training acc 0.6756756756756757 and training loss tensor(1.7236, device='cuda:0', grad_fn=<AddBackward0>), loss_auto: tensor(0.4534, device='cuda:0', grad_fn=<AddBackward0>), loss_pre: tensor(1.6783, device='cuda:0', grad_fn=<NllLossBackward0>)[0m[0m
experiment  : INFO     [32m[32mstep: 20280 	 training acc 0.5675675675675675 and training loss tensor(2.0239, device='cuda:0', grad_fn=<AddBackward0>), loss_auto: tensor(0.4602, device='cuda:0', grad_fn=<AddBackward0>), loss_pre: tensor(1.9779, device='cuda:0', grad_fn=<NllLossBackward0>)[0m[0m
experiment  : INFO     [32m[32mstep: 20320 	 training acc 0.6486486486486487 and training loss tensor(1.8262, device='cuda:0', grad_fn=<AddBackward0>), loss_auto: tensor(0.4537, device='cuda:0', grad_fn=<AddBackward0>), loss_pre: tensor(1.7809, device='cuda:0', grad_fn=<NllLossBackward0>)[0m[0m
experiment  : INFO     [32m[32mstep: 20360 	 training acc 0.6756756756756757 and training loss tensor(1.6189, device='cuda:0', grad_fn=<AddBackward0>), loss_auto: tensor(0.4532, device='cuda:0', grad_fn=<AddBackward0>), loss_pre: tensor(1.5736, device='cuda:0', grad_fn=<NllLossBackward0>)[0m[0m
experiment  : INFO     [32m[32mstep: 20400 	 training acc 0.6891891891891891 and training loss tensor(1.5890, device='cuda:0', grad_fn=<AddBackward0>), loss_auto: tensor(0.4537, device='cuda:0', grad_fn=<AddBackward0>), loss_pre: tensor(1.5436, device='cuda:0', grad_fn=<NllLossBackward0>)[0m[0m
experiment  : INFO     [32m[32mstep: 20440 	 training acc 0.6351351351351351 and training loss tensor(1.9724, device='cuda:0', grad_fn=<AddBackward0>), loss_auto: tensor(0.4563, device='cuda:0', grad_fn=<AddBackward0>), loss_pre: tensor(1.9268, device='cuda:0', grad_fn=<NllLossBackward0>)[0m[0m
experiment  : INFO     [32m[32mstep: 20480 	 training acc 0.6891891891891891 and training loss tensor(1.6126, device='cuda:0', grad_fn=<AddBackward0>), loss_auto: tensor(0.4564, device='cuda:0', grad_fn=<AddBackward0>), loss_pre: tensor(1.5669, device='cuda:0', grad_fn=<NllLossBackward0>)[0m[0m
experiment  : INFO     [32m[32mTrain Accuracy = 0.5962655601659688[0m[0m
experiment  : INFO     [32m[32mTest Accuracy = 0.597614107883811[0m[0m
experiment  : INFO     [32m[32mstep: 20520 	 training acc 0.6081081081081081 and training loss tensor(2.2127, device='cuda:0', grad_fn=<AddBackward0>), loss_auto: tensor(0.4514, device='cuda:0', grad_fn=<AddBackward0>), loss_pre: tensor(2.1676, device='cuda:0', grad_fn=<NllLossBackward0>)[0m[0m
experiment  : INFO     [32m[32mstep: 20560 	 training acc 0.6891891891891891 and training loss tensor(1.6374, device='cuda:0', grad_fn=<AddBackward0>), loss_auto: tensor(0.4531, device='cuda:0', grad_fn=<AddBackward0>), loss_pre: tensor(1.5921, device='cuda:0', grad_fn=<NllLossBackward0>)[0m[0m
experiment  : INFO     [32m[32mstep: 20600 	 training acc 0.7162162162162162 and training loss tensor(1.5720, device='cuda:0', grad_fn=<AddBackward0>), loss_auto: tensor(0.4559, device='cuda:0', grad_fn=<AddBackward0>), loss_pre: tensor(1.5264, device='cuda:0', grad_fn=<NllLossBackward0>)[0m[0m
experiment  : INFO     [32m[32mstep: 20640 	 training acc 0.5405405405405406 and training loss tensor(2.6140, device='cuda:0', grad_fn=<AddBackward0>), loss_auto: tensor(0.4559, device='cuda:0', grad_fn=<AddBackward0>), loss_pre: tensor(2.5684, device='cuda:0', grad_fn=<NllLossBackward0>)[0m[0m
experiment  : INFO     [32m[32mstep: 20680 	 training acc 0.6621621621621622 and training loss tensor(1.9208, device='cuda:0', grad_fn=<AddBackward0>), loss_auto: tensor(0.4592, device='cuda:0', grad_fn=<AddBackward0>), loss_pre: tensor(1.8749, device='cuda:0', grad_fn=<NllLossBackward0>)[0m[0m
experiment  : INFO     [32m[32mstep: 20720 	 training acc 0.6891891891891891 and training loss tensor(1.9581, device='cuda:0', grad_fn=<AddBackward0>), loss_auto: tensor(0.4523, device='cuda:0', grad_fn=<AddBackward0>), loss_pre: tensor(1.9129, device='cuda:0', grad_fn=<NllLossBackward0>)[0m[0m
experiment  : INFO     [32m[32mstep: 20760 	 training acc 0.8108108108108109 and training loss tensor(1.2037, device='cuda:0', grad_fn=<AddBackward0>), loss_auto: tensor(0.4529, device='cuda:0', grad_fn=<AddBackward0>), loss_pre: tensor(1.1584, device='cuda:0', grad_fn=<NllLossBackward0>)[0m[0m
experiment  : INFO     [32m[32mstep: 20800 	 training acc 0.7297297297297297 and training loss tensor(1.4229, device='cuda:0', grad_fn=<AddBackward0>), loss_auto: tensor(0.4530, device='cuda:0', grad_fn=<AddBackward0>), loss_pre: tensor(1.3776, device='cuda:0', grad_fn=<NllLossBackward0>)[0m[0m
experiment  : INFO     [32m[32mstep: 20840 	 training acc 0.5675675675675675 and training loss tensor(2.4029, device='cuda:0', grad_fn=<AddBackward0>), loss_auto: tensor(0.4532, device='cuda:0', grad_fn=<AddBackward0>), loss_pre: tensor(2.3576, device='cuda:0', grad_fn=<NllLossBackward0>)[0m[0m
experiment  : INFO     [32m[32mstep: 20880 	 training acc 0.5135135135135135 and training loss tensor(2.3489, device='cuda:0', grad_fn=<AddBackward0>), loss_auto: tensor(0.4539, device='cuda:0', grad_fn=<AddBackward0>), loss_pre: tensor(2.3035, device='cuda:0', grad_fn=<NllLossBackward0>)[0m[0m
experiment  : INFO     [32m[32mstep: 20920 	 training acc 0.7567567567567568 and training loss tensor(1.3442, device='cuda:0', grad_fn=<AddBackward0>), loss_auto: tensor(0.4531, device='cuda:0', grad_fn=<AddBackward0>), loss_pre: tensor(1.2989, device='cuda:0', grad_fn=<NllLossBackward0>)[0m[0m
experiment  : INFO     [32m[32mstep: 20960 	 training acc 0.5945945945945946 and training loss tensor(2.2726, device='cuda:0', grad_fn=<AddBackward0>), loss_auto: tensor(0.4535, device='cuda:0', grad_fn=<AddBackward0>), loss_pre: tensor(2.2272, device='cuda:0', grad_fn=<NllLossBackward0>)[0m[0m
experiment  : INFO     [32m[32mstep: 21000 	 training acc 0.7702702702702703 and training loss tensor(1.0418, device='cuda:0', grad_fn=<AddBackward0>), loss_auto: tensor(0.4536, device='cuda:0', grad_fn=<AddBackward0>), loss_pre: tensor(0.9964, device='cuda:0', grad_fn=<NllLossBackward0>)[0m[0m
experiment  : INFO     [32m[32mTrain Accuracy = 0.6136929460580842[0m[0m
experiment  : INFO     [32m[32mTest Accuracy = 0.6087655601659682[0m[0m
experiment  : INFO     [32m[32mstep: 21040 	 training acc 0.6621621621621622 and training loss tensor(1.7527, device='cuda:0', grad_fn=<AddBackward0>), loss_auto: tensor(0.4545, device='cuda:0', grad_fn=<AddBackward0>), loss_pre: tensor(1.7073, device='cuda:0', grad_fn=<NllLossBackward0>)[0m[0m
experiment  : INFO     [32m[32mstep: 21080 	 training acc 0.7567567567567568 and training loss tensor(1.2045, device='cuda:0', grad_fn=<AddBackward0>), loss_auto: tensor(0.4534, device='cuda:0', grad_fn=<AddBackward0>), loss_pre: tensor(1.1592, device='cuda:0', grad_fn=<NllLossBackward0>)[0m[0m
experiment  : INFO     [32m[32mstep: 21120 	 training acc 0.6351351351351351 and training loss tensor(1.9578, device='cuda:0', grad_fn=<AddBackward0>), loss_auto: tensor(0.4540, device='cuda:0', grad_fn=<AddBackward0>), loss_pre: tensor(1.9124, device='cuda:0', grad_fn=<NllLossBackward0>)[0m[0m
experiment  : INFO     [32m[32mstep: 21160 	 training acc 0.6216216216216216 and training loss tensor(2.3584, device='cuda:0', grad_fn=<AddBackward0>), loss_auto: tensor(0.4526, device='cuda:0', grad_fn=<AddBackward0>), loss_pre: tensor(2.3131, device='cuda:0', grad_fn=<NllLossBackward0>)[0m[0m
experiment  : INFO     [32m[32mstep: 21200 	 training acc 0.6081081081081081 and training loss tensor(2.0486, device='cuda:0', grad_fn=<AddBackward0>), loss_auto: tensor(0.4538, device='cuda:0', grad_fn=<AddBackward0>), loss_pre: tensor(2.0033, device='cuda:0', grad_fn=<NllLossBackward0>)[0m[0m
experiment  : INFO     [32m[32mstep: 21240 	 training acc 0.6891891891891891 and training loss tensor(1.5744, device='cuda:0', grad_fn=<AddBackward0>), loss_auto: tensor(0.4567, device='cuda:0', grad_fn=<AddBackward0>), loss_pre: tensor(1.5288, device='cuda:0', grad_fn=<NllLossBackward0>)[0m[0m
experiment  : INFO     [32m[32mstep: 21280 	 training acc 0.5675675675675675 and training loss tensor(3.2059, device='cuda:0', grad_fn=<AddBackward0>), loss_auto: tensor(0.4552, device='cuda:0', grad_fn=<AddBackward0>), loss_pre: tensor(3.1604, device='cuda:0', grad_fn=<NllLossBackward0>)[0m[0m
experiment  : INFO     [32m[32mstep: 21320 	 training acc 0.7162162162162162 and training loss tensor(1.4115, device='cuda:0', grad_fn=<AddBackward0>), loss_auto: tensor(0.4538, device='cuda:0', grad_fn=<AddBackward0>), loss_pre: tensor(1.3661, device='cuda:0', grad_fn=<NllLossBackward0>)[0m[0m
experiment  : INFO     [32m[32mstep: 21360 	 training acc 0.6756756756756757 and training loss tensor(2.0811, device='cuda:0', grad_fn=<AddBackward0>), loss_auto: tensor(0.4513, device='cuda:0', grad_fn=<AddBackward0>), loss_pre: tensor(2.0360, device='cuda:0', grad_fn=<NllLossBackward0>)[0m[0m
experiment  : INFO     [32m[32mstep: 21400 	 training acc 0.6081081081081081 and training loss tensor(2.1085, device='cuda:0', grad_fn=<AddBackward0>), loss_auto: tensor(0.4492, device='cuda:0', grad_fn=<AddBackward0>), loss_pre: tensor(2.0636, device='cuda:0', grad_fn=<NllLossBackward0>)[0m[0m
experiment  : INFO     [32m[32mstep: 21440 	 training acc 0.6621621621621622 and training loss tensor(1.5957, device='cuda:0', grad_fn=<AddBackward0>), loss_auto: tensor(0.4516, device='cuda:0', grad_fn=<AddBackward0>), loss_pre: tensor(1.5505, device='cuda:0', grad_fn=<NllLossBackward0>)[0m[0m
experiment  : INFO     [32m[32mstep: 21480 	 training acc 0.7702702702702703 and training loss tensor(1.2027, device='cuda:0', grad_fn=<AddBackward0>), loss_auto: tensor(0.4522, device='cuda:0', grad_fn=<AddBackward0>), loss_pre: tensor(1.1575, device='cuda:0', grad_fn=<NllLossBackward0>)[0m[0m
experiment  : INFO     [32m[32mTrain Accuracy = 0.6078319502074636[0m[0m
experiment  : INFO     [32m[32mTest Accuracy = 0.6067946058091206[0m[0m
experiment  : INFO     [32m[32mstep: 21520 	 training acc 0.6756756756756757 and training loss tensor(2.0107, device='cuda:0', grad_fn=<AddBackward0>), loss_auto: tensor(0.4514, device='cuda:0', grad_fn=<AddBackward0>), loss_pre: tensor(1.9656, device='cuda:0', grad_fn=<NllLossBackward0>)[0m[0m
experiment  : INFO     [32m[32mstep: 21560 	 training acc 0.6216216216216216 and training loss tensor(1.9129, device='cuda:0', grad_fn=<AddBackward0>), loss_auto: tensor(0.4518, device='cuda:0', grad_fn=<AddBackward0>), loss_pre: tensor(1.8677, device='cuda:0', grad_fn=<NllLossBackward0>)[0m[0m
experiment  : INFO     [32m[32mstep: 21600 	 training acc 0.6216216216216216 and training loss tensor(2.0336, device='cuda:0', grad_fn=<AddBackward0>), loss_auto: tensor(0.4506, device='cuda:0', grad_fn=<AddBackward0>), loss_pre: tensor(1.9886, device='cuda:0', grad_fn=<NllLossBackward0>)[0m[0m
experiment  : INFO     [32m[32mstep: 21640 	 training acc 0.527027027027027 and training loss tensor(2.3057, device='cuda:0', grad_fn=<AddBackward0>), loss_auto: tensor(0.4562, device='cuda:0', grad_fn=<AddBackward0>), loss_pre: tensor(2.2601, device='cuda:0', grad_fn=<NllLossBackward0>)[0m[0m
experiment  : INFO     [32m[32mstep: 21680 	 training acc 0.5 and training loss tensor(2.9742, device='cuda:0', grad_fn=<AddBackward0>), loss_auto: tensor(0.4525, device='cuda:0', grad_fn=<AddBackward0>), loss_pre: tensor(2.9289, device='cuda:0', grad_fn=<NllLossBackward0>)[0m[0m
experiment  : INFO     [32m[32mstep: 21720 	 training acc 0.6891891891891891 and training loss tensor(1.4618, device='cuda:0', grad_fn=<AddBackward0>), loss_auto: tensor(0.4498, device='cuda:0', grad_fn=<AddBackward0>), loss_pre: tensor(1.4168, device='cuda:0', grad_fn=<NllLossBackward0>)[0m[0m
experiment  : INFO     [32m[32mstep: 21760 	 training acc 0.7162162162162162 and training loss tensor(1.7540, device='cuda:0', grad_fn=<AddBackward0>), loss_auto: tensor(0.4519, device='cuda:0', grad_fn=<AddBackward0>), loss_pre: tensor(1.7088, device='cuda:0', grad_fn=<NllLossBackward0>)[0m[0m
experiment  : INFO     [32m[32mstep: 21800 	 training acc 0.5945945945945946 and training loss tensor(2.2877, device='cuda:0', grad_fn=<AddBackward0>), loss_auto: tensor(0.4538, device='cuda:0', grad_fn=<AddBackward0>), loss_pre: tensor(2.2423, device='cuda:0', grad_fn=<NllLossBackward0>)[0m[0m
experiment  : INFO     [32m[32mstep: 21840 	 training acc 0.7297297297297297 and training loss tensor(1.2661, device='cuda:0', grad_fn=<AddBackward0>), loss_auto: tensor(0.4499, device='cuda:0', grad_fn=<AddBackward0>), loss_pre: tensor(1.2211, device='cuda:0', grad_fn=<NllLossBackward0>)[0m[0m
experiment  : INFO     [32m[32mstep: 21880 	 training acc 0.6756756756756757 and training loss tensor(1.4169, device='cuda:0', grad_fn=<AddBackward0>), loss_auto: tensor(0.4505, device='cuda:0', grad_fn=<AddBackward0>), loss_pre: tensor(1.3719, device='cuda:0', grad_fn=<NllLossBackward0>)[0m[0m
experiment  : INFO     [32m[32mstep: 21920 	 training acc 0.7297297297297297 and training loss tensor(1.5153, device='cuda:0', grad_fn=<AddBackward0>), loss_auto: tensor(0.4573, device='cuda:0', grad_fn=<AddBackward0>), loss_pre: tensor(1.4696, device='cuda:0', grad_fn=<NllLossBackward0>)[0m[0m
experiment  : INFO     [32m[32mstep: 21960 	 training acc 0.7297297297297297 and training loss tensor(1.7205, device='cuda:0', grad_fn=<AddBackward0>), loss_auto: tensor(0.4547, device='cuda:0', grad_fn=<AddBackward0>), loss_pre: tensor(1.6751, device='cuda:0', grad_fn=<NllLossBackward0>)[0m[0m
experiment  : INFO     [32m[32mstep: 22000 	 training acc 0.6081081081081081 and training loss tensor(2.2191, device='cuda:0', grad_fn=<AddBackward0>), loss_auto: tensor(0.4496, device='cuda:0', grad_fn=<AddBackward0>), loss_pre: tensor(2.1741, device='cuda:0', grad_fn=<NllLossBackward0>)[0m[0m
experiment  : INFO     [32m[32mTrain Accuracy = 0.6119813278008235[0m[0m
experiment  : INFO     [32m[32mTest Accuracy = 0.6049273858921085[0m[0m
experiment  : INFO     [32m[32mstep: 22040 	 training acc 0.7027027027027027 and training loss tensor(1.6512, device='cuda:0', grad_fn=<AddBackward0>), loss_auto: tensor(0.4547, device='cuda:0', grad_fn=<AddBackward0>), loss_pre: tensor(1.6057, device='cuda:0', grad_fn=<NllLossBackward0>)[0m[0m
experiment  : INFO     [32m[32mstep: 22080 	 training acc 0.6756756756756757 and training loss tensor(1.5996, device='cuda:0', grad_fn=<AddBackward0>), loss_auto: tensor(0.4495, device='cuda:0', grad_fn=<AddBackward0>), loss_pre: tensor(1.5546, device='cuda:0', grad_fn=<NllLossBackward0>)[0m[0m
experiment  : INFO     [32m[32mstep: 22120 	 training acc 0.7027027027027027 and training loss tensor(1.8126, device='cuda:0', grad_fn=<AddBackward0>), loss_auto: tensor(0.4532, device='cuda:0', grad_fn=<AddBackward0>), loss_pre: tensor(1.7673, device='cuda:0', grad_fn=<NllLossBackward0>)[0m[0m
experiment  : INFO     [32m[32mstep: 22160 	 training acc 0.581081081081081 and training loss tensor(2.0995, device='cuda:0', grad_fn=<AddBackward0>), loss_auto: tensor(0.4529, device='cuda:0', grad_fn=<AddBackward0>), loss_pre: tensor(2.0542, device='cuda:0', grad_fn=<NllLossBackward0>)[0m[0m
experiment  : INFO     [32m[32mstep: 22200 	 training acc 0.6621621621621622 and training loss tensor(1.9140, device='cuda:0', grad_fn=<AddBackward0>), loss_auto: tensor(0.4525, device='cuda:0', grad_fn=<AddBackward0>), loss_pre: tensor(1.8688, device='cuda:0', grad_fn=<NllLossBackward0>)[0m[0m
experiment  : INFO     [32m[32mstep: 22240 	 training acc 0.6891891891891891 and training loss tensor(1.5896, device='cuda:0', grad_fn=<AddBackward0>), loss_auto: tensor(0.4467, device='cuda:0', grad_fn=<AddBackward0>), loss_pre: tensor(1.5450, device='cuda:0', grad_fn=<NllLossBackward0>)[0m[0m
experiment  : INFO     [32m[32mstep: 22280 	 training acc 0.6756756756756757 and training loss tensor(1.5746, device='cuda:0', grad_fn=<AddBackward0>), loss_auto: tensor(0.4506, device='cuda:0', grad_fn=<AddBackward0>), loss_pre: tensor(1.5296, device='cuda:0', grad_fn=<NllLossBackward0>)[0m[0m
experiment  : INFO     [32m[32mstep: 22320 	 training acc 0.6486486486486487 and training loss tensor(2.2597, device='cuda:0', grad_fn=<AddBackward0>), loss_auto: tensor(0.4520, device='cuda:0', grad_fn=<AddBackward0>), loss_pre: tensor(2.2145, device='cuda:0', grad_fn=<NllLossBackward0>)[0m[0m
experiment  : INFO     [32m[32mstep: 22360 	 training acc 0.6486486486486487 and training loss tensor(1.7720, device='cuda:0', grad_fn=<AddBackward0>), loss_auto: tensor(0.4585, device='cuda:0', grad_fn=<AddBackward0>), loss_pre: tensor(1.7261, device='cuda:0', grad_fn=<NllLossBackward0>)[0m[0m
experiment  : INFO     [32m[32mstep: 22400 	 training acc 0.6621621621621622 and training loss tensor(1.8002, device='cuda:0', grad_fn=<AddBackward0>), loss_auto: tensor(0.4566, device='cuda:0', grad_fn=<AddBackward0>), loss_pre: tensor(1.7545, device='cuda:0', grad_fn=<NllLossBackward0>)[0m[0m
experiment  : INFO     [32m[32mstep: 22440 	 training acc 0.7027027027027027 and training loss tensor(1.6648, device='cuda:0', grad_fn=<AddBackward0>), loss_auto: tensor(0.4501, device='cuda:0', grad_fn=<AddBackward0>), loss_pre: tensor(1.6198, device='cuda:0', grad_fn=<NllLossBackward0>)[0m[0m
experiment  : INFO     [32m[32mstep: 22480 	 training acc 0.6756756756756757 and training loss tensor(1.8809, device='cuda:0', grad_fn=<AddBackward0>), loss_auto: tensor(0.4519, device='cuda:0', grad_fn=<AddBackward0>), loss_pre: tensor(1.8357, device='cuda:0', grad_fn=<NllLossBackward0>)[0m[0m
experiment  : INFO     [32m[32mTrain Accuracy = 0.613537344398334[0m[0m
experiment  : INFO     [32m[32mTest Accuracy = 0.609854771784228[0m[0m
experiment  : INFO     [32m[32mstep: 22520 	 training acc 0.6621621621621622 and training loss tensor(1.7788, device='cuda:0', grad_fn=<AddBackward0>), loss_auto: tensor(0.4525, device='cuda:0', grad_fn=<AddBackward0>), loss_pre: tensor(1.7335, device='cuda:0', grad_fn=<NllLossBackward0>)[0m[0m
experiment  : INFO     [32m[32mstep: 22560 	 training acc 0.6486486486486487 and training loss tensor(1.8990, device='cuda:0', grad_fn=<AddBackward0>), loss_auto: tensor(0.4529, device='cuda:0', grad_fn=<AddBackward0>), loss_pre: tensor(1.8538, device='cuda:0', grad_fn=<NllLossBackward0>)[0m[0m
experiment  : INFO     [32m[32mstep: 22600 	 training acc 0.6891891891891891 and training loss tensor(1.5012, device='cuda:0', grad_fn=<AddBackward0>), loss_auto: tensor(0.4526, device='cuda:0', grad_fn=<AddBackward0>), loss_pre: tensor(1.4559, device='cuda:0', grad_fn=<NllLossBackward0>)[0m[0m
experiment  : INFO     [32m[32mstep: 22640 	 training acc 0.7432432432432432 and training loss tensor(1.3414, device='cuda:0', grad_fn=<AddBackward0>), loss_auto: tensor(0.4535, device='cuda:0', grad_fn=<AddBackward0>), loss_pre: tensor(1.2960, device='cuda:0', grad_fn=<NllLossBackward0>)[0m[0m
experiment  : INFO     [32m[32mstep: 22680 	 training acc 0.6216216216216216 and training loss tensor(2.1673, device='cuda:0', grad_fn=<AddBackward0>), loss_auto: tensor(0.4514, device='cuda:0', grad_fn=<AddBackward0>), loss_pre: tensor(2.1221, device='cuda:0', grad_fn=<NllLossBackward0>)[0m[0m
experiment  : INFO     [32m[32mstep: 22720 	 training acc 0.6081081081081081 and training loss tensor(1.9885, device='cuda:0', grad_fn=<AddBackward0>), loss_auto: tensor(0.4484, device='cuda:0', grad_fn=<AddBackward0>), loss_pre: tensor(1.9436, device='cuda:0', grad_fn=<NllLossBackward0>)[0m[0m
experiment  : INFO     [32m[32mstep: 22760 	 training acc 0.6756756756756757 and training loss tensor(1.4866, device='cuda:0', grad_fn=<AddBackward0>), loss_auto: tensor(0.4505, device='cuda:0', grad_fn=<AddBackward0>), loss_pre: tensor(1.4416, device='cuda:0', grad_fn=<NllLossBackward0>)[0m[0m
experiment  : INFO     [32m[32mstep: 22800 	 training acc 0.6756756756756757 and training loss tensor(1.6984, device='cuda:0', grad_fn=<AddBackward0>), loss_auto: tensor(0.4478, device='cuda:0', grad_fn=<AddBackward0>), loss_pre: tensor(1.6536, device='cuda:0', grad_fn=<NllLossBackward0>)[0m[0m
experiment  : INFO     [32m[32mstep: 22840 	 training acc 0.7027027027027027 and training loss tensor(1.6346, device='cuda:0', grad_fn=<AddBackward0>), loss_auto: tensor(0.4534, device='cuda:0', grad_fn=<AddBackward0>), loss_pre: tensor(1.5892, device='cuda:0', grad_fn=<NllLossBackward0>)[0m[0m
experiment  : INFO     [32m[32mstep: 22880 	 training acc 0.7702702702702703 and training loss tensor(1.1540, device='cuda:0', grad_fn=<AddBackward0>), loss_auto: tensor(0.4495, device='cuda:0', grad_fn=<AddBackward0>), loss_pre: tensor(1.1091, device='cuda:0', grad_fn=<NllLossBackward0>)[0m[0m
experiment  : INFO     [32m[32mstep: 22920 	 training acc 0.6621621621621622 and training loss tensor(1.7777, device='cuda:0', grad_fn=<AddBackward0>), loss_auto: tensor(0.4491, device='cuda:0', grad_fn=<AddBackward0>), loss_pre: tensor(1.7328, device='cuda:0', grad_fn=<NllLossBackward0>)[0m[0m
experiment  : INFO     [32m[32mstep: 22960 	 training acc 0.7027027027027027 and training loss tensor(1.7038, device='cuda:0', grad_fn=<AddBackward0>), loss_auto: tensor(0.4529, device='cuda:0', grad_fn=<AddBackward0>), loss_pre: tensor(1.6585, device='cuda:0', grad_fn=<NllLossBackward0>)[0m[0m
experiment  : INFO     [32m[32mstep: 23000 	 training acc 0.6216216216216216 and training loss tensor(1.8856, device='cuda:0', grad_fn=<AddBackward0>), loss_auto: tensor(0.4517, device='cuda:0', grad_fn=<AddBackward0>), loss_pre: tensor(1.8404, device='cuda:0', grad_fn=<NllLossBackward0>)[0m[0m
experiment  : INFO     [32m[32mTrain Accuracy = 0.6148340248962596[0m[0m
experiment  : INFO     [32m[32mTest Accuracy = 0.6159232365145154[0m[0m
experiment  : INFO     [32m[32mstep: 23040 	 training acc 0.7297297297297297 and training loss tensor(1.4595, device='cuda:0', grad_fn=<AddBackward0>), loss_auto: tensor(0.4498, device='cuda:0', grad_fn=<AddBackward0>), loss_pre: tensor(1.4145, device='cuda:0', grad_fn=<NllLossBackward0>)[0m[0m
experiment  : INFO     [32m[32mstep: 23080 	 training acc 0.6891891891891891 and training loss tensor(1.5302, device='cuda:0', grad_fn=<AddBackward0>), loss_auto: tensor(0.4490, device='cuda:0', grad_fn=<AddBackward0>), loss_pre: tensor(1.4853, device='cuda:0', grad_fn=<NllLossBackward0>)[0m[0m
experiment  : INFO     [32m[32mstep: 23120 	 training acc 0.7702702702702703 and training loss tensor(1.2460, device='cuda:0', grad_fn=<AddBackward0>), loss_auto: tensor(0.4500, device='cuda:0', grad_fn=<AddBackward0>), loss_pre: tensor(1.2010, device='cuda:0', grad_fn=<NllLossBackward0>)[0m[0m
experiment  : INFO     [32m[32mstep: 23160 	 training acc 0.5945945945945946 and training loss tensor(2.0582, device='cuda:0', grad_fn=<AddBackward0>), loss_auto: tensor(0.4493, device='cuda:0', grad_fn=<AddBackward0>), loss_pre: tensor(2.0133, device='cuda:0', grad_fn=<NllLossBackward0>)[0m[0m
experiment  : INFO     [32m[32mstep: 23200 	 training acc 0.7162162162162162 and training loss tensor(1.2915, device='cuda:0', grad_fn=<AddBackward0>), loss_auto: tensor(0.4519, device='cuda:0', grad_fn=<AddBackward0>), loss_pre: tensor(1.2463, device='cuda:0', grad_fn=<NllLossBackward0>)[0m[0m
experiment  : INFO     [32m[32mstep: 23240 	 training acc 0.6081081081081081 and training loss tensor(1.9352, device='cuda:0', grad_fn=<AddBackward0>), loss_auto: tensor(0.4524, device='cuda:0', grad_fn=<AddBackward0>), loss_pre: tensor(1.8900, device='cuda:0', grad_fn=<NllLossBackward0>)[0m[0m
experiment  : INFO     [32m[32mstep: 23280 	 training acc 0.6621621621621622 and training loss tensor(1.8851, device='cuda:0', grad_fn=<AddBackward0>), loss_auto: tensor(0.4510, device='cuda:0', grad_fn=<AddBackward0>), loss_pre: tensor(1.8400, device='cuda:0', grad_fn=<NllLossBackward0>)[0m[0m
experiment  : INFO     [32m[32mstep: 23320 	 training acc 0.7297297297297297 and training loss tensor(1.5673, device='cuda:0', grad_fn=<AddBackward0>), loss_auto: tensor(0.4530, device='cuda:0', grad_fn=<AddBackward0>), loss_pre: tensor(1.5220, device='cuda:0', grad_fn=<NllLossBackward0>)[0m[0m
experiment  : INFO     [32m[32mstep: 23360 	 training acc 0.7297297297297297 and training loss tensor(1.7261, device='cuda:0', grad_fn=<AddBackward0>), loss_auto: tensor(0.4519, device='cuda:0', grad_fn=<AddBackward0>), loss_pre: tensor(1.6809, device='cuda:0', grad_fn=<NllLossBackward0>)[0m[0m
experiment  : INFO     [32m[32mstep: 23400 	 training acc 0.6351351351351351 and training loss tensor(1.7161, device='cuda:0', grad_fn=<AddBackward0>), loss_auto: tensor(0.4459, device='cuda:0', grad_fn=<AddBackward0>), loss_pre: tensor(1.6715, device='cuda:0', grad_fn=<NllLossBackward0>)[0m[0m
experiment  : INFO     [32m[32mstep: 23440 	 training acc 0.7027027027027027 and training loss tensor(1.3415, device='cuda:0', grad_fn=<AddBackward0>), loss_auto: tensor(0.4460, device='cuda:0', grad_fn=<AddBackward0>), loss_pre: tensor(1.2969, device='cuda:0', grad_fn=<NllLossBackward0>)[0m[0m
experiment  : INFO     [32m[32mstep: 23480 	 training acc 0.6891891891891891 and training loss tensor(2.0201, device='cuda:0', grad_fn=<AddBackward0>), loss_auto: tensor(0.4496, device='cuda:0', grad_fn=<AddBackward0>), loss_pre: tensor(1.9751, device='cuda:0', grad_fn=<NllLossBackward0>)[0m[0m
experiment  : INFO     [32m[32mTrain Accuracy = 0.6201244813277939[0m[0m
experiment  : INFO     [32m[32mTest Accuracy = 0.6171161825726094[0m[0m
experiment  : INFO     [32m[32mstep: 23520 	 training acc 0.6891891891891891 and training loss tensor(1.8170, device='cuda:0', grad_fn=<AddBackward0>), loss_auto: tensor(0.4522, device='cuda:0', grad_fn=<AddBackward0>), loss_pre: tensor(1.7718, device='cuda:0', grad_fn=<NllLossBackward0>)[0m[0m
experiment  : INFO     [32m[32mstep: 23560 	 training acc 0.7027027027027027 and training loss tensor(1.5612, device='cuda:0', grad_fn=<AddBackward0>), loss_auto: tensor(0.4501, device='cuda:0', grad_fn=<AddBackward0>), loss_pre: tensor(1.5161, device='cuda:0', grad_fn=<NllLossBackward0>)[0m[0m
experiment  : INFO     [32m[32mstep: 23600 	 training acc 0.6891891891891891 and training loss tensor(1.6904, device='cuda:0', grad_fn=<AddBackward0>), loss_auto: tensor(0.4534, device='cuda:0', grad_fn=<AddBackward0>), loss_pre: tensor(1.6450, device='cuda:0', grad_fn=<NllLossBackward0>)[0m[0m
experiment  : INFO     [32m[32mstep: 23640 	 training acc 0.6486486486486487 and training loss tensor(1.9256, device='cuda:0', grad_fn=<AddBackward0>), loss_auto: tensor(0.4536, device='cuda:0', grad_fn=<AddBackward0>), loss_pre: tensor(1.8802, device='cuda:0', grad_fn=<NllLossBackward0>)[0m[0m
experiment  : INFO     [32m[32mstep: 23680 	 training acc 0.7297297297297297 and training loss tensor(1.5084, device='cuda:0', grad_fn=<AddBackward0>), loss_auto: tensor(0.4550, device='cuda:0', grad_fn=<AddBackward0>), loss_pre: tensor(1.4629, device='cuda:0', grad_fn=<NllLossBackward0>)[0m[0m
experiment  : INFO     [32m[32mstep: 23720 	 training acc 0.6621621621621622 and training loss tensor(1.4090, device='cuda:0', grad_fn=<AddBackward0>), loss_auto: tensor(0.4497, device='cuda:0', grad_fn=<AddBackward0>), loss_pre: tensor(1.3640, device='cuda:0', grad_fn=<NllLossBackward0>)[0m[0m
experiment  : INFO     [32m[32mstep: 23760 	 training acc 0.6486486486486487 and training loss tensor(1.8182, device='cuda:0', grad_fn=<AddBackward0>), loss_auto: tensor(0.4519, device='cuda:0', grad_fn=<AddBackward0>), loss_pre: tensor(1.7730, device='cuda:0', grad_fn=<NllLossBackward0>)[0m[0m
experiment  : INFO     [32m[32mstep: 23800 	 training acc 0.527027027027027 and training loss tensor(2.5178, device='cuda:0', grad_fn=<AddBackward0>), loss_auto: tensor(0.4469, device='cuda:0', grad_fn=<AddBackward0>), loss_pre: tensor(2.4731, device='cuda:0', grad_fn=<NllLossBackward0>)[0m[0m
experiment  : INFO     [32m[32mstep: 23840 	 training acc 0.7567567567567568 and training loss tensor(1.5278, device='cuda:0', grad_fn=<AddBackward0>), loss_auto: tensor(0.4497, device='cuda:0', grad_fn=<AddBackward0>), loss_pre: tensor(1.4828, device='cuda:0', grad_fn=<NllLossBackward0>)[0m[0m
experiment  : INFO     [32m[32mstep: 23880 	 training acc 0.7297297297297297 and training loss tensor(1.8758, device='cuda:0', grad_fn=<AddBackward0>), loss_auto: tensor(0.4513, device='cuda:0', grad_fn=<AddBackward0>), loss_pre: tensor(1.8307, device='cuda:0', grad_fn=<NllLossBackward0>)[0m[0m
experiment  : INFO     [32m[32mstep: 23920 	 training acc 0.7972972972972973 and training loss tensor(1.4885, device='cuda:0', grad_fn=<AddBackward0>), loss_auto: tensor(0.4516, device='cuda:0', grad_fn=<AddBackward0>), loss_pre: tensor(1.4433, device='cuda:0', grad_fn=<NllLossBackward0>)[0m[0m
experiment  : INFO     [32m[32mstep: 23960 	 training acc 0.6486486486486487 and training loss tensor(2.0724, device='cuda:0', grad_fn=<AddBackward0>), loss_auto: tensor(0.4514, device='cuda:0', grad_fn=<AddBackward0>), loss_pre: tensor(2.0272, device='cuda:0', grad_fn=<NllLossBackward0>)[0m[0m
experiment  : INFO     [32m[32mstep: 24000 	 training acc 0.6891891891891891 and training loss tensor(1.7061, device='cuda:0', grad_fn=<AddBackward0>), loss_auto: tensor(0.4523, device='cuda:0', grad_fn=<AddBackward0>), loss_pre: tensor(1.6609, device='cuda:0', grad_fn=<NllLossBackward0>)[0m[0m
experiment  : INFO     [32m[32mTrain Accuracy = 0.6080912863070477[0m[0m
experiment  : INFO     [32m[32mTest Accuracy = 0.6086099585062169[0m[0m
experiment  : INFO     [32m[32mstep: 24040 	 training acc 0.6351351351351351 and training loss tensor(2.3103, device='cuda:0', grad_fn=<AddBackward0>), loss_auto: tensor(0.4472, device='cuda:0', grad_fn=<AddBackward0>), loss_pre: tensor(2.2656, device='cuda:0', grad_fn=<NllLossBackward0>)[0m[0m
experiment  : INFO     [32m[32mstep: 24080 	 training acc 0.6891891891891891 and training loss tensor(1.4237, device='cuda:0', grad_fn=<AddBackward0>), loss_auto: tensor(0.4482, device='cuda:0', grad_fn=<AddBackward0>), loss_pre: tensor(1.3789, device='cuda:0', grad_fn=<NllLossBackward0>)[0m[0m
experiment  : INFO     [32m[32mstep: 24120 	 training acc 0.6081081081081081 and training loss tensor(2.2268, device='cuda:0', grad_fn=<AddBackward0>), loss_auto: tensor(0.4562, device='cuda:0', grad_fn=<AddBackward0>), loss_pre: tensor(2.1812, device='cuda:0', grad_fn=<NllLossBackward0>)[0m[0m
experiment  : INFO     [32m[32mstep: 24160 	 training acc 0.6216216216216216 and training loss tensor(2.5921, device='cuda:0', grad_fn=<AddBackward0>), loss_auto: tensor(0.4523, device='cuda:0', grad_fn=<AddBackward0>), loss_pre: tensor(2.5469, device='cuda:0', grad_fn=<NllLossBackward0>)[0m[0m
experiment  : INFO     [32m[32mstep: 24200 	 training acc 0.7567567567567568 and training loss tensor(1.2636, device='cuda:0', grad_fn=<AddBackward0>), loss_auto: tensor(0.4456, device='cuda:0', grad_fn=<AddBackward0>), loss_pre: tensor(1.2191, device='cuda:0', grad_fn=<NllLossBackward0>)[0m[0m
experiment  : INFO     [32m[32mstep: 24240 	 training acc 0.6216216216216216 and training loss tensor(1.8374, device='cuda:0', grad_fn=<AddBackward0>), loss_auto: tensor(0.4490, device='cuda:0', grad_fn=<AddBackward0>), loss_pre: tensor(1.7925, device='cuda:0', grad_fn=<NllLossBackward0>)[0m[0m
experiment  : INFO     [32m[32mstep: 24280 	 training acc 0.7432432432432432 and training loss tensor(1.4399, device='cuda:0', grad_fn=<AddBackward0>), loss_auto: tensor(0.4505, device='cuda:0', grad_fn=<AddBackward0>), loss_pre: tensor(1.3949, device='cuda:0', grad_fn=<NllLossBackward0>)[0m[0m
experiment  : INFO     [32m[32mstep: 24320 	 training acc 0.5945945945945946 and training loss tensor(2.7708, device='cuda:0', grad_fn=<AddBackward0>), loss_auto: tensor(0.4464, device='cuda:0', grad_fn=<AddBackward0>), loss_pre: tensor(2.7261, device='cuda:0', grad_fn=<NllLossBackward0>)[0m[0m
experiment  : INFO     [32m[32mstep: 24360 	 training acc 0.7162162162162162 and training loss tensor(1.3323, device='cuda:0', grad_fn=<AddBackward0>), loss_auto: tensor(0.4483, device='cuda:0', grad_fn=<AddBackward0>), loss_pre: tensor(1.2875, device='cuda:0', grad_fn=<NllLossBackward0>)[0m[0m
experiment  : INFO     [32m[32mstep: 24400 	 training acc 0.6081081081081081 and training loss tensor(1.9761, device='cuda:0', grad_fn=<AddBackward0>), loss_auto: tensor(0.4498, device='cuda:0', grad_fn=<AddBackward0>), loss_pre: tensor(1.9311, device='cuda:0', grad_fn=<NllLossBackward0>)[0m[0m
experiment  : INFO     [32m[32mstep: 24440 	 training acc 0.6891891891891891 and training loss tensor(1.2902, device='cuda:0', grad_fn=<AddBackward0>), loss_auto: tensor(0.4479, device='cuda:0', grad_fn=<AddBackward0>), loss_pre: tensor(1.2455, device='cuda:0', grad_fn=<NllLossBackward0>)[0m[0m
experiment  : INFO     [32m[32mstep: 24480 	 training acc 0.6081081081081081 and training loss tensor(2.2548, device='cuda:0', grad_fn=<AddBackward0>), loss_auto: tensor(0.4506, device='cuda:0', grad_fn=<AddBackward0>), loss_pre: tensor(2.2097, device='cuda:0', grad_fn=<NllLossBackward0>)[0m[0m
experiment  : INFO     [32m[32mTrain Accuracy = 0.6052904564315287[0m[0m
experiment  : INFO     [32m[32mTest Accuracy = 0.6044087136929389[0m[0m
experiment  : INFO     [32m[32mstep: 24520 	 training acc 0.6621621621621622 and training loss tensor(1.6495, device='cuda:0', grad_fn=<AddBackward0>), loss_auto: tensor(0.4520, device='cuda:0', grad_fn=<AddBackward0>), loss_pre: tensor(1.6043, device='cuda:0', grad_fn=<NllLossBackward0>)[0m[0m
experiment  : INFO     [32m[32mstep: 24560 	 training acc 0.7162162162162162 and training loss tensor(1.4308, device='cuda:0', grad_fn=<AddBackward0>), loss_auto: tensor(0.4445, device='cuda:0', grad_fn=<AddBackward0>), loss_pre: tensor(1.3863, device='cuda:0', grad_fn=<NllLossBackward0>)[0m[0m
experiment  : INFO     [32m[32mstep: 24600 	 training acc 0.5675675675675675 and training loss tensor(2.3856, device='cuda:0', grad_fn=<AddBackward0>), loss_auto: tensor(0.4471, device='cuda:0', grad_fn=<AddBackward0>), loss_pre: tensor(2.3409, device='cuda:0', grad_fn=<NllLossBackward0>)[0m[0m
experiment  : INFO     [32m[32mstep: 24640 	 training acc 0.7297297297297297 and training loss tensor(1.5893, device='cuda:0', grad_fn=<AddBackward0>), loss_auto: tensor(0.4492, device='cuda:0', grad_fn=<AddBackward0>), loss_pre: tensor(1.5444, device='cuda:0', grad_fn=<NllLossBackward0>)[0m[0m
experiment  : INFO     [32m[32mstep: 24680 	 training acc 0.6351351351351351 and training loss tensor(1.8512, device='cuda:0', grad_fn=<AddBackward0>), loss_auto: tensor(0.4526, device='cuda:0', grad_fn=<AddBackward0>), loss_pre: tensor(1.8059, device='cuda:0', grad_fn=<NllLossBackward0>)[0m[0m
experiment  : INFO     [32m[32mstep: 24720 	 training acc 0.6621621621621622 and training loss tensor(1.6949, device='cuda:0', grad_fn=<AddBackward0>), loss_auto: tensor(0.4524, device='cuda:0', grad_fn=<AddBackward0>), loss_pre: tensor(1.6496, device='cuda:0', grad_fn=<NllLossBackward0>)[0m[0m
experiment  : INFO     [32m[32mstep: 24760 	 training acc 0.5945945945945946 and training loss tensor(2.0176, device='cuda:0', grad_fn=<AddBackward0>), loss_auto: tensor(0.4522, device='cuda:0', grad_fn=<AddBackward0>), loss_pre: tensor(1.9724, device='cuda:0', grad_fn=<NllLossBackward0>)[0m[0m
experiment  : INFO     [32m[32mstep: 24800 	 training acc 0.5945945945945946 and training loss tensor(1.7564, device='cuda:0', grad_fn=<AddBackward0>), loss_auto: tensor(0.4522, device='cuda:0', grad_fn=<AddBackward0>), loss_pre: tensor(1.7112, device='cuda:0', grad_fn=<NllLossBackward0>)[0m[0m
experiment  : INFO     [32m[32mstep: 24840 	 training acc 0.6486486486486487 and training loss tensor(2.0715, device='cuda:0', grad_fn=<AddBackward0>), loss_auto: tensor(0.4537, device='cuda:0', grad_fn=<AddBackward0>), loss_pre: tensor(2.0261, device='cuda:0', grad_fn=<NllLossBackward0>)[0m[0m
experiment  : INFO     [32m[32mstep: 24880 	 training acc 0.581081081081081 and training loss tensor(1.7133, device='cuda:0', grad_fn=<AddBackward0>), loss_auto: tensor(0.4495, device='cuda:0', grad_fn=<AddBackward0>), loss_pre: tensor(1.6684, device='cuda:0', grad_fn=<NllLossBackward0>)[0m[0m
experiment  : INFO     [32m[32mstep: 24920 	 training acc 0.5540540540540541 and training loss tensor(1.9441, device='cuda:0', grad_fn=<AddBackward0>), loss_auto: tensor(0.4588, device='cuda:0', grad_fn=<AddBackward0>), loss_pre: tensor(1.8982, device='cuda:0', grad_fn=<NllLossBackward0>)[0m[0m
experiment  : INFO     [32m[32mstep: 24960 	 training acc 0.7162162162162162 and training loss tensor(1.5332, device='cuda:0', grad_fn=<AddBackward0>), loss_auto: tensor(0.4522, device='cuda:0', grad_fn=<AddBackward0>), loss_pre: tensor(1.4880, device='cuda:0', grad_fn=<NllLossBackward0>)[0m[0m
experiment  : INFO     [32m[32mstep: 25000 	 training acc 0.7432432432432432 and training loss tensor(1.5366, device='cuda:0', grad_fn=<AddBackward0>), loss_auto: tensor(0.4476, device='cuda:0', grad_fn=<AddBackward0>), loss_pre: tensor(1.4918, device='cuda:0', grad_fn=<NllLossBackward0>)[0m[0m
experiment  : INFO     [32m[32mTrain Accuracy = 0.6033713692945989[0m[0m
experiment  : INFO     [32m[32mTest Accuracy = 0.6055497925311158[0m[0m
experiment  : INFO     [32m[32mstep: 25040 	 training acc 0.7297297297297297 and training loss tensor(1.5336, device='cuda:0', grad_fn=<AddBackward0>), loss_auto: tensor(0.4489, device='cuda:0', grad_fn=<AddBackward0>), loss_pre: tensor(1.4887, device='cuda:0', grad_fn=<NllLossBackward0>)[0m[0m
experiment  : INFO     [32m[32mstep: 25080 	 training acc 0.6351351351351351 and training loss tensor(1.8382, device='cuda:0', grad_fn=<AddBackward0>), loss_auto: tensor(0.4525, device='cuda:0', grad_fn=<AddBackward0>), loss_pre: tensor(1.7929, device='cuda:0', grad_fn=<NllLossBackward0>)[0m[0m
experiment  : INFO     [32m[32mstep: 25120 	 training acc 0.527027027027027 and training loss tensor(2.4101, device='cuda:0', grad_fn=<AddBackward0>), loss_auto: tensor(0.4472, device='cuda:0', grad_fn=<AddBackward0>), loss_pre: tensor(2.3654, device='cuda:0', grad_fn=<NllLossBackward0>)[0m[0m
experiment  : INFO     [32m[32mstep: 25160 	 training acc 0.5675675675675675 and training loss tensor(2.5390, device='cuda:0', grad_fn=<AddBackward0>), loss_auto: tensor(0.4445, device='cuda:0', grad_fn=<AddBackward0>), loss_pre: tensor(2.4946, device='cuda:0', grad_fn=<NllLossBackward0>)[0m[0m
experiment  : INFO     [32m[32mstep: 25200 	 training acc 0.5945945945945946 and training loss tensor(1.8122, device='cuda:0', grad_fn=<AddBackward0>), loss_auto: tensor(0.4505, device='cuda:0', grad_fn=<AddBackward0>), loss_pre: tensor(1.7672, device='cuda:0', grad_fn=<NllLossBackward0>)[0m[0m
experiment  : INFO     [32m[32mstep: 25240 	 training acc 0.7027027027027027 and training loss tensor(1.6109, device='cuda:0', grad_fn=<AddBackward0>), loss_auto: tensor(0.4488, device='cuda:0', grad_fn=<AddBackward0>), loss_pre: tensor(1.5661, device='cuda:0', grad_fn=<NllLossBackward0>)[0m[0m
experiment  : INFO     [32m[32mstep: 25280 	 training acc 0.5945945945945946 and training loss tensor(1.8656, device='cuda:0', grad_fn=<AddBackward0>), loss_auto: tensor(0.4525, device='cuda:0', grad_fn=<AddBackward0>), loss_pre: tensor(1.8204, device='cuda:0', grad_fn=<NllLossBackward0>)[0m[0m
experiment  : INFO     [32m[32mstep: 25320 	 training acc 0.6621621621621622 and training loss tensor(1.8844, device='cuda:0', grad_fn=<AddBackward0>), loss_auto: tensor(0.4467, device='cuda:0', grad_fn=<AddBackward0>), loss_pre: tensor(1.8397, device='cuda:0', grad_fn=<NllLossBackward0>)[0m[0m
experiment  : INFO     [32m[32mstep: 25360 	 training acc 0.7162162162162162 and training loss tensor(1.7736, device='cuda:0', grad_fn=<AddBackward0>), loss_auto: tensor(0.4477, device='cuda:0', grad_fn=<AddBackward0>), loss_pre: tensor(1.7288, device='cuda:0', grad_fn=<NllLossBackward0>)[0m[0m
experiment  : INFO     [32m[32mstep: 25400 	 training acc 0.5945945945945946 and training loss tensor(2.3354, device='cuda:0', grad_fn=<AddBackward0>), loss_auto: tensor(0.4504, device='cuda:0', grad_fn=<AddBackward0>), loss_pre: tensor(2.2903, device='cuda:0', grad_fn=<NllLossBackward0>)[0m[0m
experiment  : INFO     [32m[32mstep: 25440 	 training acc 0.6486486486486487 and training loss tensor(1.5254, device='cuda:0', grad_fn=<AddBackward0>), loss_auto: tensor(0.4478, device='cuda:0', grad_fn=<AddBackward0>), loss_pre: tensor(1.4806, device='cuda:0', grad_fn=<NllLossBackward0>)[0m[0m
experiment  : INFO     [32m[32mstep: 25480 	 training acc 0.6486486486486487 and training loss tensor(1.8856, device='cuda:0', grad_fn=<AddBackward0>), loss_auto: tensor(0.4512, device='cuda:0', grad_fn=<AddBackward0>), loss_pre: tensor(1.8404, device='cuda:0', grad_fn=<NllLossBackward0>)[0m[0m
experiment  : INFO     [32m[32mTrain Accuracy = 0.6160269709543509[0m[0m
experiment  : INFO     [32m[32mTest Accuracy = 0.616960580912858[0m[0m
experiment  : INFO     [32m[32mstep: 25520 	 training acc 0.7567567567567568 and training loss tensor(1.4539, device='cuda:0', grad_fn=<AddBackward0>), loss_auto: tensor(0.4489, device='cuda:0', grad_fn=<AddBackward0>), loss_pre: tensor(1.4090, device='cuda:0', grad_fn=<NllLossBackward0>)[0m[0m
experiment  : INFO     [32m[32mstep: 25560 	 training acc 0.6621621621621622 and training loss tensor(2.0754, device='cuda:0', grad_fn=<AddBackward0>), loss_auto: tensor(0.4472, device='cuda:0', grad_fn=<AddBackward0>), loss_pre: tensor(2.0307, device='cuda:0', grad_fn=<NllLossBackward0>)[0m[0m
experiment  : INFO     [32m[32mstep: 25600 	 training acc 0.6756756756756757 and training loss tensor(1.8010, device='cuda:0', grad_fn=<AddBackward0>), loss_auto: tensor(0.4494, device='cuda:0', grad_fn=<AddBackward0>), loss_pre: tensor(1.7561, device='cuda:0', grad_fn=<NllLossBackward0>)[0m[0m
experiment  : INFO     [32m[32mstep: 25640 	 training acc 0.6756756756756757 and training loss tensor(1.3725, device='cuda:0', grad_fn=<AddBackward0>), loss_auto: tensor(0.4513, device='cuda:0', grad_fn=<AddBackward0>), loss_pre: tensor(1.3274, device='cuda:0', grad_fn=<NllLossBackward0>)[0m[0m
experiment  : INFO     [32m[32mstep: 25680 	 training acc 0.7027027027027027 and training loss tensor(1.3281, device='cuda:0', grad_fn=<AddBackward0>), loss_auto: tensor(0.4443, device='cuda:0', grad_fn=<AddBackward0>), loss_pre: tensor(1.2837, device='cuda:0', grad_fn=<NllLossBackward0>)[0m[0m
experiment  : INFO     [32m[32mstep: 25720 	 training acc 0.7162162162162162 and training loss tensor(1.4617, device='cuda:0', grad_fn=<AddBackward0>), loss_auto: tensor(0.4546, device='cuda:0', grad_fn=<AddBackward0>), loss_pre: tensor(1.4163, device='cuda:0', grad_fn=<NllLossBackward0>)[0m[0m
experiment  : INFO     [32m[32mstep: 25760 	 training acc 0.6621621621621622 and training loss tensor(1.7070, device='cuda:0', grad_fn=<AddBackward0>), loss_auto: tensor(0.4476, device='cuda:0', grad_fn=<AddBackward0>), loss_pre: tensor(1.6622, device='cuda:0', grad_fn=<NllLossBackward0>)[0m[0m
experiment  : INFO     [32m[32mstep: 25800 	 training acc 0.6621621621621622 and training loss tensor(1.8150, device='cuda:0', grad_fn=<AddBackward0>), loss_auto: tensor(0.4501, device='cuda:0', grad_fn=<AddBackward0>), loss_pre: tensor(1.7700, device='cuda:0', grad_fn=<NllLossBackward0>)[0m[0m
experiment  : INFO     [32m[32mstep: 25840 	 training acc 0.6351351351351351 and training loss tensor(1.7198, device='cuda:0', grad_fn=<AddBackward0>), loss_auto: tensor(0.4479, device='cuda:0', grad_fn=<AddBackward0>), loss_pre: tensor(1.6750, device='cuda:0', grad_fn=<NllLossBackward0>)[0m[0m
experiment  : INFO     [32m[32mstep: 25880 	 training acc 0.7027027027027027 and training loss tensor(1.5847, device='cuda:0', grad_fn=<AddBackward0>), loss_auto: tensor(0.4499, device='cuda:0', grad_fn=<AddBackward0>), loss_pre: tensor(1.5397, device='cuda:0', grad_fn=<NllLossBackward0>)[0m[0m
experiment  : INFO     [32m[32mstep: 25920 	 training acc 0.6216216216216216 and training loss tensor(1.9547, device='cuda:0', grad_fn=<AddBackward0>), loss_auto: tensor(0.4442, device='cuda:0', grad_fn=<AddBackward0>), loss_pre: tensor(1.9103, device='cuda:0', grad_fn=<NllLossBackward0>)[0m[0m
experiment  : INFO     [32m[32mstep: 25960 	 training acc 0.6351351351351351 and training loss tensor(1.7736, device='cuda:0', grad_fn=<AddBackward0>), loss_auto: tensor(0.4500, device='cuda:0', grad_fn=<AddBackward0>), loss_pre: tensor(1.7286, device='cuda:0', grad_fn=<NllLossBackward0>)[0m[0m
experiment  : INFO     [32m[32mstep: 26000 	 training acc 0.6351351351351351 and training loss tensor(2.1701, device='cuda:0', grad_fn=<AddBackward0>), loss_auto: tensor(0.4457, device='cuda:0', grad_fn=<AddBackward0>), loss_pre: tensor(2.1255, device='cuda:0', grad_fn=<NllLossBackward0>)[0m[0m
experiment  : INFO     [32m[32mTrain Accuracy = 0.6163900414937696[0m[0m
experiment  : INFO     [32m[32mTest Accuracy = 0.6187759336099509[0m[0m
experiment  : INFO     [32m[32mstep: 26040 	 training acc 0.6891891891891891 and training loss tensor(1.8816, device='cuda:0', grad_fn=<AddBackward0>), loss_auto: tensor(0.4525, device='cuda:0', grad_fn=<AddBackward0>), loss_pre: tensor(1.8363, device='cuda:0', grad_fn=<NllLossBackward0>)[0m[0m
experiment  : INFO     [32m[32mstep: 26080 	 training acc 0.5675675675675675 and training loss tensor(2.1688, device='cuda:0', grad_fn=<AddBackward0>), loss_auto: tensor(0.4476, device='cuda:0', grad_fn=<AddBackward0>), loss_pre: tensor(2.1240, device='cuda:0', grad_fn=<NllLossBackward0>)[0m[0m
experiment  : INFO     [32m[32mstep: 26120 	 training acc 0.7162162162162162 and training loss tensor(1.4491, device='cuda:0', grad_fn=<AddBackward0>), loss_auto: tensor(0.4490, device='cuda:0', grad_fn=<AddBackward0>), loss_pre: tensor(1.4042, device='cuda:0', grad_fn=<NllLossBackward0>)[0m[0m
experiment  : INFO     [32m[32mstep: 26160 	 training acc 0.6621621621621622 and training loss tensor(2.1589, device='cuda:0', grad_fn=<AddBackward0>), loss_auto: tensor(0.4485, device='cuda:0', grad_fn=<AddBackward0>), loss_pre: tensor(2.1141, device='cuda:0', grad_fn=<NllLossBackward0>)[0m[0m
experiment  : INFO     [32m[32mstep: 26200 	 training acc 0.5945945945945946 and training loss tensor(1.8806, device='cuda:0', grad_fn=<AddBackward0>), loss_auto: tensor(0.4439, device='cuda:0', grad_fn=<AddBackward0>), loss_pre: tensor(1.8362, device='cuda:0', grad_fn=<NllLossBackward0>)[0m[0m
experiment  : INFO     [32m[32mstep: 26240 	 training acc 0.6756756756756757 and training loss tensor(1.5083, device='cuda:0', grad_fn=<AddBackward0>), loss_auto: tensor(0.4509, device='cuda:0', grad_fn=<AddBackward0>), loss_pre: tensor(1.4632, device='cuda:0', grad_fn=<NllLossBackward0>)[0m[0m
experiment  : INFO     [32m[32mstep: 26280 	 training acc 0.6621621621621622 and training loss tensor(1.5808, device='cuda:0', grad_fn=<AddBackward0>), loss_auto: tensor(0.4520, device='cuda:0', grad_fn=<AddBackward0>), loss_pre: tensor(1.5356, device='cuda:0', grad_fn=<NllLossBackward0>)[0m[0m
experiment  : INFO     [32m[32mstep: 26320 	 training acc 0.6891891891891891 and training loss tensor(1.6058, device='cuda:0', grad_fn=<AddBackward0>), loss_auto: tensor(0.4447, device='cuda:0', grad_fn=<AddBackward0>), loss_pre: tensor(1.5614, device='cuda:0', grad_fn=<NllLossBackward0>)[0m[0m
experiment  : INFO     [32m[32mstep: 26360 	 training acc 0.6891891891891891 and training loss tensor(1.7846, device='cuda:0', grad_fn=<AddBackward0>), loss_auto: tensor(0.4557, device='cuda:0', grad_fn=<AddBackward0>), loss_pre: tensor(1.7390, device='cuda:0', grad_fn=<NllLossBackward0>)[0m[0m
experiment  : INFO     [32m[32mstep: 26400 	 training acc 0.6081081081081081 and training loss tensor(1.8480, device='cuda:0', grad_fn=<AddBackward0>), loss_auto: tensor(0.4498, device='cuda:0', grad_fn=<AddBackward0>), loss_pre: tensor(1.8030, device='cuda:0', grad_fn=<NllLossBackward0>)[0m[0m
experiment  : INFO     [32m[32mstep: 26440 	 training acc 0.6216216216216216 and training loss tensor(2.1326, device='cuda:0', grad_fn=<AddBackward0>), loss_auto: tensor(0.4545, device='cuda:0', grad_fn=<AddBackward0>), loss_pre: tensor(2.0871, device='cuda:0', grad_fn=<NllLossBackward0>)[0m[0m
experiment  : INFO     [32m[32mstep: 26480 	 training acc 0.581081081081081 and training loss tensor(2.3097, device='cuda:0', grad_fn=<AddBackward0>), loss_auto: tensor(0.4506, device='cuda:0', grad_fn=<AddBackward0>), loss_pre: tensor(2.2646, device='cuda:0', grad_fn=<NllLossBackward0>)[0m[0m
experiment  : INFO     [32m[32mTrain Accuracy = 0.6036825726141022[0m[0m
experiment  : INFO     [32m[32mTest Accuracy = 0.6060684647302843[0m[0m
experiment  : INFO     [32m[32mstep: 26520 	 training acc 0.7162162162162162 and training loss tensor(1.5139, device='cuda:0', grad_fn=<AddBackward0>), loss_auto: tensor(0.4441, device='cuda:0', grad_fn=<AddBackward0>), loss_pre: tensor(1.4695, device='cuda:0', grad_fn=<NllLossBackward0>)[0m[0m
experiment  : INFO     [32m[32mstep: 26560 	 training acc 0.7027027027027027 and training loss tensor(1.8748, device='cuda:0', grad_fn=<AddBackward0>), loss_auto: tensor(0.4493, device='cuda:0', grad_fn=<AddBackward0>), loss_pre: tensor(1.8298, device='cuda:0', grad_fn=<NllLossBackward0>)[0m[0m
experiment  : INFO     [32m[32mstep: 26600 	 training acc 0.6621621621621622 and training loss tensor(1.6941, device='cuda:0', grad_fn=<AddBackward0>), loss_auto: tensor(0.4470, device='cuda:0', grad_fn=<AddBackward0>), loss_pre: tensor(1.6494, device='cuda:0', grad_fn=<NllLossBackward0>)[0m[0m
experiment  : INFO     [32m[32mstep: 26640 	 training acc 0.5945945945945946 and training loss tensor(1.7502, device='cuda:0', grad_fn=<AddBackward0>), loss_auto: tensor(0.4425, device='cuda:0', grad_fn=<AddBackward0>), loss_pre: tensor(1.7060, device='cuda:0', grad_fn=<NllLossBackward0>)[0m[0m
experiment  : INFO     [32m[32mstep: 26680 	 training acc 0.6756756756756757 and training loss tensor(1.8581, device='cuda:0', grad_fn=<AddBackward0>), loss_auto: tensor(0.4449, device='cuda:0', grad_fn=<AddBackward0>), loss_pre: tensor(1.8137, device='cuda:0', grad_fn=<NllLossBackward0>)[0m[0m
experiment  : INFO     [32m[32mstep: 26720 	 training acc 0.5945945945945946 and training loss tensor(1.9409, device='cuda:0', grad_fn=<AddBackward0>), loss_auto: tensor(0.4539, device='cuda:0', grad_fn=<AddBackward0>), loss_pre: tensor(1.8955, device='cuda:0', grad_fn=<NllLossBackward0>)[0m[0m
experiment  : INFO     [32m[32mstep: 26760 	 training acc 0.7162162162162162 and training loss tensor(1.5590, device='cuda:0', grad_fn=<AddBackward0>), loss_auto: tensor(0.4502, device='cuda:0', grad_fn=<AddBackward0>), loss_pre: tensor(1.5140, device='cuda:0', grad_fn=<NllLossBackward0>)[0m[0m
experiment  : INFO     [32m[32mstep: 26800 	 training acc 0.5945945945945946 and training loss tensor(2.3714, device='cuda:0', grad_fn=<AddBackward0>), loss_auto: tensor(0.4474, device='cuda:0', grad_fn=<AddBackward0>), loss_pre: tensor(2.3267, device='cuda:0', grad_fn=<NllLossBackward0>)[0m[0m
experiment  : INFO     [32m[32mstep: 26840 	 training acc 0.5675675675675675 and training loss tensor(2.0764, device='cuda:0', grad_fn=<AddBackward0>), loss_auto: tensor(0.4496, device='cuda:0', grad_fn=<AddBackward0>), loss_pre: tensor(2.0315, device='cuda:0', grad_fn=<NllLossBackward0>)[0m[0m
experiment  : INFO     [32m[32mstep: 26880 	 training acc 0.6621621621621622 and training loss tensor(1.8929, device='cuda:0', grad_fn=<AddBackward0>), loss_auto: tensor(0.4452, device='cuda:0', grad_fn=<AddBackward0>), loss_pre: tensor(1.8484, device='cuda:0', grad_fn=<NllLossBackward0>)[0m[0m
experiment  : INFO     [32m[32mstep: 26920 	 training acc 0.6351351351351351 and training loss tensor(1.6349, device='cuda:0', grad_fn=<AddBackward0>), loss_auto: tensor(0.4402, device='cuda:0', grad_fn=<AddBackward0>), loss_pre: tensor(1.5909, device='cuda:0', grad_fn=<NllLossBackward0>)[0m[0m
experiment  : INFO     [32m[32mstep: 26960 	 training acc 0.6891891891891891 and training loss tensor(1.7499, device='cuda:0', grad_fn=<AddBackward0>), loss_auto: tensor(0.4508, device='cuda:0', grad_fn=<AddBackward0>), loss_pre: tensor(1.7048, device='cuda:0', grad_fn=<NllLossBackward0>)[0m[0m
experiment  : INFO     [32m[32mstep: 27000 	 training acc 0.7162162162162162 and training loss tensor(1.5378, device='cuda:0', grad_fn=<AddBackward0>), loss_auto: tensor(0.4482, device='cuda:0', grad_fn=<AddBackward0>), loss_pre: tensor(1.4930, device='cuda:0', grad_fn=<NllLossBackward0>)[0m[0m
experiment  : INFO     [32m[32mTrain Accuracy = 0.6157157676348491[0m[0m
experiment  : INFO     [32m[32mTest Accuracy = 0.6124481327800778[0m[0m
experiment  : INFO     [32m[32mstep: 27040 	 training acc 0.6486486486486487 and training loss tensor(1.8532, device='cuda:0', grad_fn=<AddBackward0>), loss_auto: tensor(0.4468, device='cuda:0', grad_fn=<AddBackward0>), loss_pre: tensor(1.8085, device='cuda:0', grad_fn=<NllLossBackward0>)[0m[0m
experiment  : INFO     [32m[32mstep: 27080 	 training acc 0.40540540540540543 and training loss tensor(3.1622, device='cuda:0', grad_fn=<AddBackward0>), loss_auto: tensor(0.4523, device='cuda:0', grad_fn=<AddBackward0>), loss_pre: tensor(3.1169, device='cuda:0', grad_fn=<NllLossBackward0>)[0m[0m
experiment  : INFO     [32m[32mstep: 27120 	 training acc 0.6486486486486487 and training loss tensor(2.0257, device='cuda:0', grad_fn=<AddBackward0>), loss_auto: tensor(0.4420, device='cuda:0', grad_fn=<AddBackward0>), loss_pre: tensor(1.9815, device='cuda:0', grad_fn=<NllLossBackward0>)[0m[0m
experiment  : INFO     [32m[32mstep: 27160 	 training acc 0.6486486486486487 and training loss tensor(1.9396, device='cuda:0', grad_fn=<AddBackward0>), loss_auto: tensor(0.4483, device='cuda:0', grad_fn=<AddBackward0>), loss_pre: tensor(1.8948, device='cuda:0', grad_fn=<NllLossBackward0>)[0m[0m
experiment  : INFO     [32m[32mstep: 27200 	 training acc 0.7162162162162162 and training loss tensor(1.5321, device='cuda:0', grad_fn=<AddBackward0>), loss_auto: tensor(0.4494, device='cuda:0', grad_fn=<AddBackward0>), loss_pre: tensor(1.4872, device='cuda:0', grad_fn=<NllLossBackward0>)[0m[0m
experiment  : INFO     [32m[32mstep: 27240 	 training acc 0.6216216216216216 and training loss tensor(2.7496, device='cuda:0', grad_fn=<AddBackward0>), loss_auto: tensor(0.4507, device='cuda:0', grad_fn=<AddBackward0>), loss_pre: tensor(2.7046, device='cuda:0', grad_fn=<NllLossBackward0>)[0m[0m
experiment  : INFO     [32m[32mstep: 27280 	 training acc 0.6081081081081081 and training loss tensor(2.3514, device='cuda:0', grad_fn=<AddBackward0>), loss_auto: tensor(0.4444, device='cuda:0', grad_fn=<AddBackward0>), loss_pre: tensor(2.3070, device='cuda:0', grad_fn=<NllLossBackward0>)[0m[0m
experiment  : INFO     [32m[32mstep: 27320 	 training acc 0.6891891891891891 and training loss tensor(1.4995, device='cuda:0', grad_fn=<AddBackward0>), loss_auto: tensor(0.4497, device='cuda:0', grad_fn=<AddBackward0>), loss_pre: tensor(1.4546, device='cuda:0', grad_fn=<NllLossBackward0>)[0m[0m
experiment  : INFO     [32m[32mstep: 27360 	 training acc 0.7027027027027027 and training loss tensor(1.7284, device='cuda:0', grad_fn=<AddBackward0>), loss_auto: tensor(0.4448, device='cuda:0', grad_fn=<AddBackward0>), loss_pre: tensor(1.6840, device='cuda:0', grad_fn=<NllLossBackward0>)[0m[0m
experiment  : INFO     [32m[32mstep: 27400 	 training acc 0.7297297297297297 and training loss tensor(1.3774, device='cuda:0', grad_fn=<AddBackward0>), loss_auto: tensor(0.4469, device='cuda:0', grad_fn=<AddBackward0>), loss_pre: tensor(1.3327, device='cuda:0', grad_fn=<NllLossBackward0>)[0m[0m
experiment  : INFO     [32m[32mstep: 27440 	 training acc 0.8108108108108109 and training loss tensor(1.1567, device='cuda:0', grad_fn=<AddBackward0>), loss_auto: tensor(0.4449, device='cuda:0', grad_fn=<AddBackward0>), loss_pre: tensor(1.1122, device='cuda:0', grad_fn=<NllLossBackward0>)[0m[0m
experiment  : INFO     [32m[32mstep: 27480 	 training acc 0.6486486486486487 and training loss tensor(2.0614, device='cuda:0', grad_fn=<AddBackward0>), loss_auto: tensor(0.4473, device='cuda:0', grad_fn=<AddBackward0>), loss_pre: tensor(2.0167, device='cuda:0', grad_fn=<NllLossBackward0>)[0m[0m
experiment  : INFO     [32m[32mTrain Accuracy = 0.6172199170124412[0m[0m
experiment  : INFO     [32m[32mTest Accuracy = 0.6190352697095366[0m[0m
experiment  : INFO     [32m[32mstep: 27520 	 training acc 0.7837837837837838 and training loss tensor(1.0623, device='cuda:0', grad_fn=<AddBackward0>), loss_auto: tensor(0.4450, device='cuda:0', grad_fn=<AddBackward0>), loss_pre: tensor(1.0178, device='cuda:0', grad_fn=<NllLossBackward0>)[0m[0m
experiment  : INFO     [32m[32mstep: 27560 	 training acc 0.7027027027027027 and training loss tensor(1.6997, device='cuda:0', grad_fn=<AddBackward0>), loss_auto: tensor(0.4466, device='cuda:0', grad_fn=<AddBackward0>), loss_pre: tensor(1.6550, device='cuda:0', grad_fn=<NllLossBackward0>)[0m[0m
experiment  : INFO     [32m[32mstep: 27600 	 training acc 0.6486486486486487 and training loss tensor(1.9704, device='cuda:0', grad_fn=<AddBackward0>), loss_auto: tensor(0.4519, device='cuda:0', grad_fn=<AddBackward0>), loss_pre: tensor(1.9252, device='cuda:0', grad_fn=<NllLossBackward0>)[0m[0m
experiment  : INFO     [32m[32mstep: 27640 	 training acc 0.527027027027027 and training loss tensor(2.2152, device='cuda:0', grad_fn=<AddBackward0>), loss_auto: tensor(0.4459, device='cuda:0', grad_fn=<AddBackward0>), loss_pre: tensor(2.1706, device='cuda:0', grad_fn=<NllLossBackward0>)[0m[0m
experiment  : INFO     [32m[32mstep: 27680 	 training acc 0.5675675675675675 and training loss tensor(2.0973, device='cuda:0', grad_fn=<AddBackward0>), loss_auto: tensor(0.4487, device='cuda:0', grad_fn=<AddBackward0>), loss_pre: tensor(2.0525, device='cuda:0', grad_fn=<NllLossBackward0>)[0m[0m
experiment  : INFO     [32m[32mstep: 27720 	 training acc 0.6621621621621622 and training loss tensor(2.4881, device='cuda:0', grad_fn=<AddBackward0>), loss_auto: tensor(0.4515, device='cuda:0', grad_fn=<AddBackward0>), loss_pre: tensor(2.4430, device='cuda:0', grad_fn=<NllLossBackward0>)[0m[0m
experiment  : INFO     [32m[32mstep: 27760 	 training acc 0.7162162162162162 and training loss tensor(1.4762, device='cuda:0', grad_fn=<AddBackward0>), loss_auto: tensor(0.4451, device='cuda:0', grad_fn=<AddBackward0>), loss_pre: tensor(1.4317, device='cuda:0', grad_fn=<NllLossBackward0>)[0m[0m
experiment  : INFO     [32m[32mstep: 27800 	 training acc 0.6621621621621622 and training loss tensor(1.8065, device='cuda:0', grad_fn=<AddBackward0>), loss_auto: tensor(0.4442, device='cuda:0', grad_fn=<AddBackward0>), loss_pre: tensor(1.7621, device='cuda:0', grad_fn=<NllLossBackward0>)[0m[0m
experiment  : INFO     [32m[32mstep: 27840 	 training acc 0.7162162162162162 and training loss tensor(1.4930, device='cuda:0', grad_fn=<AddBackward0>), loss_auto: tensor(0.4525, device='cuda:0', grad_fn=<AddBackward0>), loss_pre: tensor(1.4478, device='cuda:0', grad_fn=<NllLossBackward0>)[0m[0m
experiment  : INFO     [32m[32mstep: 27880 	 training acc 0.527027027027027 and training loss tensor(1.8792, device='cuda:0', grad_fn=<AddBackward0>), loss_auto: tensor(0.4487, device='cuda:0', grad_fn=<AddBackward0>), loss_pre: tensor(1.8343, device='cuda:0', grad_fn=<NllLossBackward0>)[0m[0m
experiment  : INFO     [32m[32mstep: 27920 	 training acc 0.6216216216216216 and training loss tensor(1.8353, device='cuda:0', grad_fn=<AddBackward0>), loss_auto: tensor(0.4520, device='cuda:0', grad_fn=<AddBackward0>), loss_pre: tensor(1.7901, device='cuda:0', grad_fn=<NllLossBackward0>)[0m[0m
experiment  : INFO     [32m[32mstep: 27960 	 training acc 0.6486486486486487 and training loss tensor(1.9219, device='cuda:0', grad_fn=<AddBackward0>), loss_auto: tensor(0.4442, device='cuda:0', grad_fn=<AddBackward0>), loss_pre: tensor(1.8775, device='cuda:0', grad_fn=<NllLossBackward0>)[0m[0m
experiment  : INFO     [32m[32mstep: 28000 	 training acc 0.6486486486486487 and training loss tensor(1.8343, device='cuda:0', grad_fn=<AddBackward0>), loss_auto: tensor(0.4488, device='cuda:0', grad_fn=<AddBackward0>), loss_pre: tensor(1.7894, device='cuda:0', grad_fn=<NllLossBackward0>)[0m[0m
experiment  : INFO     [32m[32mTrain Accuracy = 0.6317946058091234[0m[0m
experiment  : INFO     [32m[32mTest Accuracy = 0.6330912863070496[0m[0m
experiment  : INFO     [32m[32mstep: 28040 	 training acc 0.8108108108108109 and training loss tensor(1.3424, device='cuda:0', grad_fn=<AddBackward0>), loss_auto: tensor(0.4448, device='cuda:0', grad_fn=<AddBackward0>), loss_pre: tensor(1.2979, device='cuda:0', grad_fn=<NllLossBackward0>)[0m[0m
experiment  : INFO     [32m[32mstep: 28080 	 training acc 0.6216216216216216 and training loss tensor(1.6939, device='cuda:0', grad_fn=<AddBackward0>), loss_auto: tensor(0.4424, device='cuda:0', grad_fn=<AddBackward0>), loss_pre: tensor(1.6496, device='cuda:0', grad_fn=<NllLossBackward0>)[0m[0m
experiment  : INFO     [32m[32mstep: 28120 	 training acc 0.7162162162162162 and training loss tensor(1.7446, device='cuda:0', grad_fn=<AddBackward0>), loss_auto: tensor(0.4432, device='cuda:0', grad_fn=<AddBackward0>), loss_pre: tensor(1.7003, device='cuda:0', grad_fn=<NllLossBackward0>)[0m[0m
experiment  : INFO     [32m[32mstep: 28160 	 training acc 0.6081081081081081 and training loss tensor(1.7498, device='cuda:0', grad_fn=<AddBackward0>), loss_auto: tensor(0.4457, device='cuda:0', grad_fn=<AddBackward0>), loss_pre: tensor(1.7052, device='cuda:0', grad_fn=<NllLossBackward0>)[0m[0m
experiment  : INFO     [32m[32mstep: 28200 	 training acc 0.5540540540540541 and training loss tensor(1.9308, device='cuda:0', grad_fn=<AddBackward0>), loss_auto: tensor(0.4412, device='cuda:0', grad_fn=<AddBackward0>), loss_pre: tensor(1.8867, device='cuda:0', grad_fn=<NllLossBackward0>)[0m[0m
experiment  : INFO     [32m[32mstep: 28240 	 training acc 0.6216216216216216 and training loss tensor(2.2674, device='cuda:0', grad_fn=<AddBackward0>), loss_auto: tensor(0.4415, device='cuda:0', grad_fn=<AddBackward0>), loss_pre: tensor(2.2233, device='cuda:0', grad_fn=<NllLossBackward0>)[0m[0m
experiment  : INFO     [32m[32mstep: 28280 	 training acc 0.7027027027027027 and training loss tensor(1.5123, device='cuda:0', grad_fn=<AddBackward0>), loss_auto: tensor(0.4524, device='cuda:0', grad_fn=<AddBackward0>), loss_pre: tensor(1.4671, device='cuda:0', grad_fn=<NllLossBackward0>)[0m[0m
experiment  : INFO     [32m[32mstep: 28320 	 training acc 0.6621621621621622 and training loss tensor(1.6598, device='cuda:0', grad_fn=<AddBackward0>), loss_auto: tensor(0.4502, device='cuda:0', grad_fn=<AddBackward0>), loss_pre: tensor(1.6148, device='cuda:0', grad_fn=<NllLossBackward0>)[0m[0m
experiment  : INFO     [32m[32mstep: 28360 	 training acc 0.6486486486486487 and training loss tensor(2.0056, device='cuda:0', grad_fn=<AddBackward0>), loss_auto: tensor(0.4458, device='cuda:0', grad_fn=<AddBackward0>), loss_pre: tensor(1.9610, device='cuda:0', grad_fn=<NllLossBackward0>)[0m[0m
experiment  : INFO     [32m[32mstep: 28400 	 training acc 0.7027027027027027 and training loss tensor(1.5899, device='cuda:0', grad_fn=<AddBackward0>), loss_auto: tensor(0.4409, device='cuda:0', grad_fn=<AddBackward0>), loss_pre: tensor(1.5459, device='cuda:0', grad_fn=<NllLossBackward0>)[0m[0m
experiment  : INFO     [32m[32mstep: 28440 	 training acc 0.6756756756756757 and training loss tensor(1.8575, device='cuda:0', grad_fn=<AddBackward0>), loss_auto: tensor(0.4483, device='cuda:0', grad_fn=<AddBackward0>), loss_pre: tensor(1.8127, device='cuda:0', grad_fn=<NllLossBackward0>)[0m[0m
