nohup: ignoring input
experiment  : INFO     [32m[32mRun code dir = ANML-master_20260421[0m[0m
experiment  : INFO     [32m[32mRun cwd = /remote-home/elison/FSEML-rewrite-2026-v2/FSEML-rewrite-2026/ANML-master_20260421[0m[0m
experiment  : INFO     [32m[32mCommand args = python mrcl_classification.py --rln 6 --meta_lr 0.001 --update_lr 0.05 --update_step 10 --encoder-channels 32 --latent-dim 128 --adapter-dim 256 --sparsity-target 0.05 --sparsity-weight 0.005 --reconstruction-weight 0.1 --weight-decay-weight 0.0 --fda-weight 0.1 --name mrcl_omniglot_fseml_20260422_lat128_from93 --steps 70000 --seed 9 --model_name FSEML_Model_20260422_lat128_from93.net --treatment FSEML --num-workers 4 --replay --replay-mode simple --replay-gap 480 --replay-rate 0.1[0m[0m
experiment  : INFO     [32m[32mLen of complete iterator = 19264[0m[0m
Namespace(steps=70000, model_name='FSEML_Model_20260422_lat128_from93.net', treatment='FSEML', checkpoint=False, saved_model='my_model.net', seed=9, seeds=[10], tasks=1, meta_lr=0.001, meta_lr_schedule_steps=[], meta_lr_schedule_values=[], update_lr=0.05, update_step=10, name='omniglot/0_001/mrcl_omniglot_fseml_20260422_lat128_from93', dataset='omniglot', num_workers=4, encoder_channels=32, latent_dim=128, adapter_dim=256, sparsity_target=0.05, sparsity_weight=0.005, reconstruction_weight=0.1, weight_decay_weight=0.0, fda_weight=0.1, commit=False, no_reset=False, rln=6, replay=True, replay_mode='simple', replay_buffer_size=1000, replay_gap=480, replay_rate=0.1, replay_top_p=32, replay_partitions=10, visualize_replay=False, replay_viz_dir='replay_visualizations', replay_viz_max=10, model='none')
{'steps': 70000, 'model_name': 'FSEML_Model_20260422_lat128_from93.net', 'treatment': 'FSEML', 'checkpoint': False, 'saved_model': 'my_model.net', 'seed': 9, 'seeds': [10], 'tasks': 1, 'meta_lr': 0.001, 'meta_lr_schedule_steps': [], 'meta_lr_schedule_values': [], 'update_lr': 0.05, 'update_step': 10, 'name': 'omniglot/0_001/mrcl_omniglot_fseml_20260422_lat128_from93', 'dataset': 'omniglot', 'num_workers': 4, 'encoder_channels': 32, 'latent_dim': 128, 'adapter_dim': 256, 'sparsity_target': 0.05, 'sparsity_weight': 0.005, 'reconstruction_weight': 0.1, 'weight_decay_weight': 0.0, 'fda_weight': 0.1, 'commit': False, 'no_reset': False, 'rln': 6, 'replay': True, 'replay_mode': 'simple', 'replay_buffer_size': 1000, 'replay_gap': 480, 'replay_rate': 0.1, 'replay_top_p': 32, 'replay_partitions': 10, 'visualize_replay': False, 'replay_viz_dir': 'replay_visualizations', 'replay_viz_max': 10, 'model': 'none'}
Files already downloaded and verified
Total classes =  963
Files already downloaded and verified
Total classes =  963
Task 708 has been added to the list
experiment  : INFO     [32m[32mstep: 0 	 meta_lr 0.001000 	 training acc 0.0 and training loss tensor(10.4229, device='cuda:0', grad_fn=<AddBackward0>), loss_auto: tensor(0.3509, device='cuda:0', grad_fn=<AddBackward0>), loss_pre: tensor(10.3878, device='cuda:0', grad_fn=<NllLossBackward0>)[0m[0m
Task 367 has been added to the list
Task 346 has been added to the list
Task 550 has been added to the list
Task 573 has been added to the list
Task 405 has been added to the list
Task 360 has been added to the list
Task 181 has been added to the list
Task 872 has been added to the list
Task 80 has been added to the list
Task 719 has been added to the list
Task 348 has been added to the list
Task 923 has been added to the list
Task 7 has been added to the list
Task 680 has been added to the list
Task 422 has been added to the list
Task 99 has been added to the list
Task 731 has been added to the list
Task 189 has been added to the list
Task 358 has been added to the list
Task 160 has been added to the list
Task 458 has been added to the list
Task 305 has been added to the list
Task 727 has been added to the list
Task 804 has been added to the list
Task 544 has been added to the list
Task 100 has been added to the list
Task 494 has been added to the list
Task 143 has been added to the list
Task 5 has been added to the list
Task 671 has been added to the list
Task 41 has been added to the list
Task 277 has been added to the list
Task 830 has been added to the list
Task 74 has been added to the list
Task 497 has been added to the list
Task 285 has been added to the list
Task 352 has been added to the list
Task 463 has been added to the list
experiment  : INFO     [32m[32mstep: 40 	 meta_lr 0.001000 	 training acc 0.0 and training loss tensor(6.9364, device='cuda:0', grad_fn=<AddBackward0>), loss_auto: tensor(0.3389, device='cuda:0', grad_fn=<AddBackward0>), loss_pre: tensor(6.9025, device='cuda:0', grad_fn=<NllLossBackward0>)[0m[0m
Task 629 has been added to the list
Task 682 has been added to the list
Task 941 has been added to the list
Task 307 has been added to the list
Task 252 has been added to the list
Task 213 has been added to the list
Task 188 has been added to the list
Task 116 has been added to the list
Task 580 has been added to the list
Task 705 has been added to the list
Task 590 has been added to the list
Task 937 has been added to the list
Task 368 has been added to the list
Task 927 has been added to the list
Task 274 has been added to the list
Task 167 has been added to the list
Task 823 has been added to the list
Task 859 has been added to the list
Task 818 has been added to the list
Task 540 has been added to the list
Task 649 has been added to the list
Task 796 has been added to the list
Task 887 has been added to the list
Task 403 has been added to the list
Task 651 has been added to the list
Task 634 has been added to the list
Task 250 has been added to the list
Task 681 has been added to the list
Task 280 has been added to the list
Task 106 has been added to the list
Task 832 has been added to the list
Task 468 has been added to the list
Task 903 has been added to the list
Task 317 has been added to the list
Task 707 has been added to the list
experiment  : INFO     [32m[32mstep: 80 	 meta_lr 0.001000 	 training acc 0.0 and training loss tensor(6.9562, device='cuda:0', grad_fn=<AddBackward0>), loss_auto: tensor(0.3087, device='cuda:0', grad_fn=<AddBackward0>), loss_pre: tensor(6.9253, device='cuda:0', grad_fn=<NllLossBackward0>)[0m[0m
Task 960 has been added to the list
Task 448 has been added to the list
Task 926 has been added to the list
Task 568 has been added to the list
Task 921 has been added to the list
Task 241 has been added to the list
Task 459 has been added to the list
Task 13 has been added to the list
Task 246 has been added to the list
Task 479 has been added to the list
Task 697 has been added to the list
Task 881 has been added to the list
Task 560 has been added to the list
Task 733 has been added to the list
Task 445 has been added to the list
Task 910 has been added to the list
Task 473 has been added to the list
Task 509 has been added to the list
Task 781 has been added to the list
Task 22 has been added to the list
Task 713 has been added to the list
Task 559 has been added to the list
Task 430 has been added to the list
Task 329 has been added to the list
Task 814 has been added to the list
Task 101 has been added to the list
Task 666 has been added to the list
Task 341 has been added to the list
Task 735 has been added to the list
Task 398 has been added to the list
Task 518 has been added to the list
Task 404 has been added to the list
Task 244 has been added to the list
Task 908 has been added to the list
Task 313 has been added to the list
Task 23 has been added to the list
Task 843 has been added to the list
Task 146 has been added to the list
Task 27 has been added to the list
experiment  : INFO     [32m[32mstep: 120 	 meta_lr 0.001000 	 training acc 0.0 and training loss tensor(6.8934, device='cuda:0', grad_fn=<AddBackward0>), loss_auto: tensor(0.3218, device='cuda:0', grad_fn=<AddBackward0>), loss_pre: tensor(6.8613, device='cuda:0', grad_fn=<NllLossBackward0>)[0m[0m
Task 686 has been added to the list
Task 871 has been added to the list
Task 877 has been added to the list
Task 858 has been added to the list
Task 206 has been added to the list
Task 275 has been added to the list
Task 127 has been added to the list
Task 139 has been added to the list
Task 309 has been added to the list
Task 66 has been added to the list
Task 217 has been added to the list
Task 102 has been added to the list
Task 904 has been added to the list
Task 384 has been added to the list
Task 510 has been added to the list
Task 866 has been added to the list
Task 601 has been added to the list
Task 542 has been added to the list
Task 936 has been added to the list
Task 602 has been added to the list
Task 109 has been added to the list
Task 58 has been added to the list
Task 8 has been added to the list
Task 447 has been added to the list
Task 310 has been added to the list
Task 190 has been added to the list
Task 799 has been added to the list
Task 429 has been added to the list
Task 383 has been added to the list
Task 655 has been added to the list
Task 399 has been added to the list
Task 885 has been added to the list
Task 952 has been added to the list
Task 262 has been added to the list
experiment  : INFO     [32m[32mstep: 160 	 meta_lr 0.001000 	 training acc 0.0 and training loss tensor(6.8190, device='cuda:0', grad_fn=<AddBackward0>), loss_auto: tensor(0.3217, device='cuda:0', grad_fn=<AddBackward0>), loss_pre: tensor(6.7868, device='cuda:0', grad_fn=<NllLossBackward0>)[0m[0m
Task 94 has been added to the list
Task 922 has been added to the list
Task 493 has been added to the list
Task 961 has been added to the list
Task 278 has been added to the list
Task 647 has been added to the list
Task 874 has been added to the list
Task 135 has been added to the list
Task 297 has been added to the list
Task 563 has been added to the list
Task 753 has been added to the list
Task 690 has been added to the list
Task 594 has been added to the list
Task 72 has been added to the list
Task 555 has been added to the list
Task 379 has been added to the list
Task 176 has been added to the list
Task 853 has been added to the list
Task 333 has been added to the list
Task 306 has been added to the list
Task 517 has been added to the list
Task 53 has been added to the list
Task 194 has been added to the list
Task 665 has been added to the list
Task 801 has been added to the list
Task 613 has been added to the list
Task 504 has been added to the list
Task 377 has been added to the list
Task 723 has been added to the list
Task 265 has been added to the list
experiment  : INFO     [32m[32mstep: 200 	 meta_lr 0.001000 	 training acc 0.0 and training loss tensor(6.9536, device='cuda:0', grad_fn=<AddBackward0>), loss_auto: tensor(0.3153, device='cuda:0', grad_fn=<AddBackward0>), loss_pre: tensor(6.9221, device='cuda:0', grad_fn=<NllLossBackward0>)[0m[0m
Task 48 has been added to the list
Task 907 has been added to the list
Task 410 has been added to the list
Task 208 has been added to the list
Task 626 has been added to the list
Task 621 has been added to the list
Task 876 has been added to the list
Task 316 has been added to the list
Task 212 has been added to the list
Task 294 has been added to the list
Task 270 has been added to the list
Task 810 has been added to the list
Task 897 has been added to the list
Task 440 has been added to the list
Task 152 has been added to the list
Task 355 has been added to the list
Task 37 has been added to the list
Task 88 has been added to the list
Task 397 has been added to the list
Task 886 has been added to the list
Task 95 has been added to the list
Task 892 has been added to the list
Task 210 has been added to the list
Task 264 has been added to the list
Task 372 has been added to the list
Task 757 has been added to the list
Task 301 has been added to the list
Task 777 has been added to the list
Task 453 has been added to the list
Task 890 has been added to the list
Task 536 has been added to the list
Task 292 has been added to the list
experiment  : INFO     [32m[32mstep: 240 	 meta_lr 0.001000 	 training acc 0.0 and training loss tensor(10.0746, device='cuda:0', grad_fn=<AddBackward0>), loss_auto: tensor(0.3307, device='cuda:0', grad_fn=<AddBackward0>), loss_pre: tensor(10.0415, device='cuda:0', grad_fn=<NllLossBackward0>)[0m[0m
Task 751 has been added to the list
Task 670 has been added to the list
Task 11 has been added to the list
Task 168 has been added to the list
Task 955 has been added to the list
Task 511 has been added to the list
Task 598 has been added to the list
Task 609 has been added to the list
Task 233 has been added to the list
Task 415 has been added to the list
Task 800 has been added to the list
Task 795 has been added to the list
Task 766 has been added to the list
Task 279 has been added to the list
Task 638 has been added to the list
Task 350 has been added to the list
Task 412 has been added to the list
Task 761 has been added to the list
Task 901 has been added to the list
Task 706 has been added to the list
Task 593 has been added to the list
Task 172 has been added to the list
Task 842 has been added to the list
Task 131 has been added to the list
Task 627 has been added to the list
Task 32 has been added to the list
Task 79 has been added to the list
experiment  : INFO     [32m[32mstep: 280 	 meta_lr 0.001000 	 training acc 0.0 and training loss tensor(6.8894, device='cuda:0', grad_fn=<AddBackward0>), loss_auto: tensor(0.3067, device='cuda:0', grad_fn=<AddBackward0>), loss_pre: tensor(6.8588, device='cuda:0', grad_fn=<NllLossBackward0>)[0m[0m
Task 344 has been added to the list
Task 364 has been added to the list
Task 773 has been added to the list
Task 98 has been added to the list
Task 326 has been added to the list
Task 369 has been added to the list
Task 199 has been added to the list
Task 83 has been added to the list
Task 251 has been added to the list
Task 39 has been added to the list
Task 546 has been added to the list
Task 43 has been added to the list
Task 806 has been added to the list
Task 743 has been added to the list
Task 435 has been added to the list
Task 42 has been added to the list
Task 319 has been added to the list
Task 488 has been added to the list
Task 153 has been added to the list
Task 284 has been added to the list
Task 571 has been added to the list
Task 356 has been added to the list
Task 763 has been added to the list
Task 202 has been added to the list
Task 700 has been added to the list
Task 442 has been added to the list
Task 833 has been added to the list
Task 957 has been added to the list
Task 687 has been added to the list
Task 962 has been added to the list
experiment  : INFO     [32m[32mstep: 320 	 meta_lr 0.001000 	 training acc 0.0 and training loss tensor(6.9246, device='cuda:0', grad_fn=<AddBackward0>), loss_auto: tensor(0.3188, device='cuda:0', grad_fn=<AddBackward0>), loss_pre: tensor(6.8927, device='cuda:0', grad_fn=<NllLossBackward0>)[0m[0m
Task 514 has been added to the list
Task 698 has been added to the list
Task 775 has been added to the list
Task 909 has been added to the list
Task 829 has been added to the list
Task 276 has been added to the list
Task 667 has been added to the list
Task 608 has been added to the list
Task 883 has been added to the list
Task 299 has been added to the list
Task 225 has been added to the list
Task 140 has been added to the list
Task 273 has been added to the list
Task 362 has been added to the list
Task 221 has been added to the list
Task 359 has been added to the list
Task 570 has been added to the list
Task 711 has been added to the list
Task 821 has been added to the list
Task 765 has been added to the list
Task 677 has been added to the list
Task 654 has been added to the list
Task 704 has been added to the list
Task 387 has been added to the list
Task 669 has been added to the list
Task 772 has been added to the list
Task 209 has been added to the list
experiment  : INFO     [32m[32mstep: 360 	 meta_lr 0.001000 	 training acc 0.0 and training loss tensor(6.8138, device='cuda:0', grad_fn=<AddBackward0>), loss_auto: tensor(0.3300, device='cuda:0', grad_fn=<AddBackward0>), loss_pre: tensor(6.7808, device='cuda:0', grad_fn=<NllLossBackward0>)[0m[0m
Task 134 has been added to the list
Task 165 has been added to the list
Task 87 has been added to the list
Task 583 has been added to the list
Task 34 has been added to the list
Task 81 has been added to the list
Task 635 has been added to the list
Task 434 has been added to the list
Task 717 has been added to the list
Task 534 has been added to the list
Task 198 has been added to the list
Task 63 has been added to the list
Task 578 has been added to the list
Task 505 has been added to the list
Task 695 has been added to the list
Task 266 has been added to the list
Task 6 has been added to the list
Task 738 has been added to the list
Task 261 has been added to the list
Task 370 has been added to the list
Task 439 has been added to the list
Task 718 has been added to the list
Task 145 has been added to the list
Task 408 has been added to the list
Task 378 has been added to the list
Task 394 has been added to the list
Task 332 has been added to the list
Task 758 has been added to the list
Task 76 has been added to the list
Task 441 has been added to the list
experiment  : INFO     [32m[32mstep: 400 	 meta_lr 0.001000 	 training acc 0.0 and training loss tensor(6.9825, device='cuda:0', grad_fn=<AddBackward0>), loss_auto: tensor(0.3371, device='cuda:0', grad_fn=<AddBackward0>), loss_pre: tensor(6.9488, device='cuda:0', grad_fn=<NllLossBackward0>)[0m[0m
Task 600 has been added to the list
Task 311 has been added to the list
Task 898 has been added to the list
Task 96 has been added to the list
Task 661 has been added to the list
Task 433 has been added to the list
Task 702 has been added to the list
Task 812 has been added to the list
Task 928 has been added to the list
Task 749 has been added to the list
Task 854 has been added to the list
Task 38 has been added to the list
Task 916 has been added to the list
Task 89 has been added to the list
Task 327 has been added to the list
Task 154 has been added to the list
Task 389 has been added to the list
Task 120 has been added to the list
Task 747 has been added to the list
Task 848 has been added to the list
Task 729 has been added to the list
Task 267 has been added to the list
Task 836 has been added to the list
Task 71 has been added to the list
Task 366 has been added to the list
Task 173 has been added to the list
Task 524 has been added to the list
Task 374 has been added to the list
experiment  : INFO     [32m[32mstep: 440 	 meta_lr 0.001000 	 training acc 0.0 and training loss tensor(6.9378, device='cuda:0', grad_fn=<AddBackward0>), loss_auto: tensor(0.3111, device='cuda:0', grad_fn=<AddBackward0>), loss_pre: tensor(6.9067, device='cuda:0', grad_fn=<NllLossBackward0>)[0m[0m
Task 900 has been added to the list
Task 148 has been added to the list
Task 802 has been added to the list
Task 648 has been added to the list
Task 425 has been added to the list
Task 268 has been added to the list
Task 84 has been added to the list
Task 798 has been added to the list
Task 107 has been added to the list
Task 889 has been added to the list
Task 482 has been added to the list
Task 639 has been added to the list
Task 286 has been added to the list
Task 328 has been added to the list
Task 240 has been added to the list
Task 449 has been added to the list
Task 528 has been added to the list
Task 920 has been added to the list
Task 720 has been added to the list
Task 699 has been added to the list
Task 164 has been added to the list
Task 125 has been added to the list
Task 668 has been added to the list
Task 748 has been added to the list
Task 54 has been added to the list
experiment  : INFO     [32m[32mstep: 480 	 meta_lr 0.001000 	 training acc 0.0 and training loss tensor(6.9078, device='cuda:0', grad_fn=<AddBackward0>), loss_auto: tensor(0.3293, device='cuda:0', grad_fn=<AddBackward0>), loss_pre: tensor(6.8749, device='cuda:0', grad_fn=<NllLossBackward0>)[0m[0m
Task 807 has been added to the list
Task 390 has been added to the list
Task 604 has been added to the list
Task 361 has been added to the list
Task 694 has been added to the list
Task 61 has been added to the list
Task 724 has been added to the list
Task 487 has been added to the list
Task 373 has been added to the list
Task 419 has been added to the list
Task 507 has been added to the list
Task 132 has been added to the list
Task 547 has been added to the list
experiment  : INFO     [32m[32mTrain Accuracy = 0.0040975103734439775[0m[0m
experiment  : INFO     [32m[32mTest Accuracy = 0.004253112033195014[0m[0m
Task 552 has been added to the list
Task 553 has been added to the list
Task 451 has been added to the list
Task 17 has been added to the list
Task 375 has been added to the list
Task 644 has been added to the list
Task 249 has been added to the list
Task 205 has been added to the list
Task 771 has been added to the list
Task 175 has been added to the list
Task 31 has been added to the list
Task 556 has been added to the list
experiment  : INFO     [32m[32mstep: 520 	 meta_lr 0.001000 	 training acc 0.03125 and training loss tensor(6.7486, device='cuda:0', grad_fn=<AddBackward0>), loss_auto: tensor(0.3015, device='cuda:0', grad_fn=<AddBackward0>), loss_pre: tensor(6.7185, device='cuda:0', grad_fn=<NllLossBackward0>)[0m[0m
Task 432 has been added to the list
Task 151 has been added to the list
Task 875 has been added to the list
Task 489 has been added to the list
Task 339 has been added to the list
Task 752 has been added to the list
Task 575 has been added to the list
Task 894 has been added to the list
Task 481 has been added to the list
Task 260 has been added to the list
Task 287 has been added to the list
Task 462 has been added to the list
Task 849 has been added to the list
Task 30 has been added to the list
Task 490 has been added to the list
Task 124 has been added to the list
Task 597 has been added to the list
Task 455 has been added to the list
Task 295 has been added to the list
Task 577 has been added to the list
Task 501 has been added to the list
Task 2 has been added to the list
Task 159 has been added to the list
Task 685 has been added to the list
Task 689 has been added to the list
Task 774 has been added to the list
experiment  : INFO     [32m[32mstep: 560 	 meta_lr 0.001000 	 training acc 0.0 and training loss tensor(6.8625, device='cuda:0', grad_fn=<AddBackward0>), loss_auto: tensor(0.3549, device='cuda:0', grad_fn=<AddBackward0>), loss_pre: tensor(6.8270, device='cuda:0', grad_fn=<NllLossBackward0>)[0m[0m
Task 947 has been added to the list
Task 605 has been added to the list
Task 869 has been added to the list
Task 461 has been added to the list
Task 938 has been added to the list
Task 929 has been added to the list
Task 401 has been added to the list
Task 551 has been added to the list
Task 446 has been added to the list
Task 503 has been added to the list
Task 45 has been added to the list
Task 525 has been added to the list
Task 565 has been added to the list
Task 862 has been added to the list
Task 438 has been added to the list
Task 365 has been added to the list
Task 385 has been added to the list
Task 122 has been added to the list
Task 945 has been added to the list
Task 480 has been added to the list
Task 215 has been added to the list
Task 428 has been added to the list
Task 515 has been added to the list
Task 144 has been added to the list
Task 693 has been added to the list
Task 129 has been added to the list
Task 780 has been added to the list
Task 293 has been added to the list
Task 420 has been added to the list
Task 183 has been added to the list
Task 354 has been added to the list
Task 617 has been added to the list
Task 126 has been added to the list
Task 103 has been added to the list
experiment  : INFO     [32m[32mstep: 600 	 meta_lr 0.001000 	 training acc 0.0 and training loss tensor(6.8788, device='cuda:0', grad_fn=<AddBackward0>), loss_auto: tensor(0.3311, device='cuda:0', grad_fn=<AddBackward0>), loss_pre: tensor(6.8457, device='cuda:0', grad_fn=<NllLossBackward0>)[0m[0m
Task 59 has been added to the list
Task 235 has been added to the list
Task 502 has been added to the list
Task 533 has been added to the list
Task 56 has been added to the list
Task 29 has been added to the list
Task 628 has been added to the list
Task 245 has been added to the list
Task 791 has been added to the list
Task 454 has been added to the list
Task 622 has been added to the list
Task 186 has been added to the list
Task 288 has been added to the list
Task 15 has been added to the list
Task 935 has been added to the list
Task 643 has been added to the list
Task 46 has been added to the list
Task 645 has been added to the list
Task 395 has been added to the list
Task 28 has been added to the list
Task 218 has been added to the list
Task 24 has been added to the list
Task 576 has been added to the list
Task 85 has been added to the list
Task 744 has been added to the list
experiment  : INFO     [32m[32mstep: 640 	 meta_lr 0.001000 	 training acc 0.0 and training loss tensor(6.7520, device='cuda:0', grad_fn=<AddBackward0>), loss_auto: tensor(0.3086, device='cuda:0', grad_fn=<AddBackward0>), loss_pre: tensor(6.7212, device='cuda:0', grad_fn=<NllLossBackward0>)[0m[0m
Task 60 has been added to the list
Task 10 has been added to the list
Task 437 has been added to the list
Task 382 has been added to the list
Task 917 has been added to the list
Task 158 has been added to the list
Task 345 has been added to the list
Task 520 has been added to the list
Task 839 has been added to the list
Task 334 has been added to the list
Task 304 has been added to the list
Task 785 has been added to the list
Task 337 has been added to the list
Task 228 has been added to the list
Task 20 has been added to the list
Task 222 has been added to the list
Task 684 has been added to the list
experiment  : INFO     [32m[32mstep: 680 	 meta_lr 0.001000 	 training acc 0.0 and training loss tensor(6.8629, device='cuda:0', grad_fn=<AddBackward0>), loss_auto: tensor(0.3113, device='cuda:0', grad_fn=<AddBackward0>), loss_pre: tensor(6.8318, device='cuda:0', grad_fn=<NllLossBackward0>)[0m[0m
Task 880 has been added to the list
Task 409 has been added to the list
Task 296 has been added to the list
Task 656 has been added to the list
Task 691 has been added to the list
Task 320 has been added to the list
Task 303 has been added to the list
Task 944 has been added to the list
Task 841 has been added to the list
Task 26 has been added to the list
Task 322 has been added to the list
Task 805 has been added to the list
Task 470 has been added to the list
Task 678 has been added to the list
Task 263 has been added to the list
Task 931 has been added to the list
Task 130 has been added to the list
Task 166 has been added to the list
experiment  : INFO     [32m[32mstep: 720 	 meta_lr 0.001000 	 training acc 0.0 and training loss tensor(6.7021, device='cuda:0', grad_fn=<AddBackward0>), loss_auto: tensor(0.3150, device='cuda:0', grad_fn=<AddBackward0>), loss_pre: tensor(6.6706, device='cuda:0', grad_fn=<NllLossBackward0>)[0m[0m
Task 128 has been added to the list
Task 545 has been added to the list
Task 737 has been added to the list
Task 906 has been added to the list
Task 710 has been added to the list
Task 569 has been added to the list
Task 19 has been added to the list
Task 500 has been added to the list
Task 587 has been added to the list
Task 776 has been added to the list
Task 574 has been added to the list
Task 457 has been added to the list
Task 714 has been added to the list
Task 338 has been added to the list
Task 491 has been added to the list
experiment  : INFO     [32m[32mstep: 760 	 meta_lr 0.001000 	 training acc 0.0 and training loss tensor(6.9609, device='cuda:0', grad_fn=<AddBackward0>), loss_auto: tensor(0.3209, device='cuda:0', grad_fn=<AddBackward0>), loss_pre: tensor(6.9288, device='cuda:0', grad_fn=<NllLossBackward0>)[0m[0m
Task 421 has been added to the list
Task 755 has been added to the list
Task 300 has been added to the list
Task 196 has been added to the list
Task 484 has been added to the list
Task 291 has been added to the list
Task 513 has been added to the list
Task 516 has been added to the list
Task 912 has been added to the list
Task 21 has been added to the list
Task 237 has been added to the list
Task 614 has been added to the list
Task 664 has been added to the list
Task 879 has been added to the list
Task 633 has been added to the list
Task 230 has been added to the list
experiment  : INFO     [32m[32mstep: 800 	 meta_lr 0.001000 	 training acc 0.0 and training loss tensor(6.4826, device='cuda:0', grad_fn=<AddBackward0>), loss_auto: tensor(0.3121, device='cuda:0', grad_fn=<AddBackward0>), loss_pre: tensor(6.4514, device='cuda:0', grad_fn=<NllLossBackward0>)[0m[0m
Task 141 has been added to the list
Task 427 has been added to the list
Task 793 has been added to the list
Task 792 has been added to the list
Task 417 has been added to the list
Task 632 has been added to the list
Task 506 has been added to the list
Task 40 has been added to the list
Task 49 has been added to the list
Task 721 has been added to the list
Task 820 has been added to the list
Task 778 has been added to the list
Task 679 has been added to the list
Task 219 has been added to the list
Task 596 has been added to the list
Task 315 has been added to the list
Task 413 has been added to the list
Task 256 has been added to the list
experiment  : INFO     [32m[32mstep: 840 	 meta_lr 0.001000 	 training acc 0.0 and training loss tensor(6.3006, device='cuda:0', grad_fn=<AddBackward0>), loss_auto: tensor(0.3185, device='cuda:0', grad_fn=<AddBackward0>), loss_pre: tensor(6.2688, device='cuda:0', grad_fn=<NllLossBackward0>)[0m[0m
Task 640 has been added to the list
Task 736 has been added to the list
Task 595 has been added to the list
Task 335 has been added to the list
Task 813 has been added to the list
Task 709 has been added to the list
Task 169 has been added to the list
Task 386 has been added to the list
Task 566 has been added to the list
Task 529 has been added to the list
Task 825 has been added to the list
Task 314 has been added to the list
Task 861 has been added to the list
Task 161 has been added to the list
Task 312 has been added to the list
Task 477 has been added to the list
Task 610 has been added to the list
Task 790 has been added to the list
experiment  : INFO     [32m[32mstep: 880 	 meta_lr 0.001000 	 training acc 0.0 and training loss tensor(6.2857, device='cuda:0', grad_fn=<AddBackward0>), loss_auto: tensor(0.3157, device='cuda:0', grad_fn=<AddBackward0>), loss_pre: tensor(6.2541, device='cuda:0', grad_fn=<NllLossBackward0>)[0m[0m
Task 424 has been added to the list
Task 816 has been added to the list
Task 657 has been added to the list
Task 882 has been added to the list
Task 646 has been added to the list
Task 783 has been added to the list
Task 696 has been added to the list
Task 197 has been added to the list
Task 715 has been added to the list
Task 0 has been added to the list
Task 930 has been added to the list
Task 138 has been added to the list
Task 939 has been added to the list
Task 940 has been added to the list
Task 77 has been added to the list
Task 572 has been added to the list
Task 460 has been added to the list
experiment  : INFO     [32m[32mstep: 920 	 meta_lr 0.001000 	 training acc 0.0 and training loss tensor(6.5562, device='cuda:0', grad_fn=<AddBackward0>), loss_auto: tensor(0.3080, device='cuda:0', grad_fn=<AddBackward0>), loss_pre: tensor(6.5254, device='cuda:0', grad_fn=<NllLossBackward0>)[0m[0m
Task 788 has been added to the list
Task 426 has been added to the list
Task 342 has been added to the list
Task 959 has been added to the list
Task 117 has been added to the list
Task 803 has been added to the list
Task 257 has been added to the list
Task 400 has been added to the list
Task 353 has been added to the list
Task 942 has been added to the list
Task 734 has been added to the list
Task 932 has been added to the list
Task 809 has been added to the list
Task 407 has been added to the list
Task 156 has been added to the list
Task 33 has been added to the list
experiment  : INFO     [32m[32mstep: 960 	 meta_lr 0.001000 	 training acc 0.0 and training loss tensor(6.2773, device='cuda:0', grad_fn=<AddBackward0>), loss_auto: tensor(0.3137, device='cuda:0', grad_fn=<AddBackward0>), loss_pre: tensor(6.2460, device='cuda:0', grad_fn=<NllLossBackward0>)[0m[0m
Task 112 has been added to the list
Task 232 has been added to the list
Task 9 has been added to the list
Task 620 has been added to the list
Task 676 has been added to the list
Task 283 has been added to the list
Task 789 has been added to the list
Task 381 has been added to the list
experiment  : INFO     [32m[32mstep: 1000 	 meta_lr 0.001000 	 training acc 0.0 and training loss tensor(6.2662, device='cuda:0', grad_fn=<AddBackward0>), loss_auto: tensor(0.3304, device='cuda:0', grad_fn=<AddBackward0>), loss_pre: tensor(6.2332, device='cuda:0', grad_fn=<NllLossBackward0>)[0m[0m
experiment  : INFO     [32m[32mTrain Accuracy = 0.006379668049792517[0m[0m
experiment  : INFO     [32m[32mTest Accuracy = 0.006224066390041481[0m[0m
Task 216 has been added to the list
Task 330 has been added to the list
Task 340 has been added to the list
Task 591 has been added to the list
Task 65 has been added to the list
Task 224 has been added to the list
Task 845 has been added to the list
Task 239 has been added to the list
Task 289 has been added to the list
Task 247 has been added to the list
Task 290 has been added to the list
Task 200 has been added to the list
Task 411 has been added to the list
Task 97 has been added to the list
Task 794 has been added to the list
Task 321 has been added to the list
Task 349 has been added to the list
Task 884 has been added to the list
Task 712 has been added to the list
experiment  : INFO     [32m[32mstep: 1040 	 meta_lr 0.001000 	 training acc 0.0 and training loss tensor(6.3389, device='cuda:0', grad_fn=<AddBackward0>), loss_auto: tensor(0.3158, device='cuda:0', grad_fn=<AddBackward0>), loss_pre: tensor(6.3073, device='cuda:0', grad_fn=<NllLossBackward0>)[0m[0m
Task 538 has been added to the list
Task 121 has been added to the list
Task 201 has been added to the list
Task 177 has been added to the list
Task 331 has been added to the list
Task 562 has been added to the list
Task 78 has been added to the list
Task 703 has been added to the list
Task 75 has been added to the list
Task 554 has been added to the list
Task 57 has been added to the list
Task 271 has been added to the list
Task 759 has been added to the list
Task 827 has been added to the list
Task 582 has been added to the list
experiment  : INFO     [32m[32mstep: 1080 	 meta_lr 0.001000 	 training acc 0.0 and training loss tensor(6.1875, device='cuda:0', grad_fn=<AddBackward0>), loss_auto: tensor(0.3204, device='cuda:0', grad_fn=<AddBackward0>), loss_pre: tensor(6.1555, device='cuda:0', grad_fn=<NllLossBackward0>)[0m[0m
Task 62 has been added to the list
Task 663 has been added to the list
Task 956 has been added to the list
Task 492 has been added to the list
Task 532 has been added to the list
Task 35 has been added to the list
Task 811 has been added to the list
Task 254 has been added to the list
Task 847 has been added to the list
Task 192 has been added to the list
Task 899 has been added to the list
experiment  : INFO     [32m[32mstep: 1120 	 meta_lr 0.001000 	 training acc 0.03125 and training loss tensor(5.8155, device='cuda:0', grad_fn=<AddBackward0>), loss_auto: tensor(0.3176, device='cuda:0', grad_fn=<AddBackward0>), loss_pre: tensor(5.7838, device='cuda:0', grad_fn=<NllLossBackward0>)[0m[0m
Task 55 has been added to the list
Task 137 has been added to the list
Task 767 has been added to the list
Task 531 has been added to the list
Task 157 has been added to the list
Task 191 has been added to the list
Task 51 has been added to the list
Task 913 has been added to the list
Task 443 has been added to the list
Task 258 has been added to the list
Task 914 has been added to the list
Task 625 has been added to the list
Task 850 has been added to the list
Task 86 has been added to the list
Task 214 has been added to the list
Task 726 has been added to the list
Task 673 has been added to the list
Task 530 has been added to the list
experiment  : INFO     [32m[32mstep: 1160 	 meta_lr 0.001000 	 training acc 0.015625 and training loss tensor(7.3531, device='cuda:0', grad_fn=<AddBackward0>), loss_auto: tensor(0.3330, device='cuda:0', grad_fn=<AddBackward0>), loss_pre: tensor(7.3198, device='cuda:0', grad_fn=<NllLossBackward0>)[0m[0m
Task 762 has been added to the list
Task 325 has been added to the list
Task 371 has been added to the list
Task 831 has been added to the list
Task 946 has been added to the list
Task 539 has been added to the list
Task 567 has been added to the list
Task 642 has been added to the list
Task 18 has been added to the list
experiment  : INFO     [32m[32mstep: 1200 	 meta_lr 0.001000 	 training acc 0.015625 and training loss tensor(5.8059, device='cuda:0', grad_fn=<AddBackward0>), loss_auto: tensor(0.3118, device='cuda:0', grad_fn=<AddBackward0>), loss_pre: tensor(5.7747, device='cuda:0', grad_fn=<NllLossBackward0>)[0m[0m
Task 948 has been added to the list
Task 351 has been added to the list
Task 483 has been added to the list
Task 185 has been added to the list
Task 817 has been added to the list
Task 797 has been added to the list
Task 469 has been added to the list
Task 741 has been added to the list
Task 163 has been added to the list
Task 36 has been added to the list
Task 844 has been added to the list
experiment  : INFO     [32m[32mstep: 1240 	 meta_lr 0.001000 	 training acc 0.015625 and training loss tensor(5.6885, device='cuda:0', grad_fn=<AddBackward0>), loss_auto: tensor(0.3218, device='cuda:0', grad_fn=<AddBackward0>), loss_pre: tensor(5.6564, device='cuda:0', grad_fn=<NllLossBackward0>)[0m[0m
Task 592 has been added to the list
Task 486 has been added to the list
Task 207 has been added to the list
Task 728 has been added to the list
Task 631 has been added to the list
Task 586 has been added to the list
Task 229 has been added to the list
Task 527 has been added to the list
Task 82 has been added to the list
Task 318 has been added to the list
Task 636 has been added to the list
Task 93 has been added to the list
Task 768 has been added to the list
experiment  : INFO     [32m[32mstep: 1280 	 meta_lr 0.001000 	 training acc 0.0 and training loss tensor(8.1774, device='cuda:0', grad_fn=<AddBackward0>), loss_auto: tensor(0.3169, device='cuda:0', grad_fn=<AddBackward0>), loss_pre: tensor(8.1457, device='cuda:0', grad_fn=<NllLossBackward0>)[0m[0m
Task 856 has been added to the list
Task 485 has been added to the list
Task 67 has been added to the list
Task 431 has been added to the list
Task 750 has been added to the list
Task 951 has been added to the list
Task 393 has been added to the list
experiment  : INFO     [32m[32mstep: 1320 	 meta_lr 0.001000 	 training acc 0.015625 and training loss tensor(6.3157, device='cuda:0', grad_fn=<AddBackward0>), loss_auto: tensor(0.3221, device='cuda:0', grad_fn=<AddBackward0>), loss_pre: tensor(6.2835, device='cuda:0', grad_fn=<NllLossBackward0>)[0m[0m
Task 730 has been added to the list
Task 675 has been added to the list
Task 498 has been added to the list
Task 725 has been added to the list
Task 465 has been added to the list
Task 52 has been added to the list
Task 170 has been added to the list
Task 119 has been added to the list
Task 543 has been added to the list
Task 637 has been added to the list
experiment  : INFO     [32m[32mstep: 1360 	 meta_lr 0.001000 	 training acc 0.015625 and training loss tensor(6.0266, device='cuda:0', grad_fn=<AddBackward0>), loss_auto: tensor(0.3131, device='cuda:0', grad_fn=<AddBackward0>), loss_pre: tensor(5.9953, device='cuda:0', grad_fn=<NllLossBackward0>)[0m[0m
Task 630 has been added to the list
Task 25 has been added to the list
Task 113 has been added to the list
Task 336 has been added to the list
Task 895 has been added to the list
Task 521 has been added to the list
Task 302 has been added to the list
Task 541 has been added to the list
Task 149 has been added to the list
experiment  : INFO     [32m[32mstep: 1400 	 meta_lr 0.001000 	 training acc 0.015625 and training loss tensor(5.8111, device='cuda:0', grad_fn=<AddBackward0>), loss_auto: tensor(0.3187, device='cuda:0', grad_fn=<AddBackward0>), loss_pre: tensor(5.7793, device='cuda:0', grad_fn=<NllLossBackward0>)[0m[0m
Task 851 has been added to the list
Task 826 has been added to the list
Task 834 has been added to the list
Task 828 has been added to the list
Task 402 has been added to the list
Task 612 has been added to the list
Task 474 has been added to the list
Task 396 has been added to the list
Task 50 has been added to the list
Task 641 has been added to the list
Task 248 has been added to the list
Task 211 has been added to the list
experiment  : INFO     [32m[32mstep: 1440 	 meta_lr 0.001000 	 training acc 0.0 and training loss tensor(5.7688, device='cuda:0', grad_fn=<AddBackward0>), loss_auto: tensor(0.3165, device='cuda:0', grad_fn=<AddBackward0>), loss_pre: tensor(5.7371, device='cuda:0', grad_fn=<NllLossBackward0>)[0m[0m
Task 808 has been added to the list
Task 90 has been added to the list
Task 784 has been added to the list
Task 786 has been added to the list
Task 557 has been added to the list
experiment  : INFO     [32m[32mstep: 1480 	 meta_lr 0.001000 	 training acc 0.015625 and training loss tensor(5.6046, device='cuda:0', grad_fn=<AddBackward0>), loss_auto: tensor(0.3245, device='cuda:0', grad_fn=<AddBackward0>), loss_pre: tensor(5.5722, device='cuda:0', grad_fn=<NllLossBackward0>)[0m[0m
Task 868 has been added to the list
Task 105 has been added to the list
Task 203 has been added to the list
experiment  : INFO     [32m[32mTrain Accuracy = 0.016182572614107965[0m[0m
experiment  : INFO     [32m[32mTest Accuracy = 0.019865145228215905[0m[0m
Task 418 has been added to the list
Task 852 has been added to the list
Task 347 has been added to the list
Task 891 has been added to the list
Task 896 has been added to the list
Task 855 has been added to the list
experiment  : INFO     [32m[32mstep: 1520 	 meta_lr 0.001000 	 training acc 0.0 and training loss tensor(6.4756, device='cuda:0', grad_fn=<AddBackward0>), loss_auto: tensor(0.3159, device='cuda:0', grad_fn=<AddBackward0>), loss_pre: tensor(6.4440, device='cuda:0', grad_fn=<NllLossBackward0>)[0m[0m
Task 499 has been added to the list
Task 787 has been added to the list
Task 187 has been added to the list
Task 444 has been added to the list
Task 522 has been added to the list
Task 380 has been added to the list
Task 308 has been added to the list
experiment  : INFO     [32m[32mstep: 1560 	 meta_lr 0.001000 	 training acc 0.015625 and training loss tensor(5.3438, device='cuda:0', grad_fn=<AddBackward0>), loss_auto: tensor(0.3203, device='cuda:0', grad_fn=<AddBackward0>), loss_pre: tensor(5.3117, device='cuda:0', grad_fn=<NllLossBackward0>)[0m[0m
Task 615 has been added to the list
Task 769 has been added to the list
Task 111 has been added to the list
Task 259 has been added to the list
Task 954 has been added to the list
experiment  : INFO     [32m[32mstep: 1600 	 meta_lr 0.001000 	 training acc 0.015625 and training loss tensor(7.7992, device='cuda:0', grad_fn=<AddBackward0>), loss_auto: tensor(0.3194, device='cuda:0', grad_fn=<AddBackward0>), loss_pre: tensor(7.7672, device='cuda:0', grad_fn=<NllLossBackward0>)[0m[0m
Task 69 has been added to the list
Task 234 has been added to the list
Task 282 has been added to the list
Task 298 has been added to the list
Task 835 has been added to the list
Task 873 has been added to the list
experiment  : INFO     [32m[32mstep: 1640 	 meta_lr 0.001000 	 training acc 0.015625 and training loss tensor(7.8351, device='cuda:0', grad_fn=<AddBackward0>), loss_auto: tensor(0.3179, device='cuda:0', grad_fn=<AddBackward0>), loss_pre: tensor(7.8033, device='cuda:0', grad_fn=<NllLossBackward0>)[0m[0m
Task 363 has been added to the list
Task 618 has been added to the list
Task 162 has been added to the list
Task 243 has been added to the list
Task 436 has been added to the list
Task 683 has been added to the list
Task 526 has been added to the list
Task 178 has been added to the list
Task 464 has been added to the list
Task 231 has been added to the list
Task 466 has been added to the list
experiment  : INFO     [32m[32mstep: 1680 	 meta_lr 0.001000 	 training acc 0.0625 and training loss tensor(5.2105, device='cuda:0', grad_fn=<AddBackward0>), loss_auto: tensor(0.3192, device='cuda:0', grad_fn=<AddBackward0>), loss_pre: tensor(5.1786, device='cuda:0', grad_fn=<NllLossBackward0>)[0m[0m
Task 323 has been added to the list
Task 519 has been added to the list
Task 174 has been added to the list
Task 467 has been added to the list
Task 406 has been added to the list
Task 662 has been added to the list
Task 934 has been added to the list
Task 779 has been added to the list
experiment  : INFO     [32m[32mstep: 1720 	 meta_lr 0.001000 	 training acc 0.015625 and training loss tensor(5.5459, device='cuda:0', grad_fn=<AddBackward0>), loss_auto: tensor(0.3205, device='cuda:0', grad_fn=<AddBackward0>), loss_pre: tensor(5.5139, device='cuda:0', grad_fn=<NllLossBackward0>)[0m[0m
Task 537 has been added to the list
Task 754 has been added to the list
Task 701 has been added to the list
Task 1 has been added to the list
Task 764 has been added to the list
Task 220 has been added to the list
experiment  : INFO     [32m[32mstep: 1760 	 meta_lr 0.001000 	 training acc 0.0625 and training loss tensor(5.6570, device='cuda:0', grad_fn=<AddBackward0>), loss_auto: tensor(0.3176, device='cuda:0', grad_fn=<AddBackward0>), loss_pre: tensor(5.6252, device='cuda:0', grad_fn=<NllLossBackward0>)[0m[0m
Task 865 has been added to the list
Task 624 has been added to the list
Task 722 has been added to the list
Task 857 has been added to the list
Task 652 has been added to the list
Task 114 has been added to the list
experiment  : INFO     [32m[32mstep: 1800 	 meta_lr 0.001000 	 training acc 0.0 and training loss tensor(5.4040, device='cuda:0', grad_fn=<AddBackward0>), loss_auto: tensor(0.3176, device='cuda:0', grad_fn=<AddBackward0>), loss_pre: tensor(5.3723, device='cuda:0', grad_fn=<NllLossBackward0>)[0m[0m
Task 658 has been added to the list
Task 650 has been added to the list
Task 893 has been added to the list
Task 535 has been added to the list
Task 943 has been added to the list
Task 950 has been added to the list
Task 742 has been added to the list
Task 171 has been added to the list
Task 324 has been added to the list
Task 4 has been added to the list
experiment  : INFO     [32m[32mstep: 1840 	 meta_lr 0.001000 	 training acc 0.03125 and training loss tensor(5.6532, device='cuda:0', grad_fn=<AddBackward0>), loss_auto: tensor(0.3116, device='cuda:0', grad_fn=<AddBackward0>), loss_pre: tensor(5.6220, device='cuda:0', grad_fn=<NllLossBackward0>)[0m[0m
Task 561 has been added to the list
Task 549 has been added to the list
Task 548 has been added to the list
Task 585 has been added to the list
experiment  : INFO     [32m[32mstep: 1880 	 meta_lr 0.001000 	 training acc 0.0625 and training loss tensor(5.1836, device='cuda:0', grad_fn=<AddBackward0>), loss_auto: tensor(0.3154, device='cuda:0', grad_fn=<AddBackward0>), loss_pre: tensor(5.1521, device='cuda:0', grad_fn=<NllLossBackward0>)[0m[0m
Task 182 has been added to the list
Task 860 has been added to the list
Task 476 has been added to the list
Task 911 has been added to the list
Task 619 has been added to the list
experiment  : INFO     [32m[32mstep: 1920 	 meta_lr 0.001000 	 training acc 0.015625 and training loss tensor(5.6876, device='cuda:0', grad_fn=<AddBackward0>), loss_auto: tensor(0.3212, device='cuda:0', grad_fn=<AddBackward0>), loss_pre: tensor(5.6555, device='cuda:0', grad_fn=<NllLossBackward0>)[0m[0m
Task 118 has been added to the list
Task 660 has been added to the list
Task 238 has been added to the list
Task 558 has been added to the list
Task 949 has been added to the list
Task 688 has been added to the list
Task 819 has been added to the list
experiment  : INFO     [32m[32mstep: 1960 	 meta_lr 0.001000 	 training acc 0.046875 and training loss tensor(5.1592, device='cuda:0', grad_fn=<AddBackward0>), loss_auto: tensor(0.3157, device='cuda:0', grad_fn=<AddBackward0>), loss_pre: tensor(5.1276, device='cuda:0', grad_fn=<NllLossBackward0>)[0m[0m
Task 924 has been added to the list
Task 782 has been added to the list
Task 888 has been added to the list
Task 150 has been added to the list
Task 236 has been added to the list
Task 47 has been added to the list
experiment  : INFO     [32m[32mstep: 2000 	 meta_lr 0.001000 	 training acc 0.03125 and training loss tensor(5.5765, device='cuda:0', grad_fn=<AddBackward0>), loss_auto: tensor(0.3176, device='cuda:0', grad_fn=<AddBackward0>), loss_pre: tensor(5.5447, device='cuda:0', grad_fn=<NllLossBackward0>)[0m[0m
experiment  : INFO     [32m[32mTrain Accuracy = 0.049585062240663454[0m[0m
experiment  : INFO     [32m[32mTest Accuracy = 0.04839211618257221[0m[0m
Task 603 has been added to the list
Task 391 has been added to the list
Task 204 has been added to the list
Task 376 has been added to the list
Task 496 has been added to the list
Task 870 has been added to the list
Task 195 has been added to the list
experiment  : INFO     [32m[32mstep: 2040 	 meta_lr 0.001000 	 training acc 0.046875 and training loss tensor(5.8801, device='cuda:0', grad_fn=<AddBackward0>), loss_auto: tensor(0.3162, device='cuda:0', grad_fn=<AddBackward0>), loss_pre: tensor(5.8485, device='cuda:0', grad_fn=<NllLossBackward0>)[0m[0m
Task 933 has been added to the list
Task 392 has been added to the list
Task 746 has been added to the list
Task 915 has been added to the list
Task 91 has been added to the list
Task 155 has been added to the list
experiment  : INFO     [32m[32mstep: 2080 	 meta_lr 0.001000 	 training acc 0.0625 and training loss tensor(5.0586, device='cuda:0', grad_fn=<AddBackward0>), loss_auto: tensor(0.3167, device='cuda:0', grad_fn=<AddBackward0>), loss_pre: tensor(5.0269, device='cuda:0', grad_fn=<NllLossBackward0>)[0m[0m
Task 692 has been added to the list
Task 672 has been added to the list
Task 108 has been added to the list
Task 452 has been added to the list
Task 745 has been added to the list
Task 564 has been added to the list
experiment  : INFO     [32m[32mstep: 2120 	 meta_lr 0.001000 	 training acc 0.03125 and training loss tensor(5.2819, device='cuda:0', grad_fn=<AddBackward0>), loss_auto: tensor(0.3234, device='cuda:0', grad_fn=<AddBackward0>), loss_pre: tensor(5.2495, device='cuda:0', grad_fn=<NllLossBackward0>)[0m[0m
Task 142 has been added to the list
Task 123 has been added to the list
Task 450 has been added to the list
Task 616 has been added to the list
Task 611 has been added to the list
experiment  : INFO     [32m[32mstep: 2160 	 meta_lr 0.001000 	 training acc 0.03125 and training loss tensor(5.0420, device='cuda:0', grad_fn=<AddBackward0>), loss_auto: tensor(0.3192, device='cuda:0', grad_fn=<AddBackward0>), loss_pre: tensor(5.0101, device='cuda:0', grad_fn=<NllLossBackward0>)[0m[0m
Task 905 has been added to the list
Task 588 has been added to the list
Task 343 has been added to the list
Task 607 has been added to the list
Task 242 has been added to the list
Task 68 has been added to the list
experiment  : INFO     [32m[32mstep: 2200 	 meta_lr 0.001000 	 training acc 0.046875 and training loss tensor(5.0956, device='cuda:0', grad_fn=<AddBackward0>), loss_auto: tensor(0.3239, device='cuda:0', grad_fn=<AddBackward0>), loss_pre: tensor(5.0632, device='cuda:0', grad_fn=<NllLossBackward0>)[0m[0m
Task 115 has been added to the list
Task 16 has been added to the list
experiment  : INFO     [32m[32mstep: 2240 	 meta_lr 0.001000 	 training acc 0.03125 and training loss tensor(5.3948, device='cuda:0', grad_fn=<AddBackward0>), loss_auto: tensor(0.3225, device='cuda:0', grad_fn=<AddBackward0>), loss_pre: tensor(5.3626, device='cuda:0', grad_fn=<NllLossBackward0>)[0m[0m
Task 838 has been added to the list
Task 104 has been added to the list
experiment  : INFO     [32m[32mstep: 2280 	 meta_lr 0.001000 	 training acc 0.015625 and training loss tensor(5.7618, device='cuda:0', grad_fn=<AddBackward0>), loss_auto: tensor(0.3217, device='cuda:0', grad_fn=<AddBackward0>), loss_pre: tensor(5.7296, device='cuda:0', grad_fn=<NllLossBackward0>)[0m[0m
Task 64 has been added to the list
Task 824 has been added to the list
Task 659 has been added to the list
experiment  : INFO     [32m[32mstep: 2320 	 meta_lr 0.001000 	 training acc 0.0625 and training loss tensor(4.9260, device='cuda:0', grad_fn=<AddBackward0>), loss_auto: tensor(0.3214, device='cuda:0', grad_fn=<AddBackward0>), loss_pre: tensor(4.8939, device='cuda:0', grad_fn=<NllLossBackward0>)[0m[0m
Task 73 has been added to the list
Task 739 has been added to the list
Task 925 has been added to the list
experiment  : INFO     [32m[32mstep: 2360 	 meta_lr 0.001000 	 training acc 0.046875 and training loss tensor(4.8474, device='cuda:0', grad_fn=<AddBackward0>), loss_auto: tensor(0.3187, device='cuda:0', grad_fn=<AddBackward0>), loss_pre: tensor(4.8155, device='cuda:0', grad_fn=<NllLossBackward0>)[0m[0m
Task 623 has been added to the list
Task 255 has been added to the list
Task 581 has been added to the list
Task 226 has been added to the list
Task 958 has been added to the list
Task 147 has been added to the list
Task 512 has been added to the list
experiment  : INFO     [32m[32mstep: 2400 	 meta_lr 0.001000 	 training acc 0.09375 and training loss tensor(5.0788, device='cuda:0', grad_fn=<AddBackward0>), loss_auto: tensor(0.3234, device='cuda:0', grad_fn=<AddBackward0>), loss_pre: tensor(5.0464, device='cuda:0', grad_fn=<NllLossBackward0>)[0m[0m
Task 902 has been added to the list
Task 584 has been added to the list
Task 918 has been added to the list
experiment  : INFO     [32m[32mstep: 2440 	 meta_lr 0.001000 	 training acc 0.03125 and training loss tensor(5.0876, device='cuda:0', grad_fn=<AddBackward0>), loss_auto: tensor(0.3223, device='cuda:0', grad_fn=<AddBackward0>), loss_pre: tensor(5.0554, device='cuda:0', grad_fn=<NllLossBackward0>)[0m[0m
Task 269 has been added to the list
Task 357 has been added to the list
Task 815 has been added to the list
Task 599 has been added to the list
Task 653 has been added to the list
Task 136 has been added to the list
Task 179 has been added to the list
Task 867 has been added to the list
experiment  : INFO     [32m[32mstep: 2480 	 meta_lr 0.001000 	 training acc 0.078125 and training loss tensor(5.9322, device='cuda:0', grad_fn=<AddBackward0>), loss_auto: tensor(0.3192, device='cuda:0', grad_fn=<AddBackward0>), loss_pre: tensor(5.9003, device='cuda:0', grad_fn=<NllLossBackward0>)[0m[0m
Task 227 has been added to the list
Task 864 has been added to the list
experiment  : INFO     [32m[32mTrain Accuracy = 0.060580912863069804[0m[0m
experiment  : INFO     [32m[32mTest Accuracy = 0.05985477178423153[0m[0m
experiment  : INFO     [32m[32mstep: 2520 	 meta_lr 0.001000 	 training acc 0.046875 and training loss tensor(4.7978, device='cuda:0', grad_fn=<AddBackward0>), loss_auto: tensor(0.3190, device='cuda:0', grad_fn=<AddBackward0>), loss_pre: tensor(4.7659, device='cuda:0', grad_fn=<NllLossBackward0>)[0m[0m
Task 478 has been added to the list
Task 674 has been added to the list
Task 878 has been added to the list
experiment  : INFO     [32m[32mstep: 2560 	 meta_lr 0.001000 	 training acc 0.0625 and training loss tensor(4.5147, device='cuda:0', grad_fn=<AddBackward0>), loss_auto: tensor(0.3190, device='cuda:0', grad_fn=<AddBackward0>), loss_pre: tensor(4.4828, device='cuda:0', grad_fn=<NllLossBackward0>)[0m[0m
Task 606 has been added to the list
experiment  : INFO     [32m[32mstep: 2600 	 meta_lr 0.001000 	 training acc 0.125 and training loss tensor(4.4159, device='cuda:0', grad_fn=<AddBackward0>), loss_auto: tensor(0.3178, device='cuda:0', grad_fn=<AddBackward0>), loss_pre: tensor(4.3841, device='cuda:0', grad_fn=<NllLossBackward0>)[0m[0m
Task 253 has been added to the list
experiment  : INFO     [32m[32mstep: 2640 	 meta_lr 0.001000 	 training acc 0.078125 and training loss tensor(4.8760, device='cuda:0', grad_fn=<AddBackward0>), loss_auto: tensor(0.3222, device='cuda:0', grad_fn=<AddBackward0>), loss_pre: tensor(4.8438, device='cuda:0', grad_fn=<NllLossBackward0>)[0m[0m
Task 523 has been added to the list
experiment  : INFO     [32m[32mstep: 2680 	 meta_lr 0.001000 	 training acc 0.09375 and training loss tensor(5.0392, device='cuda:0', grad_fn=<AddBackward0>), loss_auto: tensor(0.3168, device='cuda:0', grad_fn=<AddBackward0>), loss_pre: tensor(5.0075, device='cuda:0', grad_fn=<NllLossBackward0>)[0m[0m
Task 732 has been added to the list
experiment  : INFO     [32m[32mstep: 2720 	 meta_lr 0.001000 	 training acc 0.09375 and training loss tensor(5.2460, device='cuda:0', grad_fn=<AddBackward0>), loss_auto: tensor(0.3180, device='cuda:0', grad_fn=<AddBackward0>), loss_pre: tensor(5.2142, device='cuda:0', grad_fn=<NllLossBackward0>)[0m[0m
experiment  : INFO     [32m[32mstep: 2760 	 meta_lr 0.001000 	 training acc 0.09375 and training loss tensor(4.4216, device='cuda:0', grad_fn=<AddBackward0>), loss_auto: tensor(0.3203, device='cuda:0', grad_fn=<AddBackward0>), loss_pre: tensor(4.3895, device='cuda:0', grad_fn=<NllLossBackward0>)[0m[0m
Task 44 has been added to the list
Task 495 has been added to the list
experiment  : INFO     [32m[32mstep: 2800 	 meta_lr 0.001000 	 training acc 0.21875 and training loss tensor(4.2845, device='cuda:0', grad_fn=<AddBackward0>), loss_auto: tensor(0.3214, device='cuda:0', grad_fn=<AddBackward0>), loss_pre: tensor(4.2524, device='cuda:0', grad_fn=<NllLossBackward0>)[0m[0m
Task 414 has been added to the list
Task 193 has been added to the list
experiment  : INFO     [32m[32mstep: 2840 	 meta_lr 0.001000 	 training acc 0.09375 and training loss tensor(4.4152, device='cuda:0', grad_fn=<AddBackward0>), loss_auto: tensor(0.3202, device='cuda:0', grad_fn=<AddBackward0>), loss_pre: tensor(4.3832, device='cuda:0', grad_fn=<NllLossBackward0>)[0m[0m
Task 70 has been added to the list
experiment  : INFO     [32m[32mstep: 2880 	 meta_lr 0.001000 	 training acc 0.109375 and training loss tensor(4.2395, device='cuda:0', grad_fn=<AddBackward0>), loss_auto: tensor(0.3186, device='cuda:0', grad_fn=<AddBackward0>), loss_pre: tensor(4.2076, device='cuda:0', grad_fn=<NllLossBackward0>)[0m[0m
Task 184 has been added to the list
Task 456 has been added to the list
experiment  : INFO     [32m[32mstep: 2920 	 meta_lr 0.001000 	 training acc 0.109375 and training loss tensor(4.4129, device='cuda:0', grad_fn=<AddBackward0>), loss_auto: tensor(0.3172, device='cuda:0', grad_fn=<AddBackward0>), loss_pre: tensor(4.3812, device='cuda:0', grad_fn=<NllLossBackward0>)[0m[0m
Task 716 has been added to the list
experiment  : INFO     [32m[32mstep: 2960 	 meta_lr 0.001000 	 training acc 0.125 and training loss tensor(4.4119, device='cuda:0', grad_fn=<AddBackward0>), loss_auto: tensor(0.3199, device='cuda:0', grad_fn=<AddBackward0>), loss_pre: tensor(4.3799, device='cuda:0', grad_fn=<NllLossBackward0>)[0m[0m
experiment  : INFO     [32m[32mstep: 3000 	 meta_lr 0.001000 	 training acc 0.140625 and training loss tensor(4.1700, device='cuda:0', grad_fn=<AddBackward0>), loss_auto: tensor(0.3191, device='cuda:0', grad_fn=<AddBackward0>), loss_pre: tensor(4.1381, device='cuda:0', grad_fn=<NllLossBackward0>)[0m[0m
experiment  : INFO     [32m[32mTrain Accuracy = 0.12370331950207142[0m[0m
experiment  : INFO     [32m[32mTest Accuracy = 0.1264004149377559[0m[0m
Task 822 has been added to the list
Task 760 has been added to the list
Task 472 has been added to the list
Task 475 has been added to the list
experiment  : INFO     [32m[32mstep: 3040 	 meta_lr 0.001000 	 training acc 0.21875 and training loss tensor(4.3924, device='cuda:0', grad_fn=<AddBackward0>), loss_auto: tensor(0.3192, device='cuda:0', grad_fn=<AddBackward0>), loss_pre: tensor(4.3605, device='cuda:0', grad_fn=<NllLossBackward0>)[0m[0m
experiment  : INFO     [32m[32mstep: 3080 	 meta_lr 0.001000 	 training acc 0.140625 and training loss tensor(4.1575, device='cuda:0', grad_fn=<AddBackward0>), loss_auto: tensor(0.3190, device='cuda:0', grad_fn=<AddBackward0>), loss_pre: tensor(4.1256, device='cuda:0', grad_fn=<NllLossBackward0>)[0m[0m
experiment  : INFO     [32m[32mstep: 3120 	 meta_lr 0.001000 	 training acc 0.234375 and training loss tensor(3.5483, device='cuda:0', grad_fn=<AddBackward0>), loss_auto: tensor(0.3203, device='cuda:0', grad_fn=<AddBackward0>), loss_pre: tensor(3.5163, device='cuda:0', grad_fn=<NllLossBackward0>)[0m[0m
Task 471 has been added to the list
experiment  : INFO     [32m[32mstep: 3160 	 meta_lr 0.001000 	 training acc 0.15625 and training loss tensor(4.1151, device='cuda:0', grad_fn=<AddBackward0>), loss_auto: tensor(0.3214, device='cuda:0', grad_fn=<AddBackward0>), loss_pre: tensor(4.0830, device='cuda:0', grad_fn=<NllLossBackward0>)[0m[0m
Task 840 has been added to the list
experiment  : INFO     [32m[32mstep: 3200 	 meta_lr 0.001000 	 training acc 0.125 and training loss tensor(3.8882, device='cuda:0', grad_fn=<AddBackward0>), loss_auto: tensor(0.3194, device='cuda:0', grad_fn=<AddBackward0>), loss_pre: tensor(3.8563, device='cuda:0', grad_fn=<NllLossBackward0>)[0m[0m
Task 388 has been added to the list
experiment  : INFO     [32m[32mstep: 3240 	 meta_lr 0.001000 	 training acc 0.15625 and training loss tensor(3.9877, device='cuda:0', grad_fn=<AddBackward0>), loss_auto: tensor(0.3187, device='cuda:0', grad_fn=<AddBackward0>), loss_pre: tensor(3.9558, device='cuda:0', grad_fn=<NllLossBackward0>)[0m[0m
Task 14 has been added to the list
experiment  : INFO     [32m[32mstep: 3280 	 meta_lr 0.001000 	 training acc 0.171875 and training loss tensor(4.2799, device='cuda:0', grad_fn=<AddBackward0>), loss_auto: tensor(0.3202, device='cuda:0', grad_fn=<AddBackward0>), loss_pre: tensor(4.2479, device='cuda:0', grad_fn=<NllLossBackward0>)[0m[0m
experiment  : INFO     [32m[32mstep: 3320 	 meta_lr 0.001000 	 training acc 0.125 and training loss tensor(4.2319, device='cuda:0', grad_fn=<AddBackward0>), loss_auto: tensor(0.3189, device='cuda:0', grad_fn=<AddBackward0>), loss_pre: tensor(4.2000, device='cuda:0', grad_fn=<NllLossBackward0>)[0m[0m
Task 508 has been added to the list
Task 180 has been added to the list
experiment  : INFO     [32m[32mstep: 3360 	 meta_lr 0.001000 	 training acc 0.234375 and training loss tensor(3.8587, device='cuda:0', grad_fn=<AddBackward0>), loss_auto: tensor(0.3195, device='cuda:0', grad_fn=<AddBackward0>), loss_pre: tensor(3.8267, device='cuda:0', grad_fn=<NllLossBackward0>)[0m[0m
Task 846 has been added to the list
experiment  : INFO     [32m[32mstep: 3400 	 meta_lr 0.001000 	 training acc 0.171875 and training loss tensor(3.6797, device='cuda:0', grad_fn=<AddBackward0>), loss_auto: tensor(0.3184, device='cuda:0', grad_fn=<AddBackward0>), loss_pre: tensor(3.6479, device='cuda:0', grad_fn=<NllLossBackward0>)[0m[0m
Task 12 has been added to the list
Task 953 has been added to the list
experiment  : INFO     [32m[32mstep: 3440 	 meta_lr 0.001000 	 training acc 0.171875 and training loss tensor(4.0416, device='cuda:0', grad_fn=<AddBackward0>), loss_auto: tensor(0.3133, device='cuda:0', grad_fn=<AddBackward0>), loss_pre: tensor(4.0102, device='cuda:0', grad_fn=<NllLossBackward0>)[0m[0m
Task 770 has been added to the list
experiment  : INFO     [32m[32mstep: 3480 	 meta_lr 0.001000 	 training acc 0.234375 and training loss tensor(3.5271, device='cuda:0', grad_fn=<AddBackward0>), loss_auto: tensor(0.3227, device='cuda:0', grad_fn=<AddBackward0>), loss_pre: tensor(3.4948, device='cuda:0', grad_fn=<NllLossBackward0>)[0m[0m
experiment  : INFO     [32m[32mTrain Accuracy = 0.20632780082987778[0m[0m
experiment  : INFO     [32m[32mTest Accuracy = 0.2036307053941928[0m[0m
experiment  : INFO     [32m[32mstep: 3520 	 meta_lr 0.001000 	 training acc 0.265625 and training loss tensor(4.2343, device='cuda:0', grad_fn=<AddBackward0>), loss_auto: tensor(0.3178, device='cuda:0', grad_fn=<AddBackward0>), loss_pre: tensor(4.2025, device='cuda:0', grad_fn=<NllLossBackward0>)[0m[0m
experiment  : INFO     [32m[32mstep: 3560 	 meta_lr 0.001000 	 training acc 0.25 and training loss tensor(3.2507, device='cuda:0', grad_fn=<AddBackward0>), loss_auto: tensor(0.3202, device='cuda:0', grad_fn=<AddBackward0>), loss_pre: tensor(3.2187, device='cuda:0', grad_fn=<NllLossBackward0>)[0m[0m
experiment  : INFO     [32m[32mstep: 3600 	 meta_lr 0.001000 	 training acc 0.296875 and training loss tensor(3.2447, device='cuda:0', grad_fn=<AddBackward0>), loss_auto: tensor(0.3170, device='cuda:0', grad_fn=<AddBackward0>), loss_pre: tensor(3.2130, device='cuda:0', grad_fn=<NllLossBackward0>)[0m[0m
experiment  : INFO     [32m[32mstep: 3640 	 meta_lr 0.001000 	 training acc 0.203125 and training loss tensor(3.6780, device='cuda:0', grad_fn=<AddBackward0>), loss_auto: tensor(0.3182, device='cuda:0', grad_fn=<AddBackward0>), loss_pre: tensor(3.6462, device='cuda:0', grad_fn=<NllLossBackward0>)[0m[0m
Task 3 has been added to the list
experiment  : INFO     [32m[32mstep: 3680 	 meta_lr 0.001000 	 training acc 0.203125 and training loss tensor(3.5276, device='cuda:0', grad_fn=<AddBackward0>), loss_auto: tensor(0.3196, device='cuda:0', grad_fn=<AddBackward0>), loss_pre: tensor(3.4957, device='cuda:0', grad_fn=<NllLossBackward0>)[0m[0m
experiment  : INFO     [32m[32mstep: 3720 	 meta_lr 0.001000 	 training acc 0.234375 and training loss tensor(3.7073, device='cuda:0', grad_fn=<AddBackward0>), loss_auto: tensor(0.3171, device='cuda:0', grad_fn=<AddBackward0>), loss_pre: tensor(3.6756, device='cuda:0', grad_fn=<NllLossBackward0>)[0m[0m
experiment  : INFO     [32m[32mstep: 3760 	 meta_lr 0.001000 	 training acc 0.34375 and training loss tensor(2.8124, device='cuda:0', grad_fn=<AddBackward0>), loss_auto: tensor(0.3158, device='cuda:0', grad_fn=<AddBackward0>), loss_pre: tensor(2.7808, device='cuda:0', grad_fn=<NllLossBackward0>)[0m[0m
Task 919 has been added to the list
Task 272 has been added to the list
experiment  : INFO     [32m[32mstep: 3800 	 meta_lr 0.001000 	 training acc 0.328125 and training loss tensor(3.5002, device='cuda:0', grad_fn=<AddBackward0>), loss_auto: tensor(0.3178, device='cuda:0', grad_fn=<AddBackward0>), loss_pre: tensor(3.4684, device='cuda:0', grad_fn=<NllLossBackward0>)[0m[0m
experiment  : INFO     [32m[32mstep: 3840 	 meta_lr 0.001000 	 training acc 0.296875 and training loss tensor(3.4112, device='cuda:0', grad_fn=<AddBackward0>), loss_auto: tensor(0.3191, device='cuda:0', grad_fn=<AddBackward0>), loss_pre: tensor(3.3793, device='cuda:0', grad_fn=<NllLossBackward0>)[0m[0m
experiment  : INFO     [32m[32mstep: 3880 	 meta_lr 0.001000 	 training acc 0.21875 and training loss tensor(3.9956, device='cuda:0', grad_fn=<AddBackward0>), loss_auto: tensor(0.3199, device='cuda:0', grad_fn=<AddBackward0>), loss_pre: tensor(3.9636, device='cuda:0', grad_fn=<NllLossBackward0>)[0m[0m
Task 110 has been added to the list
experiment  : INFO     [32m[32mstep: 3920 	 meta_lr 0.001000 	 training acc 0.3125 and training loss tensor(3.1755, device='cuda:0', grad_fn=<AddBackward0>), loss_auto: tensor(0.3197, device='cuda:0', grad_fn=<AddBackward0>), loss_pre: tensor(3.1435, device='cuda:0', grad_fn=<NllLossBackward0>)[0m[0m
Task 423 has been added to the list
experiment  : INFO     [32m[32mstep: 3960 	 meta_lr 0.001000 	 training acc 0.40625 and training loss tensor(3.0436, device='cuda:0', grad_fn=<AddBackward0>), loss_auto: tensor(0.3199, device='cuda:0', grad_fn=<AddBackward0>), loss_pre: tensor(3.0116, device='cuda:0', grad_fn=<NllLossBackward0>)[0m[0m
experiment  : INFO     [32m[32mstep: 4000 	 meta_lr 0.001000 	 training acc 0.40625 and training loss tensor(2.5158, device='cuda:0', grad_fn=<AddBackward0>), loss_auto: tensor(0.3190, device='cuda:0', grad_fn=<AddBackward0>), loss_pre: tensor(2.4839, device='cuda:0', grad_fn=<NllLossBackward0>)[0m[0m
experiment  : INFO     [32m[32mTrain Accuracy = 0.27505186721992136[0m[0m
experiment  : INFO     [32m[32mTest Accuracy = 0.28210580912863525[0m[0m
experiment  : INFO     [32m[32mstep: 4040 	 meta_lr 0.001000 	 training acc 0.25 and training loss tensor(4.3186, device='cuda:0', grad_fn=<AddBackward0>), loss_auto: tensor(0.3185, device='cuda:0', grad_fn=<AddBackward0>), loss_pre: tensor(4.2867, device='cuda:0', grad_fn=<NllLossBackward0>)[0m[0m
experiment  : INFO     [32m[32mstep: 4080 	 meta_lr 0.001000 	 training acc 0.265625 and training loss tensor(3.5430, device='cuda:0', grad_fn=<AddBackward0>), loss_auto: tensor(0.3191, device='cuda:0', grad_fn=<AddBackward0>), loss_pre: tensor(3.5111, device='cuda:0', grad_fn=<NllLossBackward0>)[0m[0m
experiment  : INFO     [32m[32mstep: 4120 	 meta_lr 0.001000 	 training acc 0.421875 and training loss tensor(2.9606, device='cuda:0', grad_fn=<AddBackward0>), loss_auto: tensor(0.3190, device='cuda:0', grad_fn=<AddBackward0>), loss_pre: tensor(2.9287, device='cuda:0', grad_fn=<NllLossBackward0>)[0m[0m
experiment  : INFO     [32m[32mstep: 4160 	 meta_lr 0.001000 	 training acc 0.328125 and training loss tensor(2.6717, device='cuda:0', grad_fn=<AddBackward0>), loss_auto: tensor(0.3197, device='cuda:0', grad_fn=<AddBackward0>), loss_pre: tensor(2.6398, device='cuda:0', grad_fn=<NllLossBackward0>)[0m[0m
Task 740 has been added to the list
experiment  : INFO     [32m[32mstep: 4200 	 meta_lr 0.001000 	 training acc 0.375 and training loss tensor(2.7078, device='cuda:0', grad_fn=<AddBackward0>), loss_auto: tensor(0.3213, device='cuda:0', grad_fn=<AddBackward0>), loss_pre: tensor(2.6756, device='cuda:0', grad_fn=<NllLossBackward0>)[0m[0m
experiment  : INFO     [32m[32mstep: 4240 	 meta_lr 0.001000 	 training acc 0.359375 and training loss tensor(2.5743, device='cuda:0', grad_fn=<AddBackward0>), loss_auto: tensor(0.3160, device='cuda:0', grad_fn=<AddBackward0>), loss_pre: tensor(2.5427, device='cuda:0', grad_fn=<NllLossBackward0>)[0m[0m
experiment  : INFO     [32m[32mstep: 4280 	 meta_lr 0.001000 	 training acc 0.34375 and training loss tensor(3.3534, device='cuda:0', grad_fn=<AddBackward0>), loss_auto: tensor(0.3133, device='cuda:0', grad_fn=<AddBackward0>), loss_pre: tensor(3.3221, device='cuda:0', grad_fn=<NllLossBackward0>)[0m[0m
Task 416 has been added to the list
experiment  : INFO     [32m[32mstep: 4320 	 meta_lr 0.001000 	 training acc 0.4375 and training loss tensor(2.6549, device='cuda:0', grad_fn=<AddBackward0>), loss_auto: tensor(0.3162, device='cuda:0', grad_fn=<AddBackward0>), loss_pre: tensor(2.6233, device='cuda:0', grad_fn=<NllLossBackward0>)[0m[0m
experiment  : INFO     [32m[32mstep: 4360 	 meta_lr 0.001000 	 training acc 0.3125 and training loss tensor(2.7837, device='cuda:0', grad_fn=<AddBackward0>), loss_auto: tensor(0.3149, device='cuda:0', grad_fn=<AddBackward0>), loss_pre: tensor(2.7522, device='cuda:0', grad_fn=<NllLossBackward0>)[0m[0m
Task 589 has been added to the list
experiment  : INFO     [32m[32mstep: 4400 	 meta_lr 0.001000 	 training acc 0.375 and training loss tensor(2.8775, device='cuda:0', grad_fn=<AddBackward0>), loss_auto: tensor(0.3177, device='cuda:0', grad_fn=<AddBackward0>), loss_pre: tensor(2.8457, device='cuda:0', grad_fn=<NllLossBackward0>)[0m[0m
Task 281 has been added to the list
Task 837 has been added to the list
experiment  : INFO     [32m[32mstep: 4440 	 meta_lr 0.001000 	 training acc 0.484375 and training loss tensor(2.2245, device='cuda:0', grad_fn=<AddBackward0>), loss_auto: tensor(0.3189, device='cuda:0', grad_fn=<AddBackward0>), loss_pre: tensor(2.1926, device='cuda:0', grad_fn=<NllLossBackward0>)[0m[0m
experiment  : INFO     [32m[32mstep: 4480 	 meta_lr 0.001000 	 training acc 0.46875 and training loss tensor(2.7736, device='cuda:0', grad_fn=<AddBackward0>), loss_auto: tensor(0.3150, device='cuda:0', grad_fn=<AddBackward0>), loss_pre: tensor(2.7421, device='cuda:0', grad_fn=<NllLossBackward0>)[0m[0m
experiment  : INFO     [32m[32mTrain Accuracy = 0.3581431535269777[0m[0m
experiment  : INFO     [32m[32mTest Accuracy = 0.35954356846473845[0m[0m
experiment  : INFO     [32m[32mstep: 4520 	 meta_lr 0.001000 	 training acc 0.4375 and training loss tensor(2.4624, device='cuda:0', grad_fn=<AddBackward0>), loss_auto: tensor(0.3170, device='cuda:0', grad_fn=<AddBackward0>), loss_pre: tensor(2.4307, device='cuda:0', grad_fn=<NllLossBackward0>)[0m[0m
Task 756 has been added to the list
Task 92 has been added to the list
experiment  : INFO     [32m[32mstep: 4560 	 meta_lr 0.001000 	 training acc 0.53125 and training loss tensor(2.5222, device='cuda:0', grad_fn=<AddBackward0>), loss_auto: tensor(0.3172, device='cuda:0', grad_fn=<AddBackward0>), loss_pre: tensor(2.4904, device='cuda:0', grad_fn=<NllLossBackward0>)[0m[0m
experiment  : INFO     [32m[32mstep: 4600 	 meta_lr 0.001000 	 training acc 0.484375 and training loss tensor(2.0128, device='cuda:0', grad_fn=<AddBackward0>), loss_auto: tensor(0.3185, device='cuda:0', grad_fn=<AddBackward0>), loss_pre: tensor(1.9809, device='cuda:0', grad_fn=<NllLossBackward0>)[0m[0m
experiment  : INFO     [32m[32mstep: 4640 	 meta_lr 0.001000 	 training acc 0.375 and training loss tensor(2.5784, device='cuda:0', grad_fn=<AddBackward0>), loss_auto: tensor(0.3199, device='cuda:0', grad_fn=<AddBackward0>), loss_pre: tensor(2.5464, device='cuda:0', grad_fn=<NllLossBackward0>)[0m[0m
experiment  : INFO     [32m[32mstep: 4680 	 meta_lr 0.001000 	 training acc 0.453125 and training loss tensor(2.6896, device='cuda:0', grad_fn=<AddBackward0>), loss_auto: tensor(0.3164, device='cuda:0', grad_fn=<AddBackward0>), loss_pre: tensor(2.6580, device='cuda:0', grad_fn=<NllLossBackward0>)[0m[0m
Task 863 has been added to the list
experiment  : INFO     [32m[32mstep: 4720 	 meta_lr 0.001000 	 training acc 0.359375 and training loss tensor(2.2492, device='cuda:0', grad_fn=<AddBackward0>), loss_auto: tensor(0.3141, device='cuda:0', grad_fn=<AddBackward0>), loss_pre: tensor(2.2178, device='cuda:0', grad_fn=<NllLossBackward0>)[0m[0m
experiment  : INFO     [32m[32mstep: 4760 	 meta_lr 0.001000 	 training acc 0.46875 and training loss tensor(2.7245, device='cuda:0', grad_fn=<AddBackward0>), loss_auto: tensor(0.3140, device='cuda:0', grad_fn=<AddBackward0>), loss_pre: tensor(2.6931, device='cuda:0', grad_fn=<NllLossBackward0>)[0m[0m
experiment  : INFO     [32m[32mstep: 4800 	 meta_lr 0.001000 	 training acc 0.390625 and training loss tensor(2.8038, device='cuda:0', grad_fn=<AddBackward0>), loss_auto: tensor(0.3173, device='cuda:0', grad_fn=<AddBackward0>), loss_pre: tensor(2.7721, device='cuda:0', grad_fn=<NllLossBackward0>)[0m[0m
experiment  : INFO     [32m[32mstep: 4840 	 meta_lr 0.001000 	 training acc 0.453125 and training loss tensor(2.2796, device='cuda:0', grad_fn=<AddBackward0>), loss_auto: tensor(0.3216, device='cuda:0', grad_fn=<AddBackward0>), loss_pre: tensor(2.2475, device='cuda:0', grad_fn=<NllLossBackward0>)[0m[0m
experiment  : INFO     [32m[32mstep: 4880 	 meta_lr 0.001000 	 training acc 0.546875 and training loss tensor(1.9366, device='cuda:0', grad_fn=<AddBackward0>), loss_auto: tensor(0.3184, device='cuda:0', grad_fn=<AddBackward0>), loss_pre: tensor(1.9047, device='cuda:0', grad_fn=<NllLossBackward0>)[0m[0m
experiment  : INFO     [32m[32mstep: 4920 	 meta_lr 0.001000 	 training acc 0.578125 and training loss tensor(1.7034, device='cuda:0', grad_fn=<AddBackward0>), loss_auto: tensor(0.3158, device='cuda:0', grad_fn=<AddBackward0>), loss_pre: tensor(1.6718, device='cuda:0', grad_fn=<NllLossBackward0>)[0m[0m
experiment  : INFO     [32m[32mstep: 4960 	 meta_lr 0.001000 	 training acc 0.578125 and training loss tensor(1.9408, device='cuda:0', grad_fn=<AddBackward0>), loss_auto: tensor(0.3155, device='cuda:0', grad_fn=<AddBackward0>), loss_pre: tensor(1.9092, device='cuda:0', grad_fn=<NllLossBackward0>)[0m[0m
Task 133 has been added to the list
experiment  : INFO     [32m[32mstep: 5000 	 meta_lr 0.001000 	 training acc 0.46875 and training loss tensor(2.7505, device='cuda:0', grad_fn=<AddBackward0>), loss_auto: tensor(0.3207, device='cuda:0', grad_fn=<AddBackward0>), loss_pre: tensor(2.7184, device='cuda:0', grad_fn=<NllLossBackward0>)[0m[0m
experiment  : INFO     [32m[32mTrain Accuracy = 0.44196058091286744[0m[0m
experiment  : INFO     [32m[32mTest Accuracy = 0.4447614107883847[0m[0m
experiment  : INFO     [32m[32mstep: 5040 	 meta_lr 0.001000 	 training acc 0.4375 and training loss tensor(2.7186, device='cuda:0', grad_fn=<AddBackward0>), loss_auto: tensor(0.3192, device='cuda:0', grad_fn=<AddBackward0>), loss_pre: tensor(2.6867, device='cuda:0', grad_fn=<NllLossBackward0>)[0m[0m
experiment  : INFO     [32m[32mstep: 5080 	 meta_lr 0.001000 	 training acc 0.484375 and training loss tensor(2.4844, device='cuda:0', grad_fn=<AddBackward0>), loss_auto: tensor(0.3168, device='cuda:0', grad_fn=<AddBackward0>), loss_pre: tensor(2.4527, device='cuda:0', grad_fn=<NllLossBackward0>)[0m[0m
experiment  : INFO     [32m[32mstep: 5120 	 meta_lr 0.001000 	 training acc 0.609375 and training loss tensor(2.1682, device='cuda:0', grad_fn=<AddBackward0>), loss_auto: tensor(0.3163, device='cuda:0', grad_fn=<AddBackward0>), loss_pre: tensor(2.1366, device='cuda:0', grad_fn=<NllLossBackward0>)[0m[0m
experiment  : INFO     [32m[32mstep: 5160 	 meta_lr 0.001000 	 training acc 0.4375 and training loss tensor(3.1723, device='cuda:0', grad_fn=<AddBackward0>), loss_auto: tensor(0.3149, device='cuda:0', grad_fn=<AddBackward0>), loss_pre: tensor(3.1408, device='cuda:0', grad_fn=<NllLossBackward0>)[0m[0m
experiment  : INFO     [32m[32mstep: 5200 	 meta_lr 0.001000 	 training acc 0.578125 and training loss tensor(2.4438, device='cuda:0', grad_fn=<AddBackward0>), loss_auto: tensor(0.3208, device='cuda:0', grad_fn=<AddBackward0>), loss_pre: tensor(2.4117, device='cuda:0', grad_fn=<NllLossBackward0>)[0m[0m
Task 579 has been added to the list
experiment  : INFO     [32m[32mstep: 5240 	 meta_lr 0.001000 	 training acc 0.5 and training loss tensor(2.3081, device='cuda:0', grad_fn=<AddBackward0>), loss_auto: tensor(0.3180, device='cuda:0', grad_fn=<AddBackward0>), loss_pre: tensor(2.2763, device='cuda:0', grad_fn=<NllLossBackward0>)[0m[0m
experiment  : INFO     [32m[32mstep: 5280 	 meta_lr 0.001000 	 training acc 0.53125 and training loss tensor(2.3605, device='cuda:0', grad_fn=<AddBackward0>), loss_auto: tensor(0.3180, device='cuda:0', grad_fn=<AddBackward0>), loss_pre: tensor(2.3287, device='cuda:0', grad_fn=<NllLossBackward0>)[0m[0m
experiment  : INFO     [32m[32mstep: 5320 	 meta_lr 0.001000 	 training acc 0.625 and training loss tensor(1.7968, device='cuda:0', grad_fn=<AddBackward0>), loss_auto: tensor(0.3153, device='cuda:0', grad_fn=<AddBackward0>), loss_pre: tensor(1.7652, device='cuda:0', grad_fn=<NllLossBackward0>)[0m[0m
experiment  : INFO     [32m[32mstep: 5360 	 meta_lr 0.001000 	 training acc 0.5625 and training loss tensor(1.9683, device='cuda:0', grad_fn=<AddBackward0>), loss_auto: tensor(0.3192, device='cuda:0', grad_fn=<AddBackward0>), loss_pre: tensor(1.9364, device='cuda:0', grad_fn=<NllLossBackward0>)[0m[0m
experiment  : INFO     [32m[32mstep: 5400 	 meta_lr 0.001000 	 training acc 0.65625 and training loss tensor(1.5861, device='cuda:0', grad_fn=<AddBackward0>), loss_auto: tensor(0.3120, device='cuda:0', grad_fn=<AddBackward0>), loss_pre: tensor(1.5549, device='cuda:0', grad_fn=<NllLossBackward0>)[0m[0m
experiment  : INFO     [32m[32mstep: 5440 	 meta_lr 0.001000 	 training acc 0.625 and training loss tensor(1.7290, device='cuda:0', grad_fn=<AddBackward0>), loss_auto: tensor(0.3161, device='cuda:0', grad_fn=<AddBackward0>), loss_pre: tensor(1.6974, device='cuda:0', grad_fn=<NllLossBackward0>)[0m[0m
experiment  : INFO     [32m[32mstep: 5480 	 meta_lr 0.001000 	 training acc 0.46875 and training loss tensor(2.4678, device='cuda:0', grad_fn=<AddBackward0>), loss_auto: tensor(0.3163, device='cuda:0', grad_fn=<AddBackward0>), loss_pre: tensor(2.4362, device='cuda:0', grad_fn=<NllLossBackward0>)[0m[0m
experiment  : INFO     [32m[32mTrain Accuracy = 0.48734439834024956[0m[0m
experiment  : INFO     [32m[32mTest Accuracy = 0.4818464730290468[0m[0m
experiment  : INFO     [32m[32mstep: 5520 	 meta_lr 0.001000 	 training acc 0.578125 and training loss tensor(1.7595, device='cuda:0', grad_fn=<AddBackward0>), loss_auto: tensor(0.3130, device='cuda:0', grad_fn=<AddBackward0>), loss_pre: tensor(1.7282, device='cuda:0', grad_fn=<NllLossBackward0>)[0m[0m
experiment  : INFO     [32m[32mstep: 5560 	 meta_lr 0.001000 	 training acc 0.609375 and training loss tensor(2.1011, device='cuda:0', grad_fn=<AddBackward0>), loss_auto: tensor(0.3154, device='cuda:0', grad_fn=<AddBackward0>), loss_pre: tensor(2.0696, device='cuda:0', grad_fn=<NllLossBackward0>)[0m[0m
experiment  : INFO     [32m[32mstep: 5600 	 meta_lr 0.001000 	 training acc 0.515625 and training loss tensor(2.1166, device='cuda:0', grad_fn=<AddBackward0>), loss_auto: tensor(0.3136, device='cuda:0', grad_fn=<AddBackward0>), loss_pre: tensor(2.0852, device='cuda:0', grad_fn=<NllLossBackward0>)[0m[0m
experiment  : INFO     [32m[32mstep: 5640 	 meta_lr 0.001000 	 training acc 0.59375 and training loss tensor(2.0307, device='cuda:0', grad_fn=<AddBackward0>), loss_auto: tensor(0.3106, device='cuda:0', grad_fn=<AddBackward0>), loss_pre: tensor(1.9997, device='cuda:0', grad_fn=<NllLossBackward0>)[0m[0m
experiment  : INFO     [32m[32mstep: 5680 	 meta_lr 0.001000 	 training acc 0.75 and training loss tensor(1.4552, device='cuda:0', grad_fn=<AddBackward0>), loss_auto: tensor(0.3108, device='cuda:0', grad_fn=<AddBackward0>), loss_pre: tensor(1.4241, device='cuda:0', grad_fn=<NllLossBackward0>)[0m[0m
experiment  : INFO     [32m[32mstep: 5720 	 meta_lr 0.001000 	 training acc 0.515625 and training loss tensor(1.8160, device='cuda:0', grad_fn=<AddBackward0>), loss_auto: tensor(0.3110, device='cuda:0', grad_fn=<AddBackward0>), loss_pre: tensor(1.7849, device='cuda:0', grad_fn=<NllLossBackward0>)[0m[0m
experiment  : INFO     [32m[32mstep: 5760 	 meta_lr 0.001000 	 training acc 0.578125 and training loss tensor(2.4484, device='cuda:0', grad_fn=<AddBackward0>), loss_auto: tensor(0.3105, device='cuda:0', grad_fn=<AddBackward0>), loss_pre: tensor(2.4174, device='cuda:0', grad_fn=<NllLossBackward0>)[0m[0m
experiment  : INFO     [32m[32mstep: 5800 	 meta_lr 0.001000 	 training acc 0.765625 and training loss tensor(1.3160, device='cuda:0', grad_fn=<AddBackward0>), loss_auto: tensor(0.3166, device='cuda:0', grad_fn=<AddBackward0>), loss_pre: tensor(1.2843, device='cuda:0', grad_fn=<NllLossBackward0>)[0m[0m
experiment  : INFO     [32m[32mstep: 5840 	 meta_lr 0.001000 	 training acc 0.6875 and training loss tensor(1.4896, device='cuda:0', grad_fn=<AddBackward0>), loss_auto: tensor(0.3156, device='cuda:0', grad_fn=<AddBackward0>), loss_pre: tensor(1.4581, device='cuda:0', grad_fn=<NllLossBackward0>)[0m[0m
experiment  : INFO     [32m[32mstep: 5880 	 meta_lr 0.001000 	 training acc 0.53125 and training loss tensor(2.0108, device='cuda:0', grad_fn=<AddBackward0>), loss_auto: tensor(0.3111, device='cuda:0', grad_fn=<AddBackward0>), loss_pre: tensor(1.9797, device='cuda:0', grad_fn=<NllLossBackward0>)[0m[0m
experiment  : INFO     [32m[32mstep: 5920 	 meta_lr 0.001000 	 training acc 0.59375 and training loss tensor(1.6916, device='cuda:0', grad_fn=<AddBackward0>), loss_auto: tensor(0.3136, device='cuda:0', grad_fn=<AddBackward0>), loss_pre: tensor(1.6602, device='cuda:0', grad_fn=<NllLossBackward0>)[0m[0m
experiment  : INFO     [32m[32mstep: 5960 	 meta_lr 0.001000 	 training acc 0.671875 and training loss tensor(1.6957, device='cuda:0', grad_fn=<AddBackward0>), loss_auto: tensor(0.3188, device='cuda:0', grad_fn=<AddBackward0>), loss_pre: tensor(1.6638, device='cuda:0', grad_fn=<NllLossBackward0>)[0m[0m
experiment  : INFO     [32m[32mstep: 6000 	 meta_lr 0.001000 	 training acc 0.59375 and training loss tensor(1.7062, device='cuda:0', grad_fn=<AddBackward0>), loss_auto: tensor(0.3157, device='cuda:0', grad_fn=<AddBackward0>), loss_pre: tensor(1.6746, device='cuda:0', grad_fn=<NllLossBackward0>)[0m[0m
experiment  : INFO     [32m[32mTrain Accuracy = 0.5304979253111997[0m[0m
experiment  : INFO     [32m[32mTest Accuracy = 0.530394190871366[0m[0m
experiment  : INFO     [32m[32mstep: 6040 	 meta_lr 0.001000 	 training acc 0.71875 and training loss tensor(1.6799, device='cuda:0', grad_fn=<AddBackward0>), loss_auto: tensor(0.3149, device='cuda:0', grad_fn=<AddBackward0>), loss_pre: tensor(1.6484, device='cuda:0', grad_fn=<NllLossBackward0>)[0m[0m
experiment  : INFO     [32m[32mstep: 6080 	 meta_lr 0.001000 	 training acc 0.40625 and training loss tensor(2.3330, device='cuda:0', grad_fn=<AddBackward0>), loss_auto: tensor(0.3155, device='cuda:0', grad_fn=<AddBackward0>), loss_pre: tensor(2.3014, device='cuda:0', grad_fn=<NllLossBackward0>)[0m[0m
experiment  : INFO     [32m[32mstep: 6120 	 meta_lr 0.001000 	 training acc 0.671875 and training loss tensor(1.5001, device='cuda:0', grad_fn=<AddBackward0>), loss_auto: tensor(0.3143, device='cuda:0', grad_fn=<AddBackward0>), loss_pre: tensor(1.4687, device='cuda:0', grad_fn=<NllLossBackward0>)[0m[0m
experiment  : INFO     [32m[32mstep: 6160 	 meta_lr 0.001000 	 training acc 0.609375 and training loss tensor(1.7241, device='cuda:0', grad_fn=<AddBackward0>), loss_auto: tensor(0.3167, device='cuda:0', grad_fn=<AddBackward0>), loss_pre: tensor(1.6924, device='cuda:0', grad_fn=<NllLossBackward0>)[0m[0m
experiment  : INFO     [32m[32mstep: 6200 	 meta_lr 0.001000 	 training acc 0.609375 and training loss tensor(1.3636, device='cuda:0', grad_fn=<AddBackward0>), loss_auto: tensor(0.3111, device='cuda:0', grad_fn=<AddBackward0>), loss_pre: tensor(1.3324, device='cuda:0', grad_fn=<NllLossBackward0>)[0m[0m
experiment  : INFO     [32m[32mstep: 6240 	 meta_lr 0.001000 	 training acc 0.5625 and training loss tensor(1.7795, device='cuda:0', grad_fn=<AddBackward0>), loss_auto: tensor(0.3218, device='cuda:0', grad_fn=<AddBackward0>), loss_pre: tensor(1.7473, device='cuda:0', grad_fn=<NllLossBackward0>)[0m[0m
experiment  : INFO     [32m[32mstep: 6280 	 meta_lr 0.001000 	 training acc 0.578125 and training loss tensor(2.5121, device='cuda:0', grad_fn=<AddBackward0>), loss_auto: tensor(0.3111, device='cuda:0', grad_fn=<AddBackward0>), loss_pre: tensor(2.4810, device='cuda:0', grad_fn=<NllLossBackward0>)[0m[0m
experiment  : INFO     [32m[32mstep: 6320 	 meta_lr 0.001000 	 training acc 0.59375 and training loss tensor(2.1113, device='cuda:0', grad_fn=<AddBackward0>), loss_auto: tensor(0.3142, device='cuda:0', grad_fn=<AddBackward0>), loss_pre: tensor(2.0799, device='cuda:0', grad_fn=<NllLossBackward0>)[0m[0m
experiment  : INFO     [32m[32mstep: 6360 	 meta_lr 0.001000 	 training acc 0.625 and training loss tensor(1.5410, device='cuda:0', grad_fn=<AddBackward0>), loss_auto: tensor(0.3144, device='cuda:0', grad_fn=<AddBackward0>), loss_pre: tensor(1.5096, device='cuda:0', grad_fn=<NllLossBackward0>)[0m[0m
experiment  : INFO     [32m[32mstep: 6400 	 meta_lr 0.001000 	 training acc 0.65625 and training loss tensor(1.4810, device='cuda:0', grad_fn=<AddBackward0>), loss_auto: tensor(0.3104, device='cuda:0', grad_fn=<AddBackward0>), loss_pre: tensor(1.4499, device='cuda:0', grad_fn=<NllLossBackward0>)[0m[0m
experiment  : INFO     [32m[32mstep: 6440 	 meta_lr 0.001000 	 training acc 0.5625 and training loss tensor(2.0442, device='cuda:0', grad_fn=<AddBackward0>), loss_auto: tensor(0.3145, device='cuda:0', grad_fn=<AddBackward0>), loss_pre: tensor(2.0127, device='cuda:0', grad_fn=<NllLossBackward0>)[0m[0m
experiment  : INFO     [32m[32mstep: 6480 	 meta_lr 0.001000 	 training acc 0.703125 and training loss tensor(1.2704, device='cuda:0', grad_fn=<AddBackward0>), loss_auto: tensor(0.3156, device='cuda:0', grad_fn=<AddBackward0>), loss_pre: tensor(1.2388, device='cuda:0', grad_fn=<NllLossBackward0>)[0m[0m
experiment  : INFO     [32m[32mTrain Accuracy = 0.591338174273854[0m[0m
experiment  : INFO     [32m[32mTest Accuracy = 0.601037344398333[0m[0m
experiment  : INFO     [32m[32mstep: 6520 	 meta_lr 0.001000 	 training acc 0.671875 and training loss tensor(1.4938, device='cuda:0', grad_fn=<AddBackward0>), loss_auto: tensor(0.3103, device='cuda:0', grad_fn=<AddBackward0>), loss_pre: tensor(1.4628, device='cuda:0', grad_fn=<NllLossBackward0>)[0m[0m
experiment  : INFO     [32m[32mstep: 6560 	 meta_lr 0.001000 	 training acc 0.71875 and training loss tensor(1.5066, device='cuda:0', grad_fn=<AddBackward0>), loss_auto: tensor(0.3114, device='cuda:0', grad_fn=<AddBackward0>), loss_pre: tensor(1.4754, device='cuda:0', grad_fn=<NllLossBackward0>)[0m[0m
experiment  : INFO     [32m[32mstep: 6600 	 meta_lr 0.001000 	 training acc 0.546875 and training loss tensor(2.0748, device='cuda:0', grad_fn=<AddBackward0>), loss_auto: tensor(0.3131, device='cuda:0', grad_fn=<AddBackward0>), loss_pre: tensor(2.0435, device='cuda:0', grad_fn=<NllLossBackward0>)[0m[0m
experiment  : INFO     [32m[32mstep: 6640 	 meta_lr 0.001000 	 training acc 0.625 and training loss tensor(1.7480, device='cuda:0', grad_fn=<AddBackward0>), loss_auto: tensor(0.3148, device='cuda:0', grad_fn=<AddBackward0>), loss_pre: tensor(1.7166, device='cuda:0', grad_fn=<NllLossBackward0>)[0m[0m
experiment  : INFO     [32m[32mstep: 6680 	 meta_lr 0.001000 	 training acc 0.703125 and training loss tensor(1.1529, device='cuda:0', grad_fn=<AddBackward0>), loss_auto: tensor(0.3117, device='cuda:0', grad_fn=<AddBackward0>), loss_pre: tensor(1.1217, device='cuda:0', grad_fn=<NllLossBackward0>)[0m[0m
experiment  : INFO     [32m[32mstep: 6720 	 meta_lr 0.001000 	 training acc 0.640625 and training loss tensor(1.6831, device='cuda:0', grad_fn=<AddBackward0>), loss_auto: tensor(0.3115, device='cuda:0', grad_fn=<AddBackward0>), loss_pre: tensor(1.6520, device='cuda:0', grad_fn=<NllLossBackward0>)[0m[0m
experiment  : INFO     [32m[32mstep: 6760 	 meta_lr 0.001000 	 training acc 0.6875 and training loss tensor(1.3402, device='cuda:0', grad_fn=<AddBackward0>), loss_auto: tensor(0.3106, device='cuda:0', grad_fn=<AddBackward0>), loss_pre: tensor(1.3092, device='cuda:0', grad_fn=<NllLossBackward0>)[0m[0m
experiment  : INFO     [32m[32mstep: 6800 	 meta_lr 0.001000 	 training acc 0.578125 and training loss tensor(1.6802, device='cuda:0', grad_fn=<AddBackward0>), loss_auto: tensor(0.3115, device='cuda:0', grad_fn=<AddBackward0>), loss_pre: tensor(1.6491, device='cuda:0', grad_fn=<NllLossBackward0>)[0m[0m
experiment  : INFO     [32m[32mstep: 6840 	 meta_lr 0.001000 	 training acc 0.5625 and training loss tensor(1.8884, device='cuda:0', grad_fn=<AddBackward0>), loss_auto: tensor(0.3095, device='cuda:0', grad_fn=<AddBackward0>), loss_pre: tensor(1.8574, device='cuda:0', grad_fn=<NllLossBackward0>)[0m[0m
experiment  : INFO     [32m[32mstep: 6880 	 meta_lr 0.001000 	 training acc 0.515625 and training loss tensor(2.1222, device='cuda:0', grad_fn=<AddBackward0>), loss_auto: tensor(0.3139, device='cuda:0', grad_fn=<AddBackward0>), loss_pre: tensor(2.0908, device='cuda:0', grad_fn=<NllLossBackward0>)[0m[0m
experiment  : INFO     [32m[32mstep: 6920 	 meta_lr 0.001000 	 training acc 0.6875 and training loss tensor(1.5216, device='cuda:0', grad_fn=<AddBackward0>), loss_auto: tensor(0.3130, device='cuda:0', grad_fn=<AddBackward0>), loss_pre: tensor(1.4903, device='cuda:0', grad_fn=<NllLossBackward0>)[0m[0m
experiment  : INFO     [32m[32mstep: 6960 	 meta_lr 0.001000 	 training acc 0.6875 and training loss tensor(1.5305, device='cuda:0', grad_fn=<AddBackward0>), loss_auto: tensor(0.3096, device='cuda:0', grad_fn=<AddBackward0>), loss_pre: tensor(1.4995, device='cuda:0', grad_fn=<NllLossBackward0>)[0m[0m
experiment  : INFO     [32m[32mstep: 7000 	 meta_lr 0.001000 	 training acc 0.734375 and training loss tensor(1.1261, device='cuda:0', grad_fn=<AddBackward0>), loss_auto: tensor(0.3072, device='cuda:0', grad_fn=<AddBackward0>), loss_pre: tensor(1.0954, device='cuda:0', grad_fn=<NllLossBackward0>)[0m[0m
experiment  : INFO     [32m[32mTrain Accuracy = 0.6251037344398283[0m[0m
experiment  : INFO     [32m[32mTest Accuracy = 0.625570539419081[0m[0m
experiment  : INFO     [32m[32mstep: 7040 	 meta_lr 0.001000 	 training acc 0.671875 and training loss tensor(1.3965, device='cuda:0', grad_fn=<AddBackward0>), loss_auto: tensor(0.3085, device='cuda:0', grad_fn=<AddBackward0>), loss_pre: tensor(1.3656, device='cuda:0', grad_fn=<NllLossBackward0>)[0m[0m
experiment  : INFO     [32m[32mstep: 7080 	 meta_lr 0.001000 	 training acc 0.5625 and training loss tensor(1.5513, device='cuda:0', grad_fn=<AddBackward0>), loss_auto: tensor(0.3138, device='cuda:0', grad_fn=<AddBackward0>), loss_pre: tensor(1.5200, device='cuda:0', grad_fn=<NllLossBackward0>)[0m[0m
experiment  : INFO     [32m[32mstep: 7120 	 meta_lr 0.001000 	 training acc 0.46875 and training loss tensor(2.5789, device='cuda:0', grad_fn=<AddBackward0>), loss_auto: tensor(0.3116, device='cuda:0', grad_fn=<AddBackward0>), loss_pre: tensor(2.5477, device='cuda:0', grad_fn=<NllLossBackward0>)[0m[0m
experiment  : INFO     [32m[32mstep: 7160 	 meta_lr 0.001000 	 training acc 0.578125 and training loss tensor(1.9811, device='cuda:0', grad_fn=<AddBackward0>), loss_auto: tensor(0.3141, device='cuda:0', grad_fn=<AddBackward0>), loss_pre: tensor(1.9497, device='cuda:0', grad_fn=<NllLossBackward0>)[0m[0m
experiment  : INFO     [32m[32mstep: 7200 	 meta_lr 0.001000 	 training acc 0.5625 and training loss tensor(2.1350, device='cuda:0', grad_fn=<AddBackward0>), loss_auto: tensor(0.3096, device='cuda:0', grad_fn=<AddBackward0>), loss_pre: tensor(2.1041, device='cuda:0', grad_fn=<NllLossBackward0>)[0m[0m
experiment  : INFO     [32m[32mstep: 7240 	 meta_lr 0.001000 	 training acc 0.6875 and training loss tensor(1.2522, device='cuda:0', grad_fn=<AddBackward0>), loss_auto: tensor(0.3131, device='cuda:0', grad_fn=<AddBackward0>), loss_pre: tensor(1.2209, device='cuda:0', grad_fn=<NllLossBackward0>)[0m[0m
experiment  : INFO     [32m[32mstep: 7280 	 meta_lr 0.001000 	 training acc 0.59375 and training loss tensor(1.7009, device='cuda:0', grad_fn=<AddBackward0>), loss_auto: tensor(0.3142, device='cuda:0', grad_fn=<AddBackward0>), loss_pre: tensor(1.6695, device='cuda:0', grad_fn=<NllLossBackward0>)[0m[0m
experiment  : INFO     [32m[32mstep: 7320 	 meta_lr 0.001000 	 training acc 0.671875 and training loss tensor(1.5357, device='cuda:0', grad_fn=<AddBackward0>), loss_auto: tensor(0.3121, device='cuda:0', grad_fn=<AddBackward0>), loss_pre: tensor(1.5045, device='cuda:0', grad_fn=<NllLossBackward0>)[0m[0m
experiment  : INFO     [32m[32mstep: 7360 	 meta_lr 0.001000 	 training acc 0.609375 and training loss tensor(1.5728, device='cuda:0', grad_fn=<AddBackward0>), loss_auto: tensor(0.3159, device='cuda:0', grad_fn=<AddBackward0>), loss_pre: tensor(1.5412, device='cuda:0', grad_fn=<NllLossBackward0>)[0m[0m
experiment  : INFO     [32m[32mstep: 7400 	 meta_lr 0.001000 	 training acc 0.734375 and training loss tensor(1.3431, device='cuda:0', grad_fn=<AddBackward0>), loss_auto: tensor(0.3098, device='cuda:0', grad_fn=<AddBackward0>), loss_pre: tensor(1.3121, device='cuda:0', grad_fn=<NllLossBackward0>)[0m[0m
experiment  : INFO     [32m[32mstep: 7440 	 meta_lr 0.001000 	 training acc 0.71875 and training loss tensor(1.5693, device='cuda:0', grad_fn=<AddBackward0>), loss_auto: tensor(0.3114, device='cuda:0', grad_fn=<AddBackward0>), loss_pre: tensor(1.5381, device='cuda:0', grad_fn=<NllLossBackward0>)[0m[0m
experiment  : INFO     [32m[32mstep: 7480 	 meta_lr 0.001000 	 training acc 0.703125 and training loss tensor(1.2750, device='cuda:0', grad_fn=<AddBackward0>), loss_auto: tensor(0.3131, device='cuda:0', grad_fn=<AddBackward0>), loss_pre: tensor(1.2437, device='cuda:0', grad_fn=<NllLossBackward0>)[0m[0m
experiment  : INFO     [32m[32mTrain Accuracy = 0.6553423236514467[0m[0m
experiment  : INFO     [32m[32mTest Accuracy = 0.6526452282157627[0m[0m
experiment  : INFO     [32m[32mstep: 7520 	 meta_lr 0.001000 	 training acc 0.546875 and training loss tensor(2.1232, device='cuda:0', grad_fn=<AddBackward0>), loss_auto: tensor(0.3047, device='cuda:0', grad_fn=<AddBackward0>), loss_pre: tensor(2.0927, device='cuda:0', grad_fn=<NllLossBackward0>)[0m[0m
experiment  : INFO     [32m[32mstep: 7560 	 meta_lr 0.001000 	 training acc 0.671875 and training loss tensor(1.6115, device='cuda:0', grad_fn=<AddBackward0>), loss_auto: tensor(0.3088, device='cuda:0', grad_fn=<AddBackward0>), loss_pre: tensor(1.5806, device='cuda:0', grad_fn=<NllLossBackward0>)[0m[0m
experiment  : INFO     [32m[32mstep: 7600 	 meta_lr 0.001000 	 training acc 0.78125 and training loss tensor(0.9482, device='cuda:0', grad_fn=<AddBackward0>), loss_auto: tensor(0.3116, device='cuda:0', grad_fn=<AddBackward0>), loss_pre: tensor(0.9171, device='cuda:0', grad_fn=<NllLossBackward0>)[0m[0m
Task 223 has been added to the list
experiment  : INFO     [32m[32mstep: 7640 	 meta_lr 0.001000 	 training acc 0.671875 and training loss tensor(1.5953, device='cuda:0', grad_fn=<AddBackward0>), loss_auto: tensor(0.3075, device='cuda:0', grad_fn=<AddBackward0>), loss_pre: tensor(1.5645, device='cuda:0', grad_fn=<NllLossBackward0>)[0m[0m
experiment  : INFO     [32m[32mstep: 7680 	 meta_lr 0.001000 	 training acc 0.765625 and training loss tensor(1.0848, device='cuda:0', grad_fn=<AddBackward0>), loss_auto: tensor(0.3088, device='cuda:0', grad_fn=<AddBackward0>), loss_pre: tensor(1.0540, device='cuda:0', grad_fn=<NllLossBackward0>)[0m[0m
experiment  : INFO     [32m[32mstep: 7720 	 meta_lr 0.001000 	 training acc 0.71875 and training loss tensor(1.3347, device='cuda:0', grad_fn=<AddBackward0>), loss_auto: tensor(0.3054, device='cuda:0', grad_fn=<AddBackward0>), loss_pre: tensor(1.3041, device='cuda:0', grad_fn=<NllLossBackward0>)[0m[0m
experiment  : INFO     [32m[32mstep: 7760 	 meta_lr 0.001000 	 training acc 0.671875 and training loss tensor(1.8470, device='cuda:0', grad_fn=<AddBackward0>), loss_auto: tensor(0.3083, device='cuda:0', grad_fn=<AddBackward0>), loss_pre: tensor(1.8162, device='cuda:0', grad_fn=<NllLossBackward0>)[0m[0m
experiment  : INFO     [32m[32mstep: 7800 	 meta_lr 0.001000 	 training acc 0.609375 and training loss tensor(1.8692, device='cuda:0', grad_fn=<AddBackward0>), loss_auto: tensor(0.3114, device='cuda:0', grad_fn=<AddBackward0>), loss_pre: tensor(1.8381, device='cuda:0', grad_fn=<NllLossBackward0>)[0m[0m
experiment  : INFO     [32m[32mstep: 7840 	 meta_lr 0.001000 	 training acc 0.59375 and training loss tensor(2.3743, device='cuda:0', grad_fn=<AddBackward0>), loss_auto: tensor(0.3099, device='cuda:0', grad_fn=<AddBackward0>), loss_pre: tensor(2.3434, device='cuda:0', grad_fn=<NllLossBackward0>)[0m[0m
experiment  : INFO     [32m[32mstep: 7880 	 meta_lr 0.001000 	 training acc 0.78125 and training loss tensor(0.9482, device='cuda:0', grad_fn=<AddBackward0>), loss_auto: tensor(0.3130, device='cuda:0', grad_fn=<AddBackward0>), loss_pre: tensor(0.9169, device='cuda:0', grad_fn=<NllLossBackward0>)[0m[0m
experiment  : INFO     [32m[32mstep: 7920 	 meta_lr 0.001000 	 training acc 0.765625 and training loss tensor(1.3616, device='cuda:0', grad_fn=<AddBackward0>), loss_auto: tensor(0.3082, device='cuda:0', grad_fn=<AddBackward0>), loss_pre: tensor(1.3308, device='cuda:0', grad_fn=<NllLossBackward0>)[0m[0m
experiment  : INFO     [32m[32mstep: 7960 	 meta_lr 0.001000 	 training acc 0.71875 and training loss tensor(1.0273, device='cuda:0', grad_fn=<AddBackward0>), loss_auto: tensor(0.3110, device='cuda:0', grad_fn=<AddBackward0>), loss_pre: tensor(0.9962, device='cuda:0', grad_fn=<NllLossBackward0>)[0m[0m
experiment  : INFO     [32m[32mstep: 8000 	 meta_lr 0.001000 	 training acc 0.640625 and training loss tensor(1.4673, device='cuda:0', grad_fn=<AddBackward0>), loss_auto: tensor(0.3098, device='cuda:0', grad_fn=<AddBackward0>), loss_pre: tensor(1.4363, device='cuda:0', grad_fn=<NllLossBackward0>)[0m[0m
experiment  : INFO     [32m[32mTrain Accuracy = 0.6372925311203277[0m[0m
experiment  : INFO     [32m[32mTest Accuracy = 0.6342842323651384[0m[0m
experiment  : INFO     [32m[32mstep: 8040 	 meta_lr 0.001000 	 training acc 0.75 and training loss tensor(0.9705, device='cuda:0', grad_fn=<AddBackward0>), loss_auto: tensor(0.3081, device='cuda:0', grad_fn=<AddBackward0>), loss_pre: tensor(0.9397, device='cuda:0', grad_fn=<NllLossBackward0>)[0m[0m
experiment  : INFO     [32m[32mstep: 8080 	 meta_lr 0.001000 	 training acc 0.765625 and training loss tensor(1.1439, device='cuda:0', grad_fn=<AddBackward0>), loss_auto: tensor(0.3059, device='cuda:0', grad_fn=<AddBackward0>), loss_pre: tensor(1.1133, device='cuda:0', grad_fn=<NllLossBackward0>)[0m[0m
experiment  : INFO     [32m[32mstep: 8120 	 meta_lr 0.001000 	 training acc 0.78125 and training loss tensor(0.9272, device='cuda:0', grad_fn=<AddBackward0>), loss_auto: tensor(0.3128, device='cuda:0', grad_fn=<AddBackward0>), loss_pre: tensor(0.8959, device='cuda:0', grad_fn=<NllLossBackward0>)[0m[0m
experiment  : INFO     [32m[32mstep: 8160 	 meta_lr 0.001000 	 training acc 0.75 and training loss tensor(1.1230, device='cuda:0', grad_fn=<AddBackward0>), loss_auto: tensor(0.3151, device='cuda:0', grad_fn=<AddBackward0>), loss_pre: tensor(1.0915, device='cuda:0', grad_fn=<NllLossBackward0>)[0m[0m
experiment  : INFO     [32m[32mstep: 8200 	 meta_lr 0.001000 	 training acc 0.671875 and training loss tensor(1.9531, device='cuda:0', grad_fn=<AddBackward0>), loss_auto: tensor(0.3081, device='cuda:0', grad_fn=<AddBackward0>), loss_pre: tensor(1.9223, device='cuda:0', grad_fn=<NllLossBackward0>)[0m[0m
experiment  : INFO     [32m[32mstep: 8240 	 meta_lr 0.001000 	 training acc 0.84375 and training loss tensor(0.7795, device='cuda:0', grad_fn=<AddBackward0>), loss_auto: tensor(0.3064, device='cuda:0', grad_fn=<AddBackward0>), loss_pre: tensor(0.7489, device='cuda:0', grad_fn=<NllLossBackward0>)[0m[0m
experiment  : INFO     [32m[32mstep: 8280 	 meta_lr 0.001000 	 training acc 0.65625 and training loss tensor(1.5949, device='cuda:0', grad_fn=<AddBackward0>), loss_auto: tensor(0.3075, device='cuda:0', grad_fn=<AddBackward0>), loss_pre: tensor(1.5642, device='cuda:0', grad_fn=<NllLossBackward0>)[0m[0m
experiment  : INFO     [32m[32mstep: 8320 	 meta_lr 0.001000 	 training acc 0.703125 and training loss tensor(1.9073, device='cuda:0', grad_fn=<AddBackward0>), loss_auto: tensor(0.3078, device='cuda:0', grad_fn=<AddBackward0>), loss_pre: tensor(1.8765, device='cuda:0', grad_fn=<NllLossBackward0>)[0m[0m
experiment  : INFO     [32m[32mstep: 8360 	 meta_lr 0.001000 	 training acc 0.796875 and training loss tensor(1.1183, device='cuda:0', grad_fn=<AddBackward0>), loss_auto: tensor(0.3064, device='cuda:0', grad_fn=<AddBackward0>), loss_pre: tensor(1.0877, device='cuda:0', grad_fn=<NllLossBackward0>)[0m[0m
experiment  : INFO     [32m[32mstep: 8400 	 meta_lr 0.001000 	 training acc 0.671875 and training loss tensor(1.2835, device='cuda:0', grad_fn=<AddBackward0>), loss_auto: tensor(0.3093, device='cuda:0', grad_fn=<AddBackward0>), loss_pre: tensor(1.2525, device='cuda:0', grad_fn=<NllLossBackward0>)[0m[0m
experiment  : INFO     [32m[32mstep: 8440 	 meta_lr 0.001000 	 training acc 0.65625 and training loss tensor(1.7695, device='cuda:0', grad_fn=<AddBackward0>), loss_auto: tensor(0.3112, device='cuda:0', grad_fn=<AddBackward0>), loss_pre: tensor(1.7384, device='cuda:0', grad_fn=<NllLossBackward0>)[0m[0m
experiment  : INFO     [32m[32mstep: 8480 	 meta_lr 0.001000 	 training acc 0.765625 and training loss tensor(1.1800, device='cuda:0', grad_fn=<AddBackward0>), loss_auto: tensor(0.3075, device='cuda:0', grad_fn=<AddBackward0>), loss_pre: tensor(1.1492, device='cuda:0', grad_fn=<NllLossBackward0>)[0m[0m
experiment  : INFO     [32m[32mTrain Accuracy = 0.683713692946054[0m[0m
experiment  : INFO     [32m[32mTest Accuracy = 0.6886929460580905[0m[0m
experiment  : INFO     [32m[32mstep: 8520 	 meta_lr 0.001000 	 training acc 0.796875 and training loss tensor(1.3956, device='cuda:0', grad_fn=<AddBackward0>), loss_auto: tensor(0.3115, device='cuda:0', grad_fn=<AddBackward0>), loss_pre: tensor(1.3644, device='cuda:0', grad_fn=<NllLossBackward0>)[0m[0m
experiment  : INFO     [32m[32mstep: 8560 	 meta_lr 0.001000 	 training acc 0.65625 and training loss tensor(1.5003, device='cuda:0', grad_fn=<AddBackward0>), loss_auto: tensor(0.3060, device='cuda:0', grad_fn=<AddBackward0>), loss_pre: tensor(1.4697, device='cuda:0', grad_fn=<NllLossBackward0>)[0m[0m
experiment  : INFO     [32m[32mstep: 8600 	 meta_lr 0.001000 	 training acc 0.734375 and training loss tensor(1.5276, device='cuda:0', grad_fn=<AddBackward0>), loss_auto: tensor(0.3116, device='cuda:0', grad_fn=<AddBackward0>), loss_pre: tensor(1.4965, device='cuda:0', grad_fn=<NllLossBackward0>)[0m[0m
experiment  : INFO     [32m[32mstep: 8640 	 meta_lr 0.001000 	 training acc 0.75 and training loss tensor(1.2479, device='cuda:0', grad_fn=<AddBackward0>), loss_auto: tensor(0.3101, device='cuda:0', grad_fn=<AddBackward0>), loss_pre: tensor(1.2169, device='cuda:0', grad_fn=<NllLossBackward0>)[0m[0m
experiment  : INFO     [32m[32mstep: 8680 	 meta_lr 0.001000 	 training acc 0.6875 and training loss tensor(1.2661, device='cuda:0', grad_fn=<AddBackward0>), loss_auto: tensor(0.3080, device='cuda:0', grad_fn=<AddBackward0>), loss_pre: tensor(1.2353, device='cuda:0', grad_fn=<NllLossBackward0>)[0m[0m
experiment  : INFO     [32m[32mstep: 8720 	 meta_lr 0.001000 	 training acc 0.671875 and training loss tensor(1.5815, device='cuda:0', grad_fn=<AddBackward0>), loss_auto: tensor(0.3064, device='cuda:0', grad_fn=<AddBackward0>), loss_pre: tensor(1.5509, device='cuda:0', grad_fn=<NllLossBackward0>)[0m[0m
experiment  : INFO     [32m[32mstep: 8760 	 meta_lr 0.001000 	 training acc 0.671875 and training loss tensor(1.2763, device='cuda:0', grad_fn=<AddBackward0>), loss_auto: tensor(0.3073, device='cuda:0', grad_fn=<AddBackward0>), loss_pre: tensor(1.2456, device='cuda:0', grad_fn=<NllLossBackward0>)[0m[0m
experiment  : INFO     [32m[32mstep: 8800 	 meta_lr 0.001000 	 training acc 0.75 and training loss tensor(1.2060, device='cuda:0', grad_fn=<AddBackward0>), loss_auto: tensor(0.3075, device='cuda:0', grad_fn=<AddBackward0>), loss_pre: tensor(1.1752, device='cuda:0', grad_fn=<NllLossBackward0>)[0m[0m
experiment  : INFO     [32m[32mstep: 8840 	 meta_lr 0.001000 	 training acc 0.65625 and training loss tensor(1.4607, device='cuda:0', grad_fn=<AddBackward0>), loss_auto: tensor(0.3006, device='cuda:0', grad_fn=<AddBackward0>), loss_pre: tensor(1.4306, device='cuda:0', grad_fn=<NllLossBackward0>)[0m[0m
experiment  : INFO     [32m[32mstep: 8880 	 meta_lr 0.001000 	 training acc 0.78125 and training loss tensor(1.1882, device='cuda:0', grad_fn=<AddBackward0>), loss_auto: tensor(0.3099, device='cuda:0', grad_fn=<AddBackward0>), loss_pre: tensor(1.1572, device='cuda:0', grad_fn=<NllLossBackward0>)[0m[0m
experiment  : INFO     [32m[32mstep: 8920 	 meta_lr 0.001000 	 training acc 0.5625 and training loss tensor(2.2749, device='cuda:0', grad_fn=<AddBackward0>), loss_auto: tensor(0.3052, device='cuda:0', grad_fn=<AddBackward0>), loss_pre: tensor(2.2444, device='cuda:0', grad_fn=<NllLossBackward0>)[0m[0m
experiment  : INFO     [32m[32mstep: 8960 	 meta_lr 0.001000 	 training acc 0.78125 and training loss tensor(1.1933, device='cuda:0', grad_fn=<AddBackward0>), loss_auto: tensor(0.3056, device='cuda:0', grad_fn=<AddBackward0>), loss_pre: tensor(1.1628, device='cuda:0', grad_fn=<NllLossBackward0>)[0m[0m
experiment  : INFO     [32m[32mstep: 9000 	 meta_lr 0.001000 	 training acc 0.734375 and training loss tensor(1.1912, device='cuda:0', grad_fn=<AddBackward0>), loss_auto: tensor(0.3108, device='cuda:0', grad_fn=<AddBackward0>), loss_pre: tensor(1.1601, device='cuda:0', grad_fn=<NllLossBackward0>)[0m[0m
experiment  : INFO     [32m[32mTrain Accuracy = 0.6967323651452273[0m[0m
experiment  : INFO     [32m[32mTest Accuracy = 0.6925311203319477[0m[0m
experiment  : INFO     [32m[32mstep: 9040 	 meta_lr 0.001000 	 training acc 0.65625 and training loss tensor(1.6457, device='cuda:0', grad_fn=<AddBackward0>), loss_auto: tensor(0.3061, device='cuda:0', grad_fn=<AddBackward0>), loss_pre: tensor(1.6151, device='cuda:0', grad_fn=<NllLossBackward0>)[0m[0m
experiment  : INFO     [32m[32mstep: 9080 	 meta_lr 0.001000 	 training acc 0.765625 and training loss tensor(0.9225, device='cuda:0', grad_fn=<AddBackward0>), loss_auto: tensor(0.3039, device='cuda:0', grad_fn=<AddBackward0>), loss_pre: tensor(0.8921, device='cuda:0', grad_fn=<NllLossBackward0>)[0m[0m
experiment  : INFO     [32m[32mstep: 9120 	 meta_lr 0.001000 	 training acc 0.71875 and training loss tensor(1.3576, device='cuda:0', grad_fn=<AddBackward0>), loss_auto: tensor(0.3077, device='cuda:0', grad_fn=<AddBackward0>), loss_pre: tensor(1.3268, device='cuda:0', grad_fn=<NllLossBackward0>)[0m[0m
experiment  : INFO     [32m[32mstep: 9160 	 meta_lr 0.001000 	 training acc 0.734375 and training loss tensor(1.2375, device='cuda:0', grad_fn=<AddBackward0>), loss_auto: tensor(0.3141, device='cuda:0', grad_fn=<AddBackward0>), loss_pre: tensor(1.2061, device='cuda:0', grad_fn=<NllLossBackward0>)[0m[0m
experiment  : INFO     [32m[32mstep: 9200 	 meta_lr 0.001000 	 training acc 0.75 and training loss tensor(1.0388, device='cuda:0', grad_fn=<AddBackward0>), loss_auto: tensor(0.3068, device='cuda:0', grad_fn=<AddBackward0>), loss_pre: tensor(1.0081, device='cuda:0', grad_fn=<NllLossBackward0>)[0m[0m
experiment  : INFO     [32m[32mstep: 9240 	 meta_lr 0.001000 	 training acc 0.71875 and training loss tensor(1.3392, device='cuda:0', grad_fn=<AddBackward0>), loss_auto: tensor(0.3117, device='cuda:0', grad_fn=<AddBackward0>), loss_pre: tensor(1.3080, device='cuda:0', grad_fn=<NllLossBackward0>)[0m[0m
experiment  : INFO     [32m[32mstep: 9280 	 meta_lr 0.001000 	 training acc 0.6875 and training loss tensor(1.3465, device='cuda:0', grad_fn=<AddBackward0>), loss_auto: tensor(0.3082, device='cuda:0', grad_fn=<AddBackward0>), loss_pre: tensor(1.3157, device='cuda:0', grad_fn=<NllLossBackward0>)[0m[0m
experiment  : INFO     [32m[32mstep: 9320 	 meta_lr 0.001000 	 training acc 0.625 and training loss tensor(1.5848, device='cuda:0', grad_fn=<AddBackward0>), loss_auto: tensor(0.3016, device='cuda:0', grad_fn=<AddBackward0>), loss_pre: tensor(1.5547, device='cuda:0', grad_fn=<NllLossBackward0>)[0m[0m
experiment  : INFO     [32m[32mstep: 9360 	 meta_lr 0.001000 	 training acc 0.75 and training loss tensor(0.8324, device='cuda:0', grad_fn=<AddBackward0>), loss_auto: tensor(0.3053, device='cuda:0', grad_fn=<AddBackward0>), loss_pre: tensor(0.8019, device='cuda:0', grad_fn=<NllLossBackward0>)[0m[0m
experiment  : INFO     [32m[32mstep: 9400 	 meta_lr 0.001000 	 training acc 0.734375 and training loss tensor(1.2989, device='cuda:0', grad_fn=<AddBackward0>), loss_auto: tensor(0.3062, device='cuda:0', grad_fn=<AddBackward0>), loss_pre: tensor(1.2683, device='cuda:0', grad_fn=<NllLossBackward0>)[0m[0m
experiment  : INFO     [32m[32mstep: 9440 	 meta_lr 0.001000 	 training acc 0.828125 and training loss tensor(1.0517, device='cuda:0', grad_fn=<AddBackward0>), loss_auto: tensor(0.3140, device='cuda:0', grad_fn=<AddBackward0>), loss_pre: tensor(1.0203, device='cuda:0', grad_fn=<NllLossBackward0>)[0m[0m
experiment  : INFO     [32m[32mstep: 9480 	 meta_lr 0.001000 	 training acc 0.765625 and training loss tensor(1.3561, device='cuda:0', grad_fn=<AddBackward0>), loss_auto: tensor(0.3085, device='cuda:0', grad_fn=<AddBackward0>), loss_pre: tensor(1.3253, device='cuda:0', grad_fn=<NllLossBackward0>)[0m[0m
experiment  : INFO     [32m[32mTrain Accuracy = 0.6962655601659737[0m[0m
experiment  : INFO     [32m[32mTest Accuracy = 0.6997925311203295[0m[0m
experiment  : INFO     [32m[32mstep: 9520 	 meta_lr 0.001000 	 training acc 0.671875 and training loss tensor(1.3685, device='cuda:0', grad_fn=<AddBackward0>), loss_auto: tensor(0.3036, device='cuda:0', grad_fn=<AddBackward0>), loss_pre: tensor(1.3382, device='cuda:0', grad_fn=<NllLossBackward0>)[0m[0m
experiment  : INFO     [32m[32mstep: 9560 	 meta_lr 0.001000 	 training acc 0.765625 and training loss tensor(1.0351, device='cuda:0', grad_fn=<AddBackward0>), loss_auto: tensor(0.3047, device='cuda:0', grad_fn=<AddBackward0>), loss_pre: tensor(1.0047, device='cuda:0', grad_fn=<NllLossBackward0>)[0m[0m
experiment  : INFO     [32m[32mstep: 9600 	 meta_lr 0.001000 	 training acc 0.734375 and training loss tensor(1.2986, device='cuda:0', grad_fn=<AddBackward0>), loss_auto: tensor(0.3082, device='cuda:0', grad_fn=<AddBackward0>), loss_pre: tensor(1.2678, device='cuda:0', grad_fn=<NllLossBackward0>)[0m[0m
experiment  : INFO     [32m[32mstep: 9640 	 meta_lr 0.001000 	 training acc 0.609375 and training loss tensor(2.2799, device='cuda:0', grad_fn=<AddBackward0>), loss_auto: tensor(0.3079, device='cuda:0', grad_fn=<AddBackward0>), loss_pre: tensor(2.2491, device='cuda:0', grad_fn=<NllLossBackward0>)[0m[0m
experiment  : INFO     [32m[32mstep: 9680 	 meta_lr 0.001000 	 training acc 0.671875 and training loss tensor(1.4047, device='cuda:0', grad_fn=<AddBackward0>), loss_auto: tensor(0.3056, device='cuda:0', grad_fn=<AddBackward0>), loss_pre: tensor(1.3742, device='cuda:0', grad_fn=<NllLossBackward0>)[0m[0m
experiment  : INFO     [32m[32mstep: 9720 	 meta_lr 0.001000 	 training acc 0.640625 and training loss tensor(1.6784, device='cuda:0', grad_fn=<AddBackward0>), loss_auto: tensor(0.3078, device='cuda:0', grad_fn=<AddBackward0>), loss_pre: tensor(1.6476, device='cuda:0', grad_fn=<NllLossBackward0>)[0m[0m
experiment  : INFO     [32m[32mstep: 9760 	 meta_lr 0.001000 	 training acc 0.734375 and training loss tensor(0.9663, device='cuda:0', grad_fn=<AddBackward0>), loss_auto: tensor(0.3068, device='cuda:0', grad_fn=<AddBackward0>), loss_pre: tensor(0.9356, device='cuda:0', grad_fn=<NllLossBackward0>)[0m[0m
experiment  : INFO     [32m[32mstep: 9800 	 meta_lr 0.001000 	 training acc 0.71875 and training loss tensor(0.9564, device='cuda:0', grad_fn=<AddBackward0>), loss_auto: tensor(0.3012, device='cuda:0', grad_fn=<AddBackward0>), loss_pre: tensor(0.9263, device='cuda:0', grad_fn=<NllLossBackward0>)[0m[0m
experiment  : INFO     [32m[32mstep: 9840 	 meta_lr 0.001000 	 training acc 0.75 and training loss tensor(1.2590, device='cuda:0', grad_fn=<AddBackward0>), loss_auto: tensor(0.3047, device='cuda:0', grad_fn=<AddBackward0>), loss_pre: tensor(1.2286, device='cuda:0', grad_fn=<NllLossBackward0>)[0m[0m
experiment  : INFO     [32m[32mstep: 9880 	 meta_lr 0.001000 	 training acc 0.59375 and training loss tensor(2.3657, device='cuda:0', grad_fn=<AddBackward0>), loss_auto: tensor(0.2999, device='cuda:0', grad_fn=<AddBackward0>), loss_pre: tensor(2.3357, device='cuda:0', grad_fn=<NllLossBackward0>)[0m[0m
experiment  : INFO     [32m[32mstep: 9920 	 meta_lr 0.001000 	 training acc 0.71875 and training loss tensor(1.1226, device='cuda:0', grad_fn=<AddBackward0>), loss_auto: tensor(0.3122, device='cuda:0', grad_fn=<AddBackward0>), loss_pre: tensor(1.0914, device='cuda:0', grad_fn=<NllLossBackward0>)[0m[0m
experiment  : INFO     [32m[32mstep: 9960 	 meta_lr 0.001000 	 training acc 0.765625 and training loss tensor(1.2750, device='cuda:0', grad_fn=<AddBackward0>), loss_auto: tensor(0.3122, device='cuda:0', grad_fn=<AddBackward0>), loss_pre: tensor(1.2438, device='cuda:0', grad_fn=<NllLossBackward0>)[0m[0m
experiment  : INFO     [32m[32mstep: 10000 	 meta_lr 0.001000 	 training acc 0.546875 and training loss tensor(3.0910, device='cuda:0', grad_fn=<AddBackward0>), loss_auto: tensor(0.3065, device='cuda:0', grad_fn=<AddBackward0>), loss_pre: tensor(3.0603, device='cuda:0', grad_fn=<NllLossBackward0>)[0m[0m
experiment  : INFO     [32m[32mTrain Accuracy = 0.7147821576763481[0m[0m
experiment  : INFO     [32m[32mTest Accuracy = 0.7155082987551864[0m[0m
experiment  : INFO     [32m[32mstep: 10040 	 meta_lr 0.001000 	 training acc 0.765625 and training loss tensor(0.8941, device='cuda:0', grad_fn=<AddBackward0>), loss_auto: tensor(0.3069, device='cuda:0', grad_fn=<AddBackward0>), loss_pre: tensor(0.8634, device='cuda:0', grad_fn=<NllLossBackward0>)[0m[0m
experiment  : INFO     [32m[32mstep: 10080 	 meta_lr 0.001000 	 training acc 0.71875 and training loss tensor(1.1720, device='cuda:0', grad_fn=<AddBackward0>), loss_auto: tensor(0.3018, device='cuda:0', grad_fn=<AddBackward0>), loss_pre: tensor(1.1419, device='cuda:0', grad_fn=<NllLossBackward0>)[0m[0m
experiment  : INFO     [32m[32mstep: 10120 	 meta_lr 0.001000 	 training acc 0.734375 and training loss tensor(1.1523, device='cuda:0', grad_fn=<AddBackward0>), loss_auto: tensor(0.3051, device='cuda:0', grad_fn=<AddBackward0>), loss_pre: tensor(1.1218, device='cuda:0', grad_fn=<NllLossBackward0>)[0m[0m
experiment  : INFO     [32m[32mstep: 10160 	 meta_lr 0.001000 	 training acc 0.78125 and training loss tensor(0.9277, device='cuda:0', grad_fn=<AddBackward0>), loss_auto: tensor(0.3071, device='cuda:0', grad_fn=<AddBackward0>), loss_pre: tensor(0.8970, device='cuda:0', grad_fn=<NllLossBackward0>)[0m[0m
experiment  : INFO     [32m[32mstep: 10200 	 meta_lr 0.001000 	 training acc 0.8125 and training loss tensor(0.9358, device='cuda:0', grad_fn=<AddBackward0>), loss_auto: tensor(0.3068, device='cuda:0', grad_fn=<AddBackward0>), loss_pre: tensor(0.9052, device='cuda:0', grad_fn=<NllLossBackward0>)[0m[0m
experiment  : INFO     [32m[32mstep: 10240 	 meta_lr 0.001000 	 training acc 0.796875 and training loss tensor(1.1983, device='cuda:0', grad_fn=<AddBackward0>), loss_auto: tensor(0.3047, device='cuda:0', grad_fn=<AddBackward0>), loss_pre: tensor(1.1679, device='cuda:0', grad_fn=<NllLossBackward0>)[0m[0m
experiment  : INFO     [32m[32mstep: 10280 	 meta_lr 0.001000 	 training acc 0.765625 and training loss tensor(0.9514, device='cuda:0', grad_fn=<AddBackward0>), loss_auto: tensor(0.3034, device='cuda:0', grad_fn=<AddBackward0>), loss_pre: tensor(0.9210, device='cuda:0', grad_fn=<NllLossBackward0>)[0m[0m
experiment  : INFO     [32m[32mstep: 10320 	 meta_lr 0.001000 	 training acc 0.828125 and training loss tensor(0.9036, device='cuda:0', grad_fn=<AddBackward0>), loss_auto: tensor(0.3051, device='cuda:0', grad_fn=<AddBackward0>), loss_pre: tensor(0.8731, device='cuda:0', grad_fn=<NllLossBackward0>)[0m[0m
experiment  : INFO     [32m[32mstep: 10360 	 meta_lr 0.001000 	 training acc 0.703125 and training loss tensor(1.5629, device='cuda:0', grad_fn=<AddBackward0>), loss_auto: tensor(0.3083, device='cuda:0', grad_fn=<AddBackward0>), loss_pre: tensor(1.5321, device='cuda:0', grad_fn=<NllLossBackward0>)[0m[0m
experiment  : INFO     [32m[32mstep: 10400 	 meta_lr 0.001000 	 training acc 0.75 and training loss tensor(1.0524, device='cuda:0', grad_fn=<AddBackward0>), loss_auto: tensor(0.2995, device='cuda:0', grad_fn=<AddBackward0>), loss_pre: tensor(1.0224, device='cuda:0', grad_fn=<NllLossBackward0>)[0m[0m
experiment  : INFO     [32m[32mstep: 10440 	 meta_lr 0.001000 	 training acc 0.75 and training loss tensor(1.0753, device='cuda:0', grad_fn=<AddBackward0>), loss_auto: tensor(0.3026, device='cuda:0', grad_fn=<AddBackward0>), loss_pre: tensor(1.0450, device='cuda:0', grad_fn=<NllLossBackward0>)[0m[0m
experiment  : INFO     [32m[32mstep: 10480 	 meta_lr 0.001000 	 training acc 0.828125 and training loss tensor(0.7857, device='cuda:0', grad_fn=<AddBackward0>), loss_auto: tensor(0.3087, device='cuda:0', grad_fn=<AddBackward0>), loss_pre: tensor(0.7549, device='cuda:0', grad_fn=<NllLossBackward0>)[0m[0m
experiment  : INFO     [32m[32mTrain Accuracy = 0.7384336099585077[0m[0m
experiment  : INFO     [32m[32mTest Accuracy = 0.7411307053941925[0m[0m
experiment  : INFO     [32m[32mstep: 10520 	 meta_lr 0.001000 	 training acc 0.75 and training loss tensor(0.9902, device='cuda:0', grad_fn=<AddBackward0>), loss_auto: tensor(0.3200, device='cuda:0', grad_fn=<AddBackward0>), loss_pre: tensor(0.9582, device='cuda:0', grad_fn=<NllLossBackward0>)[0m[0m
experiment  : INFO     [32m[32mstep: 10560 	 meta_lr 0.001000 	 training acc 0.71875 and training loss tensor(1.3556, device='cuda:0', grad_fn=<AddBackward0>), loss_auto: tensor(0.3019, device='cuda:0', grad_fn=<AddBackward0>), loss_pre: tensor(1.3254, device='cuda:0', grad_fn=<NllLossBackward0>)[0m[0m
experiment  : INFO     [32m[32mstep: 10600 	 meta_lr 0.001000 	 training acc 0.6875 and training loss tensor(1.4281, device='cuda:0', grad_fn=<AddBackward0>), loss_auto: tensor(0.3040, device='cuda:0', grad_fn=<AddBackward0>), loss_pre: tensor(1.3977, device='cuda:0', grad_fn=<NllLossBackward0>)[0m[0m
experiment  : INFO     [32m[32mstep: 10640 	 meta_lr 0.001000 	 training acc 0.765625 and training loss tensor(1.1373, device='cuda:0', grad_fn=<AddBackward0>), loss_auto: tensor(0.3039, device='cuda:0', grad_fn=<AddBackward0>), loss_pre: tensor(1.1069, device='cuda:0', grad_fn=<NllLossBackward0>)[0m[0m
experiment  : INFO     [32m[32mstep: 10680 	 meta_lr 0.001000 	 training acc 0.8125 and training loss tensor(0.8593, device='cuda:0', grad_fn=<AddBackward0>), loss_auto: tensor(0.2989, device='cuda:0', grad_fn=<AddBackward0>), loss_pre: tensor(0.8294, device='cuda:0', grad_fn=<NllLossBackward0>)[0m[0m
experiment  : INFO     [32m[32mstep: 10720 	 meta_lr 0.001000 	 training acc 0.75 and training loss tensor(0.6527, device='cuda:0', grad_fn=<AddBackward0>), loss_auto: tensor(0.3020, device='cuda:0', grad_fn=<AddBackward0>), loss_pre: tensor(0.6225, device='cuda:0', grad_fn=<NllLossBackward0>)[0m[0m
experiment  : INFO     [32m[32mstep: 10760 	 meta_lr 0.001000 	 training acc 0.796875 and training loss tensor(1.0975, device='cuda:0', grad_fn=<AddBackward0>), loss_auto: tensor(0.3023, device='cuda:0', grad_fn=<AddBackward0>), loss_pre: tensor(1.0673, device='cuda:0', grad_fn=<NllLossBackward0>)[0m[0m
experiment  : INFO     [32m[32mstep: 10800 	 meta_lr 0.001000 	 training acc 0.8125 and training loss tensor(0.8086, device='cuda:0', grad_fn=<AddBackward0>), loss_auto: tensor(0.2978, device='cuda:0', grad_fn=<AddBackward0>), loss_pre: tensor(0.7788, device='cuda:0', grad_fn=<NllLossBackward0>)[0m[0m
experiment  : INFO     [32m[32mstep: 10840 	 meta_lr 0.001000 	 training acc 0.78125 and training loss tensor(0.8629, device='cuda:0', grad_fn=<AddBackward0>), loss_auto: tensor(0.3033, device='cuda:0', grad_fn=<AddBackward0>), loss_pre: tensor(0.8326, device='cuda:0', grad_fn=<NllLossBackward0>)[0m[0m
experiment  : INFO     [32m[32mstep: 10880 	 meta_lr 0.001000 	 training acc 0.765625 and training loss tensor(0.9342, device='cuda:0', grad_fn=<AddBackward0>), loss_auto: tensor(0.3004, device='cuda:0', grad_fn=<AddBackward0>), loss_pre: tensor(0.9042, device='cuda:0', grad_fn=<NllLossBackward0>)[0m[0m
experiment  : INFO     [32m[32mstep: 10920 	 meta_lr 0.001000 	 training acc 0.71875 and training loss tensor(1.2077, device='cuda:0', grad_fn=<AddBackward0>), loss_auto: tensor(0.2960, device='cuda:0', grad_fn=<AddBackward0>), loss_pre: tensor(1.1781, device='cuda:0', grad_fn=<NllLossBackward0>)[0m[0m
experiment  : INFO     [32m[32mstep: 10960 	 meta_lr 0.001000 	 training acc 0.84375 and training loss tensor(0.8949, device='cuda:0', grad_fn=<AddBackward0>), loss_auto: tensor(0.2984, device='cuda:0', grad_fn=<AddBackward0>), loss_pre: tensor(0.8650, device='cuda:0', grad_fn=<NllLossBackward0>)[0m[0m
experiment  : INFO     [32m[32mstep: 11000 	 meta_lr 0.001000 	 training acc 0.71875 and training loss tensor(1.3436, device='cuda:0', grad_fn=<AddBackward0>), loss_auto: tensor(0.2977, device='cuda:0', grad_fn=<AddBackward0>), loss_pre: tensor(1.3138, device='cuda:0', grad_fn=<NllLossBackward0>)[0m[0m
experiment  : INFO     [32m[32mTrain Accuracy = 0.7267634854771764[0m[0m
experiment  : INFO     [32m[32mTest Accuracy = 0.7279045643153541[0m[0m
experiment  : INFO     [32m[32mstep: 11040 	 meta_lr 0.001000 	 training acc 0.703125 and training loss tensor(1.1896, device='cuda:0', grad_fn=<AddBackward0>), loss_auto: tensor(0.2952, device='cuda:0', grad_fn=<AddBackward0>), loss_pre: tensor(1.1601, device='cuda:0', grad_fn=<NllLossBackward0>)[0m[0m
experiment  : INFO     [32m[32mstep: 11080 	 meta_lr 0.001000 	 training acc 0.796875 and training loss tensor(0.9826, device='cuda:0', grad_fn=<AddBackward0>), loss_auto: tensor(0.3001, device='cuda:0', grad_fn=<AddBackward0>), loss_pre: tensor(0.9526, device='cuda:0', grad_fn=<NllLossBackward0>)[0m[0m
experiment  : INFO     [32m[32mstep: 11120 	 meta_lr 0.001000 	 training acc 0.71875 and training loss tensor(1.2862, device='cuda:0', grad_fn=<AddBackward0>), loss_auto: tensor(0.3023, device='cuda:0', grad_fn=<AddBackward0>), loss_pre: tensor(1.2560, device='cuda:0', grad_fn=<NllLossBackward0>)[0m[0m
experiment  : INFO     [32m[32mstep: 11160 	 meta_lr 0.001000 	 training acc 0.703125 and training loss tensor(1.3621, device='cuda:0', grad_fn=<AddBackward0>), loss_auto: tensor(0.2963, device='cuda:0', grad_fn=<AddBackward0>), loss_pre: tensor(1.3325, device='cuda:0', grad_fn=<NllLossBackward0>)[0m[0m
experiment  : INFO     [32m[32mstep: 11200 	 meta_lr 0.001000 	 training acc 0.734375 and training loss tensor(1.4463, device='cuda:0', grad_fn=<AddBackward0>), loss_auto: tensor(0.2960, device='cuda:0', grad_fn=<AddBackward0>), loss_pre: tensor(1.4167, device='cuda:0', grad_fn=<NllLossBackward0>)[0m[0m
experiment  : INFO     [32m[32mstep: 11240 	 meta_lr 0.001000 	 training acc 0.71875 and training loss tensor(0.9662, device='cuda:0', grad_fn=<AddBackward0>), loss_auto: tensor(0.3033, device='cuda:0', grad_fn=<AddBackward0>), loss_pre: tensor(0.9358, device='cuda:0', grad_fn=<NllLossBackward0>)[0m[0m
experiment  : INFO     [32m[32mstep: 11280 	 meta_lr 0.001000 	 training acc 0.78125 and training loss tensor(1.0287, device='cuda:0', grad_fn=<AddBackward0>), loss_auto: tensor(0.2972, device='cuda:0', grad_fn=<AddBackward0>), loss_pre: tensor(0.9989, device='cuda:0', grad_fn=<NllLossBackward0>)[0m[0m
experiment  : INFO     [32m[32mstep: 11320 	 meta_lr 0.001000 	 training acc 0.765625 and training loss tensor(1.0683, device='cuda:0', grad_fn=<AddBackward0>), loss_auto: tensor(0.2973, device='cuda:0', grad_fn=<AddBackward0>), loss_pre: tensor(1.0386, device='cuda:0', grad_fn=<NllLossBackward0>)[0m[0m
experiment  : INFO     [32m[32mstep: 11360 	 meta_lr 0.001000 	 training acc 0.78125 and training loss tensor(0.8663, device='cuda:0', grad_fn=<AddBackward0>), loss_auto: tensor(0.2964, device='cuda:0', grad_fn=<AddBackward0>), loss_pre: tensor(0.8367, device='cuda:0', grad_fn=<NllLossBackward0>)[0m[0m
experiment  : INFO     [32m[32mstep: 11400 	 meta_lr 0.001000 	 training acc 0.6875 and training loss tensor(1.4728, device='cuda:0', grad_fn=<AddBackward0>), loss_auto: tensor(0.2965, device='cuda:0', grad_fn=<AddBackward0>), loss_pre: tensor(1.4432, device='cuda:0', grad_fn=<NllLossBackward0>)[0m[0m
experiment  : INFO     [32m[32mstep: 11440 	 meta_lr 0.001000 	 training acc 0.796875 and training loss tensor(1.0985, device='cuda:0', grad_fn=<AddBackward0>), loss_auto: tensor(0.3001, device='cuda:0', grad_fn=<AddBackward0>), loss_pre: tensor(1.0685, device='cuda:0', grad_fn=<NllLossBackward0>)[0m[0m
experiment  : INFO     [32m[32mstep: 11480 	 meta_lr 0.001000 	 training acc 0.78125 and training loss tensor(0.9701, device='cuda:0', grad_fn=<AddBackward0>), loss_auto: tensor(0.2987, device='cuda:0', grad_fn=<AddBackward0>), loss_pre: tensor(0.9403, device='cuda:0', grad_fn=<NllLossBackward0>)[0m[0m
experiment  : INFO     [32m[32mTrain Accuracy = 0.7339211618257268[0m[0m
experiment  : INFO     [32m[32mTest Accuracy = 0.7370331950207487[0m[0m
experiment  : INFO     [32m[32mstep: 11520 	 meta_lr 0.001000 	 training acc 0.796875 and training loss tensor(0.7267, device='cuda:0', grad_fn=<AddBackward0>), loss_auto: tensor(0.3005, device='cuda:0', grad_fn=<AddBackward0>), loss_pre: tensor(0.6967, device='cuda:0', grad_fn=<NllLossBackward0>)[0m[0m
experiment  : INFO     [32m[32mstep: 11560 	 meta_lr 0.001000 	 training acc 0.765625 and training loss tensor(1.3573, device='cuda:0', grad_fn=<AddBackward0>), loss_auto: tensor(0.3027, device='cuda:0', grad_fn=<AddBackward0>), loss_pre: tensor(1.3270, device='cuda:0', grad_fn=<NllLossBackward0>)[0m[0m
experiment  : INFO     [32m[32mstep: 11600 	 meta_lr 0.001000 	 training acc 0.765625 and training loss tensor(1.0949, device='cuda:0', grad_fn=<AddBackward0>), loss_auto: tensor(0.2963, device='cuda:0', grad_fn=<AddBackward0>), loss_pre: tensor(1.0652, device='cuda:0', grad_fn=<NllLossBackward0>)[0m[0m
experiment  : INFO     [32m[32mstep: 11640 	 meta_lr 0.001000 	 training acc 0.75 and training loss tensor(0.9492, device='cuda:0', grad_fn=<AddBackward0>), loss_auto: tensor(0.2966, device='cuda:0', grad_fn=<AddBackward0>), loss_pre: tensor(0.9195, device='cuda:0', grad_fn=<NllLossBackward0>)[0m[0m
experiment  : INFO     [32m[32mstep: 11680 	 meta_lr 0.001000 	 training acc 0.6875 and training loss tensor(1.8582, device='cuda:0', grad_fn=<AddBackward0>), loss_auto: tensor(0.3032, device='cuda:0', grad_fn=<AddBackward0>), loss_pre: tensor(1.8279, device='cuda:0', grad_fn=<NllLossBackward0>)[0m[0m
experiment  : INFO     [32m[32mstep: 11720 	 meta_lr 0.001000 	 training acc 0.828125 and training loss tensor(1.0110, device='cuda:0', grad_fn=<AddBackward0>), loss_auto: tensor(0.2987, device='cuda:0', grad_fn=<AddBackward0>), loss_pre: tensor(0.9812, device='cuda:0', grad_fn=<NllLossBackward0>)[0m[0m
experiment  : INFO     [32m[32mstep: 11760 	 meta_lr 0.001000 	 training acc 0.75 and training loss tensor(0.9241, device='cuda:0', grad_fn=<AddBackward0>), loss_auto: tensor(0.3042, device='cuda:0', grad_fn=<AddBackward0>), loss_pre: tensor(0.8936, device='cuda:0', grad_fn=<NllLossBackward0>)[0m[0m
experiment  : INFO     [32m[32mstep: 11800 	 meta_lr 0.001000 	 training acc 0.734375 and training loss tensor(1.3012, device='cuda:0', grad_fn=<AddBackward0>), loss_auto: tensor(0.3009, device='cuda:0', grad_fn=<AddBackward0>), loss_pre: tensor(1.2711, device='cuda:0', grad_fn=<NllLossBackward0>)[0m[0m
experiment  : INFO     [32m[32mstep: 11840 	 meta_lr 0.001000 	 training acc 0.625 and training loss tensor(1.4604, device='cuda:0', grad_fn=<AddBackward0>), loss_auto: tensor(0.3043, device='cuda:0', grad_fn=<AddBackward0>), loss_pre: tensor(1.4300, device='cuda:0', grad_fn=<NllLossBackward0>)[0m[0m
experiment  : INFO     [32m[32mstep: 11880 	 meta_lr 0.001000 	 training acc 0.828125 and training loss tensor(0.8903, device='cuda:0', grad_fn=<AddBackward0>), loss_auto: tensor(0.3021, device='cuda:0', grad_fn=<AddBackward0>), loss_pre: tensor(0.8601, device='cuda:0', grad_fn=<NllLossBackward0>)[0m[0m
experiment  : INFO     [32m[32mstep: 11920 	 meta_lr 0.001000 	 training acc 0.75 and training loss tensor(1.0212, device='cuda:0', grad_fn=<AddBackward0>), loss_auto: tensor(0.3004, device='cuda:0', grad_fn=<AddBackward0>), loss_pre: tensor(0.9911, device='cuda:0', grad_fn=<NllLossBackward0>)[0m[0m
experiment  : INFO     [32m[32mstep: 11960 	 meta_lr 0.001000 	 training acc 0.8125 and training loss tensor(0.9188, device='cuda:0', grad_fn=<AddBackward0>), loss_auto: tensor(0.2975, device='cuda:0', grad_fn=<AddBackward0>), loss_pre: tensor(0.8890, device='cuda:0', grad_fn=<NllLossBackward0>)[0m[0m
experiment  : INFO     [32m[32mstep: 12000 	 meta_lr 0.001000 	 training acc 0.765625 and training loss tensor(1.1130, device='cuda:0', grad_fn=<AddBackward0>), loss_auto: tensor(0.2946, device='cuda:0', grad_fn=<AddBackward0>), loss_pre: tensor(1.0836, device='cuda:0', grad_fn=<NllLossBackward0>)[0m[0m
experiment  : INFO     [32m[32mTrain Accuracy = 0.7636410788381787[0m[0m
experiment  : INFO     [32m[32mTest Accuracy = 0.7617219917012491[0m[0m
experiment  : INFO     [32m[32mstep: 12040 	 meta_lr 0.001000 	 training acc 0.796875 and training loss tensor(1.0957, device='cuda:0', grad_fn=<AddBackward0>), loss_auto: tensor(0.2970, device='cuda:0', grad_fn=<AddBackward0>), loss_pre: tensor(1.0660, device='cuda:0', grad_fn=<NllLossBackward0>)[0m[0m
experiment  : INFO     [32m[32mstep: 12080 	 meta_lr 0.001000 	 training acc 0.765625 and training loss tensor(1.0005, device='cuda:0', grad_fn=<AddBackward0>), loss_auto: tensor(0.2982, device='cuda:0', grad_fn=<AddBackward0>), loss_pre: tensor(0.9707, device='cuda:0', grad_fn=<NllLossBackward0>)[0m[0m
experiment  : INFO     [32m[32mstep: 12120 	 meta_lr 0.001000 	 training acc 0.734375 and training loss tensor(0.9702, device='cuda:0', grad_fn=<AddBackward0>), loss_auto: tensor(0.2956, device='cuda:0', grad_fn=<AddBackward0>), loss_pre: tensor(0.9406, device='cuda:0', grad_fn=<NllLossBackward0>)[0m[0m
experiment  : INFO     [32m[32mstep: 12160 	 meta_lr 0.001000 	 training acc 0.796875 and training loss tensor(0.9681, device='cuda:0', grad_fn=<AddBackward0>), loss_auto: tensor(0.2958, device='cuda:0', grad_fn=<AddBackward0>), loss_pre: tensor(0.9385, device='cuda:0', grad_fn=<NllLossBackward0>)[0m[0m
experiment  : INFO     [32m[32mstep: 12200 	 meta_lr 0.001000 	 training acc 0.75 and training loss tensor(1.0295, device='cuda:0', grad_fn=<AddBackward0>), loss_auto: tensor(0.2946, device='cuda:0', grad_fn=<AddBackward0>), loss_pre: tensor(1.0000, device='cuda:0', grad_fn=<NllLossBackward0>)[0m[0m
experiment  : INFO     [32m[32mstep: 12240 	 meta_lr 0.001000 	 training acc 0.734375 and training loss tensor(1.4177, device='cuda:0', grad_fn=<AddBackward0>), loss_auto: tensor(0.2992, device='cuda:0', grad_fn=<AddBackward0>), loss_pre: tensor(1.3878, device='cuda:0', grad_fn=<NllLossBackward0>)[0m[0m
experiment  : INFO     [32m[32mstep: 12280 	 meta_lr 0.001000 	 training acc 0.78125 and training loss tensor(1.0283, device='cuda:0', grad_fn=<AddBackward0>), loss_auto: tensor(0.2948, device='cuda:0', grad_fn=<AddBackward0>), loss_pre: tensor(0.9988, device='cuda:0', grad_fn=<NllLossBackward0>)[0m[0m
experiment  : INFO     [32m[32mstep: 12320 	 meta_lr 0.001000 	 training acc 0.765625 and training loss tensor(1.0990, device='cuda:0', grad_fn=<AddBackward0>), loss_auto: tensor(0.3081, device='cuda:0', grad_fn=<AddBackward0>), loss_pre: tensor(1.0682, device='cuda:0', grad_fn=<NllLossBackward0>)[0m[0m
experiment  : INFO     [32m[32mstep: 12360 	 meta_lr 0.001000 	 training acc 0.671875 and training loss tensor(1.4445, device='cuda:0', grad_fn=<AddBackward0>), loss_auto: tensor(0.2980, device='cuda:0', grad_fn=<AddBackward0>), loss_pre: tensor(1.4147, device='cuda:0', grad_fn=<NllLossBackward0>)[0m[0m
experiment  : INFO     [32m[32mstep: 12400 	 meta_lr 0.001000 	 training acc 0.796875 and training loss tensor(0.6595, device='cuda:0', grad_fn=<AddBackward0>), loss_auto: tensor(0.3009, device='cuda:0', grad_fn=<AddBackward0>), loss_pre: tensor(0.6294, device='cuda:0', grad_fn=<NllLossBackward0>)[0m[0m
experiment  : INFO     [32m[32mstep: 12440 	 meta_lr 0.001000 	 training acc 0.75 and training loss tensor(1.2534, device='cuda:0', grad_fn=<AddBackward0>), loss_auto: tensor(0.2969, device='cuda:0', grad_fn=<AddBackward0>), loss_pre: tensor(1.2237, device='cuda:0', grad_fn=<NllLossBackward0>)[0m[0m
experiment  : INFO     [32m[32mstep: 12480 	 meta_lr 0.001000 	 training acc 0.796875 and training loss tensor(1.0415, device='cuda:0', grad_fn=<AddBackward0>), loss_auto: tensor(0.2999, device='cuda:0', grad_fn=<AddBackward0>), loss_pre: tensor(1.0115, device='cuda:0', grad_fn=<NllLossBackward0>)[0m[0m
experiment  : INFO     [32m[32mTrain Accuracy = 0.7665456431535325[0m[0m
experiment  : INFO     [32m[32mTest Accuracy = 0.7647821576763539[0m[0m
experiment  : INFO     [32m[32mstep: 12520 	 meta_lr 0.001000 	 training acc 0.828125 and training loss tensor(0.6539, device='cuda:0', grad_fn=<AddBackward0>), loss_auto: tensor(0.2945, device='cuda:0', grad_fn=<AddBackward0>), loss_pre: tensor(0.6245, device='cuda:0', grad_fn=<NllLossBackward0>)[0m[0m
experiment  : INFO     [32m[32mstep: 12560 	 meta_lr 0.001000 	 training acc 0.78125 and training loss tensor(0.9317, device='cuda:0', grad_fn=<AddBackward0>), loss_auto: tensor(0.2972, device='cuda:0', grad_fn=<AddBackward0>), loss_pre: tensor(0.9020, device='cuda:0', grad_fn=<NllLossBackward0>)[0m[0m
experiment  : INFO     [32m[32mstep: 12600 	 meta_lr 0.001000 	 training acc 0.671875 and training loss tensor(1.2895, device='cuda:0', grad_fn=<AddBackward0>), loss_auto: tensor(0.3004, device='cuda:0', grad_fn=<AddBackward0>), loss_pre: tensor(1.2595, device='cuda:0', grad_fn=<NllLossBackward0>)[0m[0m
experiment  : INFO     [32m[32mstep: 12640 	 meta_lr 0.001000 	 training acc 0.71875 and training loss tensor(1.3020, device='cuda:0', grad_fn=<AddBackward0>), loss_auto: tensor(0.2988, device='cuda:0', grad_fn=<AddBackward0>), loss_pre: tensor(1.2721, device='cuda:0', grad_fn=<NllLossBackward0>)[0m[0m
experiment  : INFO     [32m[32mstep: 12680 	 meta_lr 0.001000 	 training acc 0.765625 and training loss tensor(1.2024, device='cuda:0', grad_fn=<AddBackward0>), loss_auto: tensor(0.2969, device='cuda:0', grad_fn=<AddBackward0>), loss_pre: tensor(1.1727, device='cuda:0', grad_fn=<NllLossBackward0>)[0m[0m
experiment  : INFO     [32m[32mstep: 12720 	 meta_lr 0.001000 	 training acc 0.796875 and training loss tensor(0.9927, device='cuda:0', grad_fn=<AddBackward0>), loss_auto: tensor(0.2925, device='cuda:0', grad_fn=<AddBackward0>), loss_pre: tensor(0.9634, device='cuda:0', grad_fn=<NllLossBackward0>)[0m[0m
experiment  : INFO     [32m[32mstep: 12760 	 meta_lr 0.001000 	 training acc 0.765625 and training loss tensor(1.0670, device='cuda:0', grad_fn=<AddBackward0>), loss_auto: tensor(0.2942, device='cuda:0', grad_fn=<AddBackward0>), loss_pre: tensor(1.0376, device='cuda:0', grad_fn=<NllLossBackward0>)[0m[0m
experiment  : INFO     [32m[32mstep: 12800 	 meta_lr 0.001000 	 training acc 0.796875 and training loss tensor(1.1714, device='cuda:0', grad_fn=<AddBackward0>), loss_auto: tensor(0.2967, device='cuda:0', grad_fn=<AddBackward0>), loss_pre: tensor(1.1417, device='cuda:0', grad_fn=<NllLossBackward0>)[0m[0m
experiment  : INFO     [32m[32mstep: 12840 	 meta_lr 0.001000 	 training acc 0.796875 and training loss tensor(0.6739, device='cuda:0', grad_fn=<AddBackward0>), loss_auto: tensor(0.2931, device='cuda:0', grad_fn=<AddBackward0>), loss_pre: tensor(0.6446, device='cuda:0', grad_fn=<NllLossBackward0>)[0m[0m
experiment  : INFO     [32m[32mstep: 12880 	 meta_lr 0.001000 	 training acc 0.65625 and training loss tensor(1.4999, device='cuda:0', grad_fn=<AddBackward0>), loss_auto: tensor(0.2911, device='cuda:0', grad_fn=<AddBackward0>), loss_pre: tensor(1.4708, device='cuda:0', grad_fn=<NllLossBackward0>)[0m[0m
experiment  : INFO     [32m[32mstep: 12920 	 meta_lr 0.001000 	 training acc 0.765625 and training loss tensor(1.0224, device='cuda:0', grad_fn=<AddBackward0>), loss_auto: tensor(0.2908, device='cuda:0', grad_fn=<AddBackward0>), loss_pre: tensor(0.9934, device='cuda:0', grad_fn=<NllLossBackward0>)[0m[0m
experiment  : INFO     [32m[32mstep: 12960 	 meta_lr 0.001000 	 training acc 0.828125 and training loss tensor(0.9226, device='cuda:0', grad_fn=<AddBackward0>), loss_auto: tensor(0.2875, device='cuda:0', grad_fn=<AddBackward0>), loss_pre: tensor(0.8938, device='cuda:0', grad_fn=<NllLossBackward0>)[0m[0m
experiment  : INFO     [32m[32mstep: 13000 	 meta_lr 0.001000 	 training acc 0.703125 and training loss tensor(1.5026, device='cuda:0', grad_fn=<AddBackward0>), loss_auto: tensor(0.2944, device='cuda:0', grad_fn=<AddBackward0>), loss_pre: tensor(1.4731, device='cuda:0', grad_fn=<NllLossBackward0>)[0m[0m
experiment  : INFO     [32m[32mTrain Accuracy = 0.7894190871369388[0m[0m
experiment  : INFO     [32m[32mTest Accuracy = 0.7906639004149442[0m[0m
experiment  : INFO     [32m[32mstep: 13040 	 meta_lr 0.001000 	 training acc 0.796875 and training loss tensor(0.8360, device='cuda:0', grad_fn=<AddBackward0>), loss_auto: tensor(0.2871, device='cuda:0', grad_fn=<AddBackward0>), loss_pre: tensor(0.8073, device='cuda:0', grad_fn=<NllLossBackward0>)[0m[0m
experiment  : INFO     [32m[32mstep: 13080 	 meta_lr 0.001000 	 training acc 0.8125 and training loss tensor(0.9312, device='cuda:0', grad_fn=<AddBackward0>), loss_auto: tensor(0.2962, device='cuda:0', grad_fn=<AddBackward0>), loss_pre: tensor(0.9016, device='cuda:0', grad_fn=<NllLossBackward0>)[0m[0m
experiment  : INFO     [32m[32mstep: 13120 	 meta_lr 0.001000 	 training acc 0.8125 and training loss tensor(0.7871, device='cuda:0', grad_fn=<AddBackward0>), loss_auto: tensor(0.2866, device='cuda:0', grad_fn=<AddBackward0>), loss_pre: tensor(0.7585, device='cuda:0', grad_fn=<NllLossBackward0>)[0m[0m
experiment  : INFO     [32m[32mstep: 13160 	 meta_lr 0.001000 	 training acc 0.796875 and training loss tensor(0.7012, device='cuda:0', grad_fn=<AddBackward0>), loss_auto: tensor(0.2931, device='cuda:0', grad_fn=<AddBackward0>), loss_pre: tensor(0.6719, device='cuda:0', grad_fn=<NllLossBackward0>)[0m[0m
experiment  : INFO     [32m[32mstep: 13200 	 meta_lr 0.001000 	 training acc 0.78125 and training loss tensor(1.0965, device='cuda:0', grad_fn=<AddBackward0>), loss_auto: tensor(0.2946, device='cuda:0', grad_fn=<AddBackward0>), loss_pre: tensor(1.0670, device='cuda:0', grad_fn=<NllLossBackward0>)[0m[0m
experiment  : INFO     [32m[32mstep: 13240 	 meta_lr 0.001000 	 training acc 0.84375 and training loss tensor(0.8258, device='cuda:0', grad_fn=<AddBackward0>), loss_auto: tensor(0.2978, device='cuda:0', grad_fn=<AddBackward0>), loss_pre: tensor(0.7960, device='cuda:0', grad_fn=<NllLossBackward0>)[0m[0m
experiment  : INFO     [32m[32mstep: 13280 	 meta_lr 0.001000 	 training acc 0.8125 and training loss tensor(0.8771, device='cuda:0', grad_fn=<AddBackward0>), loss_auto: tensor(0.2880, device='cuda:0', grad_fn=<AddBackward0>), loss_pre: tensor(0.8483, device='cuda:0', grad_fn=<NllLossBackward0>)[0m[0m
experiment  : INFO     [32m[32mstep: 13320 	 meta_lr 0.001000 	 training acc 0.84375 and training loss tensor(0.7985, device='cuda:0', grad_fn=<AddBackward0>), loss_auto: tensor(0.2912, device='cuda:0', grad_fn=<AddBackward0>), loss_pre: tensor(0.7694, device='cuda:0', grad_fn=<NllLossBackward0>)[0m[0m
experiment  : INFO     [32m[32mstep: 13360 	 meta_lr 0.001000 	 training acc 0.765625 and training loss tensor(1.1739, device='cuda:0', grad_fn=<AddBackward0>), loss_auto: tensor(0.2927, device='cuda:0', grad_fn=<AddBackward0>), loss_pre: tensor(1.1446, device='cuda:0', grad_fn=<NllLossBackward0>)[0m[0m
experiment  : INFO     [32m[32mstep: 13400 	 meta_lr 0.001000 	 training acc 0.71875 and training loss tensor(1.5628, device='cuda:0', grad_fn=<AddBackward0>), loss_auto: tensor(0.2894, device='cuda:0', grad_fn=<AddBackward0>), loss_pre: tensor(1.5338, device='cuda:0', grad_fn=<NllLossBackward0>)[0m[0m
experiment  : INFO     [32m[32mstep: 13440 	 meta_lr 0.001000 	 training acc 0.78125 and training loss tensor(0.8639, device='cuda:0', grad_fn=<AddBackward0>), loss_auto: tensor(0.2842, device='cuda:0', grad_fn=<AddBackward0>), loss_pre: tensor(0.8355, device='cuda:0', grad_fn=<NllLossBackward0>)[0m[0m
experiment  : INFO     [32m[32mstep: 13480 	 meta_lr 0.001000 	 training acc 0.796875 and training loss tensor(0.8192, device='cuda:0', grad_fn=<AddBackward0>), loss_auto: tensor(0.2878, device='cuda:0', grad_fn=<AddBackward0>), loss_pre: tensor(0.7904, device='cuda:0', grad_fn=<NllLossBackward0>)[0m[0m
experiment  : INFO     [32m[32mTrain Accuracy = 0.7904045643153582[0m[0m
experiment  : INFO     [32m[32mTest Accuracy = 0.7941390041493863[0m[0m
experiment  : INFO     [32m[32mstep: 13520 	 meta_lr 0.001000 	 training acc 0.84375 and training loss tensor(0.7696, device='cuda:0', grad_fn=<AddBackward0>), loss_auto: tensor(0.2914, device='cuda:0', grad_fn=<AddBackward0>), loss_pre: tensor(0.7405, device='cuda:0', grad_fn=<NllLossBackward0>)[0m[0m
experiment  : INFO     [32m[32mstep: 13560 	 meta_lr 0.001000 	 training acc 0.828125 and training loss tensor(0.8204, device='cuda:0', grad_fn=<AddBackward0>), loss_auto: tensor(0.2945, device='cuda:0', grad_fn=<AddBackward0>), loss_pre: tensor(0.7909, device='cuda:0', grad_fn=<NllLossBackward0>)[0m[0m
experiment  : INFO     [32m[32mstep: 13600 	 meta_lr 0.001000 	 training acc 0.8125 and training loss tensor(1.0163, device='cuda:0', grad_fn=<AddBackward0>), loss_auto: tensor(0.2843, device='cuda:0', grad_fn=<AddBackward0>), loss_pre: tensor(0.9878, device='cuda:0', grad_fn=<NllLossBackward0>)[0m[0m
experiment  : INFO     [32m[32mstep: 13640 	 meta_lr 0.001000 	 training acc 0.84375 and training loss tensor(0.4920, device='cuda:0', grad_fn=<AddBackward0>), loss_auto: tensor(0.2882, device='cuda:0', grad_fn=<AddBackward0>), loss_pre: tensor(0.4632, device='cuda:0', grad_fn=<NllLossBackward0>)[0m[0m
experiment  : INFO     [32m[32mstep: 13680 	 meta_lr 0.001000 	 training acc 0.796875 and training loss tensor(0.7966, device='cuda:0', grad_fn=<AddBackward0>), loss_auto: tensor(0.2902, device='cuda:0', grad_fn=<AddBackward0>), loss_pre: tensor(0.7676, device='cuda:0', grad_fn=<NllLossBackward0>)[0m[0m
experiment  : INFO     [32m[32mstep: 13720 	 meta_lr 0.001000 	 training acc 0.875 and training loss tensor(0.7040, device='cuda:0', grad_fn=<AddBackward0>), loss_auto: tensor(0.2850, device='cuda:0', grad_fn=<AddBackward0>), loss_pre: tensor(0.6755, device='cuda:0', grad_fn=<NllLossBackward0>)[0m[0m
experiment  : INFO     [32m[32mstep: 13760 	 meta_lr 0.001000 	 training acc 0.71875 and training loss tensor(1.3503, device='cuda:0', grad_fn=<AddBackward0>), loss_auto: tensor(0.2893, device='cuda:0', grad_fn=<AddBackward0>), loss_pre: tensor(1.3214, device='cuda:0', grad_fn=<NllLossBackward0>)[0m[0m
experiment  : INFO     [32m[32mstep: 13800 	 meta_lr 0.001000 	 training acc 0.796875 and training loss tensor(0.8396, device='cuda:0', grad_fn=<AddBackward0>), loss_auto: tensor(0.2912, device='cuda:0', grad_fn=<AddBackward0>), loss_pre: tensor(0.8104, device='cuda:0', grad_fn=<NllLossBackward0>)[0m[0m
experiment  : INFO     [32m[32mstep: 13840 	 meta_lr 0.001000 	 training acc 0.8125 and training loss tensor(0.7564, device='cuda:0', grad_fn=<AddBackward0>), loss_auto: tensor(0.2868, device='cuda:0', grad_fn=<AddBackward0>), loss_pre: tensor(0.7277, device='cuda:0', grad_fn=<NllLossBackward0>)[0m[0m
experiment  : INFO     [32m[32mstep: 13880 	 meta_lr 0.001000 	 training acc 0.84375 and training loss tensor(0.8783, device='cuda:0', grad_fn=<AddBackward0>), loss_auto: tensor(0.2830, device='cuda:0', grad_fn=<AddBackward0>), loss_pre: tensor(0.8500, device='cuda:0', grad_fn=<NllLossBackward0>)[0m[0m
experiment  : INFO     [32m[32mstep: 13920 	 meta_lr 0.001000 	 training acc 0.75 and training loss tensor(1.0526, device='cuda:0', grad_fn=<AddBackward0>), loss_auto: tensor(0.2896, device='cuda:0', grad_fn=<AddBackward0>), loss_pre: tensor(1.0237, device='cuda:0', grad_fn=<NllLossBackward0>)[0m[0m
experiment  : INFO     [32m[32mstep: 13960 	 meta_lr 0.001000 	 training acc 0.75 and training loss tensor(0.9478, device='cuda:0', grad_fn=<AddBackward0>), loss_auto: tensor(0.2843, device='cuda:0', grad_fn=<AddBackward0>), loss_pre: tensor(0.9193, device='cuda:0', grad_fn=<NllLossBackward0>)[0m[0m
experiment  : INFO     [32m[32mstep: 14000 	 meta_lr 0.001000 	 training acc 0.8125 and training loss tensor(0.6067, device='cuda:0', grad_fn=<AddBackward0>), loss_auto: tensor(0.2888, device='cuda:0', grad_fn=<AddBackward0>), loss_pre: tensor(0.5778, device='cuda:0', grad_fn=<NllLossBackward0>)[0m[0m
experiment  : INFO     [32m[32mTrain Accuracy = 0.7961099585062323[0m[0m
experiment  : INFO     [32m[32mTest Accuracy = 0.794605809128637[0m[0m
experiment  : INFO     [32m[32mstep: 14040 	 meta_lr 0.001000 	 training acc 0.765625 and training loss tensor(0.9356, device='cuda:0', grad_fn=<AddBackward0>), loss_auto: tensor(0.2938, device='cuda:0', grad_fn=<AddBackward0>), loss_pre: tensor(0.9063, device='cuda:0', grad_fn=<NllLossBackward0>)[0m[0m
experiment  : INFO     [32m[32mstep: 14080 	 meta_lr 0.001000 	 training acc 0.828125 and training loss tensor(1.0809, device='cuda:0', grad_fn=<AddBackward0>), loss_auto: tensor(0.2890, device='cuda:0', grad_fn=<AddBackward0>), loss_pre: tensor(1.0520, device='cuda:0', grad_fn=<NllLossBackward0>)[0m[0m
experiment  : INFO     [32m[32mstep: 14120 	 meta_lr 0.001000 	 training acc 0.796875 and training loss tensor(0.8197, device='cuda:0', grad_fn=<AddBackward0>), loss_auto: tensor(0.2915, device='cuda:0', grad_fn=<AddBackward0>), loss_pre: tensor(0.7906, device='cuda:0', grad_fn=<NllLossBackward0>)[0m[0m
experiment  : INFO     [32m[32mstep: 14160 	 meta_lr 0.001000 	 training acc 0.78125 and training loss tensor(0.7803, device='cuda:0', grad_fn=<AddBackward0>), loss_auto: tensor(0.2862, device='cuda:0', grad_fn=<AddBackward0>), loss_pre: tensor(0.7517, device='cuda:0', grad_fn=<NllLossBackward0>)[0m[0m
experiment  : INFO     [32m[32mstep: 14200 	 meta_lr 0.001000 	 training acc 0.875 and training loss tensor(0.6994, device='cuda:0', grad_fn=<AddBackward0>), loss_auto: tensor(0.2893, device='cuda:0', grad_fn=<AddBackward0>), loss_pre: tensor(0.6705, device='cuda:0', grad_fn=<NllLossBackward0>)[0m[0m
experiment  : INFO     [32m[32mstep: 14240 	 meta_lr 0.001000 	 training acc 0.75 and training loss tensor(1.3405, device='cuda:0', grad_fn=<AddBackward0>), loss_auto: tensor(0.2878, device='cuda:0', grad_fn=<AddBackward0>), loss_pre: tensor(1.3117, device='cuda:0', grad_fn=<NllLossBackward0>)[0m[0m
experiment  : INFO     [32m[32mstep: 14280 	 meta_lr 0.001000 	 training acc 0.703125 and training loss tensor(1.2524, device='cuda:0', grad_fn=<AddBackward0>), loss_auto: tensor(0.2868, device='cuda:0', grad_fn=<AddBackward0>), loss_pre: tensor(1.2238, device='cuda:0', grad_fn=<NllLossBackward0>)[0m[0m
experiment  : INFO     [32m[32mstep: 14320 	 meta_lr 0.001000 	 training acc 0.765625 and training loss tensor(1.5526, device='cuda:0', grad_fn=<AddBackward0>), loss_auto: tensor(0.2902, device='cuda:0', grad_fn=<AddBackward0>), loss_pre: tensor(1.5236, device='cuda:0', grad_fn=<NllLossBackward0>)[0m[0m
experiment  : INFO     [32m[32mstep: 14360 	 meta_lr 0.001000 	 training acc 0.859375 and training loss tensor(0.7742, device='cuda:0', grad_fn=<AddBackward0>), loss_auto: tensor(0.2893, device='cuda:0', grad_fn=<AddBackward0>), loss_pre: tensor(0.7452, device='cuda:0', grad_fn=<NllLossBackward0>)[0m[0m
experiment  : INFO     [32m[32mstep: 14400 	 meta_lr 0.001000 	 training acc 0.9375 and training loss tensor(0.6217, device='cuda:0', grad_fn=<AddBackward0>), loss_auto: tensor(0.2851, device='cuda:0', grad_fn=<AddBackward0>), loss_pre: tensor(0.5932, device='cuda:0', grad_fn=<NllLossBackward0>)[0m[0m
experiment  : INFO     [32m[32mstep: 14440 	 meta_lr 0.001000 	 training acc 0.8125 and training loss tensor(0.9546, device='cuda:0', grad_fn=<AddBackward0>), loss_auto: tensor(0.2927, device='cuda:0', grad_fn=<AddBackward0>), loss_pre: tensor(0.9254, device='cuda:0', grad_fn=<NllLossBackward0>)[0m[0m
experiment  : INFO     [32m[32mstep: 14480 	 meta_lr 0.001000 	 training acc 0.65625 and training loss tensor(1.3584, device='cuda:0', grad_fn=<AddBackward0>), loss_auto: tensor(0.2847, device='cuda:0', grad_fn=<AddBackward0>), loss_pre: tensor(1.3299, device='cuda:0', grad_fn=<NllLossBackward0>)[0m[0m
experiment  : INFO     [32m[32mTrain Accuracy = 0.7990663900415007[0m[0m
experiment  : INFO     [32m[32mTest Accuracy = 0.80082987551868[0m[0m
experiment  : INFO     [32m[32mstep: 14520 	 meta_lr 0.001000 	 training acc 0.78125 and training loss tensor(1.0449, device='cuda:0', grad_fn=<AddBackward0>), loss_auto: tensor(0.2871, device='cuda:0', grad_fn=<AddBackward0>), loss_pre: tensor(1.0162, device='cuda:0', grad_fn=<NllLossBackward0>)[0m[0m
experiment  : INFO     [32m[32mstep: 14560 	 meta_lr 0.001000 	 training acc 0.875 and training loss tensor(0.7040, device='cuda:0', grad_fn=<AddBackward0>), loss_auto: tensor(0.2878, device='cuda:0', grad_fn=<AddBackward0>), loss_pre: tensor(0.6752, device='cuda:0', grad_fn=<NllLossBackward0>)[0m[0m
experiment  : INFO     [32m[32mstep: 14600 	 meta_lr 0.001000 	 training acc 0.84375 and training loss tensor(0.6990, device='cuda:0', grad_fn=<AddBackward0>), loss_auto: tensor(0.2938, device='cuda:0', grad_fn=<AddBackward0>), loss_pre: tensor(0.6696, device='cuda:0', grad_fn=<NllLossBackward0>)[0m[0m
experiment  : INFO     [32m[32mstep: 14640 	 meta_lr 0.001000 	 training acc 0.765625 and training loss tensor(0.9629, device='cuda:0', grad_fn=<AddBackward0>), loss_auto: tensor(0.2908, device='cuda:0', grad_fn=<AddBackward0>), loss_pre: tensor(0.9338, device='cuda:0', grad_fn=<NllLossBackward0>)[0m[0m
experiment  : INFO     [32m[32mstep: 14680 	 meta_lr 0.001000 	 training acc 0.828125 and training loss tensor(0.9808, device='cuda:0', grad_fn=<AddBackward0>), loss_auto: tensor(0.2871, device='cuda:0', grad_fn=<AddBackward0>), loss_pre: tensor(0.9521, device='cuda:0', grad_fn=<NllLossBackward0>)[0m[0m
experiment  : INFO     [32m[32mstep: 14720 	 meta_lr 0.001000 	 training acc 0.828125 and training loss tensor(0.7840, device='cuda:0', grad_fn=<AddBackward0>), loss_auto: tensor(0.2929, device='cuda:0', grad_fn=<AddBackward0>), loss_pre: tensor(0.7547, device='cuda:0', grad_fn=<NllLossBackward0>)[0m[0m
experiment  : INFO     [32m[32mstep: 14760 	 meta_lr 0.001000 	 training acc 0.84375 and training loss tensor(0.8568, device='cuda:0', grad_fn=<AddBackward0>), loss_auto: tensor(0.2860, device='cuda:0', grad_fn=<AddBackward0>), loss_pre: tensor(0.8282, device='cuda:0', grad_fn=<NllLossBackward0>)[0m[0m
experiment  : INFO     [32m[32mstep: 14800 	 meta_lr 0.001000 	 training acc 0.828125 and training loss tensor(0.8899, device='cuda:0', grad_fn=<AddBackward0>), loss_auto: tensor(0.2894, device='cuda:0', grad_fn=<AddBackward0>), loss_pre: tensor(0.8609, device='cuda:0', grad_fn=<NllLossBackward0>)[0m[0m
experiment  : INFO     [32m[32mstep: 14840 	 meta_lr 0.001000 	 training acc 0.78125 and training loss tensor(0.9968, device='cuda:0', grad_fn=<AddBackward0>), loss_auto: tensor(0.2834, device='cuda:0', grad_fn=<AddBackward0>), loss_pre: tensor(0.9684, device='cuda:0', grad_fn=<NllLossBackward0>)[0m[0m
experiment  : INFO     [32m[32mstep: 14880 	 meta_lr 0.001000 	 training acc 0.796875 and training loss tensor(0.7883, device='cuda:0', grad_fn=<AddBackward0>), loss_auto: tensor(0.2909, device='cuda:0', grad_fn=<AddBackward0>), loss_pre: tensor(0.7592, device='cuda:0', grad_fn=<NllLossBackward0>)[0m[0m
experiment  : INFO     [32m[32mstep: 14920 	 meta_lr 0.001000 	 training acc 0.8125 and training loss tensor(1.1586, device='cuda:0', grad_fn=<AddBackward0>), loss_auto: tensor(0.2865, device='cuda:0', grad_fn=<AddBackward0>), loss_pre: tensor(1.1300, device='cuda:0', grad_fn=<NllLossBackward0>)[0m[0m
experiment  : INFO     [32m[32mstep: 14960 	 meta_lr 0.001000 	 training acc 0.84375 and training loss tensor(0.9251, device='cuda:0', grad_fn=<AddBackward0>), loss_auto: tensor(0.2882, device='cuda:0', grad_fn=<AddBackward0>), loss_pre: tensor(0.8963, device='cuda:0', grad_fn=<NllLossBackward0>)[0m[0m
experiment  : INFO     [32m[32mstep: 15000 	 meta_lr 0.001000 	 training acc 0.84375 and training loss tensor(0.5762, device='cuda:0', grad_fn=<AddBackward0>), loss_auto: tensor(0.2878, device='cuda:0', grad_fn=<AddBackward0>), loss_pre: tensor(0.5474, device='cuda:0', grad_fn=<NllLossBackward0>)[0m[0m
experiment  : INFO     [32m[32mTrain Accuracy = 0.8164419087137016[0m[0m
experiment  : INFO     [32m[32mTest Accuracy = 0.8171680497925403[0m[0m
experiment  : INFO     [32m[32mstep: 15040 	 meta_lr 0.001000 	 training acc 0.78125 and training loss tensor(1.0075, device='cuda:0', grad_fn=<AddBackward0>), loss_auto: tensor(0.2816, device='cuda:0', grad_fn=<AddBackward0>), loss_pre: tensor(0.9794, device='cuda:0', grad_fn=<NllLossBackward0>)[0m[0m
experiment  : INFO     [32m[32mstep: 15080 	 meta_lr 0.001000 	 training acc 0.796875 and training loss tensor(1.1529, device='cuda:0', grad_fn=<AddBackward0>), loss_auto: tensor(0.2874, device='cuda:0', grad_fn=<AddBackward0>), loss_pre: tensor(1.1241, device='cuda:0', grad_fn=<NllLossBackward0>)[0m[0m
experiment  : INFO     [32m[32mstep: 15120 	 meta_lr 0.001000 	 training acc 0.8125 and training loss tensor(0.7704, device='cuda:0', grad_fn=<AddBackward0>), loss_auto: tensor(0.2891, device='cuda:0', grad_fn=<AddBackward0>), loss_pre: tensor(0.7415, device='cuda:0', grad_fn=<NllLossBackward0>)[0m[0m
experiment  : INFO     [32m[32mstep: 15160 	 meta_lr 0.001000 	 training acc 0.75 and training loss tensor(1.2012, device='cuda:0', grad_fn=<AddBackward0>), loss_auto: tensor(0.2858, device='cuda:0', grad_fn=<AddBackward0>), loss_pre: tensor(1.1726, device='cuda:0', grad_fn=<NllLossBackward0>)[0m[0m
experiment  : INFO     [32m[32mstep: 15200 	 meta_lr 0.001000 	 training acc 0.75 and training loss tensor(0.9345, device='cuda:0', grad_fn=<AddBackward0>), loss_auto: tensor(0.2919, device='cuda:0', grad_fn=<AddBackward0>), loss_pre: tensor(0.9053, device='cuda:0', grad_fn=<NllLossBackward0>)[0m[0m
experiment  : INFO     [32m[32mstep: 15240 	 meta_lr 0.001000 	 training acc 0.6875 and training loss tensor(1.2846, device='cuda:0', grad_fn=<AddBackward0>), loss_auto: tensor(0.2886, device='cuda:0', grad_fn=<AddBackward0>), loss_pre: tensor(1.2557, device='cuda:0', grad_fn=<NllLossBackward0>)[0m[0m
experiment  : INFO     [32m[32mstep: 15280 	 meta_lr 0.001000 	 training acc 0.859375 and training loss tensor(0.8742, device='cuda:0', grad_fn=<AddBackward0>), loss_auto: tensor(0.2815, device='cuda:0', grad_fn=<AddBackward0>), loss_pre: tensor(0.8460, device='cuda:0', grad_fn=<NllLossBackward0>)[0m[0m
experiment  : INFO     [32m[32mstep: 15320 	 meta_lr 0.001000 	 training acc 0.859375 and training loss tensor(0.8141, device='cuda:0', grad_fn=<AddBackward0>), loss_auto: tensor(0.2859, device='cuda:0', grad_fn=<AddBackward0>), loss_pre: tensor(0.7855, device='cuda:0', grad_fn=<NllLossBackward0>)[0m[0m
experiment  : INFO     [32m[32mstep: 15360 	 meta_lr 0.001000 	 training acc 0.78125 and training loss tensor(0.9157, device='cuda:0', grad_fn=<AddBackward0>), loss_auto: tensor(0.2862, device='cuda:0', grad_fn=<AddBackward0>), loss_pre: tensor(0.8871, device='cuda:0', grad_fn=<NllLossBackward0>)[0m[0m
experiment  : INFO     [32m[32mstep: 15400 	 meta_lr 0.001000 	 training acc 0.84375 and training loss tensor(0.7226, device='cuda:0', grad_fn=<AddBackward0>), loss_auto: tensor(0.2831, device='cuda:0', grad_fn=<AddBackward0>), loss_pre: tensor(0.6943, device='cuda:0', grad_fn=<NllLossBackward0>)[0m[0m
experiment  : INFO     [32m[32mstep: 15440 	 meta_lr 0.001000 	 training acc 0.796875 and training loss tensor(0.6459, device='cuda:0', grad_fn=<AddBackward0>), loss_auto: tensor(0.2872, device='cuda:0', grad_fn=<AddBackward0>), loss_pre: tensor(0.6172, device='cuda:0', grad_fn=<NllLossBackward0>)[0m[0m
experiment  : INFO     [32m[32mstep: 15480 	 meta_lr 0.001000 	 training acc 0.859375 and training loss tensor(0.6778, device='cuda:0', grad_fn=<AddBackward0>), loss_auto: tensor(0.2901, device='cuda:0', grad_fn=<AddBackward0>), loss_pre: tensor(0.6488, device='cuda:0', grad_fn=<NllLossBackward0>)[0m[0m
experiment  : INFO     [32m[32mTrain Accuracy = 0.8198132780083086[0m[0m
experiment  : INFO     [32m[32mTest Accuracy = 0.8188796680498018[0m[0m
experiment  : INFO     [32m[32mstep: 15520 	 meta_lr 0.001000 	 training acc 0.84375 and training loss tensor(0.8089, device='cuda:0', grad_fn=<AddBackward0>), loss_auto: tensor(0.2797, device='cuda:0', grad_fn=<AddBackward0>), loss_pre: tensor(0.7809, device='cuda:0', grad_fn=<NllLossBackward0>)[0m[0m
experiment  : INFO     [32m[32mstep: 15560 	 meta_lr 0.001000 	 training acc 0.765625 and training loss tensor(1.4681, device='cuda:0', grad_fn=<AddBackward0>), loss_auto: tensor(0.2824, device='cuda:0', grad_fn=<AddBackward0>), loss_pre: tensor(1.4399, device='cuda:0', grad_fn=<NllLossBackward0>)[0m[0m
experiment  : INFO     [32m[32mstep: 15600 	 meta_lr 0.001000 	 training acc 0.828125 and training loss tensor(0.5846, device='cuda:0', grad_fn=<AddBackward0>), loss_auto: tensor(0.2813, device='cuda:0', grad_fn=<AddBackward0>), loss_pre: tensor(0.5565, device='cuda:0', grad_fn=<NllLossBackward0>)[0m[0m
experiment  : INFO     [32m[32mstep: 15640 	 meta_lr 0.001000 	 training acc 0.875 and training loss tensor(0.6384, device='cuda:0', grad_fn=<AddBackward0>), loss_auto: tensor(0.2864, device='cuda:0', grad_fn=<AddBackward0>), loss_pre: tensor(0.6097, device='cuda:0', grad_fn=<NllLossBackward0>)[0m[0m
experiment  : INFO     [32m[32mstep: 15680 	 meta_lr 0.001000 	 training acc 0.796875 and training loss tensor(1.1452, device='cuda:0', grad_fn=<AddBackward0>), loss_auto: tensor(0.2845, device='cuda:0', grad_fn=<AddBackward0>), loss_pre: tensor(1.1167, device='cuda:0', grad_fn=<NllLossBackward0>)[0m[0m
experiment  : INFO     [32m[32mstep: 15720 	 meta_lr 0.001000 	 training acc 0.796875 and training loss tensor(0.9386, device='cuda:0', grad_fn=<AddBackward0>), loss_auto: tensor(0.2854, device='cuda:0', grad_fn=<AddBackward0>), loss_pre: tensor(0.9101, device='cuda:0', grad_fn=<NllLossBackward0>)[0m[0m
experiment  : INFO     [32m[32mstep: 15760 	 meta_lr 0.001000 	 training acc 0.6875 and training loss tensor(1.5530, device='cuda:0', grad_fn=<AddBackward0>), loss_auto: tensor(0.2803, device='cuda:0', grad_fn=<AddBackward0>), loss_pre: tensor(1.5250, device='cuda:0', grad_fn=<NllLossBackward0>)[0m[0m
experiment  : INFO     [32m[32mstep: 15800 	 meta_lr 0.001000 	 training acc 0.890625 and training loss tensor(0.6814, device='cuda:0', grad_fn=<AddBackward0>), loss_auto: tensor(0.2805, device='cuda:0', grad_fn=<AddBackward0>), loss_pre: tensor(0.6533, device='cuda:0', grad_fn=<NllLossBackward0>)[0m[0m
experiment  : INFO     [32m[32mstep: 15840 	 meta_lr 0.001000 	 training acc 0.71875 and training loss tensor(1.6694, device='cuda:0', grad_fn=<AddBackward0>), loss_auto: tensor(0.2925, device='cuda:0', grad_fn=<AddBackward0>), loss_pre: tensor(1.6401, device='cuda:0', grad_fn=<NllLossBackward0>)[0m[0m
experiment  : INFO     [32m[32mstep: 15880 	 meta_lr 0.001000 	 training acc 0.734375 and training loss tensor(2.0627, device='cuda:0', grad_fn=<AddBackward0>), loss_auto: tensor(0.2881, device='cuda:0', grad_fn=<AddBackward0>), loss_pre: tensor(2.0339, device='cuda:0', grad_fn=<NllLossBackward0>)[0m[0m
experiment  : INFO     [32m[32mstep: 15920 	 meta_lr 0.001000 	 training acc 0.8125 and training loss tensor(0.7548, device='cuda:0', grad_fn=<AddBackward0>), loss_auto: tensor(0.2869, device='cuda:0', grad_fn=<AddBackward0>), loss_pre: tensor(0.7261, device='cuda:0', grad_fn=<NllLossBackward0>)[0m[0m
experiment  : INFO     [32m[32mstep: 15960 	 meta_lr 0.001000 	 training acc 0.78125 and training loss tensor(1.2848, device='cuda:0', grad_fn=<AddBackward0>), loss_auto: tensor(0.2801, device='cuda:0', grad_fn=<AddBackward0>), loss_pre: tensor(1.2568, device='cuda:0', grad_fn=<NllLossBackward0>)[0m[0m
experiment  : INFO     [32m[32mstep: 16000 	 meta_lr 0.001000 	 training acc 0.828125 and training loss tensor(0.7115, device='cuda:0', grad_fn=<AddBackward0>), loss_auto: tensor(0.2812, device='cuda:0', grad_fn=<AddBackward0>), loss_pre: tensor(0.6834, device='cuda:0', grad_fn=<NllLossBackward0>)[0m[0m
experiment  : INFO     [32m[32mTrain Accuracy = 0.8089211618257343[0m[0m
experiment  : INFO     [32m[32mTest Accuracy = 0.8088692946058144[0m[0m
experiment  : INFO     [32m[32mstep: 16040 	 meta_lr 0.001000 	 training acc 0.859375 and training loss tensor(0.9376, device='cuda:0', grad_fn=<AddBackward0>), loss_auto: tensor(0.2843, device='cuda:0', grad_fn=<AddBackward0>), loss_pre: tensor(0.9092, device='cuda:0', grad_fn=<NllLossBackward0>)[0m[0m
experiment  : INFO     [32m[32mstep: 16080 	 meta_lr 0.001000 	 training acc 0.828125 and training loss tensor(0.9268, device='cuda:0', grad_fn=<AddBackward0>), loss_auto: tensor(0.2795, device='cuda:0', grad_fn=<AddBackward0>), loss_pre: tensor(0.8989, device='cuda:0', grad_fn=<NllLossBackward0>)[0m[0m
experiment  : INFO     [32m[32mstep: 16120 	 meta_lr 0.001000 	 training acc 0.765625 and training loss tensor(1.0142, device='cuda:0', grad_fn=<AddBackward0>), loss_auto: tensor(0.2730, device='cuda:0', grad_fn=<AddBackward0>), loss_pre: tensor(0.9869, device='cuda:0', grad_fn=<NllLossBackward0>)[0m[0m
experiment  : INFO     [32m[32mstep: 16160 	 meta_lr 0.001000 	 training acc 0.828125 and training loss tensor(0.9361, device='cuda:0', grad_fn=<AddBackward0>), loss_auto: tensor(0.2823, device='cuda:0', grad_fn=<AddBackward0>), loss_pre: tensor(0.9079, device='cuda:0', grad_fn=<NllLossBackward0>)[0m[0m
experiment  : INFO     [32m[32mstep: 16200 	 meta_lr 0.001000 	 training acc 0.84375 and training loss tensor(0.6255, device='cuda:0', grad_fn=<AddBackward0>), loss_auto: tensor(0.2779, device='cuda:0', grad_fn=<AddBackward0>), loss_pre: tensor(0.5977, device='cuda:0', grad_fn=<NllLossBackward0>)[0m[0m
experiment  : INFO     [32m[32mstep: 16240 	 meta_lr 0.001000 	 training acc 0.796875 and training loss tensor(1.0555, device='cuda:0', grad_fn=<AddBackward0>), loss_auto: tensor(0.2821, device='cuda:0', grad_fn=<AddBackward0>), loss_pre: tensor(1.0273, device='cuda:0', grad_fn=<NllLossBackward0>)[0m[0m
experiment  : INFO     [32m[32mstep: 16280 	 meta_lr 0.001000 	 training acc 0.78125 and training loss tensor(0.6865, device='cuda:0', grad_fn=<AddBackward0>), loss_auto: tensor(0.2811, device='cuda:0', grad_fn=<AddBackward0>), loss_pre: tensor(0.6584, device='cuda:0', grad_fn=<NllLossBackward0>)[0m[0m
experiment  : INFO     [32m[32mstep: 16320 	 meta_lr 0.001000 	 training acc 0.78125 and training loss tensor(1.2647, device='cuda:0', grad_fn=<AddBackward0>), loss_auto: tensor(0.2831, device='cuda:0', grad_fn=<AddBackward0>), loss_pre: tensor(1.2364, device='cuda:0', grad_fn=<NllLossBackward0>)[0m[0m
experiment  : INFO     [32m[32mstep: 16360 	 meta_lr 0.001000 	 training acc 0.890625 and training loss tensor(0.5524, device='cuda:0', grad_fn=<AddBackward0>), loss_auto: tensor(0.2774, device='cuda:0', grad_fn=<AddBackward0>), loss_pre: tensor(0.5247, device='cuda:0', grad_fn=<NllLossBackward0>)[0m[0m
experiment  : INFO     [32m[32mstep: 16400 	 meta_lr 0.001000 	 training acc 0.90625 and training loss tensor(0.4723, device='cuda:0', grad_fn=<AddBackward0>), loss_auto: tensor(0.2718, device='cuda:0', grad_fn=<AddBackward0>), loss_pre: tensor(0.4451, device='cuda:0', grad_fn=<NllLossBackward0>)[0m[0m
experiment  : INFO     [32m[32mstep: 16440 	 meta_lr 0.001000 	 training acc 0.796875 and training loss tensor(0.8812, device='cuda:0', grad_fn=<AddBackward0>), loss_auto: tensor(0.2738, device='cuda:0', grad_fn=<AddBackward0>), loss_pre: tensor(0.8538, device='cuda:0', grad_fn=<NllLossBackward0>)[0m[0m
experiment  : INFO     [32m[32mstep: 16480 	 meta_lr 0.001000 	 training acc 0.75 and training loss tensor(1.0485, device='cuda:0', grad_fn=<AddBackward0>), loss_auto: tensor(0.2830, device='cuda:0', grad_fn=<AddBackward0>), loss_pre: tensor(1.0202, device='cuda:0', grad_fn=<NllLossBackward0>)[0m[0m
experiment  : INFO     [32m[32mTrain Accuracy = 0.8134854771784332[0m[0m
experiment  : INFO     [32m[32mTest Accuracy = 0.8156120331950296[0m[0m
experiment  : INFO     [32m[32mstep: 16520 	 meta_lr 0.001000 	 training acc 0.8125 and training loss tensor(0.8501, device='cuda:0', grad_fn=<AddBackward0>), loss_auto: tensor(0.2805, device='cuda:0', grad_fn=<AddBackward0>), loss_pre: tensor(0.8221, device='cuda:0', grad_fn=<NllLossBackward0>)[0m[0m
experiment  : INFO     [32m[32mstep: 16560 	 meta_lr 0.001000 	 training acc 0.8125 and training loss tensor(1.0067, device='cuda:0', grad_fn=<AddBackward0>), loss_auto: tensor(0.2779, device='cuda:0', grad_fn=<AddBackward0>), loss_pre: tensor(0.9789, device='cuda:0', grad_fn=<NllLossBackward0>)[0m[0m
experiment  : INFO     [32m[32mstep: 16600 	 meta_lr 0.001000 	 training acc 0.765625 and training loss tensor(1.1370, device='cuda:0', grad_fn=<AddBackward0>), loss_auto: tensor(0.2864, device='cuda:0', grad_fn=<AddBackward0>), loss_pre: tensor(1.1084, device='cuda:0', grad_fn=<NllLossBackward0>)[0m[0m
experiment  : INFO     [32m[32mstep: 16640 	 meta_lr 0.001000 	 training acc 0.78125 and training loss tensor(1.0416, device='cuda:0', grad_fn=<AddBackward0>), loss_auto: tensor(0.2872, device='cuda:0', grad_fn=<AddBackward0>), loss_pre: tensor(1.0129, device='cuda:0', grad_fn=<NllLossBackward0>)[0m[0m
experiment  : INFO     [32m[32mstep: 16680 	 meta_lr 0.001000 	 training acc 0.828125 and training loss tensor(0.6717, device='cuda:0', grad_fn=<AddBackward0>), loss_auto: tensor(0.2826, device='cuda:0', grad_fn=<AddBackward0>), loss_pre: tensor(0.6434, device='cuda:0', grad_fn=<NllLossBackward0>)[0m[0m
experiment  : INFO     [32m[32mstep: 16720 	 meta_lr 0.001000 	 training acc 0.859375 and training loss tensor(0.4351, device='cuda:0', grad_fn=<AddBackward0>), loss_auto: tensor(0.2815, device='cuda:0', grad_fn=<AddBackward0>), loss_pre: tensor(0.4070, device='cuda:0', grad_fn=<NllLossBackward0>)[0m[0m
experiment  : INFO     [32m[32mstep: 16760 	 meta_lr 0.001000 	 training acc 0.828125 and training loss tensor(0.8527, device='cuda:0', grad_fn=<AddBackward0>), loss_auto: tensor(0.2809, device='cuda:0', grad_fn=<AddBackward0>), loss_pre: tensor(0.8246, device='cuda:0', grad_fn=<NllLossBackward0>)[0m[0m
experiment  : INFO     [32m[32mstep: 16800 	 meta_lr 0.001000 	 training acc 0.8125 and training loss tensor(1.1987, device='cuda:0', grad_fn=<AddBackward0>), loss_auto: tensor(0.2812, device='cuda:0', grad_fn=<AddBackward0>), loss_pre: tensor(1.1706, device='cuda:0', grad_fn=<NllLossBackward0>)[0m[0m
experiment  : INFO     [32m[32mstep: 16840 	 meta_lr 0.001000 	 training acc 0.828125 and training loss tensor(0.9247, device='cuda:0', grad_fn=<AddBackward0>), loss_auto: tensor(0.2862, device='cuda:0', grad_fn=<AddBackward0>), loss_pre: tensor(0.8961, device='cuda:0', grad_fn=<NllLossBackward0>)[0m[0m
experiment  : INFO     [32m[32mstep: 16880 	 meta_lr 0.001000 	 training acc 0.890625 and training loss tensor(0.5232, device='cuda:0', grad_fn=<AddBackward0>), loss_auto: tensor(0.2775, device='cuda:0', grad_fn=<AddBackward0>), loss_pre: tensor(0.4955, device='cuda:0', grad_fn=<NllLossBackward0>)[0m[0m
experiment  : INFO     [32m[32mstep: 16920 	 meta_lr 0.001000 	 training acc 0.8125 and training loss tensor(0.8240, device='cuda:0', grad_fn=<AddBackward0>), loss_auto: tensor(0.2819, device='cuda:0', grad_fn=<AddBackward0>), loss_pre: tensor(0.7959, device='cuda:0', grad_fn=<NllLossBackward0>)[0m[0m
experiment  : INFO     [32m[32mstep: 16960 	 meta_lr 0.001000 	 training acc 0.796875 and training loss tensor(0.9656, device='cuda:0', grad_fn=<AddBackward0>), loss_auto: tensor(0.2897, device='cuda:0', grad_fn=<AddBackward0>), loss_pre: tensor(0.9366, device='cuda:0', grad_fn=<NllLossBackward0>)[0m[0m
experiment  : INFO     [32m[32mstep: 17000 	 meta_lr 0.001000 	 training acc 0.734375 and training loss tensor(1.2167, device='cuda:0', grad_fn=<AddBackward0>), loss_auto: tensor(0.2786, device='cuda:0', grad_fn=<AddBackward0>), loss_pre: tensor(1.1888, device='cuda:0', grad_fn=<NllLossBackward0>)[0m[0m
experiment  : INFO     [32m[32mTrain Accuracy = 0.8311721991701357[0m[0m
experiment  : INFO     [32m[32mTest Accuracy = 0.8353215767634976[0m[0m
experiment  : INFO     [32m[32mstep: 17040 	 meta_lr 0.001000 	 training acc 0.75 and training loss tensor(1.0820, device='cuda:0', grad_fn=<AddBackward0>), loss_auto: tensor(0.2809, device='cuda:0', grad_fn=<AddBackward0>), loss_pre: tensor(1.0539, device='cuda:0', grad_fn=<NllLossBackward0>)[0m[0m
experiment  : INFO     [32m[32mstep: 17080 	 meta_lr 0.001000 	 training acc 0.859375 and training loss tensor(0.7730, device='cuda:0', grad_fn=<AddBackward0>), loss_auto: tensor(0.2798, device='cuda:0', grad_fn=<AddBackward0>), loss_pre: tensor(0.7450, device='cuda:0', grad_fn=<NllLossBackward0>)[0m[0m
experiment  : INFO     [32m[32mstep: 17120 	 meta_lr 0.001000 	 training acc 0.8125 and training loss tensor(0.6968, device='cuda:0', grad_fn=<AddBackward0>), loss_auto: tensor(0.2831, device='cuda:0', grad_fn=<AddBackward0>), loss_pre: tensor(0.6684, device='cuda:0', grad_fn=<NllLossBackward0>)[0m[0m
experiment  : INFO     [32m[32mstep: 17160 	 meta_lr 0.001000 	 training acc 0.8125 and training loss tensor(0.9456, device='cuda:0', grad_fn=<AddBackward0>), loss_auto: tensor(0.2728, device='cuda:0', grad_fn=<AddBackward0>), loss_pre: tensor(0.9183, device='cuda:0', grad_fn=<NllLossBackward0>)[0m[0m
experiment  : INFO     [32m[32mstep: 17200 	 meta_lr 0.001000 	 training acc 0.796875 and training loss tensor(0.7277, device='cuda:0', grad_fn=<AddBackward0>), loss_auto: tensor(0.2761, device='cuda:0', grad_fn=<AddBackward0>), loss_pre: tensor(0.7001, device='cuda:0', grad_fn=<NllLossBackward0>)[0m[0m
experiment  : INFO     [32m[32mstep: 17240 	 meta_lr 0.001000 	 training acc 0.828125 and training loss tensor(0.9058, device='cuda:0', grad_fn=<AddBackward0>), loss_auto: tensor(0.2887, device='cuda:0', grad_fn=<AddBackward0>), loss_pre: tensor(0.8769, device='cuda:0', grad_fn=<NllLossBackward0>)[0m[0m
experiment  : INFO     [32m[32mstep: 17280 	 meta_lr 0.001000 	 training acc 0.78125 and training loss tensor(1.0312, device='cuda:0', grad_fn=<AddBackward0>), loss_auto: tensor(0.2799, device='cuda:0', grad_fn=<AddBackward0>), loss_pre: tensor(1.0032, device='cuda:0', grad_fn=<NllLossBackward0>)[0m[0m
experiment  : INFO     [32m[32mstep: 17320 	 meta_lr 0.001000 	 training acc 0.8125 and training loss tensor(0.8764, device='cuda:0', grad_fn=<AddBackward0>), loss_auto: tensor(0.2699, device='cuda:0', grad_fn=<AddBackward0>), loss_pre: tensor(0.8494, device='cuda:0', grad_fn=<NllLossBackward0>)[0m[0m
experiment  : INFO     [32m[32mstep: 17360 	 meta_lr 0.001000 	 training acc 0.8125 and training loss tensor(0.6985, device='cuda:0', grad_fn=<AddBackward0>), loss_auto: tensor(0.2781, device='cuda:0', grad_fn=<AddBackward0>), loss_pre: tensor(0.6706, device='cuda:0', grad_fn=<NllLossBackward0>)[0m[0m
experiment  : INFO     [32m[32mstep: 17400 	 meta_lr 0.001000 	 training acc 0.84375 and training loss tensor(0.6566, device='cuda:0', grad_fn=<AddBackward0>), loss_auto: tensor(0.2779, device='cuda:0', grad_fn=<AddBackward0>), loss_pre: tensor(0.6288, device='cuda:0', grad_fn=<NllLossBackward0>)[0m[0m
experiment  : INFO     [32m[32mstep: 17440 	 meta_lr 0.001000 	 training acc 0.828125 and training loss tensor(1.4173, device='cuda:0', grad_fn=<AddBackward0>), loss_auto: tensor(0.2790, device='cuda:0', grad_fn=<AddBackward0>), loss_pre: tensor(1.3894, device='cuda:0', grad_fn=<NllLossBackward0>)[0m[0m
experiment  : INFO     [32m[32mstep: 17480 	 meta_lr 0.001000 	 training acc 0.75 and training loss tensor(0.9475, device='cuda:0', grad_fn=<AddBackward0>), loss_auto: tensor(0.2755, device='cuda:0', grad_fn=<AddBackward0>), loss_pre: tensor(0.9199, device='cuda:0', grad_fn=<NllLossBackward0>)[0m[0m
experiment  : INFO     [32m[32mTrain Accuracy = 0.8280082987551978[0m[0m
experiment  : INFO     [32m[32mTest Accuracy = 0.8275414937759439[0m[0m
experiment  : INFO     [32m[32mstep: 17520 	 meta_lr 0.001000 	 training acc 0.859375 and training loss tensor(0.5132, device='cuda:0', grad_fn=<AddBackward0>), loss_auto: tensor(0.2853, device='cuda:0', grad_fn=<AddBackward0>), loss_pre: tensor(0.4847, device='cuda:0', grad_fn=<NllLossBackward0>)[0m[0m
experiment  : INFO     [32m[32mstep: 17560 	 meta_lr 0.001000 	 training acc 0.8125 and training loss tensor(0.7192, device='cuda:0', grad_fn=<AddBackward0>), loss_auto: tensor(0.2815, device='cuda:0', grad_fn=<AddBackward0>), loss_pre: tensor(0.6911, device='cuda:0', grad_fn=<NllLossBackward0>)[0m[0m
experiment  : INFO     [32m[32mstep: 17600 	 meta_lr 0.001000 	 training acc 0.8125 and training loss tensor(0.8076, device='cuda:0', grad_fn=<AddBackward0>), loss_auto: tensor(0.2843, device='cuda:0', grad_fn=<AddBackward0>), loss_pre: tensor(0.7792, device='cuda:0', grad_fn=<NllLossBackward0>)[0m[0m
experiment  : INFO     [32m[32mstep: 17640 	 meta_lr 0.001000 	 training acc 0.8125 and training loss tensor(0.6624, device='cuda:0', grad_fn=<AddBackward0>), loss_auto: tensor(0.2722, device='cuda:0', grad_fn=<AddBackward0>), loss_pre: tensor(0.6352, device='cuda:0', grad_fn=<NllLossBackward0>)[0m[0m
experiment  : INFO     [32m[32mstep: 17680 	 meta_lr 0.001000 	 training acc 0.828125 and training loss tensor(0.8257, device='cuda:0', grad_fn=<AddBackward0>), loss_auto: tensor(0.2836, device='cuda:0', grad_fn=<AddBackward0>), loss_pre: tensor(0.7974, device='cuda:0', grad_fn=<NllLossBackward0>)[0m[0m
experiment  : INFO     [32m[32mstep: 17720 	 meta_lr 0.001000 	 training acc 0.875 and training loss tensor(0.5393, device='cuda:0', grad_fn=<AddBackward0>), loss_auto: tensor(0.2842, device='cuda:0', grad_fn=<AddBackward0>), loss_pre: tensor(0.5109, device='cuda:0', grad_fn=<NllLossBackward0>)[0m[0m
experiment  : INFO     [32m[32mstep: 17760 	 meta_lr 0.001000 	 training acc 0.8125 and training loss tensor(0.9874, device='cuda:0', grad_fn=<AddBackward0>), loss_auto: tensor(0.2817, device='cuda:0', grad_fn=<AddBackward0>), loss_pre: tensor(0.9593, device='cuda:0', grad_fn=<NllLossBackward0>)[0m[0m
experiment  : INFO     [32m[32mstep: 17800 	 meta_lr 0.001000 	 training acc 0.84375 and training loss tensor(0.7112, device='cuda:0', grad_fn=<AddBackward0>), loss_auto: tensor(0.2792, device='cuda:0', grad_fn=<AddBackward0>), loss_pre: tensor(0.6833, device='cuda:0', grad_fn=<NllLossBackward0>)[0m[0m
experiment  : INFO     [32m[32mstep: 17840 	 meta_lr 0.001000 	 training acc 0.859375 and training loss tensor(0.6599, device='cuda:0', grad_fn=<AddBackward0>), loss_auto: tensor(0.2835, device='cuda:0', grad_fn=<AddBackward0>), loss_pre: tensor(0.6316, device='cuda:0', grad_fn=<NllLossBackward0>)[0m[0m
experiment  : INFO     [32m[32mstep: 17880 	 meta_lr 0.001000 	 training acc 0.84375 and training loss tensor(0.6480, device='cuda:0', grad_fn=<AddBackward0>), loss_auto: tensor(0.2829, device='cuda:0', grad_fn=<AddBackward0>), loss_pre: tensor(0.6197, device='cuda:0', grad_fn=<NllLossBackward0>)[0m[0m
experiment  : INFO     [32m[32mstep: 17920 	 meta_lr 0.001000 	 training acc 0.796875 and training loss tensor(0.7570, device='cuda:0', grad_fn=<AddBackward0>), loss_auto: tensor(0.2782, device='cuda:0', grad_fn=<AddBackward0>), loss_pre: tensor(0.7292, device='cuda:0', grad_fn=<NllLossBackward0>)[0m[0m
experiment  : INFO     [32m[32mstep: 17960 	 meta_lr 0.001000 	 training acc 0.859375 and training loss tensor(0.7542, device='cuda:0', grad_fn=<AddBackward0>), loss_auto: tensor(0.2847, device='cuda:0', grad_fn=<AddBackward0>), loss_pre: tensor(0.7257, device='cuda:0', grad_fn=<NllLossBackward0>)[0m[0m
experiment  : INFO     [32m[32mstep: 18000 	 meta_lr 0.001000 	 training acc 0.890625 and training loss tensor(0.5529, device='cuda:0', grad_fn=<AddBackward0>), loss_auto: tensor(0.2790, device='cuda:0', grad_fn=<AddBackward0>), loss_pre: tensor(0.5250, device='cuda:0', grad_fn=<NllLossBackward0>)[0m[0m
experiment  : INFO     [32m[32mTrain Accuracy = 0.8380186721991792[0m[0m
experiment  : INFO     [32m[32mTest Accuracy = 0.8396784232365271[0m[0m
experiment  : INFO     [32m[32mstep: 18040 	 meta_lr 0.001000 	 training acc 0.8125 and training loss tensor(0.9610, device='cuda:0', grad_fn=<AddBackward0>), loss_auto: tensor(0.2799, device='cuda:0', grad_fn=<AddBackward0>), loss_pre: tensor(0.9330, device='cuda:0', grad_fn=<NllLossBackward0>)[0m[0m
experiment  : INFO     [32m[32mstep: 18080 	 meta_lr 0.001000 	 training acc 0.90625 and training loss tensor(0.5729, device='cuda:0', grad_fn=<AddBackward0>), loss_auto: tensor(0.2787, device='cuda:0', grad_fn=<AddBackward0>), loss_pre: tensor(0.5451, device='cuda:0', grad_fn=<NllLossBackward0>)[0m[0m
experiment  : INFO     [32m[32mstep: 18120 	 meta_lr 0.001000 	 training acc 0.9375 and training loss tensor(0.3245, device='cuda:0', grad_fn=<AddBackward0>), loss_auto: tensor(0.2802, device='cuda:0', grad_fn=<AddBackward0>), loss_pre: tensor(0.2965, device='cuda:0', grad_fn=<NllLossBackward0>)[0m[0m
experiment  : INFO     [32m[32mstep: 18160 	 meta_lr 0.001000 	 training acc 0.796875 and training loss tensor(1.3768, device='cuda:0', grad_fn=<AddBackward0>), loss_auto: tensor(0.2746, device='cuda:0', grad_fn=<AddBackward0>), loss_pre: tensor(1.3493, device='cuda:0', grad_fn=<NllLossBackward0>)[0m[0m
experiment  : INFO     [32m[32mstep: 18200 	 meta_lr 0.001000 	 training acc 0.8125 and training loss tensor(1.0868, device='cuda:0', grad_fn=<AddBackward0>), loss_auto: tensor(0.2820, device='cuda:0', grad_fn=<AddBackward0>), loss_pre: tensor(1.0586, device='cuda:0', grad_fn=<NllLossBackward0>)[0m[0m
experiment  : INFO     [32m[32mstep: 18240 	 meta_lr 0.001000 	 training acc 0.84375 and training loss tensor(0.5195, device='cuda:0', grad_fn=<AddBackward0>), loss_auto: tensor(0.2830, device='cuda:0', grad_fn=<AddBackward0>), loss_pre: tensor(0.4912, device='cuda:0', grad_fn=<NllLossBackward0>)[0m[0m
experiment  : INFO     [32m[32mstep: 18280 	 meta_lr 0.001000 	 training acc 0.796875 and training loss tensor(1.1504, device='cuda:0', grad_fn=<AddBackward0>), loss_auto: tensor(0.2847, device='cuda:0', grad_fn=<AddBackward0>), loss_pre: tensor(1.1219, device='cuda:0', grad_fn=<NllLossBackward0>)[0m[0m
experiment  : INFO     [32m[32mstep: 18320 	 meta_lr 0.001000 	 training acc 0.78125 and training loss tensor(1.2654, device='cuda:0', grad_fn=<AddBackward0>), loss_auto: tensor(0.2826, device='cuda:0', grad_fn=<AddBackward0>), loss_pre: tensor(1.2371, device='cuda:0', grad_fn=<NllLossBackward0>)[0m[0m
experiment  : INFO     [32m[32mstep: 18360 	 meta_lr 0.001000 	 training acc 0.828125 and training loss tensor(1.1184, device='cuda:0', grad_fn=<AddBackward0>), loss_auto: tensor(0.2790, device='cuda:0', grad_fn=<AddBackward0>), loss_pre: tensor(1.0905, device='cuda:0', grad_fn=<NllLossBackward0>)[0m[0m
experiment  : INFO     [32m[32mstep: 18400 	 meta_lr 0.001000 	 training acc 0.921875 and training loss tensor(0.5028, device='cuda:0', grad_fn=<AddBackward0>), loss_auto: tensor(0.2784, device='cuda:0', grad_fn=<AddBackward0>), loss_pre: tensor(0.4750, device='cuda:0', grad_fn=<NllLossBackward0>)[0m[0m
experiment  : INFO     [32m[32mstep: 18440 	 meta_lr 0.001000 	 training acc 0.859375 and training loss tensor(0.7794, device='cuda:0', grad_fn=<AddBackward0>), loss_auto: tensor(0.2783, device='cuda:0', grad_fn=<AddBackward0>), loss_pre: tensor(0.7516, device='cuda:0', grad_fn=<NllLossBackward0>)[0m[0m
experiment  : INFO     [32m[32mstep: 18480 	 meta_lr 0.001000 	 training acc 0.828125 and training loss tensor(1.0666, device='cuda:0', grad_fn=<AddBackward0>), loss_auto: tensor(0.2789, device='cuda:0', grad_fn=<AddBackward0>), loss_pre: tensor(1.0387, device='cuda:0', grad_fn=<NllLossBackward0>)[0m[0m
experiment  : INFO     [32m[32mTrain Accuracy = 0.8432572614108024[0m[0m
experiment  : INFO     [32m[32mTest Accuracy = 0.8453319502074794[0m[0m
experiment  : INFO     [32m[32mstep: 18520 	 meta_lr 0.001000 	 training acc 0.859375 and training loss tensor(0.6458, device='cuda:0', grad_fn=<AddBackward0>), loss_auto: tensor(0.2900, device='cuda:0', grad_fn=<AddBackward0>), loss_pre: tensor(0.6168, device='cuda:0', grad_fn=<NllLossBackward0>)[0m[0m
experiment  : INFO     [32m[32mstep: 18560 	 meta_lr 0.001000 	 training acc 0.859375 and training loss tensor(0.4895, device='cuda:0', grad_fn=<AddBackward0>), loss_auto: tensor(0.2815, device='cuda:0', grad_fn=<AddBackward0>), loss_pre: tensor(0.4613, device='cuda:0', grad_fn=<NllLossBackward0>)[0m[0m
experiment  : INFO     [32m[32mstep: 18600 	 meta_lr 0.001000 	 training acc 0.8125 and training loss tensor(0.6703, device='cuda:0', grad_fn=<AddBackward0>), loss_auto: tensor(0.2766, device='cuda:0', grad_fn=<AddBackward0>), loss_pre: tensor(0.6427, device='cuda:0', grad_fn=<NllLossBackward0>)[0m[0m
experiment  : INFO     [32m[32mstep: 18640 	 meta_lr 0.001000 	 training acc 0.859375 and training loss tensor(0.5828, device='cuda:0', grad_fn=<AddBackward0>), loss_auto: tensor(0.2840, device='cuda:0', grad_fn=<AddBackward0>), loss_pre: tensor(0.5544, device='cuda:0', grad_fn=<NllLossBackward0>)[0m[0m
experiment  : INFO     [32m[32mstep: 18680 	 meta_lr 0.001000 	 training acc 0.796875 and training loss tensor(0.8146, device='cuda:0', grad_fn=<AddBackward0>), loss_auto: tensor(0.2781, device='cuda:0', grad_fn=<AddBackward0>), loss_pre: tensor(0.7868, device='cuda:0', grad_fn=<NllLossBackward0>)[0m[0m
experiment  : INFO     [32m[32mstep: 18720 	 meta_lr 0.001000 	 training acc 0.828125 and training loss tensor(0.7252, device='cuda:0', grad_fn=<AddBackward0>), loss_auto: tensor(0.2771, device='cuda:0', grad_fn=<AddBackward0>), loss_pre: tensor(0.6975, device='cuda:0', grad_fn=<NllLossBackward0>)[0m[0m
experiment  : INFO     [32m[32mstep: 18760 	 meta_lr 0.001000 	 training acc 0.84375 and training loss tensor(0.8189, device='cuda:0', grad_fn=<AddBackward0>), loss_auto: tensor(0.2756, device='cuda:0', grad_fn=<AddBackward0>), loss_pre: tensor(0.7914, device='cuda:0', grad_fn=<NllLossBackward0>)[0m[0m
experiment  : INFO     [32m[32mstep: 18800 	 meta_lr 0.001000 	 training acc 0.828125 and training loss tensor(0.8534, device='cuda:0', grad_fn=<AddBackward0>), loss_auto: tensor(0.2833, device='cuda:0', grad_fn=<AddBackward0>), loss_pre: tensor(0.8251, device='cuda:0', grad_fn=<NllLossBackward0>)[0m[0m
experiment  : INFO     [32m[32mstep: 18840 	 meta_lr 0.001000 	 training acc 0.8125 and training loss tensor(0.8187, device='cuda:0', grad_fn=<AddBackward0>), loss_auto: tensor(0.2731, device='cuda:0', grad_fn=<AddBackward0>), loss_pre: tensor(0.7914, device='cuda:0', grad_fn=<NllLossBackward0>)[0m[0m
experiment  : INFO     [32m[32mstep: 18880 	 meta_lr 0.001000 	 training acc 0.859375 and training loss tensor(0.5660, device='cuda:0', grad_fn=<AddBackward0>), loss_auto: tensor(0.2789, device='cuda:0', grad_fn=<AddBackward0>), loss_pre: tensor(0.5381, device='cuda:0', grad_fn=<NllLossBackward0>)[0m[0m
experiment  : INFO     [32m[32mstep: 18920 	 meta_lr 0.001000 	 training acc 0.828125 and training loss tensor(0.6971, device='cuda:0', grad_fn=<AddBackward0>), loss_auto: tensor(0.2805, device='cuda:0', grad_fn=<AddBackward0>), loss_pre: tensor(0.6690, device='cuda:0', grad_fn=<NllLossBackward0>)[0m[0m
experiment  : INFO     [32m[32mstep: 18960 	 meta_lr 0.001000 	 training acc 0.796875 and training loss tensor(0.7927, device='cuda:0', grad_fn=<AddBackward0>), loss_auto: tensor(0.2786, device='cuda:0', grad_fn=<AddBackward0>), loss_pre: tensor(0.7648, device='cuda:0', grad_fn=<NllLossBackward0>)[0m[0m
experiment  : INFO     [32m[32mstep: 19000 	 meta_lr 0.001000 	 training acc 0.78125 and training loss tensor(1.0482, device='cuda:0', grad_fn=<AddBackward0>), loss_auto: tensor(0.2738, device='cuda:0', grad_fn=<AddBackward0>), loss_pre: tensor(1.0208, device='cuda:0', grad_fn=<NllLossBackward0>)[0m[0m
experiment  : INFO     [32m[32mTrain Accuracy = 0.8469398340249091[0m[0m
experiment  : INFO     [32m[32mTest Accuracy = 0.8437240663900506[0m[0m
experiment  : INFO     [32m[32mstep: 19040 	 meta_lr 0.001000 	 training acc 0.84375 and training loss tensor(0.7139, device='cuda:0', grad_fn=<AddBackward0>), loss_auto: tensor(0.2769, device='cuda:0', grad_fn=<AddBackward0>), loss_pre: tensor(0.6862, device='cuda:0', grad_fn=<NllLossBackward0>)[0m[0m
experiment  : INFO     [32m[32mstep: 19080 	 meta_lr 0.001000 	 training acc 0.921875 and training loss tensor(0.4751, device='cuda:0', grad_fn=<AddBackward0>), loss_auto: tensor(0.2785, device='cuda:0', grad_fn=<AddBackward0>), loss_pre: tensor(0.4473, device='cuda:0', grad_fn=<NllLossBackward0>)[0m[0m
experiment  : INFO     [32m[32mstep: 19120 	 meta_lr 0.001000 	 training acc 0.84375 and training loss tensor(0.8136, device='cuda:0', grad_fn=<AddBackward0>), loss_auto: tensor(0.2779, device='cuda:0', grad_fn=<AddBackward0>), loss_pre: tensor(0.7858, device='cuda:0', grad_fn=<NllLossBackward0>)[0m[0m
experiment  : INFO     [32m[32mstep: 19160 	 meta_lr 0.001000 	 training acc 0.859375 and training loss tensor(1.1965, device='cuda:0', grad_fn=<AddBackward0>), loss_auto: tensor(0.2743, device='cuda:0', grad_fn=<AddBackward0>), loss_pre: tensor(1.1691, device='cuda:0', grad_fn=<NllLossBackward0>)[0m[0m
experiment  : INFO     [32m[32mstep: 19200 	 meta_lr 0.001000 	 training acc 0.890625 and training loss tensor(0.6047, device='cuda:0', grad_fn=<AddBackward0>), loss_auto: tensor(0.2719, device='cuda:0', grad_fn=<AddBackward0>), loss_pre: tensor(0.5775, device='cuda:0', grad_fn=<NllLossBackward0>)[0m[0m
experiment  : INFO     [32m[32mstep: 19240 	 meta_lr 0.001000 	 training acc 0.828125 and training loss tensor(0.6397, device='cuda:0', grad_fn=<AddBackward0>), loss_auto: tensor(0.2840, device='cuda:0', grad_fn=<AddBackward0>), loss_pre: tensor(0.6113, device='cuda:0', grad_fn=<NllLossBackward0>)[0m[0m
experiment  : INFO     [32m[32mstep: 19280 	 meta_lr 0.001000 	 training acc 0.78125 and training loss tensor(1.0626, device='cuda:0', grad_fn=<AddBackward0>), loss_auto: tensor(0.2808, device='cuda:0', grad_fn=<AddBackward0>), loss_pre: tensor(1.0345, device='cuda:0', grad_fn=<NllLossBackward0>)[0m[0m
experiment  : INFO     [32m[32mstep: 19320 	 meta_lr 0.001000 	 training acc 0.765625 and training loss tensor(2.0239, device='cuda:0', grad_fn=<AddBackward0>), loss_auto: tensor(0.2741, device='cuda:0', grad_fn=<AddBackward0>), loss_pre: tensor(1.9965, device='cuda:0', grad_fn=<NllLossBackward0>)[0m[0m
experiment  : INFO     [32m[32mstep: 19360 	 meta_lr 0.001000 	 training acc 0.921875 and training loss tensor(0.3946, device='cuda:0', grad_fn=<AddBackward0>), loss_auto: tensor(0.2711, device='cuda:0', grad_fn=<AddBackward0>), loss_pre: tensor(0.3675, device='cuda:0', grad_fn=<NllLossBackward0>)[0m[0m
experiment  : INFO     [32m[32mstep: 19400 	 meta_lr 0.001000 	 training acc 0.875 and training loss tensor(1.0673, device='cuda:0', grad_fn=<AddBackward0>), loss_auto: tensor(0.2712, device='cuda:0', grad_fn=<AddBackward0>), loss_pre: tensor(1.0402, device='cuda:0', grad_fn=<NllLossBackward0>)[0m[0m
experiment  : INFO     [32m[32mstep: 19440 	 meta_lr 0.001000 	 training acc 0.875 and training loss tensor(0.6769, device='cuda:0', grad_fn=<AddBackward0>), loss_auto: tensor(0.2703, device='cuda:0', grad_fn=<AddBackward0>), loss_pre: tensor(0.6499, device='cuda:0', grad_fn=<NllLossBackward0>)[0m[0m
experiment  : INFO     [32m[32mstep: 19480 	 meta_lr 0.001000 	 training acc 0.90625 and training loss tensor(0.4260, device='cuda:0', grad_fn=<AddBackward0>), loss_auto: tensor(0.2800, device='cuda:0', grad_fn=<AddBackward0>), loss_pre: tensor(0.3980, device='cuda:0', grad_fn=<NllLossBackward0>)[0m[0m
experiment  : INFO     [32m[32mTrain Accuracy = 0.8321058091286415[0m[0m
experiment  : INFO     [32m[32mTest Accuracy = 0.8296680497925392[0m[0m
experiment  : INFO     [32m[32mstep: 19520 	 meta_lr 0.001000 	 training acc 0.890625 and training loss tensor(0.4490, device='cuda:0', grad_fn=<AddBackward0>), loss_auto: tensor(0.2828, device='cuda:0', grad_fn=<AddBackward0>), loss_pre: tensor(0.4207, device='cuda:0', grad_fn=<NllLossBackward0>)[0m[0m
experiment  : INFO     [32m[32mstep: 19560 	 meta_lr 0.001000 	 training acc 0.859375 and training loss tensor(0.6440, device='cuda:0', grad_fn=<AddBackward0>), loss_auto: tensor(0.2766, device='cuda:0', grad_fn=<AddBackward0>), loss_pre: tensor(0.6163, device='cuda:0', grad_fn=<NllLossBackward0>)[0m[0m
experiment  : INFO     [32m[32mstep: 19600 	 meta_lr 0.001000 	 training acc 0.84375 and training loss tensor(0.7546, device='cuda:0', grad_fn=<AddBackward0>), loss_auto: tensor(0.2804, device='cuda:0', grad_fn=<AddBackward0>), loss_pre: tensor(0.7265, device='cuda:0', grad_fn=<NllLossBackward0>)[0m[0m
experiment  : INFO     [32m[32mstep: 19640 	 meta_lr 0.001000 	 training acc 0.8125 and training loss tensor(0.9177, device='cuda:0', grad_fn=<AddBackward0>), loss_auto: tensor(0.2776, device='cuda:0', grad_fn=<AddBackward0>), loss_pre: tensor(0.8899, device='cuda:0', grad_fn=<NllLossBackward0>)[0m[0m
experiment  : INFO     [32m[32mstep: 19680 	 meta_lr 0.001000 	 training acc 0.859375 and training loss tensor(0.6047, device='cuda:0', grad_fn=<AddBackward0>), loss_auto: tensor(0.2766, device='cuda:0', grad_fn=<AddBackward0>), loss_pre: tensor(0.5771, device='cuda:0', grad_fn=<NllLossBackward0>)[0m[0m
experiment  : INFO     [32m[32mstep: 19720 	 meta_lr 0.001000 	 training acc 0.796875 and training loss tensor(1.0743, device='cuda:0', grad_fn=<AddBackward0>), loss_auto: tensor(0.2772, device='cuda:0', grad_fn=<AddBackward0>), loss_pre: tensor(1.0466, device='cuda:0', grad_fn=<NllLossBackward0>)[0m[0m
experiment  : INFO     [32m[32mstep: 19760 	 meta_lr 0.001000 	 training acc 0.875 and training loss tensor(0.7079, device='cuda:0', grad_fn=<AddBackward0>), loss_auto: tensor(0.2761, device='cuda:0', grad_fn=<AddBackward0>), loss_pre: tensor(0.6803, device='cuda:0', grad_fn=<NllLossBackward0>)[0m[0m
experiment  : INFO     [32m[32mstep: 19800 	 meta_lr 0.001000 	 training acc 0.875 and training loss tensor(0.8141, device='cuda:0', grad_fn=<AddBackward0>), loss_auto: tensor(0.2794, device='cuda:0', grad_fn=<AddBackward0>), loss_pre: tensor(0.7861, device='cuda:0', grad_fn=<NllLossBackward0>)[0m[0m
experiment  : INFO     [32m[32mstep: 19840 	 meta_lr 0.001000 	 training acc 0.703125 and training loss tensor(1.2404, device='cuda:0', grad_fn=<AddBackward0>), loss_auto: tensor(0.2711, device='cuda:0', grad_fn=<AddBackward0>), loss_pre: tensor(1.2133, device='cuda:0', grad_fn=<NllLossBackward0>)[0m[0m
experiment  : INFO     [32m[32mstep: 19880 	 meta_lr 0.001000 	 training acc 0.921875 and training loss tensor(0.4342, device='cuda:0', grad_fn=<AddBackward0>), loss_auto: tensor(0.2717, device='cuda:0', grad_fn=<AddBackward0>), loss_pre: tensor(0.4070, device='cuda:0', grad_fn=<NllLossBackward0>)[0m[0m
experiment  : INFO     [32m[32mstep: 19920 	 meta_lr 0.001000 	 training acc 0.859375 and training loss tensor(0.7978, device='cuda:0', grad_fn=<AddBackward0>), loss_auto: tensor(0.2703, device='cuda:0', grad_fn=<AddBackward0>), loss_pre: tensor(0.7708, device='cuda:0', grad_fn=<NllLossBackward0>)[0m[0m
experiment  : INFO     [32m[32mstep: 19960 	 meta_lr 0.001000 	 training acc 0.828125 and training loss tensor(1.0879, device='cuda:0', grad_fn=<AddBackward0>), loss_auto: tensor(0.2729, device='cuda:0', grad_fn=<AddBackward0>), loss_pre: tensor(1.0606, device='cuda:0', grad_fn=<NllLossBackward0>)[0m[0m
experiment  : INFO     [32m[32mstep: 20000 	 meta_lr 0.001000 	 training acc 0.75 and training loss tensor(0.8263, device='cuda:0', grad_fn=<AddBackward0>), loss_auto: tensor(0.2787, device='cuda:0', grad_fn=<AddBackward0>), loss_pre: tensor(0.7985, device='cuda:0', grad_fn=<NllLossBackward0>)[0m[0m
experiment  : INFO     [32m[32mTrain Accuracy = 0.871680497925327[0m[0m
experiment  : INFO     [32m[32mTest Accuracy = 0.8705394190871513[0m[0m
experiment  : INFO     [32m[32mstep: 20040 	 meta_lr 0.001000 	 training acc 0.828125 and training loss tensor(1.1447, device='cuda:0', grad_fn=<AddBackward0>), loss_auto: tensor(0.2743, device='cuda:0', grad_fn=<AddBackward0>), loss_pre: tensor(1.1173, device='cuda:0', grad_fn=<NllLossBackward0>)[0m[0m
experiment  : INFO     [32m[32mstep: 20080 	 meta_lr 0.001000 	 training acc 0.828125 and training loss tensor(0.6846, device='cuda:0', grad_fn=<AddBackward0>), loss_auto: tensor(0.2710, device='cuda:0', grad_fn=<AddBackward0>), loss_pre: tensor(0.6575, device='cuda:0', grad_fn=<NllLossBackward0>)[0m[0m
experiment  : INFO     [32m[32mstep: 20120 	 meta_lr 0.001000 	 training acc 0.828125 and training loss tensor(0.9494, device='cuda:0', grad_fn=<AddBackward0>), loss_auto: tensor(0.2728, device='cuda:0', grad_fn=<AddBackward0>), loss_pre: tensor(0.9221, device='cuda:0', grad_fn=<NllLossBackward0>)[0m[0m
experiment  : INFO     [32m[32mstep: 20160 	 meta_lr 0.001000 	 training acc 0.859375 and training loss tensor(0.5783, device='cuda:0', grad_fn=<AddBackward0>), loss_auto: tensor(0.2631, device='cuda:0', grad_fn=<AddBackward0>), loss_pre: tensor(0.5520, device='cuda:0', grad_fn=<NllLossBackward0>)[0m[0m
experiment  : INFO     [32m[32mstep: 20200 	 meta_lr 0.001000 	 training acc 0.828125 and training loss tensor(0.6888, device='cuda:0', grad_fn=<AddBackward0>), loss_auto: tensor(0.2716, device='cuda:0', grad_fn=<AddBackward0>), loss_pre: tensor(0.6617, device='cuda:0', grad_fn=<NllLossBackward0>)[0m[0m
experiment  : INFO     [32m[32mstep: 20240 	 meta_lr 0.001000 	 training acc 0.8125 and training loss tensor(1.3298, device='cuda:0', grad_fn=<AddBackward0>), loss_auto: tensor(0.2674, device='cuda:0', grad_fn=<AddBackward0>), loss_pre: tensor(1.3031, device='cuda:0', grad_fn=<NllLossBackward0>)[0m[0m
experiment  : INFO     [32m[32mstep: 20280 	 meta_lr 0.001000 	 training acc 0.9375 and training loss tensor(0.3974, device='cuda:0', grad_fn=<AddBackward0>), loss_auto: tensor(0.2744, device='cuda:0', grad_fn=<AddBackward0>), loss_pre: tensor(0.3699, device='cuda:0', grad_fn=<NllLossBackward0>)[0m[0m
experiment  : INFO     [32m[32mstep: 20320 	 meta_lr 0.001000 	 training acc 0.8125 and training loss tensor(0.6858, device='cuda:0', grad_fn=<AddBackward0>), loss_auto: tensor(0.2704, device='cuda:0', grad_fn=<AddBackward0>), loss_pre: tensor(0.6587, device='cuda:0', grad_fn=<NllLossBackward0>)[0m[0m
experiment  : INFO     [32m[32mstep: 20360 	 meta_lr 0.001000 	 training acc 0.90625 and training loss tensor(0.5587, device='cuda:0', grad_fn=<AddBackward0>), loss_auto: tensor(0.2721, device='cuda:0', grad_fn=<AddBackward0>), loss_pre: tensor(0.5315, device='cuda:0', grad_fn=<NllLossBackward0>)[0m[0m
experiment  : INFO     [32m[32mstep: 20400 	 meta_lr 0.001000 	 training acc 0.796875 and training loss tensor(1.2208, device='cuda:0', grad_fn=<AddBackward0>), loss_auto: tensor(0.2727, device='cuda:0', grad_fn=<AddBackward0>), loss_pre: tensor(1.1935, device='cuda:0', grad_fn=<NllLossBackward0>)[0m[0m
experiment  : INFO     [32m[32mstep: 20440 	 meta_lr 0.001000 	 training acc 0.9375 and training loss tensor(0.4894, device='cuda:0', grad_fn=<AddBackward0>), loss_auto: tensor(0.2707, device='cuda:0', grad_fn=<AddBackward0>), loss_pre: tensor(0.4623, device='cuda:0', grad_fn=<NllLossBackward0>)[0m[0m
experiment  : INFO     [32m[32mstep: 20480 	 meta_lr 0.001000 	 training acc 0.796875 and training loss tensor(1.3214, device='cuda:0', grad_fn=<AddBackward0>), loss_auto: tensor(0.2672, device='cuda:0', grad_fn=<AddBackward0>), loss_pre: tensor(1.2947, device='cuda:0', grad_fn=<NllLossBackward0>)[0m[0m
experiment  : INFO     [32m[32mTrain Accuracy = 0.8464211618257377[0m[0m
experiment  : INFO     [32m[32mTest Accuracy = 0.8485995850622517[0m[0m
experiment  : INFO     [32m[32mstep: 20520 	 meta_lr 0.001000 	 training acc 0.90625 and training loss tensor(0.3972, device='cuda:0', grad_fn=<AddBackward0>), loss_auto: tensor(0.2729, device='cuda:0', grad_fn=<AddBackward0>), loss_pre: tensor(0.3699, device='cuda:0', grad_fn=<NllLossBackward0>)[0m[0m
experiment  : INFO     [32m[32mstep: 20560 	 meta_lr 0.001000 	 training acc 0.84375 and training loss tensor(0.6751, device='cuda:0', grad_fn=<AddBackward0>), loss_auto: tensor(0.2705, device='cuda:0', grad_fn=<AddBackward0>), loss_pre: tensor(0.6481, device='cuda:0', grad_fn=<NllLossBackward0>)[0m[0m
experiment  : INFO     [32m[32mstep: 20600 	 meta_lr 0.001000 	 training acc 0.8125 and training loss tensor(1.0118, device='cuda:0', grad_fn=<AddBackward0>), loss_auto: tensor(0.2802, device='cuda:0', grad_fn=<AddBackward0>), loss_pre: tensor(0.9838, device='cuda:0', grad_fn=<NllLossBackward0>)[0m[0m
experiment  : INFO     [32m[32mstep: 20640 	 meta_lr 0.001000 	 training acc 0.859375 and training loss tensor(0.6651, device='cuda:0', grad_fn=<AddBackward0>), loss_auto: tensor(0.2723, device='cuda:0', grad_fn=<AddBackward0>), loss_pre: tensor(0.6379, device='cuda:0', grad_fn=<NllLossBackward0>)[0m[0m
experiment  : INFO     [32m[32mstep: 20680 	 meta_lr 0.001000 	 training acc 0.890625 and training loss tensor(0.4840, device='cuda:0', grad_fn=<AddBackward0>), loss_auto: tensor(0.2731, device='cuda:0', grad_fn=<AddBackward0>), loss_pre: tensor(0.4567, device='cuda:0', grad_fn=<NllLossBackward0>)[0m[0m
experiment  : INFO     [32m[32mstep: 20720 	 meta_lr 0.001000 	 training acc 0.75 and training loss tensor(0.7494, device='cuda:0', grad_fn=<AddBackward0>), loss_auto: tensor(0.2679, device='cuda:0', grad_fn=<AddBackward0>), loss_pre: tensor(0.7227, device='cuda:0', grad_fn=<NllLossBackward0>)[0m[0m
experiment  : INFO     [32m[32mstep: 20760 	 meta_lr 0.001000 	 training acc 0.90625 and training loss tensor(0.5177, device='cuda:0', grad_fn=<AddBackward0>), loss_auto: tensor(0.2678, device='cuda:0', grad_fn=<AddBackward0>), loss_pre: tensor(0.4910, device='cuda:0', grad_fn=<NllLossBackward0>)[0m[0m
experiment  : INFO     [32m[32mstep: 20800 	 meta_lr 0.001000 	 training acc 0.828125 and training loss tensor(0.7119, device='cuda:0', grad_fn=<AddBackward0>), loss_auto: tensor(0.2635, device='cuda:0', grad_fn=<AddBackward0>), loss_pre: tensor(0.6855, device='cuda:0', grad_fn=<NllLossBackward0>)[0m[0m
experiment  : INFO     [32m[32mstep: 20840 	 meta_lr 0.001000 	 training acc 0.875 and training loss tensor(0.6159, device='cuda:0', grad_fn=<AddBackward0>), loss_auto: tensor(0.2707, device='cuda:0', grad_fn=<AddBackward0>), loss_pre: tensor(0.5889, device='cuda:0', grad_fn=<NllLossBackward0>)[0m[0m
experiment  : INFO     [32m[32mstep: 20880 	 meta_lr 0.001000 	 training acc 0.75 and training loss tensor(1.2059, device='cuda:0', grad_fn=<AddBackward0>), loss_auto: tensor(0.2830, device='cuda:0', grad_fn=<AddBackward0>), loss_pre: tensor(1.1776, device='cuda:0', grad_fn=<NllLossBackward0>)[0m[0m
experiment  : INFO     [32m[32mstep: 20920 	 meta_lr 0.001000 	 training acc 0.921875 and training loss tensor(0.5291, device='cuda:0', grad_fn=<AddBackward0>), loss_auto: tensor(0.2720, device='cuda:0', grad_fn=<AddBackward0>), loss_pre: tensor(0.5019, device='cuda:0', grad_fn=<NllLossBackward0>)[0m[0m
experiment  : INFO     [32m[32mstep: 20960 	 meta_lr 0.001000 	 training acc 0.90625 and training loss tensor(0.4491, device='cuda:0', grad_fn=<AddBackward0>), loss_auto: tensor(0.2774, device='cuda:0', grad_fn=<AddBackward0>), loss_pre: tensor(0.4213, device='cuda:0', grad_fn=<NllLossBackward0>)[0m[0m
experiment  : INFO     [32m[32mstep: 21000 	 meta_lr 0.001000 	 training acc 0.84375 and training loss tensor(0.5482, device='cuda:0', grad_fn=<AddBackward0>), loss_auto: tensor(0.2730, device='cuda:0', grad_fn=<AddBackward0>), loss_pre: tensor(0.5209, device='cuda:0', grad_fn=<NllLossBackward0>)[0m[0m
experiment  : INFO     [32m[32mTrain Accuracy = 0.8588692946058187[0m[0m
experiment  : INFO     [32m[32mTest Accuracy = 0.8586618257261512[0m[0m
experiment  : INFO     [32m[32mstep: 21040 	 meta_lr 0.001000 	 training acc 0.875 and training loss tensor(0.6076, device='cuda:0', grad_fn=<AddBackward0>), loss_auto: tensor(0.2680, device='cuda:0', grad_fn=<AddBackward0>), loss_pre: tensor(0.5808, device='cuda:0', grad_fn=<NllLossBackward0>)[0m[0m
experiment  : INFO     [32m[32mstep: 21080 	 meta_lr 0.001000 	 training acc 0.84375 and training loss tensor(0.8957, device='cuda:0', grad_fn=<AddBackward0>), loss_auto: tensor(0.2701, device='cuda:0', grad_fn=<AddBackward0>), loss_pre: tensor(0.8687, device='cuda:0', grad_fn=<NllLossBackward0>)[0m[0m
experiment  : INFO     [32m[32mstep: 21120 	 meta_lr 0.001000 	 training acc 0.875 and training loss tensor(0.6647, device='cuda:0', grad_fn=<AddBackward0>), loss_auto: tensor(0.2741, device='cuda:0', grad_fn=<AddBackward0>), loss_pre: tensor(0.6373, device='cuda:0', grad_fn=<NllLossBackward0>)[0m[0m
experiment  : INFO     [32m[32mstep: 21160 	 meta_lr 0.001000 	 training acc 0.875 and training loss tensor(0.6401, device='cuda:0', grad_fn=<AddBackward0>), loss_auto: tensor(0.2717, device='cuda:0', grad_fn=<AddBackward0>), loss_pre: tensor(0.6129, device='cuda:0', grad_fn=<NllLossBackward0>)[0m[0m
experiment  : INFO     [32m[32mstep: 21200 	 meta_lr 0.001000 	 training acc 0.84375 and training loss tensor(0.7498, device='cuda:0', grad_fn=<AddBackward0>), loss_auto: tensor(0.2744, device='cuda:0', grad_fn=<AddBackward0>), loss_pre: tensor(0.7223, device='cuda:0', grad_fn=<NllLossBackward0>)[0m[0m
experiment  : INFO     [32m[32mstep: 21240 	 meta_lr 0.001000 	 training acc 0.828125 and training loss tensor(0.8321, device='cuda:0', grad_fn=<AddBackward0>), loss_auto: tensor(0.2769, device='cuda:0', grad_fn=<AddBackward0>), loss_pre: tensor(0.8044, device='cuda:0', grad_fn=<NllLossBackward0>)[0m[0m
experiment  : INFO     [32m[32mstep: 21280 	 meta_lr 0.001000 	 training acc 0.765625 and training loss tensor(0.6298, device='cuda:0', grad_fn=<AddBackward0>), loss_auto: tensor(0.2744, device='cuda:0', grad_fn=<AddBackward0>), loss_pre: tensor(0.6024, device='cuda:0', grad_fn=<NllLossBackward0>)[0m[0m
experiment  : INFO     [32m[32mstep: 21320 	 meta_lr 0.001000 	 training acc 0.890625 and training loss tensor(0.6103, device='cuda:0', grad_fn=<AddBackward0>), loss_auto: tensor(0.2787, device='cuda:0', grad_fn=<AddBackward0>), loss_pre: tensor(0.5824, device='cuda:0', grad_fn=<NllLossBackward0>)[0m[0m
experiment  : INFO     [32m[32mstep: 21360 	 meta_lr 0.001000 	 training acc 0.75 and training loss tensor(1.2410, device='cuda:0', grad_fn=<AddBackward0>), loss_auto: tensor(0.2712, device='cuda:0', grad_fn=<AddBackward0>), loss_pre: tensor(1.2139, device='cuda:0', grad_fn=<NllLossBackward0>)[0m[0m
experiment  : INFO     [32m[32mstep: 21400 	 meta_lr 0.001000 	 training acc 0.75 and training loss tensor(1.4326, device='cuda:0', grad_fn=<AddBackward0>), loss_auto: tensor(0.2728, device='cuda:0', grad_fn=<AddBackward0>), loss_pre: tensor(1.4053, device='cuda:0', grad_fn=<NllLossBackward0>)[0m[0m
experiment  : INFO     [32m[32mstep: 21440 	 meta_lr 0.001000 	 training acc 0.828125 and training loss tensor(0.7947, device='cuda:0', grad_fn=<AddBackward0>), loss_auto: tensor(0.2709, device='cuda:0', grad_fn=<AddBackward0>), loss_pre: tensor(0.7676, device='cuda:0', grad_fn=<NllLossBackward0>)[0m[0m
experiment  : INFO     [32m[32mstep: 21480 	 meta_lr 0.001000 	 training acc 0.859375 and training loss tensor(0.5089, device='cuda:0', grad_fn=<AddBackward0>), loss_auto: tensor(0.2718, device='cuda:0', grad_fn=<AddBackward0>), loss_pre: tensor(0.4817, device='cuda:0', grad_fn=<NllLossBackward0>)[0m[0m
experiment  : INFO     [32m[32mTrain Accuracy = 0.8593879668049913[0m[0m
experiment  : INFO     [32m[32mTest Accuracy = 0.8575726141078966[0m[0m
experiment  : INFO     [32m[32mstep: 21520 	 meta_lr 0.001000 	 training acc 0.78125 and training loss tensor(0.9553, device='cuda:0', grad_fn=<AddBackward0>), loss_auto: tensor(0.2732, device='cuda:0', grad_fn=<AddBackward0>), loss_pre: tensor(0.9279, device='cuda:0', grad_fn=<NllLossBackward0>)[0m[0m
experiment  : INFO     [32m[32mstep: 21560 	 meta_lr 0.001000 	 training acc 0.859375 and training loss tensor(0.7253, device='cuda:0', grad_fn=<AddBackward0>), loss_auto: tensor(0.2735, device='cuda:0', grad_fn=<AddBackward0>), loss_pre: tensor(0.6979, device='cuda:0', grad_fn=<NllLossBackward0>)[0m[0m
experiment  : INFO     [32m[32mstep: 21600 	 meta_lr 0.001000 	 training acc 0.890625 and training loss tensor(0.5106, device='cuda:0', grad_fn=<AddBackward0>), loss_auto: tensor(0.2749, device='cuda:0', grad_fn=<AddBackward0>), loss_pre: tensor(0.4831, device='cuda:0', grad_fn=<NllLossBackward0>)[0m[0m
experiment  : INFO     [32m[32mstep: 21640 	 meta_lr 0.001000 	 training acc 0.84375 and training loss tensor(0.7907, device='cuda:0', grad_fn=<AddBackward0>), loss_auto: tensor(0.2712, device='cuda:0', grad_fn=<AddBackward0>), loss_pre: tensor(0.7636, device='cuda:0', grad_fn=<NllLossBackward0>)[0m[0m
experiment  : INFO     [32m[32mstep: 21680 	 meta_lr 0.001000 	 training acc 0.890625 and training loss tensor(0.5232, device='cuda:0', grad_fn=<AddBackward0>), loss_auto: tensor(0.2788, device='cuda:0', grad_fn=<AddBackward0>), loss_pre: tensor(0.4953, device='cuda:0', grad_fn=<NllLossBackward0>)[0m[0m
experiment  : INFO     [32m[32mstep: 21720 	 meta_lr 0.001000 	 training acc 0.84375 and training loss tensor(0.6728, device='cuda:0', grad_fn=<AddBackward0>), loss_auto: tensor(0.2744, device='cuda:0', grad_fn=<AddBackward0>), loss_pre: tensor(0.6453, device='cuda:0', grad_fn=<NllLossBackward0>)[0m[0m
experiment  : INFO     [32m[32mstep: 21760 	 meta_lr 0.001000 	 training acc 0.921875 and training loss tensor(0.2915, device='cuda:0', grad_fn=<AddBackward0>), loss_auto: tensor(0.2693, device='cuda:0', grad_fn=<AddBackward0>), loss_pre: tensor(0.2646, device='cuda:0', grad_fn=<NllLossBackward0>)[0m[0m
experiment  : INFO     [32m[32mstep: 21800 	 meta_lr 0.001000 	 training acc 0.796875 and training loss tensor(0.9492, device='cuda:0', grad_fn=<AddBackward0>), loss_auto: tensor(0.2698, device='cuda:0', grad_fn=<AddBackward0>), loss_pre: tensor(0.9222, device='cuda:0', grad_fn=<NllLossBackward0>)[0m[0m
experiment  : INFO     [32m[32mstep: 21840 	 meta_lr 0.001000 	 training acc 0.8125 and training loss tensor(1.1233, device='cuda:0', grad_fn=<AddBackward0>), loss_auto: tensor(0.2669, device='cuda:0', grad_fn=<AddBackward0>), loss_pre: tensor(1.0966, device='cuda:0', grad_fn=<NllLossBackward0>)[0m[0m
experiment  : INFO     [32m[32mstep: 21880 	 meta_lr 0.001000 	 training acc 0.859375 and training loss tensor(0.6196, device='cuda:0', grad_fn=<AddBackward0>), loss_auto: tensor(0.2690, device='cuda:0', grad_fn=<AddBackward0>), loss_pre: tensor(0.5927, device='cuda:0', grad_fn=<NllLossBackward0>)[0m[0m
experiment  : INFO     [32m[32mstep: 21920 	 meta_lr 0.001000 	 training acc 0.78125 and training loss tensor(1.0162, device='cuda:0', grad_fn=<AddBackward0>), loss_auto: tensor(0.2698, device='cuda:0', grad_fn=<AddBackward0>), loss_pre: tensor(0.9892, device='cuda:0', grad_fn=<NllLossBackward0>)[0m[0m
experiment  : INFO     [32m[32mstep: 21960 	 meta_lr 0.001000 	 training acc 0.921875 and training loss tensor(0.4470, device='cuda:0', grad_fn=<AddBackward0>), loss_auto: tensor(0.2662, device='cuda:0', grad_fn=<AddBackward0>), loss_pre: tensor(0.4204, device='cuda:0', grad_fn=<NllLossBackward0>)[0m[0m
experiment  : INFO     [32m[32mstep: 22000 	 meta_lr 0.001000 	 training acc 0.90625 and training loss tensor(0.4878, device='cuda:0', grad_fn=<AddBackward0>), loss_auto: tensor(0.2649, device='cuda:0', grad_fn=<AddBackward0>), loss_pre: tensor(0.4613, device='cuda:0', grad_fn=<NllLossBackward0>)[0m[0m
experiment  : INFO     [32m[32mTrain Accuracy = 0.8773858921161971[0m[0m
experiment  : INFO     [32m[32mTest Accuracy = 0.8762966804979385[0m[0m
experiment  : INFO     [32m[32mstep: 22040 	 meta_lr 0.001000 	 training acc 0.8125 and training loss tensor(0.7401, device='cuda:0', grad_fn=<AddBackward0>), loss_auto: tensor(0.2667, device='cuda:0', grad_fn=<AddBackward0>), loss_pre: tensor(0.7134, device='cuda:0', grad_fn=<NllLossBackward0>)[0m[0m
experiment  : INFO     [32m[32mstep: 22080 	 meta_lr 0.001000 	 training acc 0.921875 and training loss tensor(0.3333, device='cuda:0', grad_fn=<AddBackward0>), loss_auto: tensor(0.2644, device='cuda:0', grad_fn=<AddBackward0>), loss_pre: tensor(0.3069, device='cuda:0', grad_fn=<NllLossBackward0>)[0m[0m
experiment  : INFO     [32m[32mstep: 22120 	 meta_lr 0.001000 	 training acc 0.890625 and training loss tensor(0.5630, device='cuda:0', grad_fn=<AddBackward0>), loss_auto: tensor(0.2693, device='cuda:0', grad_fn=<AddBackward0>), loss_pre: tensor(0.5361, device='cuda:0', grad_fn=<NllLossBackward0>)[0m[0m
experiment  : INFO     [32m[32mstep: 22160 	 meta_lr 0.001000 	 training acc 0.90625 and training loss tensor(0.5156, device='cuda:0', grad_fn=<AddBackward0>), loss_auto: tensor(0.2615, device='cuda:0', grad_fn=<AddBackward0>), loss_pre: tensor(0.4895, device='cuda:0', grad_fn=<NllLossBackward0>)[0m[0m
experiment  : INFO     [32m[32mstep: 22200 	 meta_lr 0.001000 	 training acc 0.78125 and training loss tensor(0.7351, device='cuda:0', grad_fn=<AddBackward0>), loss_auto: tensor(0.2679, device='cuda:0', grad_fn=<AddBackward0>), loss_pre: tensor(0.7083, device='cuda:0', grad_fn=<NllLossBackward0>)[0m[0m
experiment  : INFO     [32m[32mstep: 22240 	 meta_lr 0.001000 	 training acc 0.859375 and training loss tensor(0.6770, device='cuda:0', grad_fn=<AddBackward0>), loss_auto: tensor(0.2620, device='cuda:0', grad_fn=<AddBackward0>), loss_pre: tensor(0.6508, device='cuda:0', grad_fn=<NllLossBackward0>)[0m[0m
experiment  : INFO     [32m[32mstep: 22280 	 meta_lr 0.001000 	 training acc 0.890625 and training loss tensor(0.6374, device='cuda:0', grad_fn=<AddBackward0>), loss_auto: tensor(0.2701, device='cuda:0', grad_fn=<AddBackward0>), loss_pre: tensor(0.6104, device='cuda:0', grad_fn=<NllLossBackward0>)[0m[0m
experiment  : INFO     [32m[32mstep: 22320 	 meta_lr 0.001000 	 training acc 0.84375 and training loss tensor(0.6833, device='cuda:0', grad_fn=<AddBackward0>), loss_auto: tensor(0.2677, device='cuda:0', grad_fn=<AddBackward0>), loss_pre: tensor(0.6565, device='cuda:0', grad_fn=<NllLossBackward0>)[0m[0m
experiment  : INFO     [32m[32mstep: 22360 	 meta_lr 0.001000 	 training acc 0.859375 and training loss tensor(0.7941, device='cuda:0', grad_fn=<AddBackward0>), loss_auto: tensor(0.2637, device='cuda:0', grad_fn=<AddBackward0>), loss_pre: tensor(0.7678, device='cuda:0', grad_fn=<NllLossBackward0>)[0m[0m
experiment  : INFO     [32m[32mstep: 22400 	 meta_lr 0.001000 	 training acc 0.890625 and training loss tensor(1.0672, device='cuda:0', grad_fn=<AddBackward0>), loss_auto: tensor(0.2726, device='cuda:0', grad_fn=<AddBackward0>), loss_pre: tensor(1.0400, device='cuda:0', grad_fn=<NllLossBackward0>)[0m[0m
experiment  : INFO     [32m[32mstep: 22440 	 meta_lr 0.001000 	 training acc 0.90625 and training loss tensor(0.4208, device='cuda:0', grad_fn=<AddBackward0>), loss_auto: tensor(0.2706, device='cuda:0', grad_fn=<AddBackward0>), loss_pre: tensor(0.3937, device='cuda:0', grad_fn=<NllLossBackward0>)[0m[0m
experiment  : INFO     [32m[32mstep: 22480 	 meta_lr 0.001000 	 training acc 0.84375 and training loss tensor(0.5791, device='cuda:0', grad_fn=<AddBackward0>), loss_auto: tensor(0.2757, device='cuda:0', grad_fn=<AddBackward0>), loss_pre: tensor(0.5515, device='cuda:0', grad_fn=<NllLossBackward0>)[0m[0m
experiment  : INFO     [32m[32mTrain Accuracy = 0.8646784232365258[0m[0m
experiment  : INFO     [32m[32mTest Accuracy = 0.8681535269709676[0m[0m
experiment  : INFO     [32m[32mstep: 22520 	 meta_lr 0.001000 	 training acc 0.828125 and training loss tensor(0.6827, device='cuda:0', grad_fn=<AddBackward0>), loss_auto: tensor(0.2689, device='cuda:0', grad_fn=<AddBackward0>), loss_pre: tensor(0.6558, device='cuda:0', grad_fn=<NllLossBackward0>)[0m[0m
experiment  : INFO     [32m[32mstep: 22560 	 meta_lr 0.001000 	 training acc 0.921875 and training loss tensor(0.4540, device='cuda:0', grad_fn=<AddBackward0>), loss_auto: tensor(0.2699, device='cuda:0', grad_fn=<AddBackward0>), loss_pre: tensor(0.4270, device='cuda:0', grad_fn=<NllLossBackward0>)[0m[0m
experiment  : INFO     [32m[32mstep: 22600 	 meta_lr 0.001000 	 training acc 0.890625 and training loss tensor(0.6132, device='cuda:0', grad_fn=<AddBackward0>), loss_auto: tensor(0.2740, device='cuda:0', grad_fn=<AddBackward0>), loss_pre: tensor(0.5858, device='cuda:0', grad_fn=<NllLossBackward0>)[0m[0m
experiment  : INFO     [32m[32mstep: 22640 	 meta_lr 0.001000 	 training acc 0.796875 and training loss tensor(1.0176, device='cuda:0', grad_fn=<AddBackward0>), loss_auto: tensor(0.2712, device='cuda:0', grad_fn=<AddBackward0>), loss_pre: tensor(0.9905, device='cuda:0', grad_fn=<NllLossBackward0>)[0m[0m
experiment  : INFO     [32m[32mstep: 22680 	 meta_lr 0.001000 	 training acc 0.859375 and training loss tensor(0.6160, device='cuda:0', grad_fn=<AddBackward0>), loss_auto: tensor(0.2691, device='cuda:0', grad_fn=<AddBackward0>), loss_pre: tensor(0.5891, device='cuda:0', grad_fn=<NllLossBackward0>)[0m[0m
experiment  : INFO     [32m[32mstep: 22720 	 meta_lr 0.001000 	 training acc 0.84375 and training loss tensor(0.7919, device='cuda:0', grad_fn=<AddBackward0>), loss_auto: tensor(0.2772, device='cuda:0', grad_fn=<AddBackward0>), loss_pre: tensor(0.7642, device='cuda:0', grad_fn=<NllLossBackward0>)[0m[0m
experiment  : INFO     [32m[32mstep: 22760 	 meta_lr 0.001000 	 training acc 0.8125 and training loss tensor(0.8143, device='cuda:0', grad_fn=<AddBackward0>), loss_auto: tensor(0.2683, device='cuda:0', grad_fn=<AddBackward0>), loss_pre: tensor(0.7875, device='cuda:0', grad_fn=<NllLossBackward0>)[0m[0m
experiment  : INFO     [32m[32mstep: 22800 	 meta_lr 0.001000 	 training acc 0.828125 and training loss tensor(0.8357, device='cuda:0', grad_fn=<AddBackward0>), loss_auto: tensor(0.2686, device='cuda:0', grad_fn=<AddBackward0>), loss_pre: tensor(0.8088, device='cuda:0', grad_fn=<NllLossBackward0>)[0m[0m
experiment  : INFO     [32m[32mstep: 22840 	 meta_lr 0.001000 	 training acc 0.921875 and training loss tensor(0.3320, device='cuda:0', grad_fn=<AddBackward0>), loss_auto: tensor(0.2725, device='cuda:0', grad_fn=<AddBackward0>), loss_pre: tensor(0.3047, device='cuda:0', grad_fn=<NllLossBackward0>)[0m[0m
experiment  : INFO     [32m[32mstep: 22880 	 meta_lr 0.001000 	 training acc 0.78125 and training loss tensor(0.7795, device='cuda:0', grad_fn=<AddBackward0>), loss_auto: tensor(0.2693, device='cuda:0', grad_fn=<AddBackward0>), loss_pre: tensor(0.7526, device='cuda:0', grad_fn=<NllLossBackward0>)[0m[0m
experiment  : INFO     [32m[32mstep: 22920 	 meta_lr 0.001000 	 training acc 0.921875 and training loss tensor(0.4676, device='cuda:0', grad_fn=<AddBackward0>), loss_auto: tensor(0.2702, device='cuda:0', grad_fn=<AddBackward0>), loss_pre: tensor(0.4406, device='cuda:0', grad_fn=<NllLossBackward0>)[0m[0m
experiment  : INFO     [32m[32mstep: 22960 	 meta_lr 0.001000 	 training acc 0.765625 and training loss tensor(1.0543, device='cuda:0', grad_fn=<AddBackward0>), loss_auto: tensor(0.2814, device='cuda:0', grad_fn=<AddBackward0>), loss_pre: tensor(1.0261, device='cuda:0', grad_fn=<NllLossBackward0>)[0m[0m
experiment  : INFO     [32m[32mstep: 23000 	 meta_lr 0.001000 	 training acc 0.90625 and training loss tensor(0.5920, device='cuda:0', grad_fn=<AddBackward0>), loss_auto: tensor(0.2682, device='cuda:0', grad_fn=<AddBackward0>), loss_pre: tensor(0.5652, device='cuda:0', grad_fn=<NllLossBackward0>)[0m[0m
experiment  : INFO     [32m[32mTrain Accuracy = 0.8543049792531243[0m[0m
experiment  : INFO     [32m[32mTest Accuracy = 0.8503112033195144[0m[0m
experiment  : INFO     [32m[32mstep: 23040 	 meta_lr 0.001000 	 training acc 0.890625 and training loss tensor(0.4994, device='cuda:0', grad_fn=<AddBackward0>), loss_auto: tensor(0.2670, device='cuda:0', grad_fn=<AddBackward0>), loss_pre: tensor(0.4727, device='cuda:0', grad_fn=<NllLossBackward0>)[0m[0m
experiment  : INFO     [32m[32mstep: 23080 	 meta_lr 0.001000 	 training acc 0.875 and training loss tensor(0.6532, device='cuda:0', grad_fn=<AddBackward0>), loss_auto: tensor(0.2679, device='cuda:0', grad_fn=<AddBackward0>), loss_pre: tensor(0.6264, device='cuda:0', grad_fn=<NllLossBackward0>)[0m[0m
experiment  : INFO     [32m[32mstep: 23120 	 meta_lr 0.001000 	 training acc 0.953125 and training loss tensor(0.2746, device='cuda:0', grad_fn=<AddBackward0>), loss_auto: tensor(0.2688, device='cuda:0', grad_fn=<AddBackward0>), loss_pre: tensor(0.2477, device='cuda:0', grad_fn=<NllLossBackward0>)[0m[0m
experiment  : INFO     [32m[32mstep: 23160 	 meta_lr 0.001000 	 training acc 0.734375 and training loss tensor(0.9737, device='cuda:0', grad_fn=<AddBackward0>), loss_auto: tensor(0.2679, device='cuda:0', grad_fn=<AddBackward0>), loss_pre: tensor(0.9469, device='cuda:0', grad_fn=<NllLossBackward0>)[0m[0m
experiment  : INFO     [32m[32mstep: 23200 	 meta_lr 0.001000 	 training acc 0.828125 and training loss tensor(0.7977, device='cuda:0', grad_fn=<AddBackward0>), loss_auto: tensor(0.2700, device='cuda:0', grad_fn=<AddBackward0>), loss_pre: tensor(0.7707, device='cuda:0', grad_fn=<NllLossBackward0>)[0m[0m
experiment  : INFO     [32m[32mstep: 23240 	 meta_lr 0.001000 	 training acc 0.9375 and training loss tensor(0.4498, device='cuda:0', grad_fn=<AddBackward0>), loss_auto: tensor(0.2667, device='cuda:0', grad_fn=<AddBackward0>), loss_pre: tensor(0.4232, device='cuda:0', grad_fn=<NllLossBackward0>)[0m[0m
experiment  : INFO     [32m[32mstep: 23280 	 meta_lr 0.001000 	 training acc 0.828125 and training loss tensor(0.7947, device='cuda:0', grad_fn=<AddBackward0>), loss_auto: tensor(0.2702, device='cuda:0', grad_fn=<AddBackward0>), loss_pre: tensor(0.7677, device='cuda:0', grad_fn=<NllLossBackward0>)[0m[0m
experiment  : INFO     [32m[32mstep: 23320 	 meta_lr 0.001000 	 training acc 0.890625 and training loss tensor(0.5255, device='cuda:0', grad_fn=<AddBackward0>), loss_auto: tensor(0.2664, device='cuda:0', grad_fn=<AddBackward0>), loss_pre: tensor(0.4988, device='cuda:0', grad_fn=<NllLossBackward0>)[0m[0m
experiment  : INFO     [32m[32mstep: 23360 	 meta_lr 0.001000 	 training acc 0.75 and training loss tensor(1.0645, device='cuda:0', grad_fn=<AddBackward0>), loss_auto: tensor(0.2685, device='cuda:0', grad_fn=<AddBackward0>), loss_pre: tensor(1.0377, device='cuda:0', grad_fn=<NllLossBackward0>)[0m[0m
experiment  : INFO     [32m[32mstep: 23400 	 meta_lr 0.001000 	 training acc 0.875 and training loss tensor(0.3915, device='cuda:0', grad_fn=<AddBackward0>), loss_auto: tensor(0.2682, device='cuda:0', grad_fn=<AddBackward0>), loss_pre: tensor(0.3647, device='cuda:0', grad_fn=<NllLossBackward0>)[0m[0m
experiment  : INFO     [32m[32mstep: 23440 	 meta_lr 0.001000 	 training acc 0.796875 and training loss tensor(0.8407, device='cuda:0', grad_fn=<AddBackward0>), loss_auto: tensor(0.2682, device='cuda:0', grad_fn=<AddBackward0>), loss_pre: tensor(0.8139, device='cuda:0', grad_fn=<NllLossBackward0>)[0m[0m
experiment  : INFO     [32m[32mstep: 23480 	 meta_lr 0.001000 	 training acc 0.890625 and training loss tensor(0.5715, device='cuda:0', grad_fn=<AddBackward0>), loss_auto: tensor(0.2659, device='cuda:0', grad_fn=<AddBackward0>), loss_pre: tensor(0.5449, device='cuda:0', grad_fn=<NllLossBackward0>)[0m[0m
experiment  : INFO     [32m[32mTrain Accuracy = 0.8664419087137064[0m[0m
experiment  : INFO     [32m[32mTest Accuracy = 0.8662863070539552[0m[0m
experiment  : INFO     [32m[32mstep: 23520 	 meta_lr 0.001000 	 training acc 0.875 and training loss tensor(0.4832, device='cuda:0', grad_fn=<AddBackward0>), loss_auto: tensor(0.2623, device='cuda:0', grad_fn=<AddBackward0>), loss_pre: tensor(0.4570, device='cuda:0', grad_fn=<NllLossBackward0>)[0m[0m
experiment  : INFO     [32m[32mstep: 23560 	 meta_lr 0.001000 	 training acc 0.890625 and training loss tensor(0.6090, device='cuda:0', grad_fn=<AddBackward0>), loss_auto: tensor(0.2651, device='cuda:0', grad_fn=<AddBackward0>), loss_pre: tensor(0.5825, device='cuda:0', grad_fn=<NllLossBackward0>)[0m[0m
experiment  : INFO     [32m[32mstep: 23600 	 meta_lr 0.001000 	 training acc 0.703125 and training loss tensor(1.9597, device='cuda:0', grad_fn=<AddBackward0>), loss_auto: tensor(0.2651, device='cuda:0', grad_fn=<AddBackward0>), loss_pre: tensor(1.9332, device='cuda:0', grad_fn=<NllLossBackward0>)[0m[0m
experiment  : INFO     [32m[32mstep: 23640 	 meta_lr 0.001000 	 training acc 0.859375 and training loss tensor(0.6613, device='cuda:0', grad_fn=<AddBackward0>), loss_auto: tensor(0.2654, device='cuda:0', grad_fn=<AddBackward0>), loss_pre: tensor(0.6348, device='cuda:0', grad_fn=<NllLossBackward0>)[0m[0m
experiment  : INFO     [32m[32mstep: 23680 	 meta_lr 0.001000 	 training acc 0.8125 and training loss tensor(0.9038, device='cuda:0', grad_fn=<AddBackward0>), loss_auto: tensor(0.2647, device='cuda:0', grad_fn=<AddBackward0>), loss_pre: tensor(0.8773, device='cuda:0', grad_fn=<NllLossBackward0>)[0m[0m
experiment  : INFO     [32m[32mstep: 23720 	 meta_lr 0.001000 	 training acc 0.84375 and training loss tensor(0.7745, device='cuda:0', grad_fn=<AddBackward0>), loss_auto: tensor(0.2663, device='cuda:0', grad_fn=<AddBackward0>), loss_pre: tensor(0.7479, device='cuda:0', grad_fn=<NllLossBackward0>)[0m[0m
experiment  : INFO     [32m[32mstep: 23760 	 meta_lr 0.001000 	 training acc 0.921875 and training loss tensor(0.4537, device='cuda:0', grad_fn=<AddBackward0>), loss_auto: tensor(0.2699, device='cuda:0', grad_fn=<AddBackward0>), loss_pre: tensor(0.4267, device='cuda:0', grad_fn=<NllLossBackward0>)[0m[0m
experiment  : INFO     [32m[32mstep: 23800 	 meta_lr 0.001000 	 training acc 0.875 and training loss tensor(0.5799, device='cuda:0', grad_fn=<AddBackward0>), loss_auto: tensor(0.2756, device='cuda:0', grad_fn=<AddBackward0>), loss_pre: tensor(0.5523, device='cuda:0', grad_fn=<NllLossBackward0>)[0m[0m
experiment  : INFO     [32m[32mstep: 23840 	 meta_lr 0.001000 	 training acc 0.890625 and training loss tensor(0.5403, device='cuda:0', grad_fn=<AddBackward0>), loss_auto: tensor(0.2668, device='cuda:0', grad_fn=<AddBackward0>), loss_pre: tensor(0.5137, device='cuda:0', grad_fn=<NllLossBackward0>)[0m[0m
experiment  : INFO     [32m[32mstep: 23880 	 meta_lr 0.001000 	 training acc 0.890625 and training loss tensor(0.6263, device='cuda:0', grad_fn=<AddBackward0>), loss_auto: tensor(0.2693, device='cuda:0', grad_fn=<AddBackward0>), loss_pre: tensor(0.5994, device='cuda:0', grad_fn=<NllLossBackward0>)[0m[0m
experiment  : INFO     [32m[32mstep: 23920 	 meta_lr 0.001000 	 training acc 0.796875 and training loss tensor(0.7289, device='cuda:0', grad_fn=<AddBackward0>), loss_auto: tensor(0.2734, device='cuda:0', grad_fn=<AddBackward0>), loss_pre: tensor(0.7016, device='cuda:0', grad_fn=<NllLossBackward0>)[0m[0m
experiment  : INFO     [32m[32mstep: 23960 	 meta_lr 0.001000 	 training acc 0.859375 and training loss tensor(0.5973, device='cuda:0', grad_fn=<AddBackward0>), loss_auto: tensor(0.2778, device='cuda:0', grad_fn=<AddBackward0>), loss_pre: tensor(0.5695, device='cuda:0', grad_fn=<NllLossBackward0>)[0m[0m
experiment  : INFO     [32m[32mstep: 24000 	 meta_lr 0.001000 	 training acc 0.859375 and training loss tensor(0.5183, device='cuda:0', grad_fn=<AddBackward0>), loss_auto: tensor(0.2694, device='cuda:0', grad_fn=<AddBackward0>), loss_pre: tensor(0.4914, device='cuda:0', grad_fn=<NllLossBackward0>)[0m[0m
experiment  : INFO     [32m[32mTrain Accuracy = 0.8686721991701392[0m[0m
experiment  : INFO     [32m[32mTest Accuracy = 0.8709543568464868[0m[0m
experiment  : INFO     [32m[32mstep: 24040 	 meta_lr 0.001000 	 training acc 0.859375 and training loss tensor(0.6465, device='cuda:0', grad_fn=<AddBackward0>), loss_auto: tensor(0.2689, device='cuda:0', grad_fn=<AddBackward0>), loss_pre: tensor(0.6196, device='cuda:0', grad_fn=<NllLossBackward0>)[0m[0m
experiment  : INFO     [32m[32mstep: 24080 	 meta_lr 0.001000 	 training acc 0.84375 and training loss tensor(0.4850, device='cuda:0', grad_fn=<AddBackward0>), loss_auto: tensor(0.2709, device='cuda:0', grad_fn=<AddBackward0>), loss_pre: tensor(0.4579, device='cuda:0', grad_fn=<NllLossBackward0>)[0m[0m
experiment  : INFO     [32m[32mstep: 24120 	 meta_lr 0.001000 	 training acc 0.875 and training loss tensor(0.4788, device='cuda:0', grad_fn=<AddBackward0>), loss_auto: tensor(0.2754, device='cuda:0', grad_fn=<AddBackward0>), loss_pre: tensor(0.4513, device='cuda:0', grad_fn=<NllLossBackward0>)[0m[0m
experiment  : INFO     [32m[32mstep: 24160 	 meta_lr 0.001000 	 training acc 0.90625 and training loss tensor(0.5391, device='cuda:0', grad_fn=<AddBackward0>), loss_auto: tensor(0.2685, device='cuda:0', grad_fn=<AddBackward0>), loss_pre: tensor(0.5122, device='cuda:0', grad_fn=<NllLossBackward0>)[0m[0m
experiment  : INFO     [32m[32mstep: 24200 	 meta_lr 0.001000 	 training acc 0.859375 and training loss tensor(0.8467, device='cuda:0', grad_fn=<AddBackward0>), loss_auto: tensor(0.2698, device='cuda:0', grad_fn=<AddBackward0>), loss_pre: tensor(0.8197, device='cuda:0', grad_fn=<NllLossBackward0>)[0m[0m
experiment  : INFO     [32m[32mstep: 24240 	 meta_lr 0.001000 	 training acc 0.734375 and training loss tensor(1.5332, device='cuda:0', grad_fn=<AddBackward0>), loss_auto: tensor(0.2668, device='cuda:0', grad_fn=<AddBackward0>), loss_pre: tensor(1.5065, device='cuda:0', grad_fn=<NllLossBackward0>)[0m[0m
experiment  : INFO     [32m[32mstep: 24280 	 meta_lr 0.001000 	 training acc 0.84375 and training loss tensor(0.6814, device='cuda:0', grad_fn=<AddBackward0>), loss_auto: tensor(0.2756, device='cuda:0', grad_fn=<AddBackward0>), loss_pre: tensor(0.6539, device='cuda:0', grad_fn=<NllLossBackward0>)[0m[0m
experiment  : INFO     [32m[32mstep: 24320 	 meta_lr 0.001000 	 training acc 0.8125 and training loss tensor(0.8356, device='cuda:0', grad_fn=<AddBackward0>), loss_auto: tensor(0.2686, device='cuda:0', grad_fn=<AddBackward0>), loss_pre: tensor(0.8088, device='cuda:0', grad_fn=<NllLossBackward0>)[0m[0m
experiment  : INFO     [32m[32mstep: 24360 	 meta_lr 0.001000 	 training acc 0.828125 and training loss tensor(0.6169, device='cuda:0', grad_fn=<AddBackward0>), loss_auto: tensor(0.2700, device='cuda:0', grad_fn=<AddBackward0>), loss_pre: tensor(0.5899, device='cuda:0', grad_fn=<NllLossBackward0>)[0m[0m
experiment  : INFO     [32m[32mstep: 24400 	 meta_lr 0.001000 	 training acc 0.859375 and training loss tensor(0.7242, device='cuda:0', grad_fn=<AddBackward0>), loss_auto: tensor(0.2734, device='cuda:0', grad_fn=<AddBackward0>), loss_pre: tensor(0.6969, device='cuda:0', grad_fn=<NllLossBackward0>)[0m[0m
experiment  : INFO     [32m[32mstep: 24440 	 meta_lr 0.001000 	 training acc 0.9375 and training loss tensor(0.6309, device='cuda:0', grad_fn=<AddBackward0>), loss_auto: tensor(0.2692, device='cuda:0', grad_fn=<AddBackward0>), loss_pre: tensor(0.6039, device='cuda:0', grad_fn=<NllLossBackward0>)[0m[0m
experiment  : INFO     [32m[32mstep: 24480 	 meta_lr 0.001000 	 training acc 0.90625 and training loss tensor(0.3442, device='cuda:0', grad_fn=<AddBackward0>), loss_auto: tensor(0.2717, device='cuda:0', grad_fn=<AddBackward0>), loss_pre: tensor(0.3170, device='cuda:0', grad_fn=<NllLossBackward0>)[0m[0m
experiment  : INFO     [32m[32mTrain Accuracy = 0.8731327800830022[0m[0m
experiment  : INFO     [32m[32mTest Accuracy = 0.8772821576763628[0m[0m
experiment  : INFO     [32m[32mstep: 24520 	 meta_lr 0.001000 	 training acc 0.921875 and training loss tensor(0.3751, device='cuda:0', grad_fn=<AddBackward0>), loss_auto: tensor(0.2731, device='cuda:0', grad_fn=<AddBackward0>), loss_pre: tensor(0.3478, device='cuda:0', grad_fn=<NllLossBackward0>)[0m[0m
experiment  : INFO     [32m[32mstep: 24560 	 meta_lr 0.001000 	 training acc 0.921875 and training loss tensor(0.3493, device='cuda:0', grad_fn=<AddBackward0>), loss_auto: tensor(0.2722, device='cuda:0', grad_fn=<AddBackward0>), loss_pre: tensor(0.3221, device='cuda:0', grad_fn=<NllLossBackward0>)[0m[0m
experiment  : INFO     [32m[32mstep: 24600 	 meta_lr 0.001000 	 training acc 0.859375 and training loss tensor(0.8232, device='cuda:0', grad_fn=<AddBackward0>), loss_auto: tensor(0.2664, device='cuda:0', grad_fn=<AddBackward0>), loss_pre: tensor(0.7965, device='cuda:0', grad_fn=<NllLossBackward0>)[0m[0m
experiment  : INFO     [32m[32mstep: 24640 	 meta_lr 0.001000 	 training acc 0.859375 and training loss tensor(0.6352, device='cuda:0', grad_fn=<AddBackward0>), loss_auto: tensor(0.2729, device='cuda:0', grad_fn=<AddBackward0>), loss_pre: tensor(0.6079, device='cuda:0', grad_fn=<NllLossBackward0>)[0m[0m
experiment  : INFO     [32m[32mstep: 24680 	 meta_lr 0.001000 	 training acc 0.765625 and training loss tensor(1.1869, device='cuda:0', grad_fn=<AddBackward0>), loss_auto: tensor(0.2680, device='cuda:0', grad_fn=<AddBackward0>), loss_pre: tensor(1.1601, device='cuda:0', grad_fn=<NllLossBackward0>)[0m[0m
experiment  : INFO     [32m[32mstep: 24720 	 meta_lr 0.001000 	 training acc 0.921875 and training loss tensor(0.4822, device='cuda:0', grad_fn=<AddBackward0>), loss_auto: tensor(0.2718, device='cuda:0', grad_fn=<AddBackward0>), loss_pre: tensor(0.4550, device='cuda:0', grad_fn=<NllLossBackward0>)[0m[0m
experiment  : INFO     [32m[32mstep: 24760 	 meta_lr 0.001000 	 training acc 0.8125 and training loss tensor(0.8714, device='cuda:0', grad_fn=<AddBackward0>), loss_auto: tensor(0.2733, device='cuda:0', grad_fn=<AddBackward0>), loss_pre: tensor(0.8440, device='cuda:0', grad_fn=<NllLossBackward0>)[0m[0m
experiment  : INFO     [32m[32mstep: 24800 	 meta_lr 0.001000 	 training acc 0.875 and training loss tensor(0.6038, device='cuda:0', grad_fn=<AddBackward0>), loss_auto: tensor(0.2709, device='cuda:0', grad_fn=<AddBackward0>), loss_pre: tensor(0.5767, device='cuda:0', grad_fn=<NllLossBackward0>)[0m[0m
experiment  : INFO     [32m[32mstep: 24840 	 meta_lr 0.001000 	 training acc 0.796875 and training loss tensor(0.9304, device='cuda:0', grad_fn=<AddBackward0>), loss_auto: tensor(0.2641, device='cuda:0', grad_fn=<AddBackward0>), loss_pre: tensor(0.9040, device='cuda:0', grad_fn=<NllLossBackward0>)[0m[0m
experiment  : INFO     [32m[32mstep: 24880 	 meta_lr 0.001000 	 training acc 0.78125 and training loss tensor(0.9171, device='cuda:0', grad_fn=<AddBackward0>), loss_auto: tensor(0.2670, device='cuda:0', grad_fn=<AddBackward0>), loss_pre: tensor(0.8903, device='cuda:0', grad_fn=<NllLossBackward0>)[0m[0m
experiment  : INFO     [32m[32mstep: 24920 	 meta_lr 0.001000 	 training acc 0.921875 and training loss tensor(0.3771, device='cuda:0', grad_fn=<AddBackward0>), loss_auto: tensor(0.2694, device='cuda:0', grad_fn=<AddBackward0>), loss_pre: tensor(0.3502, device='cuda:0', grad_fn=<NllLossBackward0>)[0m[0m
experiment  : INFO     [32m[32mstep: 24960 	 meta_lr 0.001000 	 training acc 0.921875 and training loss tensor(0.2498, device='cuda:0', grad_fn=<AddBackward0>), loss_auto: tensor(0.2685, device='cuda:0', grad_fn=<AddBackward0>), loss_pre: tensor(0.2229, device='cuda:0', grad_fn=<NllLossBackward0>)[0m[0m
experiment  : INFO     [32m[32mstep: 25000 	 meta_lr 0.001000 	 training acc 0.921875 and training loss tensor(0.4674, device='cuda:0', grad_fn=<AddBackward0>), loss_auto: tensor(0.2711, device='cuda:0', grad_fn=<AddBackward0>), loss_pre: tensor(0.4402, device='cuda:0', grad_fn=<NllLossBackward0>)[0m[0m
experiment  : INFO     [32m[32mTrain Accuracy = 0.8848547717842468[0m[0m
experiment  : INFO     [32m[32mTest Accuracy = 0.8863589211618412[0m[0m
experiment  : INFO     [32m[32mstep: 25040 	 meta_lr 0.001000 	 training acc 0.890625 and training loss tensor(0.7551, device='cuda:0', grad_fn=<AddBackward0>), loss_auto: tensor(0.2685, device='cuda:0', grad_fn=<AddBackward0>), loss_pre: tensor(0.7283, device='cuda:0', grad_fn=<NllLossBackward0>)[0m[0m
experiment  : INFO     [32m[32mstep: 25080 	 meta_lr 0.001000 	 training acc 0.875 and training loss tensor(0.5681, device='cuda:0', grad_fn=<AddBackward0>), loss_auto: tensor(0.2681, device='cuda:0', grad_fn=<AddBackward0>), loss_pre: tensor(0.5413, device='cuda:0', grad_fn=<NllLossBackward0>)[0m[0m
experiment  : INFO     [32m[32mstep: 25120 	 meta_lr 0.001000 	 training acc 0.90625 and training loss tensor(0.5543, device='cuda:0', grad_fn=<AddBackward0>), loss_auto: tensor(0.2683, device='cuda:0', grad_fn=<AddBackward0>), loss_pre: tensor(0.5275, device='cuda:0', grad_fn=<NllLossBackward0>)[0m[0m
experiment  : INFO     [32m[32mstep: 25160 	 meta_lr 0.001000 	 training acc 0.90625 and training loss tensor(0.6289, device='cuda:0', grad_fn=<AddBackward0>), loss_auto: tensor(0.2698, device='cuda:0', grad_fn=<AddBackward0>), loss_pre: tensor(0.6019, device='cuda:0', grad_fn=<NllLossBackward0>)[0m[0m
experiment  : INFO     [32m[32mstep: 25200 	 meta_lr 0.001000 	 training acc 0.84375 and training loss tensor(0.5713, device='cuda:0', grad_fn=<AddBackward0>), loss_auto: tensor(0.2719, device='cuda:0', grad_fn=<AddBackward0>), loss_pre: tensor(0.5441, device='cuda:0', grad_fn=<NllLossBackward0>)[0m[0m
experiment  : INFO     [32m[32mstep: 25240 	 meta_lr 0.001000 	 training acc 0.78125 and training loss tensor(0.7184, device='cuda:0', grad_fn=<AddBackward0>), loss_auto: tensor(0.2726, device='cuda:0', grad_fn=<AddBackward0>), loss_pre: tensor(0.6912, device='cuda:0', grad_fn=<NllLossBackward0>)[0m[0m
experiment  : INFO     [32m[32mstep: 25280 	 meta_lr 0.001000 	 training acc 0.90625 and training loss tensor(0.4941, device='cuda:0', grad_fn=<AddBackward0>), loss_auto: tensor(0.2690, device='cuda:0', grad_fn=<AddBackward0>), loss_pre: tensor(0.4672, device='cuda:0', grad_fn=<NllLossBackward0>)[0m[0m
experiment  : INFO     [32m[32mstep: 25320 	 meta_lr 0.001000 	 training acc 0.84375 and training loss tensor(0.8350, device='cuda:0', grad_fn=<AddBackward0>), loss_auto: tensor(0.2710, device='cuda:0', grad_fn=<AddBackward0>), loss_pre: tensor(0.8079, device='cuda:0', grad_fn=<NllLossBackward0>)[0m[0m
experiment  : INFO     [32m[32mstep: 25360 	 meta_lr 0.001000 	 training acc 0.828125 and training loss tensor(0.8222, device='cuda:0', grad_fn=<AddBackward0>), loss_auto: tensor(0.2694, device='cuda:0', grad_fn=<AddBackward0>), loss_pre: tensor(0.7953, device='cuda:0', grad_fn=<NllLossBackward0>)[0m[0m
experiment  : INFO     [32m[32mstep: 25400 	 meta_lr 0.001000 	 training acc 0.78125 and training loss tensor(0.9816, device='cuda:0', grad_fn=<AddBackward0>), loss_auto: tensor(0.2666, device='cuda:0', grad_fn=<AddBackward0>), loss_pre: tensor(0.9550, device='cuda:0', grad_fn=<NllLossBackward0>)[0m[0m
experiment  : INFO     [32m[32mstep: 25440 	 meta_lr 0.001000 	 training acc 0.8125 and training loss tensor(1.9782, device='cuda:0', grad_fn=<AddBackward0>), loss_auto: tensor(0.2707, device='cuda:0', grad_fn=<AddBackward0>), loss_pre: tensor(1.9512, device='cuda:0', grad_fn=<NllLossBackward0>)[0m[0m
experiment  : INFO     [32m[32mstep: 25480 	 meta_lr 0.001000 	 training acc 0.90625 and training loss tensor(0.4206, device='cuda:0', grad_fn=<AddBackward0>), loss_auto: tensor(0.2755, device='cuda:0', grad_fn=<AddBackward0>), loss_pre: tensor(0.3930, device='cuda:0', grad_fn=<NllLossBackward0>)[0m[0m
experiment  : INFO     [32m[32mTrain Accuracy = 0.8737033195020883[0m[0m
experiment  : INFO     [32m[32mTest Accuracy = 0.8707987551867344[0m[0m
experiment  : INFO     [32m[32mstep: 25520 	 meta_lr 0.001000 	 training acc 0.8125 and training loss tensor(0.7136, device='cuda:0', grad_fn=<AddBackward0>), loss_auto: tensor(0.2673, device='cuda:0', grad_fn=<AddBackward0>), loss_pre: tensor(0.6868, device='cuda:0', grad_fn=<NllLossBackward0>)[0m[0m
experiment  : INFO     [32m[32mstep: 25560 	 meta_lr 0.001000 	 training acc 0.890625 and training loss tensor(0.5633, device='cuda:0', grad_fn=<AddBackward0>), loss_auto: tensor(0.2760, device='cuda:0', grad_fn=<AddBackward0>), loss_pre: tensor(0.5357, device='cuda:0', grad_fn=<NllLossBackward0>)[0m[0m
experiment  : INFO     [32m[32mstep: 25600 	 meta_lr 0.001000 	 training acc 0.8125 and training loss tensor(0.9376, device='cuda:0', grad_fn=<AddBackward0>), loss_auto: tensor(0.2687, device='cuda:0', grad_fn=<AddBackward0>), loss_pre: tensor(0.9108, device='cuda:0', grad_fn=<NllLossBackward0>)[0m[0m
experiment  : INFO     [32m[32mstep: 25640 	 meta_lr 0.001000 	 training acc 0.921875 and training loss tensor(0.3902, device='cuda:0', grad_fn=<AddBackward0>), loss_auto: tensor(0.2639, device='cuda:0', grad_fn=<AddBackward0>), loss_pre: tensor(0.3638, device='cuda:0', grad_fn=<NllLossBackward0>)[0m[0m
experiment  : INFO     [32m[32mstep: 25680 	 meta_lr 0.001000 	 training acc 0.8125 and training loss tensor(0.6200, device='cuda:0', grad_fn=<AddBackward0>), loss_auto: tensor(0.2677, device='cuda:0', grad_fn=<AddBackward0>), loss_pre: tensor(0.5932, device='cuda:0', grad_fn=<NllLossBackward0>)[0m[0m
experiment  : INFO     [32m[32mstep: 25720 	 meta_lr 0.001000 	 training acc 0.921875 and training loss tensor(0.5781, device='cuda:0', grad_fn=<AddBackward0>), loss_auto: tensor(0.2644, device='cuda:0', grad_fn=<AddBackward0>), loss_pre: tensor(0.5516, device='cuda:0', grad_fn=<NllLossBackward0>)[0m[0m
experiment  : INFO     [32m[32mstep: 25760 	 meta_lr 0.001000 	 training acc 0.90625 and training loss tensor(0.5447, device='cuda:0', grad_fn=<AddBackward0>), loss_auto: tensor(0.2644, device='cuda:0', grad_fn=<AddBackward0>), loss_pre: tensor(0.5182, device='cuda:0', grad_fn=<NllLossBackward0>)[0m[0m
experiment  : INFO     [32m[32mstep: 25800 	 meta_lr 0.001000 	 training acc 0.84375 and training loss tensor(0.8766, device='cuda:0', grad_fn=<AddBackward0>), loss_auto: tensor(0.2648, device='cuda:0', grad_fn=<AddBackward0>), loss_pre: tensor(0.8501, device='cuda:0', grad_fn=<NllLossBackward0>)[0m[0m
experiment  : INFO     [32m[32mstep: 25840 	 meta_lr 0.001000 	 training acc 0.90625 and training loss tensor(0.3833, device='cuda:0', grad_fn=<AddBackward0>), loss_auto: tensor(0.2679, device='cuda:0', grad_fn=<AddBackward0>), loss_pre: tensor(0.3565, device='cuda:0', grad_fn=<NllLossBackward0>)[0m[0m
experiment  : INFO     [32m[32mstep: 25880 	 meta_lr 0.001000 	 training acc 0.875 and training loss tensor(0.4460, device='cuda:0', grad_fn=<AddBackward0>), loss_auto: tensor(0.2625, device='cuda:0', grad_fn=<AddBackward0>), loss_pre: tensor(0.4198, device='cuda:0', grad_fn=<NllLossBackward0>)[0m[0m
experiment  : INFO     [32m[32mstep: 25920 	 meta_lr 0.001000 	 training acc 0.90625 and training loss tensor(0.4119, device='cuda:0', grad_fn=<AddBackward0>), loss_auto: tensor(0.2655, device='cuda:0', grad_fn=<AddBackward0>), loss_pre: tensor(0.3853, device='cuda:0', grad_fn=<NllLossBackward0>)[0m[0m
experiment  : INFO     [32m[32mstep: 25960 	 meta_lr 0.001000 	 training acc 0.875 and training loss tensor(0.4341, device='cuda:0', grad_fn=<AddBackward0>), loss_auto: tensor(0.2658, device='cuda:0', grad_fn=<AddBackward0>), loss_pre: tensor(0.4075, device='cuda:0', grad_fn=<NllLossBackward0>)[0m[0m
experiment  : INFO     [32m[32mstep: 26000 	 meta_lr 0.001000 	 training acc 0.84375 and training loss tensor(0.6277, device='cuda:0', grad_fn=<AddBackward0>), loss_auto: tensor(0.2744, device='cuda:0', grad_fn=<AddBackward0>), loss_pre: tensor(0.6003, device='cuda:0', grad_fn=<NllLossBackward0>)[0m[0m
experiment  : INFO     [32m[32mTrain Accuracy = 0.8744294605809245[0m[0m
experiment  : INFO     [32m[32mTest Accuracy = 0.8743775933610077[0m[0m
experiment  : INFO     [32m[32mstep: 26040 	 meta_lr 0.001000 	 training acc 0.796875 and training loss tensor(0.8029, device='cuda:0', grad_fn=<AddBackward0>), loss_auto: tensor(0.2734, device='cuda:0', grad_fn=<AddBackward0>), loss_pre: tensor(0.7755, device='cuda:0', grad_fn=<NllLossBackward0>)[0m[0m
experiment  : INFO     [32m[32mstep: 26080 	 meta_lr 0.001000 	 training acc 0.90625 and training loss tensor(0.6692, device='cuda:0', grad_fn=<AddBackward0>), loss_auto: tensor(0.2679, device='cuda:0', grad_fn=<AddBackward0>), loss_pre: tensor(0.6424, device='cuda:0', grad_fn=<NllLossBackward0>)[0m[0m
experiment  : INFO     [32m[32mstep: 26120 	 meta_lr 0.001000 	 training acc 0.890625 and training loss tensor(0.4098, device='cuda:0', grad_fn=<AddBackward0>), loss_auto: tensor(0.2671, device='cuda:0', grad_fn=<AddBackward0>), loss_pre: tensor(0.3831, device='cuda:0', grad_fn=<NllLossBackward0>)[0m[0m
experiment  : INFO     [32m[32mstep: 26160 	 meta_lr 0.001000 	 training acc 0.875 and training loss tensor(0.4060, device='cuda:0', grad_fn=<AddBackward0>), loss_auto: tensor(0.2694, device='cuda:0', grad_fn=<AddBackward0>), loss_pre: tensor(0.3791, device='cuda:0', grad_fn=<NllLossBackward0>)[0m[0m
experiment  : INFO     [32m[32mstep: 26200 	 meta_lr 0.001000 	 training acc 0.890625 and training loss tensor(0.5458, device='cuda:0', grad_fn=<AddBackward0>), loss_auto: tensor(0.2662, device='cuda:0', grad_fn=<AddBackward0>), loss_pre: tensor(0.5192, device='cuda:0', grad_fn=<NllLossBackward0>)[0m[0m
experiment  : INFO     [32m[32mstep: 26240 	 meta_lr 0.001000 	 training acc 0.890625 and training loss tensor(0.5766, device='cuda:0', grad_fn=<AddBackward0>), loss_auto: tensor(0.2677, device='cuda:0', grad_fn=<AddBackward0>), loss_pre: tensor(0.5499, device='cuda:0', grad_fn=<NllLossBackward0>)[0m[0m
experiment  : INFO     [32m[32mstep: 26280 	 meta_lr 0.001000 	 training acc 0.890625 and training loss tensor(0.9568, device='cuda:0', grad_fn=<AddBackward0>), loss_auto: tensor(0.2655, device='cuda:0', grad_fn=<AddBackward0>), loss_pre: tensor(0.9303, device='cuda:0', grad_fn=<NllLossBackward0>)[0m[0m
experiment  : INFO     [32m[32mstep: 26320 	 meta_lr 0.001000 	 training acc 0.859375 and training loss tensor(0.5880, device='cuda:0', grad_fn=<AddBackward0>), loss_auto: tensor(0.2681, device='cuda:0', grad_fn=<AddBackward0>), loss_pre: tensor(0.5611, device='cuda:0', grad_fn=<NllLossBackward0>)[0m[0m
experiment  : INFO     [32m[32mstep: 26360 	 meta_lr 0.001000 	 training acc 0.84375 and training loss tensor(0.8183, device='cuda:0', grad_fn=<AddBackward0>), loss_auto: tensor(0.2700, device='cuda:0', grad_fn=<AddBackward0>), loss_pre: tensor(0.7913, device='cuda:0', grad_fn=<NllLossBackward0>)[0m[0m
experiment  : INFO     [32m[32mstep: 26400 	 meta_lr 0.001000 	 training acc 0.90625 and training loss tensor(0.5456, device='cuda:0', grad_fn=<AddBackward0>), loss_auto: tensor(0.2698, device='cuda:0', grad_fn=<AddBackward0>), loss_pre: tensor(0.5186, device='cuda:0', grad_fn=<NllLossBackward0>)[0m[0m
experiment  : INFO     [32m[32mstep: 26440 	 meta_lr 0.001000 	 training acc 0.796875 and training loss tensor(1.0694, device='cuda:0', grad_fn=<AddBackward0>), loss_auto: tensor(0.2685, device='cuda:0', grad_fn=<AddBackward0>), loss_pre: tensor(1.0426, device='cuda:0', grad_fn=<NllLossBackward0>)[0m[0m
experiment  : INFO     [32m[32mstep: 26480 	 meta_lr 0.001000 	 training acc 0.90625 and training loss tensor(0.3736, device='cuda:0', grad_fn=<AddBackward0>), loss_auto: tensor(0.2679, device='cuda:0', grad_fn=<AddBackward0>), loss_pre: tensor(0.3469, device='cuda:0', grad_fn=<NllLossBackward0>)[0m[0m
experiment  : INFO     [32m[32mTrain Accuracy = 0.8796680497925438[0m[0m
experiment  : INFO     [32m[32mTest Accuracy = 0.8806535269709684[0m[0m
experiment  : INFO     [32m[32mstep: 26520 	 meta_lr 0.001000 	 training acc 0.859375 and training loss tensor(0.7304, device='cuda:0', grad_fn=<AddBackward0>), loss_auto: tensor(0.2624, device='cuda:0', grad_fn=<AddBackward0>), loss_pre: tensor(0.7042, device='cuda:0', grad_fn=<NllLossBackward0>)[0m[0m
experiment  : INFO     [32m[32mstep: 26560 	 meta_lr 0.001000 	 training acc 0.859375 and training loss tensor(0.6640, device='cuda:0', grad_fn=<AddBackward0>), loss_auto: tensor(0.2617, device='cuda:0', grad_fn=<AddBackward0>), loss_pre: tensor(0.6379, device='cuda:0', grad_fn=<NllLossBackward0>)[0m[0m
experiment  : INFO     [32m[32mstep: 26600 	 meta_lr 0.001000 	 training acc 0.796875 and training loss tensor(0.9639, device='cuda:0', grad_fn=<AddBackward0>), loss_auto: tensor(0.2683, device='cuda:0', grad_fn=<AddBackward0>), loss_pre: tensor(0.9370, device='cuda:0', grad_fn=<NllLossBackward0>)[0m[0m
experiment  : INFO     [32m[32mstep: 26640 	 meta_lr 0.001000 	 training acc 0.796875 and training loss tensor(1.1091, device='cuda:0', grad_fn=<AddBackward0>), loss_auto: tensor(0.2686, device='cuda:0', grad_fn=<AddBackward0>), loss_pre: tensor(1.0822, device='cuda:0', grad_fn=<NllLossBackward0>)[0m[0m
experiment  : INFO     [32m[32mstep: 26680 	 meta_lr 0.001000 	 training acc 0.875 and training loss tensor(0.6547, device='cuda:0', grad_fn=<AddBackward0>), loss_auto: tensor(0.2668, device='cuda:0', grad_fn=<AddBackward0>), loss_pre: tensor(0.6281, device='cuda:0', grad_fn=<NllLossBackward0>)[0m[0m
experiment  : INFO     [32m[32mstep: 26720 	 meta_lr 0.001000 	 training acc 0.828125 and training loss tensor(0.8022, device='cuda:0', grad_fn=<AddBackward0>), loss_auto: tensor(0.2723, device='cuda:0', grad_fn=<AddBackward0>), loss_pre: tensor(0.7749, device='cuda:0', grad_fn=<NllLossBackward0>)[0m[0m
experiment  : INFO     [32m[32mstep: 26760 	 meta_lr 0.001000 	 training acc 0.796875 and training loss tensor(0.8409, device='cuda:0', grad_fn=<AddBackward0>), loss_auto: tensor(0.2688, device='cuda:0', grad_fn=<AddBackward0>), loss_pre: tensor(0.8140, device='cuda:0', grad_fn=<NllLossBackward0>)[0m[0m
experiment  : INFO     [32m[32mstep: 26800 	 meta_lr 0.001000 	 training acc 0.796875 and training loss tensor(1.1352, device='cuda:0', grad_fn=<AddBackward0>), loss_auto: tensor(0.2732, device='cuda:0', grad_fn=<AddBackward0>), loss_pre: tensor(1.1079, device='cuda:0', grad_fn=<NllLossBackward0>)[0m[0m
experiment  : INFO     [32m[32mstep: 26840 	 meta_lr 0.001000 	 training acc 0.796875 and training loss tensor(1.0185, device='cuda:0', grad_fn=<AddBackward0>), loss_auto: tensor(0.2677, device='cuda:0', grad_fn=<AddBackward0>), loss_pre: tensor(0.9917, device='cuda:0', grad_fn=<NllLossBackward0>)[0m[0m
experiment  : INFO     [32m[32mstep: 26880 	 meta_lr 0.001000 	 training acc 0.84375 and training loss tensor(0.5369, device='cuda:0', grad_fn=<AddBackward0>), loss_auto: tensor(0.2666, device='cuda:0', grad_fn=<AddBackward0>), loss_pre: tensor(0.5102, device='cuda:0', grad_fn=<NllLossBackward0>)[0m[0m
experiment  : INFO     [32m[32mstep: 26920 	 meta_lr 0.001000 	 training acc 0.84375 and training loss tensor(0.7868, device='cuda:0', grad_fn=<AddBackward0>), loss_auto: tensor(0.2631, device='cuda:0', grad_fn=<AddBackward0>), loss_pre: tensor(0.7605, device='cuda:0', grad_fn=<NllLossBackward0>)[0m[0m
experiment  : INFO     [32m[32mstep: 26960 	 meta_lr 0.001000 	 training acc 0.75 and training loss tensor(1.2168, device='cuda:0', grad_fn=<AddBackward0>), loss_auto: tensor(0.2679, device='cuda:0', grad_fn=<AddBackward0>), loss_pre: tensor(1.1900, device='cuda:0', grad_fn=<NllLossBackward0>)[0m[0m
experiment  : INFO     [32m[32mstep: 27000 	 meta_lr 0.001000 	 training acc 0.890625 and training loss tensor(0.4949, device='cuda:0', grad_fn=<AddBackward0>), loss_auto: tensor(0.2691, device='cuda:0', grad_fn=<AddBackward0>), loss_pre: tensor(0.4680, device='cuda:0', grad_fn=<NllLossBackward0>)[0m[0m
experiment  : INFO     [32m[32mTrain Accuracy = 0.8806016597510499[0m[0m
experiment  : INFO     [32m[32mTest Accuracy = 0.8804460580912996[0m[0m
experiment  : INFO     [32m[32mstep: 27040 	 meta_lr 0.001000 	 training acc 0.859375 and training loss tensor(0.5193, device='cuda:0', grad_fn=<AddBackward0>), loss_auto: tensor(0.2687, device='cuda:0', grad_fn=<AddBackward0>), loss_pre: tensor(0.4924, device='cuda:0', grad_fn=<NllLossBackward0>)[0m[0m
experiment  : INFO     [32m[32mstep: 27080 	 meta_lr 0.001000 	 training acc 0.875 and training loss tensor(0.7392, device='cuda:0', grad_fn=<AddBackward0>), loss_auto: tensor(0.2685, device='cuda:0', grad_fn=<AddBackward0>), loss_pre: tensor(0.7123, device='cuda:0', grad_fn=<NllLossBackward0>)[0m[0m
experiment  : INFO     [32m[32mstep: 27120 	 meta_lr 0.001000 	 training acc 0.890625 and training loss tensor(0.4702, device='cuda:0', grad_fn=<AddBackward0>), loss_auto: tensor(0.2603, device='cuda:0', grad_fn=<AddBackward0>), loss_pre: tensor(0.4442, device='cuda:0', grad_fn=<NllLossBackward0>)[0m[0m
experiment  : INFO     [32m[32mstep: 27160 	 meta_lr 0.001000 	 training acc 0.890625 and training loss tensor(0.4513, device='cuda:0', grad_fn=<AddBackward0>), loss_auto: tensor(0.2656, device='cuda:0', grad_fn=<AddBackward0>), loss_pre: tensor(0.4247, device='cuda:0', grad_fn=<NllLossBackward0>)[0m[0m
experiment  : INFO     [32m[32mstep: 27200 	 meta_lr 0.001000 	 training acc 0.90625 and training loss tensor(0.4211, device='cuda:0', grad_fn=<AddBackward0>), loss_auto: tensor(0.2667, device='cuda:0', grad_fn=<AddBackward0>), loss_pre: tensor(0.3945, device='cuda:0', grad_fn=<NllLossBackward0>)[0m[0m
experiment  : INFO     [32m[32mstep: 27240 	 meta_lr 0.001000 	 training acc 0.875 and training loss tensor(0.8103, device='cuda:0', grad_fn=<AddBackward0>), loss_auto: tensor(0.2679, device='cuda:0', grad_fn=<AddBackward0>), loss_pre: tensor(0.7836, device='cuda:0', grad_fn=<NllLossBackward0>)[0m[0m
experiment  : INFO     [32m[32mstep: 27280 	 meta_lr 0.001000 	 training acc 0.875 and training loss tensor(0.5358, device='cuda:0', grad_fn=<AddBackward0>), loss_auto: tensor(0.2642, device='cuda:0', grad_fn=<AddBackward0>), loss_pre: tensor(0.5094, device='cuda:0', grad_fn=<NllLossBackward0>)[0m[0m
experiment  : INFO     [32m[32mstep: 27320 	 meta_lr 0.001000 	 training acc 0.875 and training loss tensor(0.6786, device='cuda:0', grad_fn=<AddBackward0>), loss_auto: tensor(0.2617, device='cuda:0', grad_fn=<AddBackward0>), loss_pre: tensor(0.6524, device='cuda:0', grad_fn=<NllLossBackward0>)[0m[0m
experiment  : INFO     [32m[32mstep: 27360 	 meta_lr 0.001000 	 training acc 0.875 and training loss tensor(0.5749, device='cuda:0', grad_fn=<AddBackward0>), loss_auto: tensor(0.2648, device='cuda:0', grad_fn=<AddBackward0>), loss_pre: tensor(0.5484, device='cuda:0', grad_fn=<NllLossBackward0>)[0m[0m
experiment  : INFO     [32m[32mstep: 27400 	 meta_lr 0.001000 	 training acc 0.828125 and training loss tensor(0.8002, device='cuda:0', grad_fn=<AddBackward0>), loss_auto: tensor(0.2679, device='cuda:0', grad_fn=<AddBackward0>), loss_pre: tensor(0.7734, device='cuda:0', grad_fn=<NllLossBackward0>)[0m[0m
experiment  : INFO     [32m[32mstep: 27440 	 meta_lr 0.001000 	 training acc 0.84375 and training loss tensor(0.6770, device='cuda:0', grad_fn=<AddBackward0>), loss_auto: tensor(0.2654, device='cuda:0', grad_fn=<AddBackward0>), loss_pre: tensor(0.6504, device='cuda:0', grad_fn=<NllLossBackward0>)[0m[0m
experiment  : INFO     [32m[32mstep: 27480 	 meta_lr 0.001000 	 training acc 0.921875 and training loss tensor(0.4054, device='cuda:0', grad_fn=<AddBackward0>), loss_auto: tensor(0.2653, device='cuda:0', grad_fn=<AddBackward0>), loss_pre: tensor(0.3789, device='cuda:0', grad_fn=<NllLossBackward0>)[0m[0m
experiment  : INFO     [32m[32mTrain Accuracy = 0.8979253112033327[0m[0m
experiment  : INFO     [32m[32mTest Accuracy = 0.8963692946058238[0m[0m
experiment  : INFO     [32m[32mstep: 27520 	 meta_lr 0.001000 	 training acc 0.984375 and training loss tensor(0.1422, device='cuda:0', grad_fn=<AddBackward0>), loss_auto: tensor(0.2633, device='cuda:0', grad_fn=<AddBackward0>), loss_pre: tensor(0.1158, device='cuda:0', grad_fn=<NllLossBackward0>)[0m[0m
experiment  : INFO     [32m[32mstep: 27560 	 meta_lr 0.001000 	 training acc 0.828125 and training loss tensor(1.1626, device='cuda:0', grad_fn=<AddBackward0>), loss_auto: tensor(0.2640, device='cuda:0', grad_fn=<AddBackward0>), loss_pre: tensor(1.1362, device='cuda:0', grad_fn=<NllLossBackward0>)[0m[0m
experiment  : INFO     [32m[32mstep: 27600 	 meta_lr 0.001000 	 training acc 0.859375 and training loss tensor(0.7358, device='cuda:0', grad_fn=<AddBackward0>), loss_auto: tensor(0.2610, device='cuda:0', grad_fn=<AddBackward0>), loss_pre: tensor(0.7097, device='cuda:0', grad_fn=<NllLossBackward0>)[0m[0m
experiment  : INFO     [32m[32mstep: 27640 	 meta_lr 0.001000 	 training acc 0.796875 and training loss tensor(0.7803, device='cuda:0', grad_fn=<AddBackward0>), loss_auto: tensor(0.2622, device='cuda:0', grad_fn=<AddBackward0>), loss_pre: tensor(0.7540, device='cuda:0', grad_fn=<NllLossBackward0>)[0m[0m
experiment  : INFO     [32m[32mstep: 27680 	 meta_lr 0.001000 	 training acc 0.859375 and training loss tensor(0.9300, device='cuda:0', grad_fn=<AddBackward0>), loss_auto: tensor(0.2645, device='cuda:0', grad_fn=<AddBackward0>), loss_pre: tensor(0.9036, device='cuda:0', grad_fn=<NllLossBackward0>)[0m[0m
experiment  : INFO     [32m[32mstep: 27720 	 meta_lr 0.001000 	 training acc 0.9375 and training loss tensor(0.4026, device='cuda:0', grad_fn=<AddBackward0>), loss_auto: tensor(0.2628, device='cuda:0', grad_fn=<AddBackward0>), loss_pre: tensor(0.3763, device='cuda:0', grad_fn=<NllLossBackward0>)[0m[0m
experiment  : INFO     [32m[32mstep: 27760 	 meta_lr 0.001000 	 training acc 0.84375 and training loss tensor(0.8028, device='cuda:0', grad_fn=<AddBackward0>), loss_auto: tensor(0.2743, device='cuda:0', grad_fn=<AddBackward0>), loss_pre: tensor(0.7754, device='cuda:0', grad_fn=<NllLossBackward0>)[0m[0m
experiment  : INFO     [32m[32mstep: 27800 	 meta_lr 0.001000 	 training acc 0.828125 and training loss tensor(1.2699, device='cuda:0', grad_fn=<AddBackward0>), loss_auto: tensor(0.2597, device='cuda:0', grad_fn=<AddBackward0>), loss_pre: tensor(1.2439, device='cuda:0', grad_fn=<NllLossBackward0>)[0m[0m
experiment  : INFO     [32m[32mstep: 27840 	 meta_lr 0.001000 	 training acc 0.875 and training loss tensor(0.6622, device='cuda:0', grad_fn=<AddBackward0>), loss_auto: tensor(0.2688, device='cuda:0', grad_fn=<AddBackward0>), loss_pre: tensor(0.6353, device='cuda:0', grad_fn=<NllLossBackward0>)[0m[0m
experiment  : INFO     [32m[32mstep: 27880 	 meta_lr 0.001000 	 training acc 0.921875 and training loss tensor(0.3140, device='cuda:0', grad_fn=<AddBackward0>), loss_auto: tensor(0.2683, device='cuda:0', grad_fn=<AddBackward0>), loss_pre: tensor(0.2871, device='cuda:0', grad_fn=<NllLossBackward0>)[0m[0m
experiment  : INFO     [32m[32mstep: 27920 	 meta_lr 0.001000 	 training acc 0.90625 and training loss tensor(0.3589, device='cuda:0', grad_fn=<AddBackward0>), loss_auto: tensor(0.2662, device='cuda:0', grad_fn=<AddBackward0>), loss_pre: tensor(0.3323, device='cuda:0', grad_fn=<NllLossBackward0>)[0m[0m
experiment  : INFO     [32m[32mstep: 27960 	 meta_lr 0.001000 	 training acc 0.890625 and training loss tensor(0.9390, device='cuda:0', grad_fn=<AddBackward0>), loss_auto: tensor(0.2733, device='cuda:0', grad_fn=<AddBackward0>), loss_pre: tensor(0.9117, device='cuda:0', grad_fn=<NllLossBackward0>)[0m[0m
experiment  : INFO     [32m[32mstep: 28000 	 meta_lr 0.001000 	 training acc 0.90625 and training loss tensor(0.5254, device='cuda:0', grad_fn=<AddBackward0>), loss_auto: tensor(0.2681, device='cuda:0', grad_fn=<AddBackward0>), loss_pre: tensor(0.4986, device='cuda:0', grad_fn=<NllLossBackward0>)[0m[0m
experiment  : INFO     [32m[32mTrain Accuracy = 0.8958506224066546[0m[0m
experiment  : INFO     [32m[32mTest Accuracy = 0.8937240663900551[0m[0m
experiment  : INFO     [32m[32mstep: 28040 	 meta_lr 0.001000 	 training acc 0.8125 and training loss tensor(0.9309, device='cuda:0', grad_fn=<AddBackward0>), loss_auto: tensor(0.2623, device='cuda:0', grad_fn=<AddBackward0>), loss_pre: tensor(0.9046, device='cuda:0', grad_fn=<NllLossBackward0>)[0m[0m
experiment  : INFO     [32m[32mstep: 28080 	 meta_lr 0.001000 	 training acc 0.859375 and training loss tensor(0.8602, device='cuda:0', grad_fn=<AddBackward0>), loss_auto: tensor(0.2688, device='cuda:0', grad_fn=<AddBackward0>), loss_pre: tensor(0.8333, device='cuda:0', grad_fn=<NllLossBackward0>)[0m[0m
experiment  : INFO     [32m[32mstep: 28120 	 meta_lr 0.001000 	 training acc 0.734375 and training loss tensor(1.0808, device='cuda:0', grad_fn=<AddBackward0>), loss_auto: tensor(0.2726, device='cuda:0', grad_fn=<AddBackward0>), loss_pre: tensor(1.0535, device='cuda:0', grad_fn=<NllLossBackward0>)[0m[0m
experiment  : INFO     [32m[32mstep: 28160 	 meta_lr 0.001000 	 training acc 0.796875 and training loss tensor(0.6716, device='cuda:0', grad_fn=<AddBackward0>), loss_auto: tensor(0.2606, device='cuda:0', grad_fn=<AddBackward0>), loss_pre: tensor(0.6455, device='cuda:0', grad_fn=<NllLossBackward0>)[0m[0m
experiment  : INFO     [32m[32mstep: 28200 	 meta_lr 0.001000 	 training acc 0.84375 and training loss tensor(0.7327, device='cuda:0', grad_fn=<AddBackward0>), loss_auto: tensor(0.2672, device='cuda:0', grad_fn=<AddBackward0>), loss_pre: tensor(0.7060, device='cuda:0', grad_fn=<NllLossBackward0>)[0m[0m
experiment  : INFO     [32m[32mstep: 28240 	 meta_lr 0.001000 	 training acc 0.796875 and training loss tensor(0.7536, device='cuda:0', grad_fn=<AddBackward0>), loss_auto: tensor(0.2692, device='cuda:0', grad_fn=<AddBackward0>), loss_pre: tensor(0.7267, device='cuda:0', grad_fn=<NllLossBackward0>)[0m[0m
experiment  : INFO     [32m[32mstep: 28280 	 meta_lr 0.001000 	 training acc 0.875 and training loss tensor(1.2983, device='cuda:0', grad_fn=<AddBackward0>), loss_auto: tensor(0.2679, device='cuda:0', grad_fn=<AddBackward0>), loss_pre: tensor(1.2715, device='cuda:0', grad_fn=<NllLossBackward0>)[0m[0m
experiment  : INFO     [32m[32mstep: 28320 	 meta_lr 0.001000 	 training acc 0.890625 and training loss tensor(0.4971, device='cuda:0', grad_fn=<AddBackward0>), loss_auto: tensor(0.2704, device='cuda:0', grad_fn=<AddBackward0>), loss_pre: tensor(0.4701, device='cuda:0', grad_fn=<NllLossBackward0>)[0m[0m
experiment  : INFO     [32m[32mstep: 28360 	 meta_lr 0.001000 	 training acc 0.9375 and training loss tensor(0.3167, device='cuda:0', grad_fn=<AddBackward0>), loss_auto: tensor(0.2656, device='cuda:0', grad_fn=<AddBackward0>), loss_pre: tensor(0.2901, device='cuda:0', grad_fn=<NllLossBackward0>)[0m[0m
experiment  : INFO     [32m[32mstep: 28400 	 meta_lr 0.001000 	 training acc 0.921875 and training loss tensor(0.2459, device='cuda:0', grad_fn=<AddBackward0>), loss_auto: tensor(0.2683, device='cuda:0', grad_fn=<AddBackward0>), loss_pre: tensor(0.2190, device='cuda:0', grad_fn=<NllLossBackward0>)[0m[0m
experiment  : INFO     [32m[32mstep: 28440 	 meta_lr 0.001000 	 training acc 0.875 and training loss tensor(0.8637, device='cuda:0', grad_fn=<AddBackward0>), loss_auto: tensor(0.2708, device='cuda:0', grad_fn=<AddBackward0>), loss_pre: tensor(0.8366, device='cuda:0', grad_fn=<NllLossBackward0>)[0m[0m
experiment  : INFO     [32m[32mstep: 28480 	 meta_lr 0.001000 	 training acc 0.890625 and training loss tensor(0.4811, device='cuda:0', grad_fn=<AddBackward0>), loss_auto: tensor(0.2690, device='cuda:0', grad_fn=<AddBackward0>), loss_pre: tensor(0.4542, device='cuda:0', grad_fn=<NllLossBackward0>)[0m[0m
experiment  : INFO     [32m[32mTrain Accuracy = 0.8879149377593524[0m[0m
experiment  : INFO     [32m[32mTest Accuracy = 0.8867738589211757[0m[0m
experiment  : INFO     [32m[32mstep: 28520 	 meta_lr 0.001000 	 training acc 0.859375 and training loss tensor(0.5381, device='cuda:0', grad_fn=<AddBackward0>), loss_auto: tensor(0.2645, device='cuda:0', grad_fn=<AddBackward0>), loss_pre: tensor(0.5116, device='cuda:0', grad_fn=<NllLossBackward0>)[0m[0m
experiment  : INFO     [32m[32mstep: 28560 	 meta_lr 0.001000 	 training acc 0.9375 and training loss tensor(0.2580, device='cuda:0', grad_fn=<AddBackward0>), loss_auto: tensor(0.2630, device='cuda:0', grad_fn=<AddBackward0>), loss_pre: tensor(0.2317, device='cuda:0', grad_fn=<NllLossBackward0>)[0m[0m
experiment  : INFO     [32m[32mstep: 28600 	 meta_lr 0.001000 	 training acc 0.921875 and training loss tensor(0.4264, device='cuda:0', grad_fn=<AddBackward0>), loss_auto: tensor(0.2701, device='cuda:0', grad_fn=<AddBackward0>), loss_pre: tensor(0.3994, device='cuda:0', grad_fn=<NllLossBackward0>)[0m[0m
experiment  : INFO     [32m[32mstep: 28640 	 meta_lr 0.001000 	 training acc 0.96875 and training loss tensor(0.3012, device='cuda:0', grad_fn=<AddBackward0>), loss_auto: tensor(0.2661, device='cuda:0', grad_fn=<AddBackward0>), loss_pre: tensor(0.2746, device='cuda:0', grad_fn=<NllLossBackward0>)[0m[0m
experiment  : INFO     [32m[32mstep: 28680 	 meta_lr 0.001000 	 training acc 0.90625 and training loss tensor(0.4753, device='cuda:0', grad_fn=<AddBackward0>), loss_auto: tensor(0.2658, device='cuda:0', grad_fn=<AddBackward0>), loss_pre: tensor(0.4487, device='cuda:0', grad_fn=<NllLossBackward0>)[0m[0m
experiment  : INFO     [32m[32mstep: 28720 	 meta_lr 0.001000 	 training acc 0.875 and training loss tensor(0.5748, device='cuda:0', grad_fn=<AddBackward0>), loss_auto: tensor(0.2738, device='cuda:0', grad_fn=<AddBackward0>), loss_pre: tensor(0.5475, device='cuda:0', grad_fn=<NllLossBackward0>)[0m[0m
experiment  : INFO     [32m[32mstep: 28760 	 meta_lr 0.001000 	 training acc 0.875 and training loss tensor(0.7331, device='cuda:0', grad_fn=<AddBackward0>), loss_auto: tensor(0.2657, device='cuda:0', grad_fn=<AddBackward0>), loss_pre: tensor(0.7065, device='cuda:0', grad_fn=<NllLossBackward0>)[0m[0m
experiment  : INFO     [32m[32mstep: 28800 	 meta_lr 0.001000 	 training acc 0.875 and training loss tensor(0.6069, device='cuda:0', grad_fn=<AddBackward0>), loss_auto: tensor(0.2646, device='cuda:0', grad_fn=<AddBackward0>), loss_pre: tensor(0.5804, device='cuda:0', grad_fn=<NllLossBackward0>)[0m[0m
experiment  : INFO     [32m[32mstep: 28840 	 meta_lr 0.001000 	 training acc 0.8125 and training loss tensor(0.8103, device='cuda:0', grad_fn=<AddBackward0>), loss_auto: tensor(0.2676, device='cuda:0', grad_fn=<AddBackward0>), loss_pre: tensor(0.7836, device='cuda:0', grad_fn=<NllLossBackward0>)[0m[0m
experiment  : INFO     [32m[32mstep: 28880 	 meta_lr 0.001000 	 training acc 0.90625 and training loss tensor(0.6612, device='cuda:0', grad_fn=<AddBackward0>), loss_auto: tensor(0.2716, device='cuda:0', grad_fn=<AddBackward0>), loss_pre: tensor(0.6341, device='cuda:0', grad_fn=<NllLossBackward0>)[0m[0m
experiment  : INFO     [32m[32mstep: 28920 	 meta_lr 0.001000 	 training acc 0.921875 and training loss tensor(0.4940, device='cuda:0', grad_fn=<AddBackward0>), loss_auto: tensor(0.2673, device='cuda:0', grad_fn=<AddBackward0>), loss_pre: tensor(0.4673, device='cuda:0', grad_fn=<NllLossBackward0>)[0m[0m
experiment  : INFO     [32m[32mstep: 28960 	 meta_lr 0.001000 	 training acc 0.921875 and training loss tensor(0.4221, device='cuda:0', grad_fn=<AddBackward0>), loss_auto: tensor(0.2732, device='cuda:0', grad_fn=<AddBackward0>), loss_pre: tensor(0.3947, device='cuda:0', grad_fn=<NllLossBackward0>)[0m[0m
experiment  : INFO     [32m[32mstep: 29000 	 meta_lr 0.001000 	 training acc 0.859375 and training loss tensor(0.7152, device='cuda:0', grad_fn=<AddBackward0>), loss_auto: tensor(0.2673, device='cuda:0', grad_fn=<AddBackward0>), loss_pre: tensor(0.6885, device='cuda:0', grad_fn=<NllLossBackward0>)[0m[0m
experiment  : INFO     [32m[32mTrain Accuracy = 0.8939834024896409[0m[0m
experiment  : INFO     [32m[32mTest Accuracy = 0.895798755186735[0m[0m
experiment  : INFO     [32m[32mstep: 29040 	 meta_lr 0.001000 	 training acc 0.875 and training loss tensor(0.6237, device='cuda:0', grad_fn=<AddBackward0>), loss_auto: tensor(0.2689, device='cuda:0', grad_fn=<AddBackward0>), loss_pre: tensor(0.5968, device='cuda:0', grad_fn=<NllLossBackward0>)[0m[0m
experiment  : INFO     [32m[32mstep: 29080 	 meta_lr 0.001000 	 training acc 0.8125 and training loss tensor(1.3875, device='cuda:0', grad_fn=<AddBackward0>), loss_auto: tensor(0.2643, device='cuda:0', grad_fn=<AddBackward0>), loss_pre: tensor(1.3610, device='cuda:0', grad_fn=<NllLossBackward0>)[0m[0m
experiment  : INFO     [32m[32mstep: 29120 	 meta_lr 0.001000 	 training acc 0.8125 and training loss tensor(0.8613, device='cuda:0', grad_fn=<AddBackward0>), loss_auto: tensor(0.2698, device='cuda:0', grad_fn=<AddBackward0>), loss_pre: tensor(0.8343, device='cuda:0', grad_fn=<NllLossBackward0>)[0m[0m
experiment  : INFO     [32m[32mstep: 29160 	 meta_lr 0.001000 	 training acc 0.890625 and training loss tensor(0.6639, device='cuda:0', grad_fn=<AddBackward0>), loss_auto: tensor(0.2687, device='cuda:0', grad_fn=<AddBackward0>), loss_pre: tensor(0.6371, device='cuda:0', grad_fn=<NllLossBackward0>)[0m[0m
experiment  : INFO     [32m[32mstep: 29200 	 meta_lr 0.001000 	 training acc 0.9375 and training loss tensor(0.5143, device='cuda:0', grad_fn=<AddBackward0>), loss_auto: tensor(0.2748, device='cuda:0', grad_fn=<AddBackward0>), loss_pre: tensor(0.4869, device='cuda:0', grad_fn=<NllLossBackward0>)[0m[0m
experiment  : INFO     [32m[32mstep: 29240 	 meta_lr 0.001000 	 training acc 0.84375 and training loss tensor(0.8200, device='cuda:0', grad_fn=<AddBackward0>), loss_auto: tensor(0.2707, device='cuda:0', grad_fn=<AddBackward0>), loss_pre: tensor(0.7929, device='cuda:0', grad_fn=<NllLossBackward0>)[0m[0m
experiment  : INFO     [32m[32mstep: 29280 	 meta_lr 0.001000 	 training acc 0.921875 and training loss tensor(0.3822, device='cuda:0', grad_fn=<AddBackward0>), loss_auto: tensor(0.2695, device='cuda:0', grad_fn=<AddBackward0>), loss_pre: tensor(0.3553, device='cuda:0', grad_fn=<NllLossBackward0>)[0m[0m
experiment  : INFO     [32m[32mstep: 29320 	 meta_lr 0.001000 	 training acc 0.890625 and training loss tensor(0.4941, device='cuda:0', grad_fn=<AddBackward0>), loss_auto: tensor(0.2688, device='cuda:0', grad_fn=<AddBackward0>), loss_pre: tensor(0.4673, device='cuda:0', grad_fn=<NllLossBackward0>)[0m[0m
experiment  : INFO     [32m[32mstep: 29360 	 meta_lr 0.001000 	 training acc 0.9375 and training loss tensor(0.3224, device='cuda:0', grad_fn=<AddBackward0>), loss_auto: tensor(0.2684, device='cuda:0', grad_fn=<AddBackward0>), loss_pre: tensor(0.2956, device='cuda:0', grad_fn=<NllLossBackward0>)[0m[0m
experiment  : INFO     [32m[32mstep: 29400 	 meta_lr 0.001000 	 training acc 0.875 and training loss tensor(0.5943, device='cuda:0', grad_fn=<AddBackward0>), loss_auto: tensor(0.2662, device='cuda:0', grad_fn=<AddBackward0>), loss_pre: tensor(0.5677, device='cuda:0', grad_fn=<NllLossBackward0>)[0m[0m
experiment  : INFO     [32m[32mstep: 29440 	 meta_lr 0.001000 	 training acc 0.96875 and training loss tensor(0.2167, device='cuda:0', grad_fn=<AddBackward0>), loss_auto: tensor(0.2695, device='cuda:0', grad_fn=<AddBackward0>), loss_pre: tensor(0.1898, device='cuda:0', grad_fn=<NllLossBackward0>)[0m[0m
experiment  : INFO     [32m[32mstep: 29480 	 meta_lr 0.001000 	 training acc 0.859375 and training loss tensor(0.5843, device='cuda:0', grad_fn=<AddBackward0>), loss_auto: tensor(0.2601, device='cuda:0', grad_fn=<AddBackward0>), loss_pre: tensor(0.5583, device='cuda:0', grad_fn=<NllLossBackward0>)[0m[0m
experiment  : INFO     [32m[32mTrain Accuracy = 0.8933609958506376[0m[0m
experiment  : INFO     [32m[32mTest Accuracy = 0.8943983402489752[0m[0m
experiment  : INFO     [32m[32mstep: 29520 	 meta_lr 0.001000 	 training acc 0.921875 and training loss tensor(0.5229, device='cuda:0', grad_fn=<AddBackward0>), loss_auto: tensor(0.2697, device='cuda:0', grad_fn=<AddBackward0>), loss_pre: tensor(0.4960, device='cuda:0', grad_fn=<NllLossBackward0>)[0m[0m
experiment  : INFO     [32m[32mstep: 29560 	 meta_lr 0.001000 	 training acc 0.90625 and training loss tensor(0.4582, device='cuda:0', grad_fn=<AddBackward0>), loss_auto: tensor(0.2623, device='cuda:0', grad_fn=<AddBackward0>), loss_pre: tensor(0.4319, device='cuda:0', grad_fn=<NllLossBackward0>)[0m[0m
experiment  : INFO     [32m[32mstep: 29600 	 meta_lr 0.001000 	 training acc 0.828125 and training loss tensor(1.0415, device='cuda:0', grad_fn=<AddBackward0>), loss_auto: tensor(0.2626, device='cuda:0', grad_fn=<AddBackward0>), loss_pre: tensor(1.0152, device='cuda:0', grad_fn=<NllLossBackward0>)[0m[0m
experiment  : INFO     [32m[32mstep: 29640 	 meta_lr 0.001000 	 training acc 0.84375 and training loss tensor(0.7893, device='cuda:0', grad_fn=<AddBackward0>), loss_auto: tensor(0.2646, device='cuda:0', grad_fn=<AddBackward0>), loss_pre: tensor(0.7628, device='cuda:0', grad_fn=<NllLossBackward0>)[0m[0m
experiment  : INFO     [32m[32mstep: 29680 	 meta_lr 0.001000 	 training acc 0.84375 and training loss tensor(0.8886, device='cuda:0', grad_fn=<AddBackward0>), loss_auto: tensor(0.2673, device='cuda:0', grad_fn=<AddBackward0>), loss_pre: tensor(0.8618, device='cuda:0', grad_fn=<NllLossBackward0>)[0m[0m
experiment  : INFO     [32m[32mstep: 29720 	 meta_lr 0.001000 	 training acc 0.90625 and training loss tensor(0.7208, device='cuda:0', grad_fn=<AddBackward0>), loss_auto: tensor(0.2654, device='cuda:0', grad_fn=<AddBackward0>), loss_pre: tensor(0.6942, device='cuda:0', grad_fn=<NllLossBackward0>)[0m[0m
experiment  : INFO     [32m[32mstep: 29760 	 meta_lr 0.001000 	 training acc 0.890625 and training loss tensor(0.4910, device='cuda:0', grad_fn=<AddBackward0>), loss_auto: tensor(0.2627, device='cuda:0', grad_fn=<AddBackward0>), loss_pre: tensor(0.4647, device='cuda:0', grad_fn=<NllLossBackward0>)[0m[0m
experiment  : INFO     [32m[32mstep: 29800 	 meta_lr 0.001000 	 training acc 0.90625 and training loss tensor(0.4605, device='cuda:0', grad_fn=<AddBackward0>), loss_auto: tensor(0.2638, device='cuda:0', grad_fn=<AddBackward0>), loss_pre: tensor(0.4342, device='cuda:0', grad_fn=<NllLossBackward0>)[0m[0m
experiment  : INFO     [32m[32mstep: 29840 	 meta_lr 0.001000 	 training acc 0.859375 and training loss tensor(0.6316, device='cuda:0', grad_fn=<AddBackward0>), loss_auto: tensor(0.2696, device='cuda:0', grad_fn=<AddBackward0>), loss_pre: tensor(0.6046, device='cuda:0', grad_fn=<NllLossBackward0>)[0m[0m
experiment  : INFO     [32m[32mstep: 29880 	 meta_lr 0.001000 	 training acc 0.765625 and training loss tensor(1.0516, device='cuda:0', grad_fn=<AddBackward0>), loss_auto: tensor(0.2642, device='cuda:0', grad_fn=<AddBackward0>), loss_pre: tensor(1.0252, device='cuda:0', grad_fn=<NllLossBackward0>)[0m[0m
experiment  : INFO     [32m[32mstep: 29920 	 meta_lr 0.001000 	 training acc 0.890625 and training loss tensor(0.4113, device='cuda:0', grad_fn=<AddBackward0>), loss_auto: tensor(0.2656, device='cuda:0', grad_fn=<AddBackward0>), loss_pre: tensor(0.3848, device='cuda:0', grad_fn=<NllLossBackward0>)[0m[0m
experiment  : INFO     [32m[32mstep: 29960 	 meta_lr 0.001000 	 training acc 0.828125 and training loss tensor(0.7766, device='cuda:0', grad_fn=<AddBackward0>), loss_auto: tensor(0.2645, device='cuda:0', grad_fn=<AddBackward0>), loss_pre: tensor(0.7501, device='cuda:0', grad_fn=<NllLossBackward0>)[0m[0m
experiment  : INFO     [32m[32mstep: 30000 	 meta_lr 0.001000 	 training acc 0.859375 and training loss tensor(0.4714, device='cuda:0', grad_fn=<AddBackward0>), loss_auto: tensor(0.2631, device='cuda:0', grad_fn=<AddBackward0>), loss_pre: tensor(0.4451, device='cuda:0', grad_fn=<NllLossBackward0>)[0m[0m
experiment  : INFO     [32m[32mTrain Accuracy = 0.8954875518672347[0m[0m
experiment  : INFO     [32m[32mTest Accuracy = 0.8959024896265715[0m[0m
experiment  : INFO     [32m[32mstep: 30040 	 meta_lr 0.001000 	 training acc 0.90625 and training loss tensor(0.7239, device='cuda:0', grad_fn=<AddBackward0>), loss_auto: tensor(0.2678, device='cuda:0', grad_fn=<AddBackward0>), loss_pre: tensor(0.6971, device='cuda:0', grad_fn=<NllLossBackward0>)[0m[0m
experiment  : INFO     [32m[32mstep: 30080 	 meta_lr 0.001000 	 training acc 0.859375 and training loss tensor(0.6334, device='cuda:0', grad_fn=<AddBackward0>), loss_auto: tensor(0.2634, device='cuda:0', grad_fn=<AddBackward0>), loss_pre: tensor(0.6071, device='cuda:0', grad_fn=<NllLossBackward0>)[0m[0m
experiment  : INFO     [32m[32mstep: 30120 	 meta_lr 0.001000 	 training acc 0.921875 and training loss tensor(0.3093, device='cuda:0', grad_fn=<AddBackward0>), loss_auto: tensor(0.2633, device='cuda:0', grad_fn=<AddBackward0>), loss_pre: tensor(0.2830, device='cuda:0', grad_fn=<NllLossBackward0>)[0m[0m
experiment  : INFO     [32m[32mstep: 30160 	 meta_lr 0.001000 	 training acc 0.765625 and training loss tensor(1.1501, device='cuda:0', grad_fn=<AddBackward0>), loss_auto: tensor(0.2638, device='cuda:0', grad_fn=<AddBackward0>), loss_pre: tensor(1.1237, device='cuda:0', grad_fn=<NllLossBackward0>)[0m[0m
experiment  : INFO     [32m[32mstep: 30200 	 meta_lr 0.001000 	 training acc 0.828125 and training loss tensor(0.6070, device='cuda:0', grad_fn=<AddBackward0>), loss_auto: tensor(0.2668, device='cuda:0', grad_fn=<AddBackward0>), loss_pre: tensor(0.5804, device='cuda:0', grad_fn=<NllLossBackward0>)[0m[0m
experiment  : INFO     [32m[32mstep: 30240 	 meta_lr 0.001000 	 training acc 0.953125 and training loss tensor(0.3268, device='cuda:0', grad_fn=<AddBackward0>), loss_auto: tensor(0.2747, device='cuda:0', grad_fn=<AddBackward0>), loss_pre: tensor(0.2994, device='cuda:0', grad_fn=<NllLossBackward0>)[0m[0m
experiment  : INFO     [32m[32mstep: 30280 	 meta_lr 0.001000 	 training acc 0.90625 and training loss tensor(0.5005, device='cuda:0', grad_fn=<AddBackward0>), loss_auto: tensor(0.2696, device='cuda:0', grad_fn=<AddBackward0>), loss_pre: tensor(0.4735, device='cuda:0', grad_fn=<NllLossBackward0>)[0m[0m
experiment  : INFO     [32m[32mstep: 30320 	 meta_lr 0.001000 	 training acc 0.84375 and training loss tensor(0.8365, device='cuda:0', grad_fn=<AddBackward0>), loss_auto: tensor(0.2624, device='cuda:0', grad_fn=<AddBackward0>), loss_pre: tensor(0.8102, device='cuda:0', grad_fn=<NllLossBackward0>)[0m[0m
experiment  : INFO     [32m[32mstep: 30360 	 meta_lr 0.001000 	 training acc 0.875 and training loss tensor(0.6645, device='cuda:0', grad_fn=<AddBackward0>), loss_auto: tensor(0.2620, device='cuda:0', grad_fn=<AddBackward0>), loss_pre: tensor(0.6383, device='cuda:0', grad_fn=<NllLossBackward0>)[0m[0m
experiment  : INFO     [32m[32mstep: 30400 	 meta_lr 0.001000 	 training acc 0.953125 and training loss tensor(0.3435, device='cuda:0', grad_fn=<AddBackward0>), loss_auto: tensor(0.2700, device='cuda:0', grad_fn=<AddBackward0>), loss_pre: tensor(0.3165, device='cuda:0', grad_fn=<NllLossBackward0>)[0m[0m
experiment  : INFO     [32m[32mstep: 30440 	 meta_lr 0.001000 	 training acc 0.828125 and training loss tensor(0.9480, device='cuda:0', grad_fn=<AddBackward0>), loss_auto: tensor(0.2674, device='cuda:0', grad_fn=<AddBackward0>), loss_pre: tensor(0.9212, device='cuda:0', grad_fn=<NllLossBackward0>)[0m[0m
experiment  : INFO     [32m[32mstep: 30480 	 meta_lr 0.001000 	 training acc 0.921875 and training loss tensor(0.4464, device='cuda:0', grad_fn=<AddBackward0>), loss_auto: tensor(0.2668, device='cuda:0', grad_fn=<AddBackward0>), loss_pre: tensor(0.4197, device='cuda:0', grad_fn=<NllLossBackward0>)[0m[0m
experiment  : INFO     [32m[32mTrain Accuracy = 0.8993257261410934[0m[0m
experiment  : INFO     [32m[32mTest Accuracy = 0.8964211618257418[0m[0m
experiment  : INFO     [32m[32mstep: 30520 	 meta_lr 0.001000 	 training acc 0.90625 and training loss tensor(0.6670, device='cuda:0', grad_fn=<AddBackward0>), loss_auto: tensor(0.2722, device='cuda:0', grad_fn=<AddBackward0>), loss_pre: tensor(0.6398, device='cuda:0', grad_fn=<NllLossBackward0>)[0m[0m
experiment  : INFO     [32m[32mstep: 30560 	 meta_lr 0.001000 	 training acc 0.859375 and training loss tensor(0.6256, device='cuda:0', grad_fn=<AddBackward0>), loss_auto: tensor(0.2719, device='cuda:0', grad_fn=<AddBackward0>), loss_pre: tensor(0.5984, device='cuda:0', grad_fn=<NllLossBackward0>)[0m[0m
experiment  : INFO     [32m[32mstep: 30600 	 meta_lr 0.001000 	 training acc 0.90625 and training loss tensor(0.4575, device='cuda:0', grad_fn=<AddBackward0>), loss_auto: tensor(0.2693, device='cuda:0', grad_fn=<AddBackward0>), loss_pre: tensor(0.4306, device='cuda:0', grad_fn=<NllLossBackward0>)[0m[0m
experiment  : INFO     [32m[32mstep: 30640 	 meta_lr 0.001000 	 training acc 0.875 and training loss tensor(0.6102, device='cuda:0', grad_fn=<AddBackward0>), loss_auto: tensor(0.2608, device='cuda:0', grad_fn=<AddBackward0>), loss_pre: tensor(0.5841, device='cuda:0', grad_fn=<NllLossBackward0>)[0m[0m
experiment  : INFO     [32m[32mstep: 30680 	 meta_lr 0.001000 	 training acc 0.921875 and training loss tensor(0.5124, device='cuda:0', grad_fn=<AddBackward0>), loss_auto: tensor(0.2706, device='cuda:0', grad_fn=<AddBackward0>), loss_pre: tensor(0.4854, device='cuda:0', grad_fn=<NllLossBackward0>)[0m[0m
experiment  : INFO     [32m[32mstep: 30720 	 meta_lr 0.001000 	 training acc 0.921875 and training loss tensor(0.3801, device='cuda:0', grad_fn=<AddBackward0>), loss_auto: tensor(0.2630, device='cuda:0', grad_fn=<AddBackward0>), loss_pre: tensor(0.3538, device='cuda:0', grad_fn=<NllLossBackward0>)[0m[0m
experiment  : INFO     [32m[32mstep: 30760 	 meta_lr 0.001000 	 training acc 0.890625 and training loss tensor(0.5834, device='cuda:0', grad_fn=<AddBackward0>), loss_auto: tensor(0.2679, device='cuda:0', grad_fn=<AddBackward0>), loss_pre: tensor(0.5566, device='cuda:0', grad_fn=<NllLossBackward0>)[0m[0m
experiment  : INFO     [32m[32mstep: 30800 	 meta_lr 0.001000 	 training acc 0.921875 and training loss tensor(0.2154, device='cuda:0', grad_fn=<AddBackward0>), loss_auto: tensor(0.2713, device='cuda:0', grad_fn=<AddBackward0>), loss_pre: tensor(0.1883, device='cuda:0', grad_fn=<NllLossBackward0>)[0m[0m
experiment  : INFO     [32m[32mstep: 30840 	 meta_lr 0.001000 	 training acc 0.828125 and training loss tensor(1.6843, device='cuda:0', grad_fn=<AddBackward0>), loss_auto: tensor(0.2713, device='cuda:0', grad_fn=<AddBackward0>), loss_pre: tensor(1.6572, device='cuda:0', grad_fn=<NllLossBackward0>)[0m[0m
experiment  : INFO     [32m[32mstep: 30880 	 meta_lr 0.001000 	 training acc 0.953125 and training loss tensor(0.2612, device='cuda:0', grad_fn=<AddBackward0>), loss_auto: tensor(0.2643, device='cuda:0', grad_fn=<AddBackward0>), loss_pre: tensor(0.2348, device='cuda:0', grad_fn=<NllLossBackward0>)[0m[0m
experiment  : INFO     [32m[32mstep: 30920 	 meta_lr 0.001000 	 training acc 0.84375 and training loss tensor(0.8006, device='cuda:0', grad_fn=<AddBackward0>), loss_auto: tensor(0.2623, device='cuda:0', grad_fn=<AddBackward0>), loss_pre: tensor(0.7744, device='cuda:0', grad_fn=<NllLossBackward0>)[0m[0m
experiment  : INFO     [32m[32mstep: 30960 	 meta_lr 0.001000 	 training acc 0.796875 and training loss tensor(1.0771, device='cuda:0', grad_fn=<AddBackward0>), loss_auto: tensor(0.2704, device='cuda:0', grad_fn=<AddBackward0>), loss_pre: tensor(1.0501, device='cuda:0', grad_fn=<NllLossBackward0>)[0m[0m
experiment  : INFO     [32m[32mstep: 31000 	 meta_lr 0.001000 	 training acc 0.921875 and training loss tensor(0.4937, device='cuda:0', grad_fn=<AddBackward0>), loss_auto: tensor(0.2624, device='cuda:0', grad_fn=<AddBackward0>), loss_pre: tensor(0.4675, device='cuda:0', grad_fn=<NllLossBackward0>)[0m[0m
experiment  : INFO     [32m[32mTrain Accuracy = 0.9010373443983548[0m[0m
experiment  : INFO     [32m[32mTest Accuracy = 0.9009336099585202[0m[0m
experiment  : INFO     [32m[32mstep: 31040 	 meta_lr 0.001000 	 training acc 0.921875 and training loss tensor(0.6958, device='cuda:0', grad_fn=<AddBackward0>), loss_auto: tensor(0.2608, device='cuda:0', grad_fn=<AddBackward0>), loss_pre: tensor(0.6697, device='cuda:0', grad_fn=<NllLossBackward0>)[0m[0m
experiment  : INFO     [32m[32mstep: 31080 	 meta_lr 0.001000 	 training acc 0.9375 and training loss tensor(0.2764, device='cuda:0', grad_fn=<AddBackward0>), loss_auto: tensor(0.2663, device='cuda:0', grad_fn=<AddBackward0>), loss_pre: tensor(0.2497, device='cuda:0', grad_fn=<NllLossBackward0>)[0m[0m
experiment  : INFO     [32m[32mstep: 31120 	 meta_lr 0.001000 	 training acc 0.875 and training loss tensor(0.5622, device='cuda:0', grad_fn=<AddBackward0>), loss_auto: tensor(0.2605, device='cuda:0', grad_fn=<AddBackward0>), loss_pre: tensor(0.5361, device='cuda:0', grad_fn=<NllLossBackward0>)[0m[0m
experiment  : INFO     [32m[32mstep: 31160 	 meta_lr 0.001000 	 training acc 0.921875 and training loss tensor(0.3625, device='cuda:0', grad_fn=<AddBackward0>), loss_auto: tensor(0.2664, device='cuda:0', grad_fn=<AddBackward0>), loss_pre: tensor(0.3358, device='cuda:0', grad_fn=<NllLossBackward0>)[0m[0m
experiment  : INFO     [32m[32mstep: 31200 	 meta_lr 0.001000 	 training acc 0.890625 and training loss tensor(0.6601, device='cuda:0', grad_fn=<AddBackward0>), loss_auto: tensor(0.2633, device='cuda:0', grad_fn=<AddBackward0>), loss_pre: tensor(0.6338, device='cuda:0', grad_fn=<NllLossBackward0>)[0m[0m
experiment  : INFO     [32m[32mstep: 31240 	 meta_lr 0.001000 	 training acc 0.875 and training loss tensor(0.5337, device='cuda:0', grad_fn=<AddBackward0>), loss_auto: tensor(0.2649, device='cuda:0', grad_fn=<AddBackward0>), loss_pre: tensor(0.5072, device='cuda:0', grad_fn=<NllLossBackward0>)[0m[0m
experiment  : INFO     [32m[32mstep: 31280 	 meta_lr 0.001000 	 training acc 0.875 and training loss tensor(0.7896, device='cuda:0', grad_fn=<AddBackward0>), loss_auto: tensor(0.2711, device='cuda:0', grad_fn=<AddBackward0>), loss_pre: tensor(0.7625, device='cuda:0', grad_fn=<NllLossBackward0>)[0m[0m
experiment  : INFO     [32m[32mstep: 31320 	 meta_lr 0.001000 	 training acc 0.921875 and training loss tensor(0.4621, device='cuda:0', grad_fn=<AddBackward0>), loss_auto: tensor(0.2654, device='cuda:0', grad_fn=<AddBackward0>), loss_pre: tensor(0.4355, device='cuda:0', grad_fn=<NllLossBackward0>)[0m[0m
experiment  : INFO     [32m[32mstep: 31360 	 meta_lr 0.001000 	 training acc 0.921875 and training loss tensor(0.4196, device='cuda:0', grad_fn=<AddBackward0>), loss_auto: tensor(0.2648, device='cuda:0', grad_fn=<AddBackward0>), loss_pre: tensor(0.3931, device='cuda:0', grad_fn=<NllLossBackward0>)[0m[0m
experiment  : INFO     [32m[32mstep: 31400 	 meta_lr 0.001000 	 training acc 0.921875 and training loss tensor(0.5178, device='cuda:0', grad_fn=<AddBackward0>), loss_auto: tensor(0.2672, device='cuda:0', grad_fn=<AddBackward0>), loss_pre: tensor(0.4910, device='cuda:0', grad_fn=<NllLossBackward0>)[0m[0m
experiment  : INFO     [32m[32mstep: 31440 	 meta_lr 0.001000 	 training acc 0.8125 and training loss tensor(0.9852, device='cuda:0', grad_fn=<AddBackward0>), loss_auto: tensor(0.2717, device='cuda:0', grad_fn=<AddBackward0>), loss_pre: tensor(0.9581, device='cuda:0', grad_fn=<NllLossBackward0>)[0m[0m
experiment  : INFO     [32m[32mstep: 31480 	 meta_lr 0.001000 	 training acc 0.84375 and training loss tensor(0.7036, device='cuda:0', grad_fn=<AddBackward0>), loss_auto: tensor(0.2608, device='cuda:0', grad_fn=<AddBackward0>), loss_pre: tensor(0.6775, device='cuda:0', grad_fn=<NllLossBackward0>)[0m[0m
experiment  : INFO     [32m[32mTrain Accuracy = 0.896006224066404[0m[0m
experiment  : INFO     [32m[32mTest Accuracy = 0.893205394190886[0m[0m
experiment  : INFO     [32m[32mstep: 31520 	 meta_lr 0.001000 	 training acc 0.90625 and training loss tensor(0.4210, device='cuda:0', grad_fn=<AddBackward0>), loss_auto: tensor(0.2591, device='cuda:0', grad_fn=<AddBackward0>), loss_pre: tensor(0.3951, device='cuda:0', grad_fn=<NllLossBackward0>)[0m[0m
experiment  : INFO     [32m[32mstep: 31560 	 meta_lr 0.001000 	 training acc 0.875 and training loss tensor(0.5852, device='cuda:0', grad_fn=<AddBackward0>), loss_auto: tensor(0.2661, device='cuda:0', grad_fn=<AddBackward0>), loss_pre: tensor(0.5585, device='cuda:0', grad_fn=<NllLossBackward0>)[0m[0m
experiment  : INFO     [32m[32mstep: 31600 	 meta_lr 0.001000 	 training acc 0.875 and training loss tensor(0.5332, device='cuda:0', grad_fn=<AddBackward0>), loss_auto: tensor(0.2653, device='cuda:0', grad_fn=<AddBackward0>), loss_pre: tensor(0.5067, device='cuda:0', grad_fn=<NllLossBackward0>)[0m[0m
experiment  : INFO     [32m[32mstep: 31640 	 meta_lr 0.001000 	 training acc 0.828125 and training loss tensor(0.9075, device='cuda:0', grad_fn=<AddBackward0>), loss_auto: tensor(0.2654, device='cuda:0', grad_fn=<AddBackward0>), loss_pre: tensor(0.8810, device='cuda:0', grad_fn=<NllLossBackward0>)[0m[0m
experiment  : INFO     [32m[32mstep: 31680 	 meta_lr 0.001000 	 training acc 0.875 and training loss tensor(0.5985, device='cuda:0', grad_fn=<AddBackward0>), loss_auto: tensor(0.2587, device='cuda:0', grad_fn=<AddBackward0>), loss_pre: tensor(0.5726, device='cuda:0', grad_fn=<NllLossBackward0>)[0m[0m
experiment  : INFO     [32m[32mstep: 31720 	 meta_lr 0.001000 	 training acc 0.828125 and training loss tensor(0.7462, device='cuda:0', grad_fn=<AddBackward0>), loss_auto: tensor(0.2647, device='cuda:0', grad_fn=<AddBackward0>), loss_pre: tensor(0.7197, device='cuda:0', grad_fn=<NllLossBackward0>)[0m[0m
experiment  : INFO     [32m[32mstep: 31760 	 meta_lr 0.001000 	 training acc 0.828125 and training loss tensor(0.7360, device='cuda:0', grad_fn=<AddBackward0>), loss_auto: tensor(0.2586, device='cuda:0', grad_fn=<AddBackward0>), loss_pre: tensor(0.7101, device='cuda:0', grad_fn=<NllLossBackward0>)[0m[0m
experiment  : INFO     [32m[32mstep: 31800 	 meta_lr 0.001000 	 training acc 0.9375 and training loss tensor(0.1793, device='cuda:0', grad_fn=<AddBackward0>), loss_auto: tensor(0.2569, device='cuda:0', grad_fn=<AddBackward0>), loss_pre: tensor(0.1536, device='cuda:0', grad_fn=<NllLossBackward0>)[0m[0m
experiment  : INFO     [32m[32mstep: 31840 	 meta_lr 0.001000 	 training acc 0.953125 and training loss tensor(0.2786, device='cuda:0', grad_fn=<AddBackward0>), loss_auto: tensor(0.2672, device='cuda:0', grad_fn=<AddBackward0>), loss_pre: tensor(0.2519, device='cuda:0', grad_fn=<NllLossBackward0>)[0m[0m
experiment  : INFO     [32m[32mstep: 31880 	 meta_lr 0.001000 	 training acc 0.90625 and training loss tensor(0.3839, device='cuda:0', grad_fn=<AddBackward0>), loss_auto: tensor(0.2571, device='cuda:0', grad_fn=<AddBackward0>), loss_pre: tensor(0.3582, device='cuda:0', grad_fn=<NllLossBackward0>)[0m[0m
experiment  : INFO     [32m[32mstep: 31920 	 meta_lr 0.001000 	 training acc 0.828125 and training loss tensor(0.7286, device='cuda:0', grad_fn=<AddBackward0>), loss_auto: tensor(0.2542, device='cuda:0', grad_fn=<AddBackward0>), loss_pre: tensor(0.7031, device='cuda:0', grad_fn=<NllLossBackward0>)[0m[0m
experiment  : INFO     [32m[32mstep: 31960 	 meta_lr 0.001000 	 training acc 0.921875 and training loss tensor(0.4431, device='cuda:0', grad_fn=<AddBackward0>), loss_auto: tensor(0.2680, device='cuda:0', grad_fn=<AddBackward0>), loss_pre: tensor(0.4163, device='cuda:0', grad_fn=<NllLossBackward0>)[0m[0m
experiment  : INFO     [32m[32mstep: 32000 	 meta_lr 0.001000 	 training acc 0.796875 and training loss tensor(0.8555, device='cuda:0', grad_fn=<AddBackward0>), loss_auto: tensor(0.2690, device='cuda:0', grad_fn=<AddBackward0>), loss_pre: tensor(0.8286, device='cuda:0', grad_fn=<NllLossBackward0>)[0m[0m
experiment  : INFO     [32m[32mTrain Accuracy = 0.9032676348547853[0m[0m
experiment  : INFO     [32m[32mTest Accuracy = 0.9038900414937895[0m[0m
experiment  : INFO     [32m[32mstep: 32040 	 meta_lr 0.001000 	 training acc 0.875 and training loss tensor(0.8081, device='cuda:0', grad_fn=<AddBackward0>), loss_auto: tensor(0.2663, device='cuda:0', grad_fn=<AddBackward0>), loss_pre: tensor(0.7815, device='cuda:0', grad_fn=<NllLossBackward0>)[0m[0m
experiment  : INFO     [32m[32mstep: 32080 	 meta_lr 0.001000 	 training acc 0.84375 and training loss tensor(0.5802, device='cuda:0', grad_fn=<AddBackward0>), loss_auto: tensor(0.2693, device='cuda:0', grad_fn=<AddBackward0>), loss_pre: tensor(0.5533, device='cuda:0', grad_fn=<NllLossBackward0>)[0m[0m
experiment  : INFO     [32m[32mstep: 32120 	 meta_lr 0.001000 	 training acc 0.859375 and training loss tensor(1.2687, device='cuda:0', grad_fn=<AddBackward0>), loss_auto: tensor(0.2667, device='cuda:0', grad_fn=<AddBackward0>), loss_pre: tensor(1.2420, device='cuda:0', grad_fn=<NllLossBackward0>)[0m[0m
experiment  : INFO     [32m[32mstep: 32160 	 meta_lr 0.001000 	 training acc 0.875 and training loss tensor(0.6059, device='cuda:0', grad_fn=<AddBackward0>), loss_auto: tensor(0.2695, device='cuda:0', grad_fn=<AddBackward0>), loss_pre: tensor(0.5790, device='cuda:0', grad_fn=<NllLossBackward0>)[0m[0m
experiment  : INFO     [32m[32mstep: 32200 	 meta_lr 0.001000 	 training acc 0.9375 and training loss tensor(0.3405, device='cuda:0', grad_fn=<AddBackward0>), loss_auto: tensor(0.2627, device='cuda:0', grad_fn=<AddBackward0>), loss_pre: tensor(0.3142, device='cuda:0', grad_fn=<NllLossBackward0>)[0m[0m
experiment  : INFO     [32m[32mstep: 32240 	 meta_lr 0.001000 	 training acc 0.953125 and training loss tensor(0.3123, device='cuda:0', grad_fn=<AddBackward0>), loss_auto: tensor(0.2683, device='cuda:0', grad_fn=<AddBackward0>), loss_pre: tensor(0.2855, device='cuda:0', grad_fn=<NllLossBackward0>)[0m[0m
experiment  : INFO     [32m[32mstep: 32280 	 meta_lr 0.001000 	 training acc 0.90625 and training loss tensor(0.4787, device='cuda:0', grad_fn=<AddBackward0>), loss_auto: tensor(0.2638, device='cuda:0', grad_fn=<AddBackward0>), loss_pre: tensor(0.4523, device='cuda:0', grad_fn=<NllLossBackward0>)[0m[0m
experiment  : INFO     [32m[32mstep: 32320 	 meta_lr 0.001000 	 training acc 0.90625 and training loss tensor(0.5163, device='cuda:0', grad_fn=<AddBackward0>), loss_auto: tensor(0.2709, device='cuda:0', grad_fn=<AddBackward0>), loss_pre: tensor(0.4892, device='cuda:0', grad_fn=<NllLossBackward0>)[0m[0m
experiment  : INFO     [32m[32mstep: 32360 	 meta_lr 0.001000 	 training acc 0.859375 and training loss tensor(0.5942, device='cuda:0', grad_fn=<AddBackward0>), loss_auto: tensor(0.2639, device='cuda:0', grad_fn=<AddBackward0>), loss_pre: tensor(0.5678, device='cuda:0', grad_fn=<NllLossBackward0>)[0m[0m
experiment  : INFO     [32m[32mstep: 32400 	 meta_lr 0.001000 	 training acc 0.859375 and training loss tensor(0.6753, device='cuda:0', grad_fn=<AddBackward0>), loss_auto: tensor(0.2685, device='cuda:0', grad_fn=<AddBackward0>), loss_pre: tensor(0.6485, device='cuda:0', grad_fn=<NllLossBackward0>)[0m[0m
experiment  : INFO     [32m[32mstep: 32440 	 meta_lr 0.001000 	 training acc 0.90625 and training loss tensor(0.5803, device='cuda:0', grad_fn=<AddBackward0>), loss_auto: tensor(0.2695, device='cuda:0', grad_fn=<AddBackward0>), loss_pre: tensor(0.5533, device='cuda:0', grad_fn=<NllLossBackward0>)[0m[0m
experiment  : INFO     [32m[32mstep: 32480 	 meta_lr 0.001000 	 training acc 0.8125 and training loss tensor(1.4614, device='cuda:0', grad_fn=<AddBackward0>), loss_auto: tensor(0.2606, device='cuda:0', grad_fn=<AddBackward0>), loss_pre: tensor(1.4354, device='cuda:0', grad_fn=<NllLossBackward0>)[0m[0m
experiment  : INFO     [32m[32mTrain Accuracy = 0.9010373443983549[0m[0m
experiment  : INFO     [32m[32mTest Accuracy = 0.9026452282157835[0m[0m
experiment  : INFO     [32m[32mstep: 32520 	 meta_lr 0.001000 	 training acc 0.90625 and training loss tensor(0.5907, device='cuda:0', grad_fn=<AddBackward0>), loss_auto: tensor(0.2628, device='cuda:0', grad_fn=<AddBackward0>), loss_pre: tensor(0.5645, device='cuda:0', grad_fn=<NllLossBackward0>)[0m[0m
experiment  : INFO     [32m[32mstep: 32560 	 meta_lr 0.001000 	 training acc 0.859375 and training loss tensor(0.5412, device='cuda:0', grad_fn=<AddBackward0>), loss_auto: tensor(0.2654, device='cuda:0', grad_fn=<AddBackward0>), loss_pre: tensor(0.5146, device='cuda:0', grad_fn=<NllLossBackward0>)[0m[0m
experiment  : INFO     [32m[32mstep: 32600 	 meta_lr 0.001000 	 training acc 0.84375 and training loss tensor(0.7894, device='cuda:0', grad_fn=<AddBackward0>), loss_auto: tensor(0.2611, device='cuda:0', grad_fn=<AddBackward0>), loss_pre: tensor(0.7633, device='cuda:0', grad_fn=<NllLossBackward0>)[0m[0m
experiment  : INFO     [32m[32mstep: 32640 	 meta_lr 0.001000 	 training acc 0.9375 and training loss tensor(0.3133, device='cuda:0', grad_fn=<AddBackward0>), loss_auto: tensor(0.2675, device='cuda:0', grad_fn=<AddBackward0>), loss_pre: tensor(0.2865, device='cuda:0', grad_fn=<NllLossBackward0>)[0m[0m
experiment  : INFO     [32m[32mstep: 32680 	 meta_lr 0.001000 	 training acc 0.859375 and training loss tensor(0.5252, device='cuda:0', grad_fn=<AddBackward0>), loss_auto: tensor(0.2638, device='cuda:0', grad_fn=<AddBackward0>), loss_pre: tensor(0.4989, device='cuda:0', grad_fn=<NllLossBackward0>)[0m[0m
experiment  : INFO     [32m[32mstep: 32720 	 meta_lr 0.001000 	 training acc 0.921875 and training loss tensor(0.3940, device='cuda:0', grad_fn=<AddBackward0>), loss_auto: tensor(0.2675, device='cuda:0', grad_fn=<AddBackward0>), loss_pre: tensor(0.3672, device='cuda:0', grad_fn=<NllLossBackward0>)[0m[0m
experiment  : INFO     [32m[32mstep: 32760 	 meta_lr 0.001000 	 training acc 0.984375 and training loss tensor(0.0973, device='cuda:0', grad_fn=<AddBackward0>), loss_auto: tensor(0.2617, device='cuda:0', grad_fn=<AddBackward0>), loss_pre: tensor(0.0712, device='cuda:0', grad_fn=<NllLossBackward0>)[0m[0m
experiment  : INFO     [32m[32mstep: 32800 	 meta_lr 0.001000 	 training acc 0.921875 and training loss tensor(0.3945, device='cuda:0', grad_fn=<AddBackward0>), loss_auto: tensor(0.2605, device='cuda:0', grad_fn=<AddBackward0>), loss_pre: tensor(0.3684, device='cuda:0', grad_fn=<NllLossBackward0>)[0m[0m
experiment  : INFO     [32m[32mstep: 32840 	 meta_lr 0.001000 	 training acc 0.890625 and training loss tensor(0.5981, device='cuda:0', grad_fn=<AddBackward0>), loss_auto: tensor(0.2650, device='cuda:0', grad_fn=<AddBackward0>), loss_pre: tensor(0.5716, device='cuda:0', grad_fn=<NllLossBackward0>)[0m[0m
experiment  : INFO     [32m[32mstep: 32880 	 meta_lr 0.001000 	 training acc 0.84375 and training loss tensor(0.6270, device='cuda:0', grad_fn=<AddBackward0>), loss_auto: tensor(0.2654, device='cuda:0', grad_fn=<AddBackward0>), loss_pre: tensor(0.6004, device='cuda:0', grad_fn=<NllLossBackward0>)[0m[0m
experiment  : INFO     [32m[32mstep: 32920 	 meta_lr 0.001000 	 training acc 0.921875 and training loss tensor(0.4006, device='cuda:0', grad_fn=<AddBackward0>), loss_auto: tensor(0.2663, device='cuda:0', grad_fn=<AddBackward0>), loss_pre: tensor(0.3740, device='cuda:0', grad_fn=<NllLossBackward0>)[0m[0m
experiment  : INFO     [32m[32mstep: 32960 	 meta_lr 0.001000 	 training acc 0.90625 and training loss tensor(0.4041, device='cuda:0', grad_fn=<AddBackward0>), loss_auto: tensor(0.2617, device='cuda:0', grad_fn=<AddBackward0>), loss_pre: tensor(0.3780, device='cuda:0', grad_fn=<NllLossBackward0>)[0m[0m
experiment  : INFO     [32m[32mstep: 33000 	 meta_lr 0.001000 	 training acc 0.890625 and training loss tensor(0.5864, device='cuda:0', grad_fn=<AddBackward0>), loss_auto: tensor(0.2605, device='cuda:0', grad_fn=<AddBackward0>), loss_pre: tensor(0.5603, device='cuda:0', grad_fn=<NllLossBackward0>)[0m[0m
experiment  : INFO     [32m[32mTrain Accuracy = 0.8927904564315492[0m[0m
experiment  : INFO     [32m[32mTest Accuracy = 0.8955394190871533[0m[0m
experiment  : INFO     [32m[32mstep: 33040 	 meta_lr 0.001000 	 training acc 0.828125 and training loss tensor(0.7289, device='cuda:0', grad_fn=<AddBackward0>), loss_auto: tensor(0.2620, device='cuda:0', grad_fn=<AddBackward0>), loss_pre: tensor(0.7027, device='cuda:0', grad_fn=<NllLossBackward0>)[0m[0m
experiment  : INFO     [32m[32mstep: 33080 	 meta_lr 0.001000 	 training acc 0.9375 and training loss tensor(0.4193, device='cuda:0', grad_fn=<AddBackward0>), loss_auto: tensor(0.2652, device='cuda:0', grad_fn=<AddBackward0>), loss_pre: tensor(0.3928, device='cuda:0', grad_fn=<NllLossBackward0>)[0m[0m
experiment  : INFO     [32m[32mstep: 33120 	 meta_lr 0.001000 	 training acc 0.921875 and training loss tensor(0.3944, device='cuda:0', grad_fn=<AddBackward0>), loss_auto: tensor(0.2672, device='cuda:0', grad_fn=<AddBackward0>), loss_pre: tensor(0.3676, device='cuda:0', grad_fn=<NllLossBackward0>)[0m[0m
experiment  : INFO     [32m[32mstep: 33160 	 meta_lr 0.001000 	 training acc 0.875 and training loss tensor(0.7297, device='cuda:0', grad_fn=<AddBackward0>), loss_auto: tensor(0.2614, device='cuda:0', grad_fn=<AddBackward0>), loss_pre: tensor(0.7036, device='cuda:0', grad_fn=<NllLossBackward0>)[0m[0m
experiment  : INFO     [32m[32mstep: 33200 	 meta_lr 0.001000 	 training acc 0.875 and training loss tensor(0.7057, device='cuda:0', grad_fn=<AddBackward0>), loss_auto: tensor(0.2675, device='cuda:0', grad_fn=<AddBackward0>), loss_pre: tensor(0.6789, device='cuda:0', grad_fn=<NllLossBackward0>)[0m[0m
experiment  : INFO     [32m[32mstep: 33240 	 meta_lr 0.001000 	 training acc 0.9375 and training loss tensor(0.2312, device='cuda:0', grad_fn=<AddBackward0>), loss_auto: tensor(0.2648, device='cuda:0', grad_fn=<AddBackward0>), loss_pre: tensor(0.2047, device='cuda:0', grad_fn=<NllLossBackward0>)[0m[0m
experiment  : INFO     [32m[32mstep: 33280 	 meta_lr 0.001000 	 training acc 0.84375 and training loss tensor(0.6355, device='cuda:0', grad_fn=<AddBackward0>), loss_auto: tensor(0.2633, device='cuda:0', grad_fn=<AddBackward0>), loss_pre: tensor(0.6092, device='cuda:0', grad_fn=<NllLossBackward0>)[0m[0m
experiment  : INFO     [32m[32mstep: 33320 	 meta_lr 0.001000 	 training acc 0.828125 and training loss tensor(0.9850, device='cuda:0', grad_fn=<AddBackward0>), loss_auto: tensor(0.2722, device='cuda:0', grad_fn=<AddBackward0>), loss_pre: tensor(0.9578, device='cuda:0', grad_fn=<NllLossBackward0>)[0m[0m
experiment  : INFO     [32m[32mstep: 33360 	 meta_lr 0.001000 	 training acc 0.859375 and training loss tensor(0.6050, device='cuda:0', grad_fn=<AddBackward0>), loss_auto: tensor(0.2634, device='cuda:0', grad_fn=<AddBackward0>), loss_pre: tensor(0.5786, device='cuda:0', grad_fn=<NllLossBackward0>)[0m[0m
experiment  : INFO     [32m[32mstep: 33400 	 meta_lr 0.001000 	 training acc 0.875 and training loss tensor(0.9148, device='cuda:0', grad_fn=<AddBackward0>), loss_auto: tensor(0.2622, device='cuda:0', grad_fn=<AddBackward0>), loss_pre: tensor(0.8885, device='cuda:0', grad_fn=<NllLossBackward0>)[0m[0m
experiment  : INFO     [32m[32mstep: 33440 	 meta_lr 0.001000 	 training acc 0.78125 and training loss tensor(1.8548, device='cuda:0', grad_fn=<AddBackward0>), loss_auto: tensor(0.2635, device='cuda:0', grad_fn=<AddBackward0>), loss_pre: tensor(1.8284, device='cuda:0', grad_fn=<NllLossBackward0>)[0m[0m
experiment  : INFO     [32m[32mstep: 33480 	 meta_lr 0.001000 	 training acc 0.890625 and training loss tensor(0.8960, device='cuda:0', grad_fn=<AddBackward0>), loss_auto: tensor(0.2747, device='cuda:0', grad_fn=<AddBackward0>), loss_pre: tensor(0.8685, device='cuda:0', grad_fn=<NllLossBackward0>)[0m[0m
experiment  : INFO     [32m[32mTrain Accuracy = 0.9049792531120464[0m[0m
experiment  : INFO     [32m[32mTest Accuracy = 0.9053941908713855[0m[0m
experiment  : INFO     [32m[32mstep: 33520 	 meta_lr 0.001000 	 training acc 0.78125 and training loss tensor(1.2223, device='cuda:0', grad_fn=<AddBackward0>), loss_auto: tensor(0.2677, device='cuda:0', grad_fn=<AddBackward0>), loss_pre: tensor(1.1955, device='cuda:0', grad_fn=<NllLossBackward0>)[0m[0m
experiment  : INFO     [32m[32mstep: 33560 	 meta_lr 0.001000 	 training acc 0.84375 and training loss tensor(0.8704, device='cuda:0', grad_fn=<AddBackward0>), loss_auto: tensor(0.2717, device='cuda:0', grad_fn=<AddBackward0>), loss_pre: tensor(0.8433, device='cuda:0', grad_fn=<NllLossBackward0>)[0m[0m
experiment  : INFO     [32m[32mstep: 33600 	 meta_lr 0.001000 	 training acc 0.96875 and training loss tensor(0.1490, device='cuda:0', grad_fn=<AddBackward0>), loss_auto: tensor(0.2632, device='cuda:0', grad_fn=<AddBackward0>), loss_pre: tensor(0.1227, device='cuda:0', grad_fn=<NllLossBackward0>)[0m[0m
experiment  : INFO     [32m[32mstep: 33640 	 meta_lr 0.001000 	 training acc 0.828125 and training loss tensor(0.7674, device='cuda:0', grad_fn=<AddBackward0>), loss_auto: tensor(0.2629, device='cuda:0', grad_fn=<AddBackward0>), loss_pre: tensor(0.7411, device='cuda:0', grad_fn=<NllLossBackward0>)[0m[0m
experiment  : INFO     [32m[32mstep: 33680 	 meta_lr 0.001000 	 training acc 0.90625 and training loss tensor(0.5525, device='cuda:0', grad_fn=<AddBackward0>), loss_auto: tensor(0.2601, device='cuda:0', grad_fn=<AddBackward0>), loss_pre: tensor(0.5265, device='cuda:0', grad_fn=<NllLossBackward0>)[0m[0m
experiment  : INFO     [32m[32mstep: 33720 	 meta_lr 0.001000 	 training acc 0.90625 and training loss tensor(0.5383, device='cuda:0', grad_fn=<AddBackward0>), loss_auto: tensor(0.2646, device='cuda:0', grad_fn=<AddBackward0>), loss_pre: tensor(0.5119, device='cuda:0', grad_fn=<NllLossBackward0>)[0m[0m
experiment  : INFO     [32m[32mstep: 33760 	 meta_lr 0.001000 	 training acc 0.9375 and training loss tensor(0.3747, device='cuda:0', grad_fn=<AddBackward0>), loss_auto: tensor(0.2655, device='cuda:0', grad_fn=<AddBackward0>), loss_pre: tensor(0.3482, device='cuda:0', grad_fn=<NllLossBackward0>)[0m[0m
experiment  : INFO     [32m[32mstep: 33800 	 meta_lr 0.001000 	 training acc 0.859375 and training loss tensor(0.7260, device='cuda:0', grad_fn=<AddBackward0>), loss_auto: tensor(0.2631, device='cuda:0', grad_fn=<AddBackward0>), loss_pre: tensor(0.6996, device='cuda:0', grad_fn=<NllLossBackward0>)[0m[0m
experiment  : INFO     [32m[32mstep: 33840 	 meta_lr 0.001000 	 training acc 0.890625 and training loss tensor(0.5529, device='cuda:0', grad_fn=<AddBackward0>), loss_auto: tensor(0.2676, device='cuda:0', grad_fn=<AddBackward0>), loss_pre: tensor(0.5261, device='cuda:0', grad_fn=<NllLossBackward0>)[0m[0m
experiment  : INFO     [32m[32mstep: 33880 	 meta_lr 0.001000 	 training acc 0.875 and training loss tensor(0.6451, device='cuda:0', grad_fn=<AddBackward0>), loss_auto: tensor(0.2648, device='cuda:0', grad_fn=<AddBackward0>), loss_pre: tensor(0.6186, device='cuda:0', grad_fn=<NllLossBackward0>)[0m[0m
experiment  : INFO     [32m[32mstep: 33920 	 meta_lr 0.001000 	 training acc 0.9375 and training loss tensor(0.4927, device='cuda:0', grad_fn=<AddBackward0>), loss_auto: tensor(0.2695, device='cuda:0', grad_fn=<AddBackward0>), loss_pre: tensor(0.4658, device='cuda:0', grad_fn=<NllLossBackward0>)[0m[0m
experiment  : INFO     [32m[32mstep: 33960 	 meta_lr 0.001000 	 training acc 0.84375 and training loss tensor(0.8516, device='cuda:0', grad_fn=<AddBackward0>), loss_auto: tensor(0.2631, device='cuda:0', grad_fn=<AddBackward0>), loss_pre: tensor(0.8253, device='cuda:0', grad_fn=<NllLossBackward0>)[0m[0m
experiment  : INFO     [32m[32mstep: 34000 	 meta_lr 0.001000 	 training acc 0.90625 and training loss tensor(0.7638, device='cuda:0', grad_fn=<AddBackward0>), loss_auto: tensor(0.2687, device='cuda:0', grad_fn=<AddBackward0>), loss_pre: tensor(0.7369, device='cuda:0', grad_fn=<NllLossBackward0>)[0m[0m
experiment  : INFO     [32m[32mTrain Accuracy = 0.9039937759336243[0m[0m
experiment  : INFO     [32m[32mTest Accuracy = 0.904616182572628[0m[0m
experiment  : INFO     [32m[32mstep: 34040 	 meta_lr 0.001000 	 training acc 0.90625 and training loss tensor(0.4998, device='cuda:0', grad_fn=<AddBackward0>), loss_auto: tensor(0.2590, device='cuda:0', grad_fn=<AddBackward0>), loss_pre: tensor(0.4739, device='cuda:0', grad_fn=<NllLossBackward0>)[0m[0m
experiment  : INFO     [32m[32mstep: 34080 	 meta_lr 0.001000 	 training acc 0.890625 and training loss tensor(0.6586, device='cuda:0', grad_fn=<AddBackward0>), loss_auto: tensor(0.2609, device='cuda:0', grad_fn=<AddBackward0>), loss_pre: tensor(0.6325, device='cuda:0', grad_fn=<NllLossBackward0>)[0m[0m
experiment  : INFO     [32m[32mstep: 34120 	 meta_lr 0.001000 	 training acc 0.859375 and training loss tensor(0.6927, device='cuda:0', grad_fn=<AddBackward0>), loss_auto: tensor(0.2683, device='cuda:0', grad_fn=<AddBackward0>), loss_pre: tensor(0.6658, device='cuda:0', grad_fn=<NllLossBackward0>)[0m[0m
experiment  : INFO     [32m[32mstep: 34160 	 meta_lr 0.001000 	 training acc 0.890625 and training loss tensor(0.4971, device='cuda:0', grad_fn=<AddBackward0>), loss_auto: tensor(0.2625, device='cuda:0', grad_fn=<AddBackward0>), loss_pre: tensor(0.4709, device='cuda:0', grad_fn=<NllLossBackward0>)[0m[0m
experiment  : INFO     [32m[32mstep: 34200 	 meta_lr 0.001000 	 training acc 0.875 and training loss tensor(0.4483, device='cuda:0', grad_fn=<AddBackward0>), loss_auto: tensor(0.2628, device='cuda:0', grad_fn=<AddBackward0>), loss_pre: tensor(0.4220, device='cuda:0', grad_fn=<NllLossBackward0>)[0m[0m
experiment  : INFO     [32m[32mstep: 34240 	 meta_lr 0.001000 	 training acc 0.890625 and training loss tensor(0.5329, device='cuda:0', grad_fn=<AddBackward0>), loss_auto: tensor(0.2606, device='cuda:0', grad_fn=<AddBackward0>), loss_pre: tensor(0.5068, device='cuda:0', grad_fn=<NllLossBackward0>)[0m[0m
experiment  : INFO     [32m[32mstep: 34280 	 meta_lr 0.001000 	 training acc 0.921875 and training loss tensor(0.5301, device='cuda:0', grad_fn=<AddBackward0>), loss_auto: tensor(0.2724, device='cuda:0', grad_fn=<AddBackward0>), loss_pre: tensor(0.5029, device='cuda:0', grad_fn=<NllLossBackward0>)[0m[0m
experiment  : INFO     [32m[32mstep: 34320 	 meta_lr 0.001000 	 training acc 0.921875 and training loss tensor(0.3887, device='cuda:0', grad_fn=<AddBackward0>), loss_auto: tensor(0.2648, device='cuda:0', grad_fn=<AddBackward0>), loss_pre: tensor(0.3622, device='cuda:0', grad_fn=<NllLossBackward0>)[0m[0m
experiment  : INFO     [32m[32mstep: 34360 	 meta_lr 0.001000 	 training acc 0.875 and training loss tensor(0.5048, device='cuda:0', grad_fn=<AddBackward0>), loss_auto: tensor(0.2647, device='cuda:0', grad_fn=<AddBackward0>), loss_pre: tensor(0.4783, device='cuda:0', grad_fn=<NllLossBackward0>)[0m[0m
experiment  : INFO     [32m[32mstep: 34400 	 meta_lr 0.001000 	 training acc 0.859375 and training loss tensor(0.8070, device='cuda:0', grad_fn=<AddBackward0>), loss_auto: tensor(0.2709, device='cuda:0', grad_fn=<AddBackward0>), loss_pre: tensor(0.7799, device='cuda:0', grad_fn=<NllLossBackward0>)[0m[0m
experiment  : INFO     [32m[32mstep: 34440 	 meta_lr 0.001000 	 training acc 0.828125 and training loss tensor(0.6479, device='cuda:0', grad_fn=<AddBackward0>), loss_auto: tensor(0.2650, device='cuda:0', grad_fn=<AddBackward0>), loss_pre: tensor(0.6214, device='cuda:0', grad_fn=<NllLossBackward0>)[0m[0m
experiment  : INFO     [32m[32mstep: 34480 	 meta_lr 0.001000 	 training acc 0.796875 and training loss tensor(0.9392, device='cuda:0', grad_fn=<AddBackward0>), loss_auto: tensor(0.2605, device='cuda:0', grad_fn=<AddBackward0>), loss_pre: tensor(0.9131, device='cuda:0', grad_fn=<NllLossBackward0>)[0m[0m
experiment  : INFO     [32m[32mTrain Accuracy = 0.8973547717842469[0m[0m
experiment  : INFO     [32m[32mTest Accuracy = 0.8967842323651589[0m[0m
experiment  : INFO     [32m[32mstep: 34520 	 meta_lr 0.001000 	 training acc 0.9375 and training loss tensor(0.4653, device='cuda:0', grad_fn=<AddBackward0>), loss_auto: tensor(0.2666, device='cuda:0', grad_fn=<AddBackward0>), loss_pre: tensor(0.4386, device='cuda:0', grad_fn=<NllLossBackward0>)[0m[0m
experiment  : INFO     [32m[32mstep: 34560 	 meta_lr 0.001000 	 training acc 0.90625 and training loss tensor(0.5542, device='cuda:0', grad_fn=<AddBackward0>), loss_auto: tensor(0.2623, device='cuda:0', grad_fn=<AddBackward0>), loss_pre: tensor(0.5280, device='cuda:0', grad_fn=<NllLossBackward0>)[0m[0m
experiment  : INFO     [32m[32mstep: 34600 	 meta_lr 0.001000 	 training acc 0.90625 and training loss tensor(0.3122, device='cuda:0', grad_fn=<AddBackward0>), loss_auto: tensor(0.2639, device='cuda:0', grad_fn=<AddBackward0>), loss_pre: tensor(0.2858, device='cuda:0', grad_fn=<NllLossBackward0>)[0m[0m
experiment  : INFO     [32m[32mstep: 34640 	 meta_lr 0.001000 	 training acc 0.921875 and training loss tensor(0.5537, device='cuda:0', grad_fn=<AddBackward0>), loss_auto: tensor(0.2618, device='cuda:0', grad_fn=<AddBackward0>), loss_pre: tensor(0.5275, device='cuda:0', grad_fn=<NllLossBackward0>)[0m[0m
experiment  : INFO     [32m[32mstep: 34680 	 meta_lr 0.001000 	 training acc 0.890625 and training loss tensor(0.4863, device='cuda:0', grad_fn=<AddBackward0>), loss_auto: tensor(0.2625, device='cuda:0', grad_fn=<AddBackward0>), loss_pre: tensor(0.4600, device='cuda:0', grad_fn=<NllLossBackward0>)[0m[0m
experiment  : INFO     [32m[32mstep: 34720 	 meta_lr 0.001000 	 training acc 0.796875 and training loss tensor(0.7577, device='cuda:0', grad_fn=<AddBackward0>), loss_auto: tensor(0.2668, device='cuda:0', grad_fn=<AddBackward0>), loss_pre: tensor(0.7310, device='cuda:0', grad_fn=<NllLossBackward0>)[0m[0m
experiment  : INFO     [32m[32mstep: 34760 	 meta_lr 0.001000 	 training acc 0.921875 and training loss tensor(0.3406, device='cuda:0', grad_fn=<AddBackward0>), loss_auto: tensor(0.2677, device='cuda:0', grad_fn=<AddBackward0>), loss_pre: tensor(0.3138, device='cuda:0', grad_fn=<NllLossBackward0>)[0m[0m
experiment  : INFO     [32m[32mstep: 34800 	 meta_lr 0.001000 	 training acc 0.890625 and training loss tensor(0.5559, device='cuda:0', grad_fn=<AddBackward0>), loss_auto: tensor(0.2704, device='cuda:0', grad_fn=<AddBackward0>), loss_pre: tensor(0.5289, device='cuda:0', grad_fn=<NllLossBackward0>)[0m[0m
experiment  : INFO     [32m[32mstep: 34840 	 meta_lr 0.001000 	 training acc 0.890625 and training loss tensor(0.5036, device='cuda:0', grad_fn=<AddBackward0>), loss_auto: tensor(0.2602, device='cuda:0', grad_fn=<AddBackward0>), loss_pre: tensor(0.4776, device='cuda:0', grad_fn=<NllLossBackward0>)[0m[0m
experiment  : INFO     [32m[32mstep: 34880 	 meta_lr 0.001000 	 training acc 0.859375 and training loss tensor(0.6856, device='cuda:0', grad_fn=<AddBackward0>), loss_auto: tensor(0.2580, device='cuda:0', grad_fn=<AddBackward0>), loss_pre: tensor(0.6598, device='cuda:0', grad_fn=<NllLossBackward0>)[0m[0m
experiment  : INFO     [32m[32mstep: 34920 	 meta_lr 0.001000 	 training acc 0.890625 and training loss tensor(0.5741, device='cuda:0', grad_fn=<AddBackward0>), loss_auto: tensor(0.2603, device='cuda:0', grad_fn=<AddBackward0>), loss_pre: tensor(0.5481, device='cuda:0', grad_fn=<NllLossBackward0>)[0m[0m
experiment  : INFO     [32m[32mstep: 34960 	 meta_lr 0.001000 	 training acc 0.96875 and training loss tensor(0.2442, device='cuda:0', grad_fn=<AddBackward0>), loss_auto: tensor(0.2613, device='cuda:0', grad_fn=<AddBackward0>), loss_pre: tensor(0.2181, device='cuda:0', grad_fn=<NllLossBackward0>)[0m[0m
experiment  : INFO     [32m[32mstep: 35000 	 meta_lr 0.001000 	 training acc 0.953125 and training loss tensor(0.3480, device='cuda:0', grad_fn=<AddBackward0>), loss_auto: tensor(0.2613, device='cuda:0', grad_fn=<AddBackward0>), loss_pre: tensor(0.3219, device='cuda:0', grad_fn=<NllLossBackward0>)[0m[0m
experiment  : INFO     [32m[32mTrain Accuracy = 0.914885892116194[0m[0m
experiment  : INFO     [32m[32mTest Accuracy = 0.91364107883819[0m[0m
experiment  : INFO     [32m[32mstep: 35040 	 meta_lr 0.001000 	 training acc 0.875 and training loss tensor(0.7585, device='cuda:0', grad_fn=<AddBackward0>), loss_auto: tensor(0.2651, device='cuda:0', grad_fn=<AddBackward0>), loss_pre: tensor(0.7320, device='cuda:0', grad_fn=<NllLossBackward0>)[0m[0m
experiment  : INFO     [32m[32mstep: 35080 	 meta_lr 0.001000 	 training acc 0.96875 and training loss tensor(0.1701, device='cuda:0', grad_fn=<AddBackward0>), loss_auto: tensor(0.2596, device='cuda:0', grad_fn=<AddBackward0>), loss_pre: tensor(0.1442, device='cuda:0', grad_fn=<NllLossBackward0>)[0m[0m
experiment  : INFO     [32m[32mstep: 35120 	 meta_lr 0.001000 	 training acc 0.890625 and training loss tensor(0.5567, device='cuda:0', grad_fn=<AddBackward0>), loss_auto: tensor(0.2660, device='cuda:0', grad_fn=<AddBackward0>), loss_pre: tensor(0.5301, device='cuda:0', grad_fn=<NllLossBackward0>)[0m[0m
experiment  : INFO     [32m[32mstep: 35160 	 meta_lr 0.001000 	 training acc 0.953125 and training loss tensor(0.2567, device='cuda:0', grad_fn=<AddBackward0>), loss_auto: tensor(0.2605, device='cuda:0', grad_fn=<AddBackward0>), loss_pre: tensor(0.2307, device='cuda:0', grad_fn=<NllLossBackward0>)[0m[0m
experiment  : INFO     [32m[32mstep: 35200 	 meta_lr 0.001000 	 training acc 0.859375 and training loss tensor(0.8862, device='cuda:0', grad_fn=<AddBackward0>), loss_auto: tensor(0.2598, device='cuda:0', grad_fn=<AddBackward0>), loss_pre: tensor(0.8602, device='cuda:0', grad_fn=<NllLossBackward0>)[0m[0m
experiment  : INFO     [32m[32mstep: 35240 	 meta_lr 0.001000 	 training acc 0.9375 and training loss tensor(0.3946, device='cuda:0', grad_fn=<AddBackward0>), loss_auto: tensor(0.2678, device='cuda:0', grad_fn=<AddBackward0>), loss_pre: tensor(0.3678, device='cuda:0', grad_fn=<NllLossBackward0>)[0m[0m
experiment  : INFO     [32m[32mstep: 35280 	 meta_lr 0.001000 	 training acc 0.875 and training loss tensor(0.5233, device='cuda:0', grad_fn=<AddBackward0>), loss_auto: tensor(0.2587, device='cuda:0', grad_fn=<AddBackward0>), loss_pre: tensor(0.4974, device='cuda:0', grad_fn=<NllLossBackward0>)[0m[0m
experiment  : INFO     [32m[32mstep: 35320 	 meta_lr 0.001000 	 training acc 0.90625 and training loss tensor(0.4991, device='cuda:0', grad_fn=<AddBackward0>), loss_auto: tensor(0.2598, device='cuda:0', grad_fn=<AddBackward0>), loss_pre: tensor(0.4731, device='cuda:0', grad_fn=<NllLossBackward0>)[0m[0m
experiment  : INFO     [32m[32mstep: 35360 	 meta_lr 0.001000 	 training acc 0.859375 and training loss tensor(0.8178, device='cuda:0', grad_fn=<AddBackward0>), loss_auto: tensor(0.2654, device='cuda:0', grad_fn=<AddBackward0>), loss_pre: tensor(0.7912, device='cuda:0', grad_fn=<NllLossBackward0>)[0m[0m
experiment  : INFO     [32m[32mstep: 35400 	 meta_lr 0.001000 	 training acc 0.859375 and training loss tensor(0.8265, device='cuda:0', grad_fn=<AddBackward0>), loss_auto: tensor(0.2642, device='cuda:0', grad_fn=<AddBackward0>), loss_pre: tensor(0.8000, device='cuda:0', grad_fn=<NllLossBackward0>)[0m[0m
experiment  : INFO     [32m[32mstep: 35440 	 meta_lr 0.001000 	 training acc 0.90625 and training loss tensor(0.4084, device='cuda:0', grad_fn=<AddBackward0>), loss_auto: tensor(0.2650, device='cuda:0', grad_fn=<AddBackward0>), loss_pre: tensor(0.3819, device='cuda:0', grad_fn=<NllLossBackward0>)[0m[0m
experiment  : INFO     [32m[32mstep: 35480 	 meta_lr 0.001000 	 training acc 0.90625 and training loss tensor(0.5030, device='cuda:0', grad_fn=<AddBackward0>), loss_auto: tensor(0.2628, device='cuda:0', grad_fn=<AddBackward0>), loss_pre: tensor(0.4767, device='cuda:0', grad_fn=<NllLossBackward0>)[0m[0m
experiment  : INFO     [32m[32mTrain Accuracy = 0.910477178423249[0m[0m
experiment  : INFO     [32m[32mTest Accuracy = 0.9094398340249094[0m[0m
experiment  : INFO     [32m[32mstep: 35520 	 meta_lr 0.001000 	 training acc 0.890625 and training loss tensor(0.5156, device='cuda:0', grad_fn=<AddBackward0>), loss_auto: tensor(0.2667, device='cuda:0', grad_fn=<AddBackward0>), loss_pre: tensor(0.4890, device='cuda:0', grad_fn=<NllLossBackward0>)[0m[0m
experiment  : INFO     [32m[32mstep: 35560 	 meta_lr 0.001000 	 training acc 0.859375 and training loss tensor(0.6193, device='cuda:0', grad_fn=<AddBackward0>), loss_auto: tensor(0.2614, device='cuda:0', grad_fn=<AddBackward0>), loss_pre: tensor(0.5932, device='cuda:0', grad_fn=<NllLossBackward0>)[0m[0m
experiment  : INFO     [32m[32mstep: 35600 	 meta_lr 0.001000 	 training acc 0.875 and training loss tensor(0.5190, device='cuda:0', grad_fn=<AddBackward0>), loss_auto: tensor(0.2638, device='cuda:0', grad_fn=<AddBackward0>), loss_pre: tensor(0.4926, device='cuda:0', grad_fn=<NllLossBackward0>)[0m[0m
experiment  : INFO     [32m[32mstep: 35640 	 meta_lr 0.001000 	 training acc 0.921875 and training loss tensor(0.5545, device='cuda:0', grad_fn=<AddBackward0>), loss_auto: tensor(0.2674, device='cuda:0', grad_fn=<AddBackward0>), loss_pre: tensor(0.5278, device='cuda:0', grad_fn=<NllLossBackward0>)[0m[0m
experiment  : INFO     [32m[32mstep: 35680 	 meta_lr 0.001000 	 training acc 0.875 and training loss tensor(0.7411, device='cuda:0', grad_fn=<AddBackward0>), loss_auto: tensor(0.2659, device='cuda:0', grad_fn=<AddBackward0>), loss_pre: tensor(0.7145, device='cuda:0', grad_fn=<NllLossBackward0>)[0m[0m
experiment  : INFO     [32m[32mstep: 35720 	 meta_lr 0.001000 	 training acc 0.859375 and training loss tensor(0.7134, device='cuda:0', grad_fn=<AddBackward0>), loss_auto: tensor(0.2689, device='cuda:0', grad_fn=<AddBackward0>), loss_pre: tensor(0.6865, device='cuda:0', grad_fn=<NllLossBackward0>)[0m[0m
experiment  : INFO     [32m[32mstep: 35760 	 meta_lr 0.001000 	 training acc 0.859375 and training loss tensor(0.7145, device='cuda:0', grad_fn=<AddBackward0>), loss_auto: tensor(0.2657, device='cuda:0', grad_fn=<AddBackward0>), loss_pre: tensor(0.6879, device='cuda:0', grad_fn=<NllLossBackward0>)[0m[0m
experiment  : INFO     [32m[32mstep: 35800 	 meta_lr 0.001000 	 training acc 0.828125 and training loss tensor(0.5549, device='cuda:0', grad_fn=<AddBackward0>), loss_auto: tensor(0.2577, device='cuda:0', grad_fn=<AddBackward0>), loss_pre: tensor(0.5292, device='cuda:0', grad_fn=<NllLossBackward0>)[0m[0m
experiment  : INFO     [32m[32mstep: 35840 	 meta_lr 0.001000 	 training acc 0.90625 and training loss tensor(0.5529, device='cuda:0', grad_fn=<AddBackward0>), loss_auto: tensor(0.2598, device='cuda:0', grad_fn=<AddBackward0>), loss_pre: tensor(0.5269, device='cuda:0', grad_fn=<NllLossBackward0>)[0m[0m
experiment  : INFO     [32m[32mstep: 35880 	 meta_lr 0.001000 	 training acc 0.84375 and training loss tensor(0.7200, device='cuda:0', grad_fn=<AddBackward0>), loss_auto: tensor(0.2610, device='cuda:0', grad_fn=<AddBackward0>), loss_pre: tensor(0.6939, device='cuda:0', grad_fn=<NllLossBackward0>)[0m[0m
experiment  : INFO     [32m[32mstep: 35920 	 meta_lr 0.001000 	 training acc 0.890625 and training loss tensor(0.7488, device='cuda:0', grad_fn=<AddBackward0>), loss_auto: tensor(0.2676, device='cuda:0', grad_fn=<AddBackward0>), loss_pre: tensor(0.7220, device='cuda:0', grad_fn=<NllLossBackward0>)[0m[0m
experiment  : INFO     [32m[32mstep: 35960 	 meta_lr 0.001000 	 training acc 0.90625 and training loss tensor(0.3877, device='cuda:0', grad_fn=<AddBackward0>), loss_auto: tensor(0.2693, device='cuda:0', grad_fn=<AddBackward0>), loss_pre: tensor(0.3608, device='cuda:0', grad_fn=<NllLossBackward0>)[0m[0m
experiment  : INFO     [32m[32mstep: 36000 	 meta_lr 0.001000 	 training acc 0.921875 and training loss tensor(0.2846, device='cuda:0', grad_fn=<AddBackward0>), loss_auto: tensor(0.2667, device='cuda:0', grad_fn=<AddBackward0>), loss_pre: tensor(0.2580, device='cuda:0', grad_fn=<NllLossBackward0>)[0m[0m
experiment  : INFO     [32m[32mTrain Accuracy = 0.9067946058091423[0m[0m
experiment  : INFO     [32m[32mTest Accuracy = 0.9051867219917157[0m[0m
experiment  : INFO     [32m[32mstep: 36040 	 meta_lr 0.001000 	 training acc 0.875 and training loss tensor(0.7644, device='cuda:0', grad_fn=<AddBackward0>), loss_auto: tensor(0.2655, device='cuda:0', grad_fn=<AddBackward0>), loss_pre: tensor(0.7379, device='cuda:0', grad_fn=<NllLossBackward0>)[0m[0m
experiment  : INFO     [32m[32mstep: 36080 	 meta_lr 0.001000 	 training acc 0.90625 and training loss tensor(0.6262, device='cuda:0', grad_fn=<AddBackward0>), loss_auto: tensor(0.2667, device='cuda:0', grad_fn=<AddBackward0>), loss_pre: tensor(0.5995, device='cuda:0', grad_fn=<NllLossBackward0>)[0m[0m
experiment  : INFO     [32m[32mstep: 36120 	 meta_lr 0.001000 	 training acc 0.890625 and training loss tensor(0.4102, device='cuda:0', grad_fn=<AddBackward0>), loss_auto: tensor(0.2638, device='cuda:0', grad_fn=<AddBackward0>), loss_pre: tensor(0.3838, device='cuda:0', grad_fn=<NllLossBackward0>)[0m[0m
experiment  : INFO     [32m[32mstep: 36160 	 meta_lr 0.001000 	 training acc 0.90625 and training loss tensor(0.6407, device='cuda:0', grad_fn=<AddBackward0>), loss_auto: tensor(0.2629, device='cuda:0', grad_fn=<AddBackward0>), loss_pre: tensor(0.6144, device='cuda:0', grad_fn=<NllLossBackward0>)[0m[0m
experiment  : INFO     [32m[32mstep: 36200 	 meta_lr 0.001000 	 training acc 0.9375 and training loss tensor(0.2140, device='cuda:0', grad_fn=<AddBackward0>), loss_auto: tensor(0.2613, device='cuda:0', grad_fn=<AddBackward0>), loss_pre: tensor(0.1879, device='cuda:0', grad_fn=<NllLossBackward0>)[0m[0m
experiment  : INFO     [32m[32mstep: 36240 	 meta_lr 0.001000 	 training acc 0.90625 and training loss tensor(0.5190, device='cuda:0', grad_fn=<AddBackward0>), loss_auto: tensor(0.2680, device='cuda:0', grad_fn=<AddBackward0>), loss_pre: tensor(0.4922, device='cuda:0', grad_fn=<NllLossBackward0>)[0m[0m
experiment  : INFO     [32m[32mstep: 36280 	 meta_lr 0.001000 	 training acc 0.859375 and training loss tensor(0.5988, device='cuda:0', grad_fn=<AddBackward0>), loss_auto: tensor(0.2628, device='cuda:0', grad_fn=<AddBackward0>), loss_pre: tensor(0.5725, device='cuda:0', grad_fn=<NllLossBackward0>)[0m[0m
experiment  : INFO     [32m[32mstep: 36320 	 meta_lr 0.001000 	 training acc 0.9375 and training loss tensor(0.5582, device='cuda:0', grad_fn=<AddBackward0>), loss_auto: tensor(0.2661, device='cuda:0', grad_fn=<AddBackward0>), loss_pre: tensor(0.5316, device='cuda:0', grad_fn=<NllLossBackward0>)[0m[0m
experiment  : INFO     [32m[32mstep: 36360 	 meta_lr 0.001000 	 training acc 0.90625 and training loss tensor(0.3708, device='cuda:0', grad_fn=<AddBackward0>), loss_auto: tensor(0.2630, device='cuda:0', grad_fn=<AddBackward0>), loss_pre: tensor(0.3445, device='cuda:0', grad_fn=<NllLossBackward0>)[0m[0m
experiment  : INFO     [32m[32mstep: 36400 	 meta_lr 0.001000 	 training acc 0.8125 and training loss tensor(1.1124, device='cuda:0', grad_fn=<AddBackward0>), loss_auto: tensor(0.2637, device='cuda:0', grad_fn=<AddBackward0>), loss_pre: tensor(1.0860, device='cuda:0', grad_fn=<NllLossBackward0>)[0m[0m
experiment  : INFO     [32m[32mstep: 36440 	 meta_lr 0.001000 	 training acc 0.90625 and training loss tensor(0.3864, device='cuda:0', grad_fn=<AddBackward0>), loss_auto: tensor(0.2610, device='cuda:0', grad_fn=<AddBackward0>), loss_pre: tensor(0.3603, device='cuda:0', grad_fn=<NllLossBackward0>)[0m[0m
experiment  : INFO     [32m[32mstep: 36480 	 meta_lr 0.001000 	 training acc 0.953125 and training loss tensor(0.3178, device='cuda:0', grad_fn=<AddBackward0>), loss_auto: tensor(0.2596, device='cuda:0', grad_fn=<AddBackward0>), loss_pre: tensor(0.2918, device='cuda:0', grad_fn=<NllLossBackward0>)[0m[0m
experiment  : INFO     [32m[32mTrain Accuracy = 0.9044087136929598[0m[0m
experiment  : INFO     [32m[32mTest Accuracy = 0.905912863070554[0m[0m
experiment  : INFO     [32m[32mstep: 36520 	 meta_lr 0.001000 	 training acc 0.890625 and training loss tensor(0.6665, device='cuda:0', grad_fn=<AddBackward0>), loss_auto: tensor(0.2645, device='cuda:0', grad_fn=<AddBackward0>), loss_pre: tensor(0.6401, device='cuda:0', grad_fn=<NllLossBackward0>)[0m[0m
experiment  : INFO     [32m[32mstep: 36560 	 meta_lr 0.001000 	 training acc 0.890625 and training loss tensor(0.6071, device='cuda:0', grad_fn=<AddBackward0>), loss_auto: tensor(0.2663, device='cuda:0', grad_fn=<AddBackward0>), loss_pre: tensor(0.5805, device='cuda:0', grad_fn=<NllLossBackward0>)[0m[0m
experiment  : INFO     [32m[32mstep: 36600 	 meta_lr 0.001000 	 training acc 0.875 and training loss tensor(0.5581, device='cuda:0', grad_fn=<AddBackward0>), loss_auto: tensor(0.2631, device='cuda:0', grad_fn=<AddBackward0>), loss_pre: tensor(0.5318, device='cuda:0', grad_fn=<NllLossBackward0>)[0m[0m
experiment  : INFO     [32m[32mstep: 36640 	 meta_lr 0.001000 	 training acc 0.9375 and training loss tensor(0.3898, device='cuda:0', grad_fn=<AddBackward0>), loss_auto: tensor(0.2688, device='cuda:0', grad_fn=<AddBackward0>), loss_pre: tensor(0.3629, device='cuda:0', grad_fn=<NllLossBackward0>)[0m[0m
experiment  : INFO     [32m[32mstep: 36680 	 meta_lr 0.001000 	 training acc 0.890625 and training loss tensor(0.3036, device='cuda:0', grad_fn=<AddBackward0>), loss_auto: tensor(0.2712, device='cuda:0', grad_fn=<AddBackward0>), loss_pre: tensor(0.2765, device='cuda:0', grad_fn=<NllLossBackward0>)[0m[0m
experiment  : INFO     [32m[32mstep: 36720 	 meta_lr 0.001000 	 training acc 0.90625 and training loss tensor(0.5585, device='cuda:0', grad_fn=<AddBackward0>), loss_auto: tensor(0.2682, device='cuda:0', grad_fn=<AddBackward0>), loss_pre: tensor(0.5317, device='cuda:0', grad_fn=<NllLossBackward0>)[0m[0m
experiment  : INFO     [32m[32mstep: 36760 	 meta_lr 0.001000 	 training acc 0.953125 and training loss tensor(0.2169, device='cuda:0', grad_fn=<AddBackward0>), loss_auto: tensor(0.2636, device='cuda:0', grad_fn=<AddBackward0>), loss_pre: tensor(0.1906, device='cuda:0', grad_fn=<NllLossBackward0>)[0m[0m
experiment  : INFO     [32m[32mstep: 36800 	 meta_lr 0.001000 	 training acc 0.890625 and training loss tensor(0.6771, device='cuda:0', grad_fn=<AddBackward0>), loss_auto: tensor(0.2654, device='cuda:0', grad_fn=<AddBackward0>), loss_pre: tensor(0.6506, device='cuda:0', grad_fn=<NllLossBackward0>)[0m[0m
experiment  : INFO     [32m[32mstep: 36840 	 meta_lr 0.001000 	 training acc 0.9375 and training loss tensor(0.3644, device='cuda:0', grad_fn=<AddBackward0>), loss_auto: tensor(0.2688, device='cuda:0', grad_fn=<AddBackward0>), loss_pre: tensor(0.3375, device='cuda:0', grad_fn=<NllLossBackward0>)[0m[0m
experiment  : INFO     [32m[32mstep: 36880 	 meta_lr 0.001000 	 training acc 0.890625 and training loss tensor(0.5477, device='cuda:0', grad_fn=<AddBackward0>), loss_auto: tensor(0.2647, device='cuda:0', grad_fn=<AddBackward0>), loss_pre: tensor(0.5212, device='cuda:0', grad_fn=<NllLossBackward0>)[0m[0m
experiment  : INFO     [32m[32mstep: 36920 	 meta_lr 0.001000 	 training acc 1.0 and training loss tensor(0.1109, device='cuda:0', grad_fn=<AddBackward0>), loss_auto: tensor(0.2626, device='cuda:0', grad_fn=<AddBackward0>), loss_pre: tensor(0.0846, device='cuda:0', grad_fn=<NllLossBackward0>)[0m[0m
experiment  : INFO     [32m[32mstep: 36960 	 meta_lr 0.001000 	 training acc 0.921875 and training loss tensor(0.4433, device='cuda:0', grad_fn=<AddBackward0>), loss_auto: tensor(0.2697, device='cuda:0', grad_fn=<AddBackward0>), loss_pre: tensor(0.4163, device='cuda:0', grad_fn=<NllLossBackward0>)[0m[0m
experiment  : INFO     [32m[32mstep: 37000 	 meta_lr 0.001000 	 training acc 0.890625 and training loss tensor(0.4259, device='cuda:0', grad_fn=<AddBackward0>), loss_auto: tensor(0.2667, device='cuda:0', grad_fn=<AddBackward0>), loss_pre: tensor(0.3993, device='cuda:0', grad_fn=<NllLossBackward0>)[0m[0m
experiment  : INFO     [32m[32mTrain Accuracy = 0.9144190871369455[0m[0m
experiment  : INFO     [32m[32mTest Accuracy = 0.9143153526971083[0m[0m
experiment  : INFO     [32m[32mstep: 37040 	 meta_lr 0.001000 	 training acc 0.96875 and training loss tensor(0.2853, device='cuda:0', grad_fn=<AddBackward0>), loss_auto: tensor(0.2652, device='cuda:0', grad_fn=<AddBackward0>), loss_pre: tensor(0.2588, device='cuda:0', grad_fn=<NllLossBackward0>)[0m[0m
experiment  : INFO     [32m[32mstep: 37080 	 meta_lr 0.001000 	 training acc 0.96875 and training loss tensor(0.1457, device='cuda:0', grad_fn=<AddBackward0>), loss_auto: tensor(0.2657, device='cuda:0', grad_fn=<AddBackward0>), loss_pre: tensor(0.1191, device='cuda:0', grad_fn=<NllLossBackward0>)[0m[0m
experiment  : INFO     [32m[32mstep: 37120 	 meta_lr 0.001000 	 training acc 0.890625 and training loss tensor(0.5580, device='cuda:0', grad_fn=<AddBackward0>), loss_auto: tensor(0.2689, device='cuda:0', grad_fn=<AddBackward0>), loss_pre: tensor(0.5311, device='cuda:0', grad_fn=<NllLossBackward0>)[0m[0m
experiment  : INFO     [32m[32mstep: 37160 	 meta_lr 0.001000 	 training acc 0.875 and training loss tensor(0.6415, device='cuda:0', grad_fn=<AddBackward0>), loss_auto: tensor(0.2610, device='cuda:0', grad_fn=<AddBackward0>), loss_pre: tensor(0.6154, device='cuda:0', grad_fn=<NllLossBackward0>)[0m[0m
experiment  : INFO     [32m[32mstep: 37200 	 meta_lr 0.001000 	 training acc 0.890625 and training loss tensor(0.4882, device='cuda:0', grad_fn=<AddBackward0>), loss_auto: tensor(0.2667, device='cuda:0', grad_fn=<AddBackward0>), loss_pre: tensor(0.4615, device='cuda:0', grad_fn=<NllLossBackward0>)[0m[0m
experiment  : INFO     [32m[32mstep: 37240 	 meta_lr 0.001000 	 training acc 0.859375 and training loss tensor(0.7311, device='cuda:0', grad_fn=<AddBackward0>), loss_auto: tensor(0.2666, device='cuda:0', grad_fn=<AddBackward0>), loss_pre: tensor(0.7044, device='cuda:0', grad_fn=<NllLossBackward0>)[0m[0m
experiment  : INFO     [32m[32mstep: 37280 	 meta_lr 0.001000 	 training acc 0.921875 and training loss tensor(0.3656, device='cuda:0', grad_fn=<AddBackward0>), loss_auto: tensor(0.2686, device='cuda:0', grad_fn=<AddBackward0>), loss_pre: tensor(0.3388, device='cuda:0', grad_fn=<NllLossBackward0>)[0m[0m
experiment  : INFO     [32m[32mstep: 37320 	 meta_lr 0.001000 	 training acc 0.796875 and training loss tensor(1.3476, device='cuda:0', grad_fn=<AddBackward0>), loss_auto: tensor(0.2683, device='cuda:0', grad_fn=<AddBackward0>), loss_pre: tensor(1.3208, device='cuda:0', grad_fn=<NllLossBackward0>)[0m[0m
experiment  : INFO     [32m[32mstep: 37360 	 meta_lr 0.001000 	 training acc 0.890625 and training loss tensor(0.6456, device='cuda:0', grad_fn=<AddBackward0>), loss_auto: tensor(0.2636, device='cuda:0', grad_fn=<AddBackward0>), loss_pre: tensor(0.6192, device='cuda:0', grad_fn=<NllLossBackward0>)[0m[0m
experiment  : INFO     [32m[32mstep: 37400 	 meta_lr 0.001000 	 training acc 0.890625 and training loss tensor(0.5574, device='cuda:0', grad_fn=<AddBackward0>), loss_auto: tensor(0.2655, device='cuda:0', grad_fn=<AddBackward0>), loss_pre: tensor(0.5308, device='cuda:0', grad_fn=<NllLossBackward0>)[0m[0m
experiment  : INFO     [32m[32mstep: 37440 	 meta_lr 0.001000 	 training acc 0.859375 and training loss tensor(0.5688, device='cuda:0', grad_fn=<AddBackward0>), loss_auto: tensor(0.2639, device='cuda:0', grad_fn=<AddBackward0>), loss_pre: tensor(0.5424, device='cuda:0', grad_fn=<NllLossBackward0>)[0m[0m
experiment  : INFO     [32m[32mstep: 37480 	 meta_lr 0.001000 	 training acc 0.9375 and training loss tensor(0.2474, device='cuda:0', grad_fn=<AddBackward0>), loss_auto: tensor(0.2634, device='cuda:0', grad_fn=<AddBackward0>), loss_pre: tensor(0.2210, device='cuda:0', grad_fn=<NllLossBackward0>)[0m[0m
experiment  : INFO     [32m[32mTrain Accuracy = 0.9202800829875663[0m[0m
experiment  : INFO     [32m[32mTest Accuracy = 0.9222510373444113[0m[0m
experiment  : INFO     [32m[32mstep: 37520 	 meta_lr 0.001000 	 training acc 0.875 and training loss tensor(0.5184, device='cuda:0', grad_fn=<AddBackward0>), loss_auto: tensor(0.2607, device='cuda:0', grad_fn=<AddBackward0>), loss_pre: tensor(0.4923, device='cuda:0', grad_fn=<NllLossBackward0>)[0m[0m
experiment  : INFO     [32m[32mstep: 37560 	 meta_lr 0.001000 	 training acc 0.875 and training loss tensor(0.5130, device='cuda:0', grad_fn=<AddBackward0>), loss_auto: tensor(0.2603, device='cuda:0', grad_fn=<AddBackward0>), loss_pre: tensor(0.4870, device='cuda:0', grad_fn=<NllLossBackward0>)[0m[0m
experiment  : INFO     [32m[32mstep: 37600 	 meta_lr 0.001000 	 training acc 0.828125 and training loss tensor(0.8632, device='cuda:0', grad_fn=<AddBackward0>), loss_auto: tensor(0.2632, device='cuda:0', grad_fn=<AddBackward0>), loss_pre: tensor(0.8369, device='cuda:0', grad_fn=<NllLossBackward0>)[0m[0m
experiment  : INFO     [32m[32mstep: 37640 	 meta_lr 0.001000 	 training acc 0.828125 and training loss tensor(0.6637, device='cuda:0', grad_fn=<AddBackward0>), loss_auto: tensor(0.2618, device='cuda:0', grad_fn=<AddBackward0>), loss_pre: tensor(0.6375, device='cuda:0', grad_fn=<NllLossBackward0>)[0m[0m
experiment  : INFO     [32m[32mstep: 37680 	 meta_lr 0.001000 	 training acc 0.859375 and training loss tensor(0.7377, device='cuda:0', grad_fn=<AddBackward0>), loss_auto: tensor(0.2669, device='cuda:0', grad_fn=<AddBackward0>), loss_pre: tensor(0.7110, device='cuda:0', grad_fn=<NllLossBackward0>)[0m[0m
experiment  : INFO     [32m[32mstep: 37720 	 meta_lr 0.001000 	 training acc 0.890625 and training loss tensor(0.6370, device='cuda:0', grad_fn=<AddBackward0>), loss_auto: tensor(0.2638, device='cuda:0', grad_fn=<AddBackward0>), loss_pre: tensor(0.6106, device='cuda:0', grad_fn=<NllLossBackward0>)[0m[0m
experiment  : INFO     [32m[32mstep: 37760 	 meta_lr 0.001000 	 training acc 0.9375 and training loss tensor(0.3846, device='cuda:0', grad_fn=<AddBackward0>), loss_auto: tensor(0.2646, device='cuda:0', grad_fn=<AddBackward0>), loss_pre: tensor(0.3581, device='cuda:0', grad_fn=<NllLossBackward0>)[0m[0m
experiment  : INFO     [32m[32mstep: 37800 	 meta_lr 0.001000 	 training acc 0.859375 and training loss tensor(0.5242, device='cuda:0', grad_fn=<AddBackward0>), loss_auto: tensor(0.2676, device='cuda:0', grad_fn=<AddBackward0>), loss_pre: tensor(0.4975, device='cuda:0', grad_fn=<NllLossBackward0>)[0m[0m
experiment  : INFO     [32m[32mstep: 37840 	 meta_lr 0.001000 	 training acc 0.90625 and training loss tensor(0.4733, device='cuda:0', grad_fn=<AddBackward0>), loss_auto: tensor(0.2737, device='cuda:0', grad_fn=<AddBackward0>), loss_pre: tensor(0.4460, device='cuda:0', grad_fn=<NllLossBackward0>)[0m[0m
experiment  : INFO     [32m[32mstep: 37880 	 meta_lr 0.001000 	 training acc 0.890625 and training loss tensor(0.4210, device='cuda:0', grad_fn=<AddBackward0>), loss_auto: tensor(0.2684, device='cuda:0', grad_fn=<AddBackward0>), loss_pre: tensor(0.3942, device='cuda:0', grad_fn=<NllLossBackward0>)[0m[0m
experiment  : INFO     [32m[32mstep: 37920 	 meta_lr 0.001000 	 training acc 0.890625 and training loss tensor(0.3994, device='cuda:0', grad_fn=<AddBackward0>), loss_auto: tensor(0.2639, device='cuda:0', grad_fn=<AddBackward0>), loss_pre: tensor(0.3730, device='cuda:0', grad_fn=<NllLossBackward0>)[0m[0m
experiment  : INFO     [32m[32mstep: 37960 	 meta_lr 0.001000 	 training acc 0.8125 and training loss tensor(1.0425, device='cuda:0', grad_fn=<AddBackward0>), loss_auto: tensor(0.2638, device='cuda:0', grad_fn=<AddBackward0>), loss_pre: tensor(1.0161, device='cuda:0', grad_fn=<NllLossBackward0>)[0m[0m
experiment  : INFO     [32m[32mstep: 38000 	 meta_lr 0.001000 	 training acc 0.9375 and training loss tensor(0.3753, device='cuda:0', grad_fn=<AddBackward0>), loss_auto: tensor(0.2680, device='cuda:0', grad_fn=<AddBackward0>), loss_pre: tensor(0.3485, device='cuda:0', grad_fn=<NllLossBackward0>)[0m[0m
experiment  : INFO     [32m[32mTrain Accuracy = 0.9077800829875668[0m[0m
experiment  : INFO     [32m[32mTest Accuracy = 0.9086618257261562[0m[0m
experiment  : INFO     [32m[32mstep: 38040 	 meta_lr 0.001000 	 training acc 0.890625 and training loss tensor(0.6483, device='cuda:0', grad_fn=<AddBackward0>), loss_auto: tensor(0.2646, device='cuda:0', grad_fn=<AddBackward0>), loss_pre: tensor(0.6219, device='cuda:0', grad_fn=<NllLossBackward0>)[0m[0m
experiment  : INFO     [32m[32mstep: 38080 	 meta_lr 0.001000 	 training acc 0.875 and training loss tensor(0.6281, device='cuda:0', grad_fn=<AddBackward0>), loss_auto: tensor(0.2615, device='cuda:0', grad_fn=<AddBackward0>), loss_pre: tensor(0.6020, device='cuda:0', grad_fn=<NllLossBackward0>)[0m[0m
experiment  : INFO     [32m[32mstep: 38120 	 meta_lr 0.001000 	 training acc 0.921875 and training loss tensor(0.4070, device='cuda:0', grad_fn=<AddBackward0>), loss_auto: tensor(0.2699, device='cuda:0', grad_fn=<AddBackward0>), loss_pre: tensor(0.3800, device='cuda:0', grad_fn=<NllLossBackward0>)[0m[0m
experiment  : INFO     [32m[32mstep: 38160 	 meta_lr 0.001000 	 training acc 0.84375 and training loss tensor(0.8660, device='cuda:0', grad_fn=<AddBackward0>), loss_auto: tensor(0.2688, device='cuda:0', grad_fn=<AddBackward0>), loss_pre: tensor(0.8391, device='cuda:0', grad_fn=<NllLossBackward0>)[0m[0m
experiment  : INFO     [32m[32mstep: 38200 	 meta_lr 0.001000 	 training acc 0.890625 and training loss tensor(0.6367, device='cuda:0', grad_fn=<AddBackward0>), loss_auto: tensor(0.2692, device='cuda:0', grad_fn=<AddBackward0>), loss_pre: tensor(0.6098, device='cuda:0', grad_fn=<NllLossBackward0>)[0m[0m
experiment  : INFO     [32m[32mstep: 38240 	 meta_lr 0.001000 	 training acc 0.9375 and training loss tensor(0.3526, device='cuda:0', grad_fn=<AddBackward0>), loss_auto: tensor(0.2662, device='cuda:0', grad_fn=<AddBackward0>), loss_pre: tensor(0.3260, device='cuda:0', grad_fn=<NllLossBackward0>)[0m[0m
experiment  : INFO     [32m[32mstep: 38280 	 meta_lr 0.001000 	 training acc 0.921875 and training loss tensor(0.4235, device='cuda:0', grad_fn=<AddBackward0>), loss_auto: tensor(0.2655, device='cuda:0', grad_fn=<AddBackward0>), loss_pre: tensor(0.3969, device='cuda:0', grad_fn=<NllLossBackward0>)[0m[0m
experiment  : INFO     [32m[32mstep: 38320 	 meta_lr 0.001000 	 training acc 0.84375 and training loss tensor(0.5546, device='cuda:0', grad_fn=<AddBackward0>), loss_auto: tensor(0.2603, device='cuda:0', grad_fn=<AddBackward0>), loss_pre: tensor(0.5286, device='cuda:0', grad_fn=<NllLossBackward0>)[0m[0m
experiment  : INFO     [32m[32mstep: 38360 	 meta_lr 0.001000 	 training acc 0.9375 and training loss tensor(0.2976, device='cuda:0', grad_fn=<AddBackward0>), loss_auto: tensor(0.2621, device='cuda:0', grad_fn=<AddBackward0>), loss_pre: tensor(0.2713, device='cuda:0', grad_fn=<NllLossBackward0>)[0m[0m
experiment  : INFO     [32m[32mstep: 38400 	 meta_lr 0.001000 	 training acc 0.96875 and training loss tensor(0.2325, device='cuda:0', grad_fn=<AddBackward0>), loss_auto: tensor(0.2651, device='cuda:0', grad_fn=<AddBackward0>), loss_pre: tensor(0.2060, device='cuda:0', grad_fn=<NllLossBackward0>)[0m[0m
experiment  : INFO     [32m[32mstep: 38440 	 meta_lr 0.001000 	 training acc 0.90625 and training loss tensor(0.3745, device='cuda:0', grad_fn=<AddBackward0>), loss_auto: tensor(0.2616, device='cuda:0', grad_fn=<AddBackward0>), loss_pre: tensor(0.3484, device='cuda:0', grad_fn=<NllLossBackward0>)[0m[0m
experiment  : INFO     [32m[32mstep: 38480 	 meta_lr 0.001000 	 training acc 0.953125 and training loss tensor(0.2090, device='cuda:0', grad_fn=<AddBackward0>), loss_auto: tensor(0.2622, device='cuda:0', grad_fn=<AddBackward0>), loss_pre: tensor(0.1828, device='cuda:0', grad_fn=<NllLossBackward0>)[0m[0m
experiment  : INFO     [32m[32mTrain Accuracy = 0.9151970954356975[0m[0m
experiment  : INFO     [32m[32mTest Accuracy = 0.9142634854771923[0m[0m
experiment  : INFO     [32m[32mstep: 38520 	 meta_lr 0.001000 	 training acc 0.90625 and training loss tensor(0.4648, device='cuda:0', grad_fn=<AddBackward0>), loss_auto: tensor(0.2664, device='cuda:0', grad_fn=<AddBackward0>), loss_pre: tensor(0.4381, device='cuda:0', grad_fn=<NllLossBackward0>)[0m[0m
experiment  : INFO     [32m[32mstep: 38560 	 meta_lr 0.001000 	 training acc 0.953125 and training loss tensor(0.2569, device='cuda:0', grad_fn=<AddBackward0>), loss_auto: tensor(0.2692, device='cuda:0', grad_fn=<AddBackward0>), loss_pre: tensor(0.2300, device='cuda:0', grad_fn=<NllLossBackward0>)[0m[0m
experiment  : INFO     [32m[32mstep: 38600 	 meta_lr 0.001000 	 training acc 0.875 and training loss tensor(0.9098, device='cuda:0', grad_fn=<AddBackward0>), loss_auto: tensor(0.2645, device='cuda:0', grad_fn=<AddBackward0>), loss_pre: tensor(0.8834, device='cuda:0', grad_fn=<NllLossBackward0>)[0m[0m
experiment  : INFO     [32m[32mstep: 38640 	 meta_lr 0.001000 	 training acc 0.84375 and training loss tensor(0.8444, device='cuda:0', grad_fn=<AddBackward0>), loss_auto: tensor(0.2687, device='cuda:0', grad_fn=<AddBackward0>), loss_pre: tensor(0.8175, device='cuda:0', grad_fn=<NllLossBackward0>)[0m[0m
experiment  : INFO     [32m[32mstep: 38680 	 meta_lr 0.001000 	 training acc 0.84375 and training loss tensor(0.7998, device='cuda:0', grad_fn=<AddBackward0>), loss_auto: tensor(0.2646, device='cuda:0', grad_fn=<AddBackward0>), loss_pre: tensor(0.7733, device='cuda:0', grad_fn=<NllLossBackward0>)[0m[0m
experiment  : INFO     [32m[32mstep: 38720 	 meta_lr 0.001000 	 training acc 0.953125 and training loss tensor(0.2440, device='cuda:0', grad_fn=<AddBackward0>), loss_auto: tensor(0.2719, device='cuda:0', grad_fn=<AddBackward0>), loss_pre: tensor(0.2169, device='cuda:0', grad_fn=<NllLossBackward0>)[0m[0m
experiment  : INFO     [32m[32mstep: 38760 	 meta_lr 0.001000 	 training acc 0.875 and training loss tensor(0.5503, device='cuda:0', grad_fn=<AddBackward0>), loss_auto: tensor(0.2638, device='cuda:0', grad_fn=<AddBackward0>), loss_pre: tensor(0.5239, device='cuda:0', grad_fn=<NllLossBackward0>)[0m[0m
experiment  : INFO     [32m[32mstep: 38800 	 meta_lr 0.001000 	 training acc 0.96875 and training loss tensor(0.1932, device='cuda:0', grad_fn=<AddBackward0>), loss_auto: tensor(0.2654, device='cuda:0', grad_fn=<AddBackward0>), loss_pre: tensor(0.1667, device='cuda:0', grad_fn=<NllLossBackward0>)[0m[0m
experiment  : INFO     [32m[32mstep: 38840 	 meta_lr 0.001000 	 training acc 0.875 and training loss tensor(0.4926, device='cuda:0', grad_fn=<AddBackward0>), loss_auto: tensor(0.2625, device='cuda:0', grad_fn=<AddBackward0>), loss_pre: tensor(0.4664, device='cuda:0', grad_fn=<NllLossBackward0>)[0m[0m
experiment  : INFO     [32m[32mstep: 38880 	 meta_lr 0.001000 	 training acc 0.875 and training loss tensor(0.6088, device='cuda:0', grad_fn=<AddBackward0>), loss_auto: tensor(0.2605, device='cuda:0', grad_fn=<AddBackward0>), loss_pre: tensor(0.5827, device='cuda:0', grad_fn=<NllLossBackward0>)[0m[0m
experiment  : INFO     [32m[32mstep: 38920 	 meta_lr 0.001000 	 training acc 0.875 and training loss tensor(0.6381, device='cuda:0', grad_fn=<AddBackward0>), loss_auto: tensor(0.2610, device='cuda:0', grad_fn=<AddBackward0>), loss_pre: tensor(0.6120, device='cuda:0', grad_fn=<NllLossBackward0>)[0m[0m
experiment  : INFO     [32m[32mstep: 38960 	 meta_lr 0.001000 	 training acc 0.9375 and training loss tensor(0.4027, device='cuda:0', grad_fn=<AddBackward0>), loss_auto: tensor(0.2626, device='cuda:0', grad_fn=<AddBackward0>), loss_pre: tensor(0.3765, device='cuda:0', grad_fn=<NllLossBackward0>)[0m[0m
experiment  : INFO     [32m[32mstep: 39000 	 meta_lr 0.001000 	 training acc 0.90625 and training loss tensor(0.4003, device='cuda:0', grad_fn=<AddBackward0>), loss_auto: tensor(0.2660, device='cuda:0', grad_fn=<AddBackward0>), loss_pre: tensor(0.3737, device='cuda:0', grad_fn=<NllLossBackward0>)[0m[0m
experiment  : INFO     [32m[32mTrain Accuracy = 0.908091286307068[0m[0m
experiment  : INFO     [32m[32mTest Accuracy = 0.9089730290456579[0m[0m
experiment  : INFO     [32m[32mstep: 39040 	 meta_lr 0.001000 	 training acc 0.890625 and training loss tensor(0.5664, device='cuda:0', grad_fn=<AddBackward0>), loss_auto: tensor(0.2667, device='cuda:0', grad_fn=<AddBackward0>), loss_pre: tensor(0.5397, device='cuda:0', grad_fn=<NllLossBackward0>)[0m[0m
experiment  : INFO     [32m[32mstep: 39080 	 meta_lr 0.001000 	 training acc 0.953125 and training loss tensor(0.3510, device='cuda:0', grad_fn=<AddBackward0>), loss_auto: tensor(0.2664, device='cuda:0', grad_fn=<AddBackward0>), loss_pre: tensor(0.3243, device='cuda:0', grad_fn=<NllLossBackward0>)[0m[0m
experiment  : INFO     [32m[32mstep: 39120 	 meta_lr 0.001000 	 training acc 0.859375 and training loss tensor(0.5402, device='cuda:0', grad_fn=<AddBackward0>), loss_auto: tensor(0.2650, device='cuda:0', grad_fn=<AddBackward0>), loss_pre: tensor(0.5137, device='cuda:0', grad_fn=<NllLossBackward0>)[0m[0m
experiment  : INFO     [32m[32mstep: 39160 	 meta_lr 0.001000 	 training acc 0.875 and training loss tensor(0.8986, device='cuda:0', grad_fn=<AddBackward0>), loss_auto: tensor(0.2638, device='cuda:0', grad_fn=<AddBackward0>), loss_pre: tensor(0.8722, device='cuda:0', grad_fn=<NllLossBackward0>)[0m[0m
experiment  : INFO     [32m[32mstep: 39200 	 meta_lr 0.001000 	 training acc 0.90625 and training loss tensor(0.4701, device='cuda:0', grad_fn=<AddBackward0>), loss_auto: tensor(0.2656, device='cuda:0', grad_fn=<AddBackward0>), loss_pre: tensor(0.4436, device='cuda:0', grad_fn=<NllLossBackward0>)[0m[0m
experiment  : INFO     [32m[32mstep: 39240 	 meta_lr 0.001000 	 training acc 0.890625 and training loss tensor(0.6714, device='cuda:0', grad_fn=<AddBackward0>), loss_auto: tensor(0.2650, device='cuda:0', grad_fn=<AddBackward0>), loss_pre: tensor(0.6449, device='cuda:0', grad_fn=<NllLossBackward0>)[0m[0m
experiment  : INFO     [32m[32mstep: 39280 	 meta_lr 0.001000 	 training acc 0.921875 and training loss tensor(0.3756, device='cuda:0', grad_fn=<AddBackward0>), loss_auto: tensor(0.2603, device='cuda:0', grad_fn=<AddBackward0>), loss_pre: tensor(0.3496, device='cuda:0', grad_fn=<NllLossBackward0>)[0m[0m
experiment  : INFO     [32m[32mstep: 39320 	 meta_lr 0.001000 	 training acc 0.890625 and training loss tensor(0.6338, device='cuda:0', grad_fn=<AddBackward0>), loss_auto: tensor(0.2659, device='cuda:0', grad_fn=<AddBackward0>), loss_pre: tensor(0.6072, device='cuda:0', grad_fn=<NllLossBackward0>)[0m[0m
experiment  : INFO     [32m[32mstep: 39360 	 meta_lr 0.001000 	 training acc 0.921875 and training loss tensor(0.2624, device='cuda:0', grad_fn=<AddBackward0>), loss_auto: tensor(0.2650, device='cuda:0', grad_fn=<AddBackward0>), loss_pre: tensor(0.2359, device='cuda:0', grad_fn=<NllLossBackward0>)[0m[0m
experiment  : INFO     [32m[32mstep: 39400 	 meta_lr 0.001000 	 training acc 0.921875 and training loss tensor(0.5043, device='cuda:0', grad_fn=<AddBackward0>), loss_auto: tensor(0.2627, device='cuda:0', grad_fn=<AddBackward0>), loss_pre: tensor(0.4780, device='cuda:0', grad_fn=<NllLossBackward0>)[0m[0m
experiment  : INFO     [32m[32mstep: 39440 	 meta_lr 0.001000 	 training acc 0.921875 and training loss tensor(0.8641, device='cuda:0', grad_fn=<AddBackward0>), loss_auto: tensor(0.2630, device='cuda:0', grad_fn=<AddBackward0>), loss_pre: tensor(0.8378, device='cuda:0', grad_fn=<NllLossBackward0>)[0m[0m
experiment  : INFO     [32m[32mstep: 39480 	 meta_lr 0.001000 	 training acc 0.890625 and training loss tensor(0.4708, device='cuda:0', grad_fn=<AddBackward0>), loss_auto: tensor(0.2693, device='cuda:0', grad_fn=<AddBackward0>), loss_pre: tensor(0.4438, device='cuda:0', grad_fn=<NllLossBackward0>)[0m[0m
experiment  : INFO     [32m[32mTrain Accuracy = 0.9181016597510504[0m[0m
experiment  : INFO     [32m[32mTest Accuracy = 0.9181535269709685[0m[0m
experiment  : INFO     [32m[32mstep: 39520 	 meta_lr 0.001000 	 training acc 0.9375 and training loss tensor(0.4233, device='cuda:0', grad_fn=<AddBackward0>), loss_auto: tensor(0.2656, device='cuda:0', grad_fn=<AddBackward0>), loss_pre: tensor(0.3968, device='cuda:0', grad_fn=<NllLossBackward0>)[0m[0m
experiment  : INFO     [32m[32mstep: 39560 	 meta_lr 0.001000 	 training acc 0.90625 and training loss tensor(0.5887, device='cuda:0', grad_fn=<AddBackward0>), loss_auto: tensor(0.2609, device='cuda:0', grad_fn=<AddBackward0>), loss_pre: tensor(0.5626, device='cuda:0', grad_fn=<NllLossBackward0>)[0m[0m
experiment  : INFO     [32m[32mstep: 39600 	 meta_lr 0.001000 	 training acc 0.921875 and training loss tensor(0.4220, device='cuda:0', grad_fn=<AddBackward0>), loss_auto: tensor(0.2670, device='cuda:0', grad_fn=<AddBackward0>), loss_pre: tensor(0.3953, device='cuda:0', grad_fn=<NllLossBackward0>)[0m[0m
experiment  : INFO     [32m[32mstep: 39640 	 meta_lr 0.001000 	 training acc 0.953125 and training loss tensor(0.3836, device='cuda:0', grad_fn=<AddBackward0>), loss_auto: tensor(0.2672, device='cuda:0', grad_fn=<AddBackward0>), loss_pre: tensor(0.3569, device='cuda:0', grad_fn=<NllLossBackward0>)[0m[0m
experiment  : INFO     [32m[32mstep: 39680 	 meta_lr 0.001000 	 training acc 0.859375 and training loss tensor(0.7247, device='cuda:0', grad_fn=<AddBackward0>), loss_auto: tensor(0.2663, device='cuda:0', grad_fn=<AddBackward0>), loss_pre: tensor(0.6981, device='cuda:0', grad_fn=<NllLossBackward0>)[0m[0m
experiment  : INFO     [32m[32mstep: 39720 	 meta_lr 0.001000 	 training acc 0.796875 and training loss tensor(1.1767, device='cuda:0', grad_fn=<AddBackward0>), loss_auto: tensor(0.2690, device='cuda:0', grad_fn=<AddBackward0>), loss_pre: tensor(1.1498, device='cuda:0', grad_fn=<NllLossBackward0>)[0m[0m
experiment  : INFO     [32m[32mstep: 39760 	 meta_lr 0.001000 	 training acc 0.890625 and training loss tensor(0.5939, device='cuda:0', grad_fn=<AddBackward0>), loss_auto: tensor(0.2628, device='cuda:0', grad_fn=<AddBackward0>), loss_pre: tensor(0.5676, device='cuda:0', grad_fn=<NllLossBackward0>)[0m[0m
experiment  : INFO     [32m[32mstep: 39800 	 meta_lr 0.001000 	 training acc 0.90625 and training loss tensor(0.4437, device='cuda:0', grad_fn=<AddBackward0>), loss_auto: tensor(0.2661, device='cuda:0', grad_fn=<AddBackward0>), loss_pre: tensor(0.4170, device='cuda:0', grad_fn=<NllLossBackward0>)[0m[0m
experiment  : INFO     [32m[32mstep: 39840 	 meta_lr 0.001000 	 training acc 0.859375 and training loss tensor(0.7320, device='cuda:0', grad_fn=<AddBackward0>), loss_auto: tensor(0.2680, device='cuda:0', grad_fn=<AddBackward0>), loss_pre: tensor(0.7052, device='cuda:0', grad_fn=<NllLossBackward0>)[0m[0m
experiment  : INFO     [32m[32mstep: 39880 	 meta_lr 0.001000 	 training acc 0.9375 and training loss tensor(0.4371, device='cuda:0', grad_fn=<AddBackward0>), loss_auto: tensor(0.2642, device='cuda:0', grad_fn=<AddBackward0>), loss_pre: tensor(0.4106, device='cuda:0', grad_fn=<NllLossBackward0>)[0m[0m
experiment  : INFO     [32m[32mstep: 39920 	 meta_lr 0.001000 	 training acc 0.890625 and training loss tensor(0.5005, device='cuda:0', grad_fn=<AddBackward0>), loss_auto: tensor(0.2666, device='cuda:0', grad_fn=<AddBackward0>), loss_pre: tensor(0.4738, device='cuda:0', grad_fn=<NllLossBackward0>)[0m[0m
experiment  : INFO     [32m[32mstep: 39960 	 meta_lr 0.001000 	 training acc 0.90625 and training loss tensor(0.5172, device='cuda:0', grad_fn=<AddBackward0>), loss_auto: tensor(0.2624, device='cuda:0', grad_fn=<AddBackward0>), loss_pre: tensor(0.4910, device='cuda:0', grad_fn=<NllLossBackward0>)[0m[0m
experiment  : INFO     [32m[32mstep: 40000 	 meta_lr 0.001000 	 training acc 0.875 and training loss tensor(0.4862, device='cuda:0', grad_fn=<AddBackward0>), loss_auto: tensor(0.2690, device='cuda:0', grad_fn=<AddBackward0>), loss_pre: tensor(0.4593, device='cuda:0', grad_fn=<NllLossBackward0>)[0m[0m
experiment  : INFO     [32m[32mTrain Accuracy = 0.9186721991701372[0m[0m
experiment  : INFO     [32m[32mTest Accuracy = 0.9162344398340384[0m[0m
experiment  : INFO     [32m[32mstep: 40040 	 meta_lr 0.001000 	 training acc 0.90625 and training loss tensor(0.5991, device='cuda:0', grad_fn=<AddBackward0>), loss_auto: tensor(0.2673, device='cuda:0', grad_fn=<AddBackward0>), loss_pre: tensor(0.5724, device='cuda:0', grad_fn=<NllLossBackward0>)[0m[0m
experiment  : INFO     [32m[32mstep: 40080 	 meta_lr 0.001000 	 training acc 0.796875 and training loss tensor(0.9358, device='cuda:0', grad_fn=<AddBackward0>), loss_auto: tensor(0.2669, device='cuda:0', grad_fn=<AddBackward0>), loss_pre: tensor(0.9091, device='cuda:0', grad_fn=<NllLossBackward0>)[0m[0m
experiment  : INFO     [32m[32mstep: 40120 	 meta_lr 0.001000 	 training acc 0.921875 and training loss tensor(0.3003, device='cuda:0', grad_fn=<AddBackward0>), loss_auto: tensor(0.2637, device='cuda:0', grad_fn=<AddBackward0>), loss_pre: tensor(0.2739, device='cuda:0', grad_fn=<NllLossBackward0>)[0m[0m
experiment  : INFO     [32m[32mstep: 40160 	 meta_lr 0.001000 	 training acc 0.90625 and training loss tensor(0.5481, device='cuda:0', grad_fn=<AddBackward0>), loss_auto: tensor(0.2606, device='cuda:0', grad_fn=<AddBackward0>), loss_pre: tensor(0.5221, device='cuda:0', grad_fn=<NllLossBackward0>)[0m[0m
experiment  : INFO     [32m[32mstep: 40200 	 meta_lr 0.001000 	 training acc 0.890625 and training loss tensor(0.6968, device='cuda:0', grad_fn=<AddBackward0>), loss_auto: tensor(0.2633, device='cuda:0', grad_fn=<AddBackward0>), loss_pre: tensor(0.6705, device='cuda:0', grad_fn=<NllLossBackward0>)[0m[0m
experiment  : INFO     [32m[32mstep: 40240 	 meta_lr 0.001000 	 training acc 0.859375 and training loss tensor(0.7293, device='cuda:0', grad_fn=<AddBackward0>), loss_auto: tensor(0.2625, device='cuda:0', grad_fn=<AddBackward0>), loss_pre: tensor(0.7031, device='cuda:0', grad_fn=<NllLossBackward0>)[0m[0m
experiment  : INFO     [32m[32mstep: 40280 	 meta_lr 0.001000 	 training acc 0.890625 and training loss tensor(0.5943, device='cuda:0', grad_fn=<AddBackward0>), loss_auto: tensor(0.2641, device='cuda:0', grad_fn=<AddBackward0>), loss_pre: tensor(0.5679, device='cuda:0', grad_fn=<NllLossBackward0>)[0m[0m
experiment  : INFO     [32m[32mstep: 40320 	 meta_lr 0.001000 	 training acc 0.8125 and training loss tensor(0.7317, device='cuda:0', grad_fn=<AddBackward0>), loss_auto: tensor(0.2596, device='cuda:0', grad_fn=<AddBackward0>), loss_pre: tensor(0.7058, device='cuda:0', grad_fn=<NllLossBackward0>)[0m[0m
experiment  : INFO     [32m[32mstep: 40360 	 meta_lr 0.001000 	 training acc 0.890625 and training loss tensor(0.4056, device='cuda:0', grad_fn=<AddBackward0>), loss_auto: tensor(0.2623, device='cuda:0', grad_fn=<AddBackward0>), loss_pre: tensor(0.3794, device='cuda:0', grad_fn=<NllLossBackward0>)[0m[0m
experiment  : INFO     [32m[32mstep: 40400 	 meta_lr 0.001000 	 training acc 0.828125 and training loss tensor(0.6943, device='cuda:0', grad_fn=<AddBackward0>), loss_auto: tensor(0.2634, device='cuda:0', grad_fn=<AddBackward0>), loss_pre: tensor(0.6680, device='cuda:0', grad_fn=<NllLossBackward0>)[0m[0m
experiment  : INFO     [32m[32mstep: 40440 	 meta_lr 0.001000 	 training acc 0.828125 and training loss tensor(0.9406, device='cuda:0', grad_fn=<AddBackward0>), loss_auto: tensor(0.2652, device='cuda:0', grad_fn=<AddBackward0>), loss_pre: tensor(0.9141, device='cuda:0', grad_fn=<NllLossBackward0>)[0m[0m
experiment  : INFO     [32m[32mstep: 40480 	 meta_lr 0.001000 	 training acc 0.90625 and training loss tensor(0.6219, device='cuda:0', grad_fn=<AddBackward0>), loss_auto: tensor(0.2644, device='cuda:0', grad_fn=<AddBackward0>), loss_pre: tensor(0.5954, device='cuda:0', grad_fn=<NllLossBackward0>)[0m[0m
experiment  : INFO     [32m[32mTrain Accuracy = 0.9128630705394323[0m[0m
experiment  : INFO     [32m[32mTest Accuracy = 0.9117738589211762[0m[0m
experiment  : INFO     [32m[32mstep: 40520 	 meta_lr 0.001000 	 training acc 0.890625 and training loss tensor(0.4800, device='cuda:0', grad_fn=<AddBackward0>), loss_auto: tensor(0.2689, device='cuda:0', grad_fn=<AddBackward0>), loss_pre: tensor(0.4531, device='cuda:0', grad_fn=<NllLossBackward0>)[0m[0m
experiment  : INFO     [32m[32mstep: 40560 	 meta_lr 0.001000 	 training acc 0.921875 and training loss tensor(0.5912, device='cuda:0', grad_fn=<AddBackward0>), loss_auto: tensor(0.2639, device='cuda:0', grad_fn=<AddBackward0>), loss_pre: tensor(0.5648, device='cuda:0', grad_fn=<NllLossBackward0>)[0m[0m
experiment  : INFO     [32m[32mstep: 40600 	 meta_lr 0.001000 	 training acc 0.90625 and training loss tensor(0.2982, device='cuda:0', grad_fn=<AddBackward0>), loss_auto: tensor(0.2637, device='cuda:0', grad_fn=<AddBackward0>), loss_pre: tensor(0.2719, device='cuda:0', grad_fn=<NllLossBackward0>)[0m[0m
experiment  : INFO     [32m[32mstep: 40640 	 meta_lr 0.001000 	 training acc 0.859375 and training loss tensor(1.1437, device='cuda:0', grad_fn=<AddBackward0>), loss_auto: tensor(0.2721, device='cuda:0', grad_fn=<AddBackward0>), loss_pre: tensor(1.1165, device='cuda:0', grad_fn=<NllLossBackward0>)[0m[0m
experiment  : INFO     [32m[32mstep: 40680 	 meta_lr 0.001000 	 training acc 0.953125 and training loss tensor(0.3508, device='cuda:0', grad_fn=<AddBackward0>), loss_auto: tensor(0.2670, device='cuda:0', grad_fn=<AddBackward0>), loss_pre: tensor(0.3241, device='cuda:0', grad_fn=<NllLossBackward0>)[0m[0m
experiment  : INFO     [32m[32mstep: 40720 	 meta_lr 0.001000 	 training acc 0.9375 and training loss tensor(0.5388, device='cuda:0', grad_fn=<AddBackward0>), loss_auto: tensor(0.2658, device='cuda:0', grad_fn=<AddBackward0>), loss_pre: tensor(0.5122, device='cuda:0', grad_fn=<NllLossBackward0>)[0m[0m
experiment  : INFO     [32m[32mstep: 40760 	 meta_lr 0.001000 	 training acc 0.90625 and training loss tensor(0.3975, device='cuda:0', grad_fn=<AddBackward0>), loss_auto: tensor(0.2682, device='cuda:0', grad_fn=<AddBackward0>), loss_pre: tensor(0.3707, device='cuda:0', grad_fn=<NllLossBackward0>)[0m[0m
experiment  : INFO     [32m[32mstep: 40800 	 meta_lr 0.001000 	 training acc 0.890625 and training loss tensor(0.5525, device='cuda:0', grad_fn=<AddBackward0>), loss_auto: tensor(0.2652, device='cuda:0', grad_fn=<AddBackward0>), loss_pre: tensor(0.5260, device='cuda:0', grad_fn=<NllLossBackward0>)[0m[0m
experiment  : INFO     [32m[32mstep: 40840 	 meta_lr 0.001000 	 training acc 0.953125 and training loss tensor(0.3680, device='cuda:0', grad_fn=<AddBackward0>), loss_auto: tensor(0.2638, device='cuda:0', grad_fn=<AddBackward0>), loss_pre: tensor(0.3416, device='cuda:0', grad_fn=<NllLossBackward0>)[0m[0m
experiment  : INFO     [32m[32mstep: 40880 	 meta_lr 0.001000 	 training acc 0.921875 and training loss tensor(0.3024, device='cuda:0', grad_fn=<AddBackward0>), loss_auto: tensor(0.2627, device='cuda:0', grad_fn=<AddBackward0>), loss_pre: tensor(0.2761, device='cuda:0', grad_fn=<NllLossBackward0>)[0m[0m
experiment  : INFO     [32m[32mstep: 40920 	 meta_lr 0.001000 	 training acc 0.9375 and training loss tensor(0.3219, device='cuda:0', grad_fn=<AddBackward0>), loss_auto: tensor(0.2626, device='cuda:0', grad_fn=<AddBackward0>), loss_pre: tensor(0.2956, device='cuda:0', grad_fn=<NllLossBackward0>)[0m[0m
experiment  : INFO     [32m[32mstep: 40960 	 meta_lr 0.001000 	 training acc 0.921875 and training loss tensor(0.3252, device='cuda:0', grad_fn=<AddBackward0>), loss_auto: tensor(0.2650, device='cuda:0', grad_fn=<AddBackward0>), loss_pre: tensor(0.2987, device='cuda:0', grad_fn=<NllLossBackward0>)[0m[0m
experiment  : INFO     [32m[32mstep: 41000 	 meta_lr 0.001000 	 training acc 0.875 and training loss tensor(0.4851, device='cuda:0', grad_fn=<AddBackward0>), loss_auto: tensor(0.2661, device='cuda:0', grad_fn=<AddBackward0>), loss_pre: tensor(0.4585, device='cuda:0', grad_fn=<NllLossBackward0>)[0m[0m
experiment  : INFO     [32m[32mTrain Accuracy = 0.9179460580912985[0m[0m
experiment  : INFO     [32m[32mTest Accuracy = 0.9177385892116326[0m[0m
experiment  : INFO     [32m[32mstep: 41040 	 meta_lr 0.001000 	 training acc 0.875 and training loss tensor(0.4613, device='cuda:0', grad_fn=<AddBackward0>), loss_auto: tensor(0.2643, device='cuda:0', grad_fn=<AddBackward0>), loss_pre: tensor(0.4349, device='cuda:0', grad_fn=<NllLossBackward0>)[0m[0m
experiment  : INFO     [32m[32mstep: 41080 	 meta_lr 0.001000 	 training acc 0.890625 and training loss tensor(0.5093, device='cuda:0', grad_fn=<AddBackward0>), loss_auto: tensor(0.2635, device='cuda:0', grad_fn=<AddBackward0>), loss_pre: tensor(0.4829, device='cuda:0', grad_fn=<NllLossBackward0>)[0m[0m
experiment  : INFO     [32m[32mstep: 41120 	 meta_lr 0.001000 	 training acc 0.90625 and training loss tensor(0.4585, device='cuda:0', grad_fn=<AddBackward0>), loss_auto: tensor(0.2618, device='cuda:0', grad_fn=<AddBackward0>), loss_pre: tensor(0.4323, device='cuda:0', grad_fn=<NllLossBackward0>)[0m[0m
experiment  : INFO     [32m[32mstep: 41160 	 meta_lr 0.001000 	 training acc 0.96875 and training loss tensor(0.2409, device='cuda:0', grad_fn=<AddBackward0>), loss_auto: tensor(0.2648, device='cuda:0', grad_fn=<AddBackward0>), loss_pre: tensor(0.2144, device='cuda:0', grad_fn=<NllLossBackward0>)[0m[0m
experiment  : INFO     [32m[32mstep: 41200 	 meta_lr 0.001000 	 training acc 0.875 and training loss tensor(0.5207, device='cuda:0', grad_fn=<AddBackward0>), loss_auto: tensor(0.2674, device='cuda:0', grad_fn=<AddBackward0>), loss_pre: tensor(0.4940, device='cuda:0', grad_fn=<NllLossBackward0>)[0m[0m
experiment  : INFO     [32m[32mstep: 41240 	 meta_lr 0.001000 	 training acc 0.90625 and training loss tensor(0.5116, device='cuda:0', grad_fn=<AddBackward0>), loss_auto: tensor(0.2605, device='cuda:0', grad_fn=<AddBackward0>), loss_pre: tensor(0.4856, device='cuda:0', grad_fn=<NllLossBackward0>)[0m[0m
experiment  : INFO     [32m[32mstep: 41280 	 meta_lr 0.001000 	 training acc 0.9375 and training loss tensor(0.4162, device='cuda:0', grad_fn=<AddBackward0>), loss_auto: tensor(0.2681, device='cuda:0', grad_fn=<AddBackward0>), loss_pre: tensor(0.3894, device='cuda:0', grad_fn=<NllLossBackward0>)[0m[0m
experiment  : INFO     [32m[32mstep: 41320 	 meta_lr 0.001000 	 training acc 0.890625 and training loss tensor(0.6936, device='cuda:0', grad_fn=<AddBackward0>), loss_auto: tensor(0.2684, device='cuda:0', grad_fn=<AddBackward0>), loss_pre: tensor(0.6668, device='cuda:0', grad_fn=<NllLossBackward0>)[0m[0m
experiment  : INFO     [32m[32mstep: 41360 	 meta_lr 0.001000 	 training acc 0.953125 and training loss tensor(0.3271, device='cuda:0', grad_fn=<AddBackward0>), loss_auto: tensor(0.2698, device='cuda:0', grad_fn=<AddBackward0>), loss_pre: tensor(0.3001, device='cuda:0', grad_fn=<NllLossBackward0>)[0m[0m
experiment  : INFO     [32m[32mstep: 41400 	 meta_lr 0.001000 	 training acc 0.921875 and training loss tensor(0.2875, device='cuda:0', grad_fn=<AddBackward0>), loss_auto: tensor(0.2726, device='cuda:0', grad_fn=<AddBackward0>), loss_pre: tensor(0.2603, device='cuda:0', grad_fn=<NllLossBackward0>)[0m[0m
experiment  : INFO     [32m[32mstep: 41440 	 meta_lr 0.001000 	 training acc 0.875 and training loss tensor(0.5670, device='cuda:0', grad_fn=<AddBackward0>), loss_auto: tensor(0.2688, device='cuda:0', grad_fn=<AddBackward0>), loss_pre: tensor(0.5401, device='cuda:0', grad_fn=<NllLossBackward0>)[0m[0m
experiment  : INFO     [32m[32mstep: 41480 	 meta_lr 0.001000 	 training acc 0.90625 and training loss tensor(0.6483, device='cuda:0', grad_fn=<AddBackward0>), loss_auto: tensor(0.2701, device='cuda:0', grad_fn=<AddBackward0>), loss_pre: tensor(0.6213, device='cuda:0', grad_fn=<NllLossBackward0>)[0m[0m
experiment  : INFO     [32m[32mTrain Accuracy = 0.9164937759336234[0m[0m
experiment  : INFO     [32m[32mTest Accuracy = 0.9166493775933748[0m[0m
experiment  : INFO     [32m[32mstep: 41520 	 meta_lr 0.001000 	 training acc 0.90625 and training loss tensor(0.4312, device='cuda:0', grad_fn=<AddBackward0>), loss_auto: tensor(0.2714, device='cuda:0', grad_fn=<AddBackward0>), loss_pre: tensor(0.4041, device='cuda:0', grad_fn=<NllLossBackward0>)[0m[0m
experiment  : INFO     [32m[32mstep: 41560 	 meta_lr 0.001000 	 training acc 0.96875 and training loss tensor(0.1923, device='cuda:0', grad_fn=<AddBackward0>), loss_auto: tensor(0.2718, device='cuda:0', grad_fn=<AddBackward0>), loss_pre: tensor(0.1651, device='cuda:0', grad_fn=<NllLossBackward0>)[0m[0m
experiment  : INFO     [32m[32mstep: 41600 	 meta_lr 0.001000 	 training acc 0.859375 and training loss tensor(0.9614, device='cuda:0', grad_fn=<AddBackward0>), loss_auto: tensor(0.2639, device='cuda:0', grad_fn=<AddBackward0>), loss_pre: tensor(0.9350, device='cuda:0', grad_fn=<NllLossBackward0>)[0m[0m
experiment  : INFO     [32m[32mstep: 41640 	 meta_lr 0.001000 	 training acc 0.953125 and training loss tensor(0.3940, device='cuda:0', grad_fn=<AddBackward0>), loss_auto: tensor(0.2733, device='cuda:0', grad_fn=<AddBackward0>), loss_pre: tensor(0.3666, device='cuda:0', grad_fn=<NllLossBackward0>)[0m[0m
experiment  : INFO     [32m[32mstep: 41680 	 meta_lr 0.001000 	 training acc 0.828125 and training loss tensor(1.0632, device='cuda:0', grad_fn=<AddBackward0>), loss_auto: tensor(0.2655, device='cuda:0', grad_fn=<AddBackward0>), loss_pre: tensor(1.0367, device='cuda:0', grad_fn=<NllLossBackward0>)[0m[0m
experiment  : INFO     [32m[32mstep: 41720 	 meta_lr 0.001000 	 training acc 0.890625 and training loss tensor(0.8446, device='cuda:0', grad_fn=<AddBackward0>), loss_auto: tensor(0.2655, device='cuda:0', grad_fn=<AddBackward0>), loss_pre: tensor(0.8180, device='cuda:0', grad_fn=<NllLossBackward0>)[0m[0m
experiment  : INFO     [32m[32mstep: 41760 	 meta_lr 0.001000 	 training acc 0.90625 and training loss tensor(0.2917, device='cuda:0', grad_fn=<AddBackward0>), loss_auto: tensor(0.2594, device='cuda:0', grad_fn=<AddBackward0>), loss_pre: tensor(0.2658, device='cuda:0', grad_fn=<NllLossBackward0>)[0m[0m
experiment  : INFO     [32m[32mstep: 41800 	 meta_lr 0.001000 	 training acc 0.90625 and training loss tensor(0.4284, device='cuda:0', grad_fn=<AddBackward0>), loss_auto: tensor(0.2659, device='cuda:0', grad_fn=<AddBackward0>), loss_pre: tensor(0.4018, device='cuda:0', grad_fn=<NllLossBackward0>)[0m[0m
experiment  : INFO     [32m[32mstep: 41840 	 meta_lr 0.001000 	 training acc 0.875 and training loss tensor(0.5415, device='cuda:0', grad_fn=<AddBackward0>), loss_auto: tensor(0.2660, device='cuda:0', grad_fn=<AddBackward0>), loss_pre: tensor(0.5149, device='cuda:0', grad_fn=<NllLossBackward0>)[0m[0m
experiment  : INFO     [32m[32mstep: 41880 	 meta_lr 0.001000 	 training acc 0.84375 and training loss tensor(0.6875, device='cuda:0', grad_fn=<AddBackward0>), loss_auto: tensor(0.2641, device='cuda:0', grad_fn=<AddBackward0>), loss_pre: tensor(0.6611, device='cuda:0', grad_fn=<NllLossBackward0>)[0m[0m
experiment  : INFO     [32m[32mstep: 41920 	 meta_lr 0.001000 	 training acc 0.953125 and training loss tensor(0.1828, device='cuda:0', grad_fn=<AddBackward0>), loss_auto: tensor(0.2620, device='cuda:0', grad_fn=<AddBackward0>), loss_pre: tensor(0.1566, device='cuda:0', grad_fn=<NllLossBackward0>)[0m[0m
experiment  : INFO     [32m[32mstep: 41960 	 meta_lr 0.001000 	 training acc 0.90625 and training loss tensor(0.9150, device='cuda:0', grad_fn=<AddBackward0>), loss_auto: tensor(0.2675, device='cuda:0', grad_fn=<AddBackward0>), loss_pre: tensor(0.8883, device='cuda:0', grad_fn=<NllLossBackward0>)[0m[0m
experiment  : INFO     [32m[32mstep: 42000 	 meta_lr 0.001000 	 training acc 0.875 and training loss tensor(0.2832, device='cuda:0', grad_fn=<AddBackward0>), loss_auto: tensor(0.2665, device='cuda:0', grad_fn=<AddBackward0>), loss_pre: tensor(0.2566, device='cuda:0', grad_fn=<NllLossBackward0>)[0m[0m
experiment  : INFO     [32m[32mTrain Accuracy = 0.9202800829875657[0m[0m
experiment  : INFO     [32m[32mTest Accuracy = 0.9201763485477321[0m[0m
experiment  : INFO     [32m[32mstep: 42040 	 meta_lr 0.001000 	 training acc 0.890625 and training loss tensor(0.7182, device='cuda:0', grad_fn=<AddBackward0>), loss_auto: tensor(0.2649, device='cuda:0', grad_fn=<AddBackward0>), loss_pre: tensor(0.6917, device='cuda:0', grad_fn=<NllLossBackward0>)[0m[0m
experiment  : INFO     [32m[32mstep: 42080 	 meta_lr 0.001000 	 training acc 0.90625 and training loss tensor(0.3866, device='cuda:0', grad_fn=<AddBackward0>), loss_auto: tensor(0.2670, device='cuda:0', grad_fn=<AddBackward0>), loss_pre: tensor(0.3599, device='cuda:0', grad_fn=<NllLossBackward0>)[0m[0m
experiment  : INFO     [32m[32mstep: 42120 	 meta_lr 0.001000 	 training acc 0.875 and training loss tensor(0.6714, device='cuda:0', grad_fn=<AddBackward0>), loss_auto: tensor(0.2631, device='cuda:0', grad_fn=<AddBackward0>), loss_pre: tensor(0.6451, device='cuda:0', grad_fn=<NllLossBackward0>)[0m[0m
experiment  : INFO     [32m[32mstep: 42160 	 meta_lr 0.001000 	 training acc 0.90625 and training loss tensor(0.4987, device='cuda:0', grad_fn=<AddBackward0>), loss_auto: tensor(0.2647, device='cuda:0', grad_fn=<AddBackward0>), loss_pre: tensor(0.4722, device='cuda:0', grad_fn=<NllLossBackward0>)[0m[0m
experiment  : INFO     [32m[32mstep: 42200 	 meta_lr 0.001000 	 training acc 0.921875 and training loss tensor(0.5136, device='cuda:0', grad_fn=<AddBackward0>), loss_auto: tensor(0.2712, device='cuda:0', grad_fn=<AddBackward0>), loss_pre: tensor(0.4865, device='cuda:0', grad_fn=<NllLossBackward0>)[0m[0m
experiment  : INFO     [32m[32mstep: 42240 	 meta_lr 0.001000 	 training acc 0.84375 and training loss tensor(0.5601, device='cuda:0', grad_fn=<AddBackward0>), loss_auto: tensor(0.2598, device='cuda:0', grad_fn=<AddBackward0>), loss_pre: tensor(0.5341, device='cuda:0', grad_fn=<NllLossBackward0>)[0m[0m
experiment  : INFO     [32m[32mstep: 42280 	 meta_lr 0.001000 	 training acc 0.875 and training loss tensor(0.9696, device='cuda:0', grad_fn=<AddBackward0>), loss_auto: tensor(0.2619, device='cuda:0', grad_fn=<AddBackward0>), loss_pre: tensor(0.9434, device='cuda:0', grad_fn=<NllLossBackward0>)[0m[0m
experiment  : INFO     [32m[32mstep: 42320 	 meta_lr 0.001000 	 training acc 0.8125 and training loss tensor(1.7038, device='cuda:0', grad_fn=<AddBackward0>), loss_auto: tensor(0.2635, device='cuda:0', grad_fn=<AddBackward0>), loss_pre: tensor(1.6775, device='cuda:0', grad_fn=<NllLossBackward0>)[0m[0m
experiment  : INFO     [32m[32mstep: 42360 	 meta_lr 0.001000 	 training acc 0.875 and training loss tensor(0.4306, device='cuda:0', grad_fn=<AddBackward0>), loss_auto: tensor(0.2688, device='cuda:0', grad_fn=<AddBackward0>), loss_pre: tensor(0.4037, device='cuda:0', grad_fn=<NllLossBackward0>)[0m[0m
experiment  : INFO     [32m[32mstep: 42400 	 meta_lr 0.001000 	 training acc 0.953125 and training loss tensor(0.2916, device='cuda:0', grad_fn=<AddBackward0>), loss_auto: tensor(0.2695, device='cuda:0', grad_fn=<AddBackward0>), loss_pre: tensor(0.2647, device='cuda:0', grad_fn=<NllLossBackward0>)[0m[0m
experiment  : INFO     [32m[32mstep: 42440 	 meta_lr 0.001000 	 training acc 0.921875 and training loss tensor(0.2517, device='cuda:0', grad_fn=<AddBackward0>), loss_auto: tensor(0.2709, device='cuda:0', grad_fn=<AddBackward0>), loss_pre: tensor(0.2246, device='cuda:0', grad_fn=<NllLossBackward0>)[0m[0m
experiment  : INFO     [32m[32mstep: 42480 	 meta_lr 0.001000 	 training acc 0.953125 and training loss tensor(0.2191, device='cuda:0', grad_fn=<AddBackward0>), loss_auto: tensor(0.2644, device='cuda:0', grad_fn=<AddBackward0>), loss_pre: tensor(0.1927, device='cuda:0', grad_fn=<NllLossBackward0>)[0m[0m
experiment  : INFO     [32m[32mTrain Accuracy = 0.9256224066390171[0m[0m
experiment  : INFO     [32m[32mTest Accuracy = 0.9246369294605948[0m[0m
experiment  : INFO     [32m[32mstep: 42520 	 meta_lr 0.001000 	 training acc 0.953125 and training loss tensor(0.1524, device='cuda:0', grad_fn=<AddBackward0>), loss_auto: tensor(0.2615, device='cuda:0', grad_fn=<AddBackward0>), loss_pre: tensor(0.1262, device='cuda:0', grad_fn=<NllLossBackward0>)[0m[0m
experiment  : INFO     [32m[32mstep: 42560 	 meta_lr 0.001000 	 training acc 0.9375 and training loss tensor(0.4947, device='cuda:0', grad_fn=<AddBackward0>), loss_auto: tensor(0.2666, device='cuda:0', grad_fn=<AddBackward0>), loss_pre: tensor(0.4680, device='cuda:0', grad_fn=<NllLossBackward0>)[0m[0m
experiment  : INFO     [32m[32mstep: 42600 	 meta_lr 0.001000 	 training acc 0.90625 and training loss tensor(0.3992, device='cuda:0', grad_fn=<AddBackward0>), loss_auto: tensor(0.2636, device='cuda:0', grad_fn=<AddBackward0>), loss_pre: tensor(0.3728, device='cuda:0', grad_fn=<NllLossBackward0>)[0m[0m
experiment  : INFO     [32m[32mstep: 42640 	 meta_lr 0.001000 	 training acc 0.890625 and training loss tensor(0.4606, device='cuda:0', grad_fn=<AddBackward0>), loss_auto: tensor(0.2629, device='cuda:0', grad_fn=<AddBackward0>), loss_pre: tensor(0.4343, device='cuda:0', grad_fn=<NllLossBackward0>)[0m[0m
experiment  : INFO     [32m[32mstep: 42680 	 meta_lr 0.001000 	 training acc 0.859375 and training loss tensor(0.9088, device='cuda:0', grad_fn=<AddBackward0>), loss_auto: tensor(0.2615, device='cuda:0', grad_fn=<AddBackward0>), loss_pre: tensor(0.8826, device='cuda:0', grad_fn=<NllLossBackward0>)[0m[0m
experiment  : INFO     [32m[32mstep: 42720 	 meta_lr 0.001000 	 training acc 0.828125 and training loss tensor(0.9293, device='cuda:0', grad_fn=<AddBackward0>), loss_auto: tensor(0.2666, device='cuda:0', grad_fn=<AddBackward0>), loss_pre: tensor(0.9026, device='cuda:0', grad_fn=<NllLossBackward0>)[0m[0m
experiment  : INFO     [32m[32mstep: 42760 	 meta_lr 0.001000 	 training acc 0.875 and training loss tensor(0.9963, device='cuda:0', grad_fn=<AddBackward0>), loss_auto: tensor(0.2629, device='cuda:0', grad_fn=<AddBackward0>), loss_pre: tensor(0.9700, device='cuda:0', grad_fn=<NllLossBackward0>)[0m[0m
experiment  : INFO     [32m[32mstep: 42800 	 meta_lr 0.001000 	 training acc 0.90625 and training loss tensor(0.3108, device='cuda:0', grad_fn=<AddBackward0>), loss_auto: tensor(0.2705, device='cuda:0', grad_fn=<AddBackward0>), loss_pre: tensor(0.2837, device='cuda:0', grad_fn=<NllLossBackward0>)[0m[0m
experiment  : INFO     [32m[32mstep: 42840 	 meta_lr 0.001000 	 training acc 0.90625 and training loss tensor(0.4480, device='cuda:0', grad_fn=<AddBackward0>), loss_auto: tensor(0.2691, device='cuda:0', grad_fn=<AddBackward0>), loss_pre: tensor(0.4211, device='cuda:0', grad_fn=<NllLossBackward0>)[0m[0m
experiment  : INFO     [32m[32mstep: 42880 	 meta_lr 0.001000 	 training acc 0.90625 and training loss tensor(0.4680, device='cuda:0', grad_fn=<AddBackward0>), loss_auto: tensor(0.2638, device='cuda:0', grad_fn=<AddBackward0>), loss_pre: tensor(0.4416, device='cuda:0', grad_fn=<NllLossBackward0>)[0m[0m
experiment  : INFO     [32m[32mstep: 42920 	 meta_lr 0.001000 	 training acc 0.953125 and training loss tensor(0.2304, device='cuda:0', grad_fn=<AddBackward0>), loss_auto: tensor(0.2695, device='cuda:0', grad_fn=<AddBackward0>), loss_pre: tensor(0.2034, device='cuda:0', grad_fn=<NllLossBackward0>)[0m[0m
experiment  : INFO     [32m[32mstep: 42960 	 meta_lr 0.001000 	 training acc 0.90625 and training loss tensor(0.5680, device='cuda:0', grad_fn=<AddBackward0>), loss_auto: tensor(0.2717, device='cuda:0', grad_fn=<AddBackward0>), loss_pre: tensor(0.5409, device='cuda:0', grad_fn=<NllLossBackward0>)[0m[0m
experiment  : INFO     [32m[32mstep: 43000 	 meta_lr 0.001000 	 training acc 0.953125 and training loss tensor(0.2816, device='cuda:0', grad_fn=<AddBackward0>), loss_auto: tensor(0.2677, device='cuda:0', grad_fn=<AddBackward0>), loss_pre: tensor(0.2548, device='cuda:0', grad_fn=<NllLossBackward0>)[0m[0m
experiment  : INFO     [32m[32mTrain Accuracy = 0.9233402489626702[0m[0m
experiment  : INFO     [32m[32mTest Accuracy = 0.9244294605809261[0m[0m
experiment  : INFO     [32m[32mstep: 43040 	 meta_lr 0.001000 	 training acc 0.96875 and training loss tensor(0.1395, device='cuda:0', grad_fn=<AddBackward0>), loss_auto: tensor(0.2724, device='cuda:0', grad_fn=<AddBackward0>), loss_pre: tensor(0.1122, device='cuda:0', grad_fn=<NllLossBackward0>)[0m[0m
experiment  : INFO     [32m[32mstep: 43080 	 meta_lr 0.001000 	 training acc 0.921875 and training loss tensor(0.4352, device='cuda:0', grad_fn=<AddBackward0>), loss_auto: tensor(0.2700, device='cuda:0', grad_fn=<AddBackward0>), loss_pre: tensor(0.4082, device='cuda:0', grad_fn=<NllLossBackward0>)[0m[0m
experiment  : INFO     [32m[32mstep: 43120 	 meta_lr 0.001000 	 training acc 0.875 and training loss tensor(0.6161, device='cuda:0', grad_fn=<AddBackward0>), loss_auto: tensor(0.2671, device='cuda:0', grad_fn=<AddBackward0>), loss_pre: tensor(0.5894, device='cuda:0', grad_fn=<NllLossBackward0>)[0m[0m
experiment  : INFO     [32m[32mstep: 43160 	 meta_lr 0.001000 	 training acc 0.78125 and training loss tensor(1.3944, device='cuda:0', grad_fn=<AddBackward0>), loss_auto: tensor(0.2662, device='cuda:0', grad_fn=<AddBackward0>), loss_pre: tensor(1.3678, device='cuda:0', grad_fn=<NllLossBackward0>)[0m[0m
experiment  : INFO     [32m[32mstep: 43200 	 meta_lr 0.001000 	 training acc 0.84375 and training loss tensor(0.4966, device='cuda:0', grad_fn=<AddBackward0>), loss_auto: tensor(0.2666, device='cuda:0', grad_fn=<AddBackward0>), loss_pre: tensor(0.4699, device='cuda:0', grad_fn=<NllLossBackward0>)[0m[0m
experiment  : INFO     [32m[32mstep: 43240 	 meta_lr 0.001000 	 training acc 0.953125 and training loss tensor(0.3551, device='cuda:0', grad_fn=<AddBackward0>), loss_auto: tensor(0.2667, device='cuda:0', grad_fn=<AddBackward0>), loss_pre: tensor(0.3284, device='cuda:0', grad_fn=<NllLossBackward0>)[0m[0m
experiment  : INFO     [32m[32mstep: 43280 	 meta_lr 0.001000 	 training acc 0.84375 and training loss tensor(0.7818, device='cuda:0', grad_fn=<AddBackward0>), loss_auto: tensor(0.2706, device='cuda:0', grad_fn=<AddBackward0>), loss_pre: tensor(0.7548, device='cuda:0', grad_fn=<NllLossBackward0>)[0m[0m
experiment  : INFO     [32m[32mstep: 43320 	 meta_lr 0.001000 	 training acc 0.921875 and training loss tensor(0.3770, device='cuda:0', grad_fn=<AddBackward0>), loss_auto: tensor(0.2655, device='cuda:0', grad_fn=<AddBackward0>), loss_pre: tensor(0.3505, device='cuda:0', grad_fn=<NllLossBackward0>)[0m[0m
experiment  : INFO     [32m[32mstep: 43360 	 meta_lr 0.001000 	 training acc 0.90625 and training loss tensor(0.7804, device='cuda:0', grad_fn=<AddBackward0>), loss_auto: tensor(0.2680, device='cuda:0', grad_fn=<AddBackward0>), loss_pre: tensor(0.7536, device='cuda:0', grad_fn=<NllLossBackward0>)[0m[0m
experiment  : INFO     [32m[32mstep: 43400 	 meta_lr 0.001000 	 training acc 0.828125 and training loss tensor(1.1486, device='cuda:0', grad_fn=<AddBackward0>), loss_auto: tensor(0.2658, device='cuda:0', grad_fn=<AddBackward0>), loss_pre: tensor(1.1221, device='cuda:0', grad_fn=<NllLossBackward0>)[0m[0m
experiment  : INFO     [32m[32mstep: 43440 	 meta_lr 0.001000 	 training acc 0.859375 and training loss tensor(1.3677, device='cuda:0', grad_fn=<AddBackward0>), loss_auto: tensor(0.2724, device='cuda:0', grad_fn=<AddBackward0>), loss_pre: tensor(1.3405, device='cuda:0', grad_fn=<NllLossBackward0>)[0m[0m
experiment  : INFO     [32m[32mstep: 43480 	 meta_lr 0.001000 	 training acc 0.875 and training loss tensor(0.7516, device='cuda:0', grad_fn=<AddBackward0>), loss_auto: tensor(0.2708, device='cuda:0', grad_fn=<AddBackward0>), loss_pre: tensor(0.7246, device='cuda:0', grad_fn=<NllLossBackward0>)[0m[0m
experiment  : INFO     [32m[32mTrain Accuracy = 0.9181535269709693[0m[0m
experiment  : INFO     [32m[32mTest Accuracy = 0.918205394190884[0m[0m
experiment  : INFO     [32m[32mstep: 43520 	 meta_lr 0.001000 	 training acc 0.875 and training loss tensor(0.7912, device='cuda:0', grad_fn=<AddBackward0>), loss_auto: tensor(0.2672, device='cuda:0', grad_fn=<AddBackward0>), loss_pre: tensor(0.7645, device='cuda:0', grad_fn=<NllLossBackward0>)[0m[0m
experiment  : INFO     [32m[32mstep: 43560 	 meta_lr 0.001000 	 training acc 0.875 and training loss tensor(0.7380, device='cuda:0', grad_fn=<AddBackward0>), loss_auto: tensor(0.2635, device='cuda:0', grad_fn=<AddBackward0>), loss_pre: tensor(0.7117, device='cuda:0', grad_fn=<NllLossBackward0>)[0m[0m
experiment  : INFO     [32m[32mstep: 43600 	 meta_lr 0.001000 	 training acc 0.921875 and training loss tensor(0.2843, device='cuda:0', grad_fn=<AddBackward0>), loss_auto: tensor(0.2640, device='cuda:0', grad_fn=<AddBackward0>), loss_pre: tensor(0.2579, device='cuda:0', grad_fn=<NllLossBackward0>)[0m[0m
experiment  : INFO     [32m[32mstep: 43640 	 meta_lr 0.001000 	 training acc 0.90625 and training loss tensor(0.4442, device='cuda:0', grad_fn=<AddBackward0>), loss_auto: tensor(0.2636, device='cuda:0', grad_fn=<AddBackward0>), loss_pre: tensor(0.4178, device='cuda:0', grad_fn=<NllLossBackward0>)[0m[0m
experiment  : INFO     [32m[32mstep: 43680 	 meta_lr 0.001000 	 training acc 0.984375 and training loss tensor(0.1060, device='cuda:0', grad_fn=<AddBackward0>), loss_auto: tensor(0.2602, device='cuda:0', grad_fn=<AddBackward0>), loss_pre: tensor(0.0800, device='cuda:0', grad_fn=<NllLossBackward0>)[0m[0m
experiment  : INFO     [32m[32mstep: 43720 	 meta_lr 0.001000 	 training acc 0.9375 and training loss tensor(0.4564, device='cuda:0', grad_fn=<AddBackward0>), loss_auto: tensor(0.2612, device='cuda:0', grad_fn=<AddBackward0>), loss_pre: tensor(0.4302, device='cuda:0', grad_fn=<NllLossBackward0>)[0m[0m
experiment  : INFO     [32m[32mstep: 43760 	 meta_lr 0.001000 	 training acc 0.953125 and training loss tensor(0.2717, device='cuda:0', grad_fn=<AddBackward0>), loss_auto: tensor(0.2600, device='cuda:0', grad_fn=<AddBackward0>), loss_pre: tensor(0.2457, device='cuda:0', grad_fn=<NllLossBackward0>)[0m[0m
experiment  : INFO     [32m[32mstep: 43800 	 meta_lr 0.001000 	 training acc 0.9375 and training loss tensor(0.3591, device='cuda:0', grad_fn=<AddBackward0>), loss_auto: tensor(0.2638, device='cuda:0', grad_fn=<AddBackward0>), loss_pre: tensor(0.3328, device='cuda:0', grad_fn=<NllLossBackward0>)[0m[0m
experiment  : INFO     [32m[32mstep: 43840 	 meta_lr 0.001000 	 training acc 0.96875 and training loss tensor(0.2402, device='cuda:0', grad_fn=<AddBackward0>), loss_auto: tensor(0.2704, device='cuda:0', grad_fn=<AddBackward0>), loss_pre: tensor(0.2131, device='cuda:0', grad_fn=<NllLossBackward0>)[0m[0m
experiment  : INFO     [32m[32mstep: 43880 	 meta_lr 0.001000 	 training acc 0.890625 and training loss tensor(0.5016, device='cuda:0', grad_fn=<AddBackward0>), loss_auto: tensor(0.2688, device='cuda:0', grad_fn=<AddBackward0>), loss_pre: tensor(0.4747, device='cuda:0', grad_fn=<NllLossBackward0>)[0m[0m
experiment  : INFO     [32m[32mstep: 43920 	 meta_lr 0.001000 	 training acc 0.828125 and training loss tensor(0.7091, device='cuda:0', grad_fn=<AddBackward0>), loss_auto: tensor(0.2602, device='cuda:0', grad_fn=<AddBackward0>), loss_pre: tensor(0.6831, device='cuda:0', grad_fn=<NllLossBackward0>)[0m[0m
experiment  : INFO     [32m[32mstep: 43960 	 meta_lr 0.001000 	 training acc 0.84375 and training loss tensor(0.6121, device='cuda:0', grad_fn=<AddBackward0>), loss_auto: tensor(0.2674, device='cuda:0', grad_fn=<AddBackward0>), loss_pre: tensor(0.5853, device='cuda:0', grad_fn=<NllLossBackward0>)[0m[0m
experiment  : INFO     [32m[32mstep: 44000 	 meta_lr 0.001000 	 training acc 0.96875 and training loss tensor(0.2112, device='cuda:0', grad_fn=<AddBackward0>), loss_auto: tensor(0.2629, device='cuda:0', grad_fn=<AddBackward0>), loss_pre: tensor(0.1849, device='cuda:0', grad_fn=<NllLossBackward0>)[0m[0m
experiment  : INFO     [32m[32mTrain Accuracy = 0.9230290456431658[0m[0m
experiment  : INFO     [32m[32mTest Accuracy = 0.9236514522821709[0m[0m
experiment  : INFO     [32m[32mstep: 44040 	 meta_lr 0.001000 	 training acc 0.921875 and training loss tensor(0.5866, device='cuda:0', grad_fn=<AddBackward0>), loss_auto: tensor(0.2666, device='cuda:0', grad_fn=<AddBackward0>), loss_pre: tensor(0.5599, device='cuda:0', grad_fn=<NllLossBackward0>)[0m[0m
experiment  : INFO     [32m[32mstep: 44080 	 meta_lr 0.001000 	 training acc 0.96875 and training loss tensor(0.1733, device='cuda:0', grad_fn=<AddBackward0>), loss_auto: tensor(0.2610, device='cuda:0', grad_fn=<AddBackward0>), loss_pre: tensor(0.1472, device='cuda:0', grad_fn=<NllLossBackward0>)[0m[0m
experiment  : INFO     [32m[32mstep: 44120 	 meta_lr 0.001000 	 training acc 0.90625 and training loss tensor(0.2770, device='cuda:0', grad_fn=<AddBackward0>), loss_auto: tensor(0.2617, device='cuda:0', grad_fn=<AddBackward0>), loss_pre: tensor(0.2508, device='cuda:0', grad_fn=<NllLossBackward0>)[0m[0m
experiment  : INFO     [32m[32mstep: 44160 	 meta_lr 0.001000 	 training acc 0.984375 and training loss tensor(0.2990, device='cuda:0', grad_fn=<AddBackward0>), loss_auto: tensor(0.2663, device='cuda:0', grad_fn=<AddBackward0>), loss_pre: tensor(0.2724, device='cuda:0', grad_fn=<NllLossBackward0>)[0m[0m
experiment  : INFO     [32m[32mstep: 44200 	 meta_lr 0.001000 	 training acc 0.890625 and training loss tensor(0.5516, device='cuda:0', grad_fn=<AddBackward0>), loss_auto: tensor(0.2670, device='cuda:0', grad_fn=<AddBackward0>), loss_pre: tensor(0.5249, device='cuda:0', grad_fn=<NllLossBackward0>)[0m[0m
experiment  : INFO     [32m[32mstep: 44240 	 meta_lr 0.001000 	 training acc 0.953125 and training loss tensor(0.3533, device='cuda:0', grad_fn=<AddBackward0>), loss_auto: tensor(0.2644, device='cuda:0', grad_fn=<AddBackward0>), loss_pre: tensor(0.3269, device='cuda:0', grad_fn=<NllLossBackward0>)[0m[0m
experiment  : INFO     [32m[32mstep: 44280 	 meta_lr 0.001000 	 training acc 0.875 and training loss tensor(0.6267, device='cuda:0', grad_fn=<AddBackward0>), loss_auto: tensor(0.2682, device='cuda:0', grad_fn=<AddBackward0>), loss_pre: tensor(0.5998, device='cuda:0', grad_fn=<NllLossBackward0>)[0m[0m
experiment  : INFO     [32m[32mstep: 44320 	 meta_lr 0.001000 	 training acc 0.859375 and training loss tensor(0.6905, device='cuda:0', grad_fn=<AddBackward0>), loss_auto: tensor(0.2637, device='cuda:0', grad_fn=<AddBackward0>), loss_pre: tensor(0.6641, device='cuda:0', grad_fn=<NllLossBackward0>)[0m[0m
experiment  : INFO     [32m[32mstep: 44360 	 meta_lr 0.001000 	 training acc 0.921875 and training loss tensor(0.4331, device='cuda:0', grad_fn=<AddBackward0>), loss_auto: tensor(0.2669, device='cuda:0', grad_fn=<AddBackward0>), loss_pre: tensor(0.4064, device='cuda:0', grad_fn=<NllLossBackward0>)[0m[0m
experiment  : INFO     [32m[32mstep: 44400 	 meta_lr 0.001000 	 training acc 0.921875 and training loss tensor(0.4238, device='cuda:0', grad_fn=<AddBackward0>), loss_auto: tensor(0.2593, device='cuda:0', grad_fn=<AddBackward0>), loss_pre: tensor(0.3979, device='cuda:0', grad_fn=<NllLossBackward0>)[0m[0m
experiment  : INFO     [32m[32mstep: 44440 	 meta_lr 0.001000 	 training acc 0.921875 and training loss tensor(0.4945, device='cuda:0', grad_fn=<AddBackward0>), loss_auto: tensor(0.2637, device='cuda:0', grad_fn=<AddBackward0>), loss_pre: tensor(0.4682, device='cuda:0', grad_fn=<NllLossBackward0>)[0m[0m
experiment  : INFO     [32m[32mstep: 44480 	 meta_lr 0.001000 	 training acc 0.90625 and training loss tensor(0.6423, device='cuda:0', grad_fn=<AddBackward0>), loss_auto: tensor(0.2664, device='cuda:0', grad_fn=<AddBackward0>), loss_pre: tensor(0.6157, device='cuda:0', grad_fn=<NllLossBackward0>)[0m[0m
experiment  : INFO     [32m[32mTrain Accuracy = 0.9184128630705531[0m[0m
experiment  : INFO     [32m[32mTest Accuracy = 0.9194502074688925[0m[0m
experiment  : INFO     [32m[32mstep: 44520 	 meta_lr 0.001000 	 training acc 0.921875 and training loss tensor(0.4240, device='cuda:0', grad_fn=<AddBackward0>), loss_auto: tensor(0.2629, device='cuda:0', grad_fn=<AddBackward0>), loss_pre: tensor(0.3977, device='cuda:0', grad_fn=<NllLossBackward0>)[0m[0m
experiment  : INFO     [32m[32mstep: 44560 	 meta_lr 0.001000 	 training acc 0.953125 and training loss tensor(0.3083, device='cuda:0', grad_fn=<AddBackward0>), loss_auto: tensor(0.2614, device='cuda:0', grad_fn=<AddBackward0>), loss_pre: tensor(0.2822, device='cuda:0', grad_fn=<NllLossBackward0>)[0m[0m
experiment  : INFO     [32m[32mstep: 44600 	 meta_lr 0.001000 	 training acc 0.875 and training loss tensor(0.5489, device='cuda:0', grad_fn=<AddBackward0>), loss_auto: tensor(0.2633, device='cuda:0', grad_fn=<AddBackward0>), loss_pre: tensor(0.5226, device='cuda:0', grad_fn=<NllLossBackward0>)[0m[0m
experiment  : INFO     [32m[32mstep: 44640 	 meta_lr 0.001000 	 training acc 0.828125 and training loss tensor(0.6216, device='cuda:0', grad_fn=<AddBackward0>), loss_auto: tensor(0.2638, device='cuda:0', grad_fn=<AddBackward0>), loss_pre: tensor(0.5952, device='cuda:0', grad_fn=<NllLossBackward0>)[0m[0m
experiment  : INFO     [32m[32mstep: 44680 	 meta_lr 0.001000 	 training acc 0.9375 and training loss tensor(0.2516, device='cuda:0', grad_fn=<AddBackward0>), loss_auto: tensor(0.2654, device='cuda:0', grad_fn=<AddBackward0>), loss_pre: tensor(0.2251, device='cuda:0', grad_fn=<NllLossBackward0>)[0m[0m
experiment  : INFO     [32m[32mstep: 44720 	 meta_lr 0.001000 	 training acc 0.90625 and training loss tensor(0.4589, device='cuda:0', grad_fn=<AddBackward0>), loss_auto: tensor(0.2649, device='cuda:0', grad_fn=<AddBackward0>), loss_pre: tensor(0.4324, device='cuda:0', grad_fn=<NllLossBackward0>)[0m[0m
experiment  : INFO     [32m[32mstep: 44760 	 meta_lr 0.001000 	 training acc 0.890625 and training loss tensor(0.4473, device='cuda:0', grad_fn=<AddBackward0>), loss_auto: tensor(0.2655, device='cuda:0', grad_fn=<AddBackward0>), loss_pre: tensor(0.4207, device='cuda:0', grad_fn=<NllLossBackward0>)[0m[0m
experiment  : INFO     [32m[32mstep: 44800 	 meta_lr 0.001000 	 training acc 0.8125 and training loss tensor(0.7776, device='cuda:0', grad_fn=<AddBackward0>), loss_auto: tensor(0.2657, device='cuda:0', grad_fn=<AddBackward0>), loss_pre: tensor(0.7510, device='cuda:0', grad_fn=<NllLossBackward0>)[0m[0m
experiment  : INFO     [32m[32mstep: 44840 	 meta_lr 0.001000 	 training acc 0.9375 and training loss tensor(0.3759, device='cuda:0', grad_fn=<AddBackward0>), loss_auto: tensor(0.2645, device='cuda:0', grad_fn=<AddBackward0>), loss_pre: tensor(0.3495, device='cuda:0', grad_fn=<NllLossBackward0>)[0m[0m
experiment  : INFO     [32m[32mstep: 44880 	 meta_lr 0.001000 	 training acc 0.890625 and training loss tensor(0.5980, device='cuda:0', grad_fn=<AddBackward0>), loss_auto: tensor(0.2614, device='cuda:0', grad_fn=<AddBackward0>), loss_pre: tensor(0.5719, device='cuda:0', grad_fn=<NllLossBackward0>)[0m[0m
experiment  : INFO     [32m[32mstep: 44920 	 meta_lr 0.001000 	 training acc 0.984375 and training loss tensor(0.1310, device='cuda:0', grad_fn=<AddBackward0>), loss_auto: tensor(0.2627, device='cuda:0', grad_fn=<AddBackward0>), loss_pre: tensor(0.1048, device='cuda:0', grad_fn=<NllLossBackward0>)[0m[0m
experiment  : INFO     [32m[32mstep: 44960 	 meta_lr 0.001000 	 training acc 0.90625 and training loss tensor(0.4839, device='cuda:0', grad_fn=<AddBackward0>), loss_auto: tensor(0.2680, device='cuda:0', grad_fn=<AddBackward0>), loss_pre: tensor(0.4571, device='cuda:0', grad_fn=<NllLossBackward0>)[0m[0m
experiment  : INFO     [32m[32mstep: 45000 	 meta_lr 0.001000 	 training acc 0.875 and training loss tensor(0.5896, device='cuda:0', grad_fn=<AddBackward0>), loss_auto: tensor(0.2572, device='cuda:0', grad_fn=<AddBackward0>), loss_pre: tensor(0.5639, device='cuda:0', grad_fn=<NllLossBackward0>)[0m[0m
experiment  : INFO     [32m[32mTrain Accuracy = 0.9226659751037476[0m[0m
experiment  : INFO     [32m[32mTest Accuracy = 0.9205912863070675[0m[0m
experiment  : INFO     [32m[32mstep: 45040 	 meta_lr 0.001000 	 training acc 0.890625 and training loss tensor(0.6133, device='cuda:0', grad_fn=<AddBackward0>), loss_auto: tensor(0.2675, device='cuda:0', grad_fn=<AddBackward0>), loss_pre: tensor(0.5865, device='cuda:0', grad_fn=<NllLossBackward0>)[0m[0m
experiment  : INFO     [32m[32mstep: 45080 	 meta_lr 0.001000 	 training acc 0.9375 and training loss tensor(0.2950, device='cuda:0', grad_fn=<AddBackward0>), loss_auto: tensor(0.2681, device='cuda:0', grad_fn=<AddBackward0>), loss_pre: tensor(0.2682, device='cuda:0', grad_fn=<NllLossBackward0>)[0m[0m
experiment  : INFO     [32m[32mstep: 45120 	 meta_lr 0.001000 	 training acc 0.90625 and training loss tensor(0.4534, device='cuda:0', grad_fn=<AddBackward0>), loss_auto: tensor(0.2611, device='cuda:0', grad_fn=<AddBackward0>), loss_pre: tensor(0.4273, device='cuda:0', grad_fn=<NllLossBackward0>)[0m[0m
experiment  : INFO     [32m[32mstep: 45160 	 meta_lr 0.001000 	 training acc 0.9375 and training loss tensor(0.4203, device='cuda:0', grad_fn=<AddBackward0>), loss_auto: tensor(0.2667, device='cuda:0', grad_fn=<AddBackward0>), loss_pre: tensor(0.3936, device='cuda:0', grad_fn=<NllLossBackward0>)[0m[0m
experiment  : INFO     [32m[32mstep: 45200 	 meta_lr 0.001000 	 training acc 0.890625 and training loss tensor(0.7485, device='cuda:0', grad_fn=<AddBackward0>), loss_auto: tensor(0.2659, device='cuda:0', grad_fn=<AddBackward0>), loss_pre: tensor(0.7219, device='cuda:0', grad_fn=<NllLossBackward0>)[0m[0m
experiment  : INFO     [32m[32mstep: 45240 	 meta_lr 0.001000 	 training acc 0.921875 and training loss tensor(0.3718, device='cuda:0', grad_fn=<AddBackward0>), loss_auto: tensor(0.2676, device='cuda:0', grad_fn=<AddBackward0>), loss_pre: tensor(0.3450, device='cuda:0', grad_fn=<NllLossBackward0>)[0m[0m
experiment  : INFO     [32m[32mstep: 45280 	 meta_lr 0.001000 	 training acc 0.8125 and training loss tensor(1.1069, device='cuda:0', grad_fn=<AddBackward0>), loss_auto: tensor(0.2668, device='cuda:0', grad_fn=<AddBackward0>), loss_pre: tensor(1.0802, device='cuda:0', grad_fn=<NllLossBackward0>)[0m[0m
experiment  : INFO     [32m[32mstep: 45320 	 meta_lr 0.001000 	 training acc 0.890625 and training loss tensor(0.4952, device='cuda:0', grad_fn=<AddBackward0>), loss_auto: tensor(0.2668, device='cuda:0', grad_fn=<AddBackward0>), loss_pre: tensor(0.4685, device='cuda:0', grad_fn=<NllLossBackward0>)[0m[0m
experiment  : INFO     [32m[32mstep: 45360 	 meta_lr 0.001000 	 training acc 0.890625 and training loss tensor(0.3814, device='cuda:0', grad_fn=<AddBackward0>), loss_auto: tensor(0.2674, device='cuda:0', grad_fn=<AddBackward0>), loss_pre: tensor(0.3546, device='cuda:0', grad_fn=<NllLossBackward0>)[0m[0m
experiment  : INFO     [32m[32mstep: 45400 	 meta_lr 0.001000 	 training acc 0.84375 and training loss tensor(0.7860, device='cuda:0', grad_fn=<AddBackward0>), loss_auto: tensor(0.2644, device='cuda:0', grad_fn=<AddBackward0>), loss_pre: tensor(0.7595, device='cuda:0', grad_fn=<NllLossBackward0>)[0m[0m
experiment  : INFO     [32m[32mstep: 45440 	 meta_lr 0.001000 	 training acc 0.90625 and training loss tensor(0.5435, device='cuda:0', grad_fn=<AddBackward0>), loss_auto: tensor(0.2649, device='cuda:0', grad_fn=<AddBackward0>), loss_pre: tensor(0.5171, device='cuda:0', grad_fn=<NllLossBackward0>)[0m[0m
experiment  : INFO     [32m[32mstep: 45480 	 meta_lr 0.001000 	 training acc 0.796875 and training loss tensor(0.9165, device='cuda:0', grad_fn=<AddBackward0>), loss_auto: tensor(0.2628, device='cuda:0', grad_fn=<AddBackward0>), loss_pre: tensor(0.8902, device='cuda:0', grad_fn=<NllLossBackward0>)[0m[0m
experiment  : INFO     [32m[32mTrain Accuracy = 0.916234439834038[0m[0m
experiment  : INFO     [32m[32mTest Accuracy = 0.91607883817429[0m[0m
experiment  : INFO     [32m[32mstep: 45520 	 meta_lr 0.001000 	 training acc 0.9375 and training loss tensor(0.2867, device='cuda:0', grad_fn=<AddBackward0>), loss_auto: tensor(0.2609, device='cuda:0', grad_fn=<AddBackward0>), loss_pre: tensor(0.2606, device='cuda:0', grad_fn=<NllLossBackward0>)[0m[0m
experiment  : INFO     [32m[32mstep: 45560 	 meta_lr 0.001000 	 training acc 0.875 and training loss tensor(0.6816, device='cuda:0', grad_fn=<AddBackward0>), loss_auto: tensor(0.2646, device='cuda:0', grad_fn=<AddBackward0>), loss_pre: tensor(0.6551, device='cuda:0', grad_fn=<NllLossBackward0>)[0m[0m
experiment  : INFO     [32m[32mstep: 45600 	 meta_lr 0.001000 	 training acc 0.9375 and training loss tensor(0.2751, device='cuda:0', grad_fn=<AddBackward0>), loss_auto: tensor(0.2633, device='cuda:0', grad_fn=<AddBackward0>), loss_pre: tensor(0.2487, device='cuda:0', grad_fn=<NllLossBackward0>)[0m[0m
experiment  : INFO     [32m[32mstep: 45640 	 meta_lr 0.001000 	 training acc 0.875 and training loss tensor(0.6497, device='cuda:0', grad_fn=<AddBackward0>), loss_auto: tensor(0.2629, device='cuda:0', grad_fn=<AddBackward0>), loss_pre: tensor(0.6234, device='cuda:0', grad_fn=<NllLossBackward0>)[0m[0m
experiment  : INFO     [32m[32mstep: 45680 	 meta_lr 0.001000 	 training acc 0.9375 and training loss tensor(0.4276, device='cuda:0', grad_fn=<AddBackward0>), loss_auto: tensor(0.2626, device='cuda:0', grad_fn=<AddBackward0>), loss_pre: tensor(0.4013, device='cuda:0', grad_fn=<NllLossBackward0>)[0m[0m
experiment  : INFO     [32m[32mstep: 45720 	 meta_lr 0.001000 	 training acc 0.953125 and training loss tensor(0.2736, device='cuda:0', grad_fn=<AddBackward0>), loss_auto: tensor(0.2644, device='cuda:0', grad_fn=<AddBackward0>), loss_pre: tensor(0.2471, device='cuda:0', grad_fn=<NllLossBackward0>)[0m[0m
experiment  : INFO     [32m[32mstep: 45760 	 meta_lr 0.001000 	 training acc 0.875 and training loss tensor(0.5584, device='cuda:0', grad_fn=<AddBackward0>), loss_auto: tensor(0.2646, device='cuda:0', grad_fn=<AddBackward0>), loss_pre: tensor(0.5319, device='cuda:0', grad_fn=<NllLossBackward0>)[0m[0m
experiment  : INFO     [32m[32mstep: 45800 	 meta_lr 0.001000 	 training acc 0.90625 and training loss tensor(0.4586, device='cuda:0', grad_fn=<AddBackward0>), loss_auto: tensor(0.2678, device='cuda:0', grad_fn=<AddBackward0>), loss_pre: tensor(0.4318, device='cuda:0', grad_fn=<NllLossBackward0>)[0m[0m
experiment  : INFO     [32m[32mstep: 45840 	 meta_lr 0.001000 	 training acc 0.859375 and training loss tensor(0.7401, device='cuda:0', grad_fn=<AddBackward0>), loss_auto: tensor(0.2665, device='cuda:0', grad_fn=<AddBackward0>), loss_pre: tensor(0.7135, device='cuda:0', grad_fn=<NllLossBackward0>)[0m[0m
experiment  : INFO     [32m[32mstep: 45880 	 meta_lr 0.001000 	 training acc 0.953125 and training loss tensor(0.2043, device='cuda:0', grad_fn=<AddBackward0>), loss_auto: tensor(0.2636, device='cuda:0', grad_fn=<AddBackward0>), loss_pre: tensor(0.1780, device='cuda:0', grad_fn=<NllLossBackward0>)[0m[0m
experiment  : INFO     [32m[32mstep: 45920 	 meta_lr 0.001000 	 training acc 0.90625 and training loss tensor(0.5851, device='cuda:0', grad_fn=<AddBackward0>), loss_auto: tensor(0.2610, device='cuda:0', grad_fn=<AddBackward0>), loss_pre: tensor(0.5590, device='cuda:0', grad_fn=<NllLossBackward0>)[0m[0m
experiment  : INFO     [32m[32mstep: 45960 	 meta_lr 0.001000 	 training acc 0.8125 and training loss tensor(0.8142, device='cuda:0', grad_fn=<AddBackward0>), loss_auto: tensor(0.2639, device='cuda:0', grad_fn=<AddBackward0>), loss_pre: tensor(0.7878, device='cuda:0', grad_fn=<NllLossBackward0>)[0m[0m
experiment  : INFO     [32m[32mstep: 46000 	 meta_lr 0.001000 	 training acc 0.90625 and training loss tensor(0.6011, device='cuda:0', grad_fn=<AddBackward0>), loss_auto: tensor(0.2590, device='cuda:0', grad_fn=<AddBackward0>), loss_pre: tensor(0.5752, device='cuda:0', grad_fn=<NllLossBackward0>)[0m[0m
experiment  : INFO     [32m[32mTrain Accuracy = 0.9287863070539553[0m[0m
experiment  : INFO     [32m[32mTest Accuracy = 0.9287863070539553[0m[0m
experiment  : INFO     [32m[32mstep: 46040 	 meta_lr 0.001000 	 training acc 0.90625 and training loss tensor(0.3852, device='cuda:0', grad_fn=<AddBackward0>), loss_auto: tensor(0.2557, device='cuda:0', grad_fn=<AddBackward0>), loss_pre: tensor(0.3596, device='cuda:0', grad_fn=<NllLossBackward0>)[0m[0m
experiment  : INFO     [32m[32mstep: 46080 	 meta_lr 0.001000 	 training acc 0.8125 and training loss tensor(0.6298, device='cuda:0', grad_fn=<AddBackward0>), loss_auto: tensor(0.2569, device='cuda:0', grad_fn=<AddBackward0>), loss_pre: tensor(0.6041, device='cuda:0', grad_fn=<NllLossBackward0>)[0m[0m
experiment  : INFO     [32m[32mstep: 46120 	 meta_lr 0.001000 	 training acc 0.96875 and training loss tensor(0.2536, device='cuda:0', grad_fn=<AddBackward0>), loss_auto: tensor(0.2624, device='cuda:0', grad_fn=<AddBackward0>), loss_pre: tensor(0.2274, device='cuda:0', grad_fn=<NllLossBackward0>)[0m[0m
experiment  : INFO     [32m[32mstep: 46160 	 meta_lr 0.001000 	 training acc 0.953125 and training loss tensor(0.3900, device='cuda:0', grad_fn=<AddBackward0>), loss_auto: tensor(0.2711, device='cuda:0', grad_fn=<AddBackward0>), loss_pre: tensor(0.3629, device='cuda:0', grad_fn=<NllLossBackward0>)[0m[0m
experiment  : INFO     [32m[32mstep: 46200 	 meta_lr 0.001000 	 training acc 0.890625 and training loss tensor(0.5781, device='cuda:0', grad_fn=<AddBackward0>), loss_auto: tensor(0.2652, device='cuda:0', grad_fn=<AddBackward0>), loss_pre: tensor(0.5516, device='cuda:0', grad_fn=<NllLossBackward0>)[0m[0m
experiment  : INFO     [32m[32mstep: 46240 	 meta_lr 0.001000 	 training acc 0.953125 and training loss tensor(0.2567, device='cuda:0', grad_fn=<AddBackward0>), loss_auto: tensor(0.2643, device='cuda:0', grad_fn=<AddBackward0>), loss_pre: tensor(0.2303, device='cuda:0', grad_fn=<NllLossBackward0>)[0m[0m
experiment  : INFO     [32m[32mstep: 46280 	 meta_lr 0.001000 	 training acc 0.890625 and training loss tensor(0.3138, device='cuda:0', grad_fn=<AddBackward0>), loss_auto: tensor(0.2611, device='cuda:0', grad_fn=<AddBackward0>), loss_pre: tensor(0.2877, device='cuda:0', grad_fn=<NllLossBackward0>)[0m[0m
experiment  : INFO     [32m[32mstep: 46320 	 meta_lr 0.001000 	 training acc 0.9375 and training loss tensor(0.2059, device='cuda:0', grad_fn=<AddBackward0>), loss_auto: tensor(0.2607, device='cuda:0', grad_fn=<AddBackward0>), loss_pre: tensor(0.1798, device='cuda:0', grad_fn=<NllLossBackward0>)[0m[0m
experiment  : INFO     [32m[32mstep: 46360 	 meta_lr 0.001000 	 training acc 0.921875 and training loss tensor(0.5415, device='cuda:0', grad_fn=<AddBackward0>), loss_auto: tensor(0.2622, device='cuda:0', grad_fn=<AddBackward0>), loss_pre: tensor(0.5153, device='cuda:0', grad_fn=<NllLossBackward0>)[0m[0m
experiment  : INFO     [32m[32mstep: 46400 	 meta_lr 0.001000 	 training acc 0.90625 and training loss tensor(0.6165, device='cuda:0', grad_fn=<AddBackward0>), loss_auto: tensor(0.2662, device='cuda:0', grad_fn=<AddBackward0>), loss_pre: tensor(0.5899, device='cuda:0', grad_fn=<NllLossBackward0>)[0m[0m
experiment  : INFO     [32m[32mstep: 46440 	 meta_lr 0.001000 	 training acc 0.890625 and training loss tensor(0.5442, device='cuda:0', grad_fn=<AddBackward0>), loss_auto: tensor(0.2644, device='cuda:0', grad_fn=<AddBackward0>), loss_pre: tensor(0.5177, device='cuda:0', grad_fn=<NllLossBackward0>)[0m[0m
experiment  : INFO     [32m[32mstep: 46480 	 meta_lr 0.001000 	 training acc 0.953125 and training loss tensor(0.2123, device='cuda:0', grad_fn=<AddBackward0>), loss_auto: tensor(0.2644, device='cuda:0', grad_fn=<AddBackward0>), loss_pre: tensor(0.1858, device='cuda:0', grad_fn=<NllLossBackward0>)[0m[0m
experiment  : INFO     [32m[32mTrain Accuracy = 0.9202282157676481[0m[0m
experiment  : INFO     [32m[32mTest Accuracy = 0.9217323651452417[0m[0m
experiment  : INFO     [32m[32mstep: 46520 	 meta_lr 0.001000 	 training acc 0.921875 and training loss tensor(0.6843, device='cuda:0', grad_fn=<AddBackward0>), loss_auto: tensor(0.2645, device='cuda:0', grad_fn=<AddBackward0>), loss_pre: tensor(0.6579, device='cuda:0', grad_fn=<NllLossBackward0>)[0m[0m
experiment  : INFO     [32m[32mstep: 46560 	 meta_lr 0.001000 	 training acc 0.84375 and training loss tensor(0.6529, device='cuda:0', grad_fn=<AddBackward0>), loss_auto: tensor(0.2682, device='cuda:0', grad_fn=<AddBackward0>), loss_pre: tensor(0.6260, device='cuda:0', grad_fn=<NllLossBackward0>)[0m[0m
experiment  : INFO     [32m[32mstep: 46600 	 meta_lr 0.001000 	 training acc 0.8125 and training loss tensor(0.9088, device='cuda:0', grad_fn=<AddBackward0>), loss_auto: tensor(0.2665, device='cuda:0', grad_fn=<AddBackward0>), loss_pre: tensor(0.8822, device='cuda:0', grad_fn=<NllLossBackward0>)[0m[0m
experiment  : INFO     [32m[32mstep: 46640 	 meta_lr 0.001000 	 training acc 0.875 and training loss tensor(0.6979, device='cuda:0', grad_fn=<AddBackward0>), loss_auto: tensor(0.2671, device='cuda:0', grad_fn=<AddBackward0>), loss_pre: tensor(0.6712, device='cuda:0', grad_fn=<NllLossBackward0>)[0m[0m
experiment  : INFO     [32m[32mstep: 46680 	 meta_lr 0.001000 	 training acc 0.859375 and training loss tensor(0.7449, device='cuda:0', grad_fn=<AddBackward0>), loss_auto: tensor(0.2618, device='cuda:0', grad_fn=<AddBackward0>), loss_pre: tensor(0.7188, device='cuda:0', grad_fn=<NllLossBackward0>)[0m[0m
experiment  : INFO     [32m[32mstep: 46720 	 meta_lr 0.001000 	 training acc 0.890625 and training loss tensor(0.4078, device='cuda:0', grad_fn=<AddBackward0>), loss_auto: tensor(0.2683, device='cuda:0', grad_fn=<AddBackward0>), loss_pre: tensor(0.3810, device='cuda:0', grad_fn=<NllLossBackward0>)[0m[0m
experiment  : INFO     [32m[32mstep: 46760 	 meta_lr 0.001000 	 training acc 0.765625 and training loss tensor(1.2425, device='cuda:0', grad_fn=<AddBackward0>), loss_auto: tensor(0.2676, device='cuda:0', grad_fn=<AddBackward0>), loss_pre: tensor(1.2157, device='cuda:0', grad_fn=<NllLossBackward0>)[0m[0m
experiment  : INFO     [32m[32mstep: 46800 	 meta_lr 0.001000 	 training acc 0.90625 and training loss tensor(0.2855, device='cuda:0', grad_fn=<AddBackward0>), loss_auto: tensor(0.2596, device='cuda:0', grad_fn=<AddBackward0>), loss_pre: tensor(0.2595, device='cuda:0', grad_fn=<NllLossBackward0>)[0m[0m
experiment  : INFO     [32m[32mstep: 46840 	 meta_lr 0.001000 	 training acc 0.9375 and training loss tensor(0.3579, device='cuda:0', grad_fn=<AddBackward0>), loss_auto: tensor(0.2637, device='cuda:0', grad_fn=<AddBackward0>), loss_pre: tensor(0.3315, device='cuda:0', grad_fn=<NllLossBackward0>)[0m[0m
experiment  : INFO     [32m[32mstep: 46880 	 meta_lr 0.001000 	 training acc 0.953125 and training loss tensor(0.3952, device='cuda:0', grad_fn=<AddBackward0>), loss_auto: tensor(0.2665, device='cuda:0', grad_fn=<AddBackward0>), loss_pre: tensor(0.3685, device='cuda:0', grad_fn=<NllLossBackward0>)[0m[0m
experiment  : INFO     [32m[32mstep: 46920 	 meta_lr 0.001000 	 training acc 0.9375 and training loss tensor(0.5543, device='cuda:0', grad_fn=<AddBackward0>), loss_auto: tensor(0.2629, device='cuda:0', grad_fn=<AddBackward0>), loss_pre: tensor(0.5280, device='cuda:0', grad_fn=<NllLossBackward0>)[0m[0m
experiment  : INFO     [32m[32mstep: 46960 	 meta_lr 0.001000 	 training acc 0.859375 and training loss tensor(0.8143, device='cuda:0', grad_fn=<AddBackward0>), loss_auto: tensor(0.2653, device='cuda:0', grad_fn=<AddBackward0>), loss_pre: tensor(0.7878, device='cuda:0', grad_fn=<NllLossBackward0>)[0m[0m
experiment  : INFO     [32m[32mstep: 47000 	 meta_lr 0.001000 	 training acc 0.90625 and training loss tensor(0.6585, device='cuda:0', grad_fn=<AddBackward0>), loss_auto: tensor(0.2670, device='cuda:0', grad_fn=<AddBackward0>), loss_pre: tensor(0.6318, device='cuda:0', grad_fn=<NllLossBackward0>)[0m[0m
experiment  : INFO     [32m[32mTrain Accuracy = 0.920746887966819[0m[0m
experiment  : INFO     [32m[32mTest Accuracy = 0.9213692946058236[0m[0m
experiment  : INFO     [32m[32mstep: 47040 	 meta_lr 0.001000 	 training acc 0.921875 and training loss tensor(0.4920, device='cuda:0', grad_fn=<AddBackward0>), loss_auto: tensor(0.2685, device='cuda:0', grad_fn=<AddBackward0>), loss_pre: tensor(0.4651, device='cuda:0', grad_fn=<NllLossBackward0>)[0m[0m
experiment  : INFO     [32m[32mstep: 47080 	 meta_lr 0.001000 	 training acc 0.890625 and training loss tensor(0.5386, device='cuda:0', grad_fn=<AddBackward0>), loss_auto: tensor(0.2671, device='cuda:0', grad_fn=<AddBackward0>), loss_pre: tensor(0.5119, device='cuda:0', grad_fn=<NllLossBackward0>)[0m[0m
experiment  : INFO     [32m[32mstep: 47120 	 meta_lr 0.001000 	 training acc 0.90625 and training loss tensor(0.5400, device='cuda:0', grad_fn=<AddBackward0>), loss_auto: tensor(0.2630, device='cuda:0', grad_fn=<AddBackward0>), loss_pre: tensor(0.5137, device='cuda:0', grad_fn=<NllLossBackward0>)[0m[0m
experiment  : INFO     [32m[32mstep: 47160 	 meta_lr 0.001000 	 training acc 0.9375 and training loss tensor(0.1901, device='cuda:0', grad_fn=<AddBackward0>), loss_auto: tensor(0.2645, device='cuda:0', grad_fn=<AddBackward0>), loss_pre: tensor(0.1636, device='cuda:0', grad_fn=<NllLossBackward0>)[0m[0m
experiment  : INFO     [32m[32mstep: 47200 	 meta_lr 0.001000 	 training acc 0.953125 and training loss tensor(0.2390, device='cuda:0', grad_fn=<AddBackward0>), loss_auto: tensor(0.2646, device='cuda:0', grad_fn=<AddBackward0>), loss_pre: tensor(0.2125, device='cuda:0', grad_fn=<NllLossBackward0>)[0m[0m
experiment  : INFO     [32m[32mstep: 47240 	 meta_lr 0.001000 	 training acc 0.921875 and training loss tensor(0.4546, device='cuda:0', grad_fn=<AddBackward0>), loss_auto: tensor(0.2644, device='cuda:0', grad_fn=<AddBackward0>), loss_pre: tensor(0.4281, device='cuda:0', grad_fn=<NllLossBackward0>)[0m[0m
experiment  : INFO     [32m[32mstep: 47280 	 meta_lr 0.001000 	 training acc 0.828125 and training loss tensor(0.8083, device='cuda:0', grad_fn=<AddBackward0>), loss_auto: tensor(0.2632, device='cuda:0', grad_fn=<AddBackward0>), loss_pre: tensor(0.7820, device='cuda:0', grad_fn=<NllLossBackward0>)[0m[0m
experiment  : INFO     [32m[32mstep: 47320 	 meta_lr 0.001000 	 training acc 0.890625 and training loss tensor(0.4235, device='cuda:0', grad_fn=<AddBackward0>), loss_auto: tensor(0.2681, device='cuda:0', grad_fn=<AddBackward0>), loss_pre: tensor(0.3967, device='cuda:0', grad_fn=<NllLossBackward0>)[0m[0m
experiment  : INFO     [32m[32mstep: 47360 	 meta_lr 0.001000 	 training acc 0.90625 and training loss tensor(0.4403, device='cuda:0', grad_fn=<AddBackward0>), loss_auto: tensor(0.2630, device='cuda:0', grad_fn=<AddBackward0>), loss_pre: tensor(0.4140, device='cuda:0', grad_fn=<NllLossBackward0>)[0m[0m
experiment  : INFO     [32m[32mstep: 47400 	 meta_lr 0.001000 	 training acc 0.953125 and training loss tensor(0.2426, device='cuda:0', grad_fn=<AddBackward0>), loss_auto: tensor(0.2666, device='cuda:0', grad_fn=<AddBackward0>), loss_pre: tensor(0.2159, device='cuda:0', grad_fn=<NllLossBackward0>)[0m[0m
experiment  : INFO     [32m[32mstep: 47440 	 meta_lr 0.001000 	 training acc 0.921875 and training loss tensor(0.2620, device='cuda:0', grad_fn=<AddBackward0>), loss_auto: tensor(0.2675, device='cuda:0', grad_fn=<AddBackward0>), loss_pre: tensor(0.2352, device='cuda:0', grad_fn=<NllLossBackward0>)[0m[0m
experiment  : INFO     [32m[32mstep: 47480 	 meta_lr 0.001000 	 training acc 0.859375 and training loss tensor(0.6798, device='cuda:0', grad_fn=<AddBackward0>), loss_auto: tensor(0.2722, device='cuda:0', grad_fn=<AddBackward0>), loss_pre: tensor(0.6526, device='cuda:0', grad_fn=<NllLossBackward0>)[0m[0m
experiment  : INFO     [32m[32mTrain Accuracy = 0.9256224066390186[0m[0m
experiment  : INFO     [32m[32mTest Accuracy = 0.9252074688796808[0m[0m
experiment  : INFO     [32m[32mstep: 47520 	 meta_lr 0.001000 	 training acc 0.90625 and training loss tensor(0.5963, device='cuda:0', grad_fn=<AddBackward0>), loss_auto: tensor(0.2664, device='cuda:0', grad_fn=<AddBackward0>), loss_pre: tensor(0.5697, device='cuda:0', grad_fn=<NllLossBackward0>)[0m[0m
experiment  : INFO     [32m[32mstep: 47560 	 meta_lr 0.001000 	 training acc 0.9375 and training loss tensor(0.5113, device='cuda:0', grad_fn=<AddBackward0>), loss_auto: tensor(0.2681, device='cuda:0', grad_fn=<AddBackward0>), loss_pre: tensor(0.4845, device='cuda:0', grad_fn=<NllLossBackward0>)[0m[0m
experiment  : INFO     [32m[32mstep: 47600 	 meta_lr 0.001000 	 training acc 0.90625 and training loss tensor(0.4787, device='cuda:0', grad_fn=<AddBackward0>), loss_auto: tensor(0.2684, device='cuda:0', grad_fn=<AddBackward0>), loss_pre: tensor(0.4519, device='cuda:0', grad_fn=<NllLossBackward0>)[0m[0m
experiment  : INFO     [32m[32mstep: 47640 	 meta_lr 0.001000 	 training acc 0.953125 and training loss tensor(0.3023, device='cuda:0', grad_fn=<AddBackward0>), loss_auto: tensor(0.2628, device='cuda:0', grad_fn=<AddBackward0>), loss_pre: tensor(0.2760, device='cuda:0', grad_fn=<NllLossBackward0>)[0m[0m
experiment  : INFO     [32m[32mstep: 47680 	 meta_lr 0.001000 	 training acc 0.921875 and training loss tensor(0.3065, device='cuda:0', grad_fn=<AddBackward0>), loss_auto: tensor(0.2655, device='cuda:0', grad_fn=<AddBackward0>), loss_pre: tensor(0.2799, device='cuda:0', grad_fn=<NllLossBackward0>)[0m[0m
experiment  : INFO     [32m[32mstep: 47720 	 meta_lr 0.001000 	 training acc 0.921875 and training loss tensor(0.4014, device='cuda:0', grad_fn=<AddBackward0>), loss_auto: tensor(0.2677, device='cuda:0', grad_fn=<AddBackward0>), loss_pre: tensor(0.3747, device='cuda:0', grad_fn=<NllLossBackward0>)[0m[0m
experiment  : INFO     [32m[32mstep: 47760 	 meta_lr 0.001000 	 training acc 0.859375 and training loss tensor(0.8800, device='cuda:0', grad_fn=<AddBackward0>), loss_auto: tensor(0.2655, device='cuda:0', grad_fn=<AddBackward0>), loss_pre: tensor(0.8534, device='cuda:0', grad_fn=<NllLossBackward0>)[0m[0m
experiment  : INFO     [32m[32mstep: 47800 	 meta_lr 0.001000 	 training acc 0.90625 and training loss tensor(0.4631, device='cuda:0', grad_fn=<AddBackward0>), loss_auto: tensor(0.2736, device='cuda:0', grad_fn=<AddBackward0>), loss_pre: tensor(0.4357, device='cuda:0', grad_fn=<NllLossBackward0>)[0m[0m
experiment  : INFO     [32m[32mstep: 47840 	 meta_lr 0.001000 	 training acc 0.9375 and training loss tensor(0.4515, device='cuda:0', grad_fn=<AddBackward0>), loss_auto: tensor(0.2656, device='cuda:0', grad_fn=<AddBackward0>), loss_pre: tensor(0.4250, device='cuda:0', grad_fn=<NllLossBackward0>)[0m[0m
experiment  : INFO     [32m[32mstep: 47880 	 meta_lr 0.001000 	 training acc 0.78125 and training loss tensor(0.7416, device='cuda:0', grad_fn=<AddBackward0>), loss_auto: tensor(0.2690, device='cuda:0', grad_fn=<AddBackward0>), loss_pre: tensor(0.7147, device='cuda:0', grad_fn=<NllLossBackward0>)[0m[0m
experiment  : INFO     [32m[32mstep: 47920 	 meta_lr 0.001000 	 training acc 0.890625 and training loss tensor(0.8051, device='cuda:0', grad_fn=<AddBackward0>), loss_auto: tensor(0.2703, device='cuda:0', grad_fn=<AddBackward0>), loss_pre: tensor(0.7781, device='cuda:0', grad_fn=<NllLossBackward0>)[0m[0m
experiment  : INFO     [32m[32mstep: 47960 	 meta_lr 0.001000 	 training acc 0.921875 and training loss tensor(0.6390, device='cuda:0', grad_fn=<AddBackward0>), loss_auto: tensor(0.2745, device='cuda:0', grad_fn=<AddBackward0>), loss_pre: tensor(0.6115, device='cuda:0', grad_fn=<NllLossBackward0>)[0m[0m
experiment  : INFO     [32m[32mstep: 48000 	 meta_lr 0.001000 	 training acc 0.96875 and training loss tensor(0.2094, device='cuda:0', grad_fn=<AddBackward0>), loss_auto: tensor(0.2609, device='cuda:0', grad_fn=<AddBackward0>), loss_pre: tensor(0.1833, device='cuda:0', grad_fn=<NllLossBackward0>)[0m[0m
experiment  : INFO     [32m[32mTrain Accuracy = 0.9243257261410912[0m[0m
experiment  : INFO     [32m[32mTest Accuracy = 0.9255705394191022[0m[0m
experiment  : INFO     [32m[32mstep: 48040 	 meta_lr 0.001000 	 training acc 0.9375 and training loss tensor(0.1928, device='cuda:0', grad_fn=<AddBackward0>), loss_auto: tensor(0.2639, device='cuda:0', grad_fn=<AddBackward0>), loss_pre: tensor(0.1664, device='cuda:0', grad_fn=<NllLossBackward0>)[0m[0m
experiment  : INFO     [32m[32mstep: 48080 	 meta_lr 0.001000 	 training acc 0.953125 and training loss tensor(0.1927, device='cuda:0', grad_fn=<AddBackward0>), loss_auto: tensor(0.2656, device='cuda:0', grad_fn=<AddBackward0>), loss_pre: tensor(0.1661, device='cuda:0', grad_fn=<NllLossBackward0>)[0m[0m
experiment  : INFO     [32m[32mstep: 48120 	 meta_lr 0.001000 	 training acc 0.921875 and training loss tensor(0.5836, device='cuda:0', grad_fn=<AddBackward0>), loss_auto: tensor(0.2617, device='cuda:0', grad_fn=<AddBackward0>), loss_pre: tensor(0.5575, device='cuda:0', grad_fn=<NllLossBackward0>)[0m[0m
experiment  : INFO     [32m[32mstep: 48160 	 meta_lr 0.001000 	 training acc 0.953125 and training loss tensor(0.2782, device='cuda:0', grad_fn=<AddBackward0>), loss_auto: tensor(0.2618, device='cuda:0', grad_fn=<AddBackward0>), loss_pre: tensor(0.2520, device='cuda:0', grad_fn=<NllLossBackward0>)[0m[0m
experiment  : INFO     [32m[32mstep: 48200 	 meta_lr 0.001000 	 training acc 0.90625 and training loss tensor(0.6535, device='cuda:0', grad_fn=<AddBackward0>), loss_auto: tensor(0.2658, device='cuda:0', grad_fn=<AddBackward0>), loss_pre: tensor(0.6269, device='cuda:0', grad_fn=<NllLossBackward0>)[0m[0m
experiment  : INFO     [32m[32mstep: 48240 	 meta_lr 0.001000 	 training acc 0.9375 and training loss tensor(0.3872, device='cuda:0', grad_fn=<AddBackward0>), loss_auto: tensor(0.2621, device='cuda:0', grad_fn=<AddBackward0>), loss_pre: tensor(0.3610, device='cuda:0', grad_fn=<NllLossBackward0>)[0m[0m
experiment  : INFO     [32m[32mstep: 48280 	 meta_lr 0.001000 	 training acc 0.890625 and training loss tensor(0.6262, device='cuda:0', grad_fn=<AddBackward0>), loss_auto: tensor(0.2701, device='cuda:0', grad_fn=<AddBackward0>), loss_pre: tensor(0.5992, device='cuda:0', grad_fn=<NllLossBackward0>)[0m[0m
experiment  : INFO     [32m[32mstep: 48320 	 meta_lr 0.001000 	 training acc 0.84375 and training loss tensor(0.7068, device='cuda:0', grad_fn=<AddBackward0>), loss_auto: tensor(0.2684, device='cuda:0', grad_fn=<AddBackward0>), loss_pre: tensor(0.6800, device='cuda:0', grad_fn=<NllLossBackward0>)[0m[0m
experiment  : INFO     [32m[32mstep: 48360 	 meta_lr 0.001000 	 training acc 0.921875 and training loss tensor(0.4342, device='cuda:0', grad_fn=<AddBackward0>), loss_auto: tensor(0.2683, device='cuda:0', grad_fn=<AddBackward0>), loss_pre: tensor(0.4074, device='cuda:0', grad_fn=<NllLossBackward0>)[0m[0m
experiment  : INFO     [32m[32mstep: 48400 	 meta_lr 0.001000 	 training acc 0.90625 and training loss tensor(0.5105, device='cuda:0', grad_fn=<AddBackward0>), loss_auto: tensor(0.2656, device='cuda:0', grad_fn=<AddBackward0>), loss_pre: tensor(0.4839, device='cuda:0', grad_fn=<NllLossBackward0>)[0m[0m
experiment  : INFO     [32m[32mstep: 48440 	 meta_lr 0.001000 	 training acc 0.9375 and training loss tensor(0.3292, device='cuda:0', grad_fn=<AddBackward0>), loss_auto: tensor(0.2641, device='cuda:0', grad_fn=<AddBackward0>), loss_pre: tensor(0.3028, device='cuda:0', grad_fn=<NllLossBackward0>)[0m[0m
experiment  : INFO     [32m[32mstep: 48480 	 meta_lr 0.001000 	 training acc 0.9375 and training loss tensor(0.3755, device='cuda:0', grad_fn=<AddBackward0>), loss_auto: tensor(0.2634, device='cuda:0', grad_fn=<AddBackward0>), loss_pre: tensor(0.3491, device='cuda:0', grad_fn=<NllLossBackward0>)[0m[0m
experiment  : INFO     [32m[32mTrain Accuracy = 0.9197095435684766[0m[0m
experiment  : INFO     [32m[32mTest Accuracy = 0.921213692946072[0m[0m
experiment  : INFO     [32m[32mstep: 48520 	 meta_lr 0.001000 	 training acc 0.921875 and training loss tensor(0.4962, device='cuda:0', grad_fn=<AddBackward0>), loss_auto: tensor(0.2618, device='cuda:0', grad_fn=<AddBackward0>), loss_pre: tensor(0.4700, device='cuda:0', grad_fn=<NllLossBackward0>)[0m[0m
experiment  : INFO     [32m[32mstep: 48560 	 meta_lr 0.001000 	 training acc 0.953125 and training loss tensor(0.1525, device='cuda:0', grad_fn=<AddBackward0>), loss_auto: tensor(0.2660, device='cuda:0', grad_fn=<AddBackward0>), loss_pre: tensor(0.1259, device='cuda:0', grad_fn=<NllLossBackward0>)[0m[0m
experiment  : INFO     [32m[32mstep: 48600 	 meta_lr 0.001000 	 training acc 0.921875 and training loss tensor(0.2974, device='cuda:0', grad_fn=<AddBackward0>), loss_auto: tensor(0.2647, device='cuda:0', grad_fn=<AddBackward0>), loss_pre: tensor(0.2709, device='cuda:0', grad_fn=<NllLossBackward0>)[0m[0m
experiment  : INFO     [32m[32mstep: 48640 	 meta_lr 0.001000 	 training acc 0.953125 and training loss tensor(0.2604, device='cuda:0', grad_fn=<AddBackward0>), loss_auto: tensor(0.2704, device='cuda:0', grad_fn=<AddBackward0>), loss_pre: tensor(0.2334, device='cuda:0', grad_fn=<NllLossBackward0>)[0m[0m
experiment  : INFO     [32m[32mstep: 48680 	 meta_lr 0.001000 	 training acc 0.921875 and training loss tensor(0.3449, device='cuda:0', grad_fn=<AddBackward0>), loss_auto: tensor(0.2701, device='cuda:0', grad_fn=<AddBackward0>), loss_pre: tensor(0.3179, device='cuda:0', grad_fn=<NllLossBackward0>)[0m[0m
experiment  : INFO     [32m[32mstep: 48720 	 meta_lr 0.001000 	 training acc 0.921875 and training loss tensor(0.4325, device='cuda:0', grad_fn=<AddBackward0>), loss_auto: tensor(0.2672, device='cuda:0', grad_fn=<AddBackward0>), loss_pre: tensor(0.4057, device='cuda:0', grad_fn=<NllLossBackward0>)[0m[0m
experiment  : INFO     [32m[32mstep: 48760 	 meta_lr 0.001000 	 training acc 0.9375 and training loss tensor(0.3407, device='cuda:0', grad_fn=<AddBackward0>), loss_auto: tensor(0.2631, device='cuda:0', grad_fn=<AddBackward0>), loss_pre: tensor(0.3144, device='cuda:0', grad_fn=<NllLossBackward0>)[0m[0m
experiment  : INFO     [32m[32mstep: 48800 	 meta_lr 0.001000 	 training acc 0.875 and training loss tensor(0.6546, device='cuda:0', grad_fn=<AddBackward0>), loss_auto: tensor(0.2651, device='cuda:0', grad_fn=<AddBackward0>), loss_pre: tensor(0.6281, device='cuda:0', grad_fn=<NllLossBackward0>)[0m[0m
experiment  : INFO     [32m[32mstep: 48840 	 meta_lr 0.001000 	 training acc 0.875 and training loss tensor(0.5373, device='cuda:0', grad_fn=<AddBackward0>), loss_auto: tensor(0.2664, device='cuda:0', grad_fn=<AddBackward0>), loss_pre: tensor(0.5106, device='cuda:0', grad_fn=<NllLossBackward0>)[0m[0m
experiment  : INFO     [32m[32mstep: 48880 	 meta_lr 0.001000 	 training acc 0.953125 and training loss tensor(0.2147, device='cuda:0', grad_fn=<AddBackward0>), loss_auto: tensor(0.2660, device='cuda:0', grad_fn=<AddBackward0>), loss_pre: tensor(0.1881, device='cuda:0', grad_fn=<NllLossBackward0>)[0m[0m
experiment  : INFO     [32m[32mstep: 48920 	 meta_lr 0.001000 	 training acc 0.953125 and training loss tensor(0.1989, device='cuda:0', grad_fn=<AddBackward0>), loss_auto: tensor(0.2692, device='cuda:0', grad_fn=<AddBackward0>), loss_pre: tensor(0.1719, device='cuda:0', grad_fn=<NllLossBackward0>)[0m[0m
experiment  : INFO     [32m[32mstep: 48960 	 meta_lr 0.001000 	 training acc 0.875 and training loss tensor(0.5870, device='cuda:0', grad_fn=<AddBackward0>), loss_auto: tensor(0.2716, device='cuda:0', grad_fn=<AddBackward0>), loss_pre: tensor(0.5599, device='cuda:0', grad_fn=<NllLossBackward0>)[0m[0m
experiment  : INFO     [32m[32mstep: 49000 	 meta_lr 0.001000 	 training acc 0.859375 and training loss tensor(0.6074, device='cuda:0', grad_fn=<AddBackward0>), loss_auto: tensor(0.2638, device='cuda:0', grad_fn=<AddBackward0>), loss_pre: tensor(0.5810, device='cuda:0', grad_fn=<NllLossBackward0>)[0m[0m
experiment  : INFO     [32m[32mTrain Accuracy = 0.926867219917025[0m[0m
experiment  : INFO     [32m[32mTest Accuracy = 0.9293568464730441[0m[0m
experiment  : INFO     [32m[32mstep: 49040 	 meta_lr 0.001000 	 training acc 0.953125 and training loss tensor(0.3214, device='cuda:0', grad_fn=<AddBackward0>), loss_auto: tensor(0.2756, device='cuda:0', grad_fn=<AddBackward0>), loss_pre: tensor(0.2938, device='cuda:0', grad_fn=<NllLossBackward0>)[0m[0m
experiment  : INFO     [32m[32mstep: 49080 	 meta_lr 0.001000 	 training acc 0.890625 and training loss tensor(0.5750, device='cuda:0', grad_fn=<AddBackward0>), loss_auto: tensor(0.2702, device='cuda:0', grad_fn=<AddBackward0>), loss_pre: tensor(0.5480, device='cuda:0', grad_fn=<NllLossBackward0>)[0m[0m
experiment  : INFO     [32m[32mstep: 49120 	 meta_lr 0.001000 	 training acc 0.96875 and training loss tensor(0.1750, device='cuda:0', grad_fn=<AddBackward0>), loss_auto: tensor(0.2687, device='cuda:0', grad_fn=<AddBackward0>), loss_pre: tensor(0.1481, device='cuda:0', grad_fn=<NllLossBackward0>)[0m[0m
experiment  : INFO     [32m[32mstep: 49160 	 meta_lr 0.001000 	 training acc 0.96875 and training loss tensor(0.1787, device='cuda:0', grad_fn=<AddBackward0>), loss_auto: tensor(0.2625, device='cuda:0', grad_fn=<AddBackward0>), loss_pre: tensor(0.1525, device='cuda:0', grad_fn=<NllLossBackward0>)[0m[0m
experiment  : INFO     [32m[32mstep: 49200 	 meta_lr 0.001000 	 training acc 0.84375 and training loss tensor(0.6694, device='cuda:0', grad_fn=<AddBackward0>), loss_auto: tensor(0.2631, device='cuda:0', grad_fn=<AddBackward0>), loss_pre: tensor(0.6430, device='cuda:0', grad_fn=<NllLossBackward0>)[0m[0m
experiment  : INFO     [32m[32mstep: 49240 	 meta_lr 0.001000 	 training acc 0.9375 and training loss tensor(0.4506, device='cuda:0', grad_fn=<AddBackward0>), loss_auto: tensor(0.2720, device='cuda:0', grad_fn=<AddBackward0>), loss_pre: tensor(0.4234, device='cuda:0', grad_fn=<NllLossBackward0>)[0m[0m
experiment  : INFO     [32m[32mstep: 49280 	 meta_lr 0.001000 	 training acc 0.84375 and training loss tensor(0.8532, device='cuda:0', grad_fn=<AddBackward0>), loss_auto: tensor(0.2658, device='cuda:0', grad_fn=<AddBackward0>), loss_pre: tensor(0.8267, device='cuda:0', grad_fn=<NllLossBackward0>)[0m[0m
experiment  : INFO     [32m[32mstep: 49320 	 meta_lr 0.001000 	 training acc 0.984375 and training loss tensor(0.2164, device='cuda:0', grad_fn=<AddBackward0>), loss_auto: tensor(0.2648, device='cuda:0', grad_fn=<AddBackward0>), loss_pre: tensor(0.1899, device='cuda:0', grad_fn=<NllLossBackward0>)[0m[0m
experiment  : INFO     [32m[32mstep: 49360 	 meta_lr 0.001000 	 training acc 0.921875 and training loss tensor(0.4364, device='cuda:0', grad_fn=<AddBackward0>), loss_auto: tensor(0.2691, device='cuda:0', grad_fn=<AddBackward0>), loss_pre: tensor(0.4095, device='cuda:0', grad_fn=<NllLossBackward0>)[0m[0m
experiment  : INFO     [32m[32mstep: 49400 	 meta_lr 0.001000 	 training acc 0.90625 and training loss tensor(0.4181, device='cuda:0', grad_fn=<AddBackward0>), loss_auto: tensor(0.2620, device='cuda:0', grad_fn=<AddBackward0>), loss_pre: tensor(0.3919, device='cuda:0', grad_fn=<NllLossBackward0>)[0m[0m
experiment  : INFO     [32m[32mstep: 49440 	 meta_lr 0.001000 	 training acc 0.859375 and training loss tensor(0.7314, device='cuda:0', grad_fn=<AddBackward0>), loss_auto: tensor(0.2642, device='cuda:0', grad_fn=<AddBackward0>), loss_pre: tensor(0.7050, device='cuda:0', grad_fn=<NllLossBackward0>)[0m[0m
experiment  : INFO     [32m[32mstep: 49480 	 meta_lr 0.001000 	 training acc 0.96875 and training loss tensor(0.5462, device='cuda:0', grad_fn=<AddBackward0>), loss_auto: tensor(0.2622, device='cuda:0', grad_fn=<AddBackward0>), loss_pre: tensor(0.5200, device='cuda:0', grad_fn=<NllLossBackward0>)[0m[0m
experiment  : INFO     [32m[32mTrain Accuracy = 0.9328838174273976[0m[0m
experiment  : INFO     [32m[32mTest Accuracy = 0.934802904564329[0m[0m
experiment  : INFO     [32m[32mstep: 49520 	 meta_lr 0.001000 	 training acc 0.875 and training loss tensor(0.6581, device='cuda:0', grad_fn=<AddBackward0>), loss_auto: tensor(0.2646, device='cuda:0', grad_fn=<AddBackward0>), loss_pre: tensor(0.6317, device='cuda:0', grad_fn=<NllLossBackward0>)[0m[0m
experiment  : INFO     [32m[32mstep: 49560 	 meta_lr 0.001000 	 training acc 0.90625 and training loss tensor(0.5452, device='cuda:0', grad_fn=<AddBackward0>), loss_auto: tensor(0.2655, device='cuda:0', grad_fn=<AddBackward0>), loss_pre: tensor(0.5186, device='cuda:0', grad_fn=<NllLossBackward0>)[0m[0m
experiment  : INFO     [32m[32mstep: 49600 	 meta_lr 0.001000 	 training acc 0.890625 and training loss tensor(0.7411, device='cuda:0', grad_fn=<AddBackward0>), loss_auto: tensor(0.2684, device='cuda:0', grad_fn=<AddBackward0>), loss_pre: tensor(0.7142, device='cuda:0', grad_fn=<NllLossBackward0>)[0m[0m
experiment  : INFO     [32m[32mstep: 49640 	 meta_lr 0.001000 	 training acc 0.90625 and training loss tensor(0.3359, device='cuda:0', grad_fn=<AddBackward0>), loss_auto: tensor(0.2679, device='cuda:0', grad_fn=<AddBackward0>), loss_pre: tensor(0.3091, device='cuda:0', grad_fn=<NllLossBackward0>)[0m[0m
experiment  : INFO     [32m[32mstep: 49680 	 meta_lr 0.001000 	 training acc 0.890625 and training loss tensor(0.5842, device='cuda:0', grad_fn=<AddBackward0>), loss_auto: tensor(0.2620, device='cuda:0', grad_fn=<AddBackward0>), loss_pre: tensor(0.5580, device='cuda:0', grad_fn=<NllLossBackward0>)[0m[0m
experiment  : INFO     [32m[32mstep: 49720 	 meta_lr 0.001000 	 training acc 0.90625 and training loss tensor(0.4095, device='cuda:0', grad_fn=<AddBackward0>), loss_auto: tensor(0.2613, device='cuda:0', grad_fn=<AddBackward0>), loss_pre: tensor(0.3834, device='cuda:0', grad_fn=<NllLossBackward0>)[0m[0m
experiment  : INFO     [32m[32mstep: 49760 	 meta_lr 0.001000 	 training acc 0.9375 and training loss tensor(0.2373, device='cuda:0', grad_fn=<AddBackward0>), loss_auto: tensor(0.2711, device='cuda:0', grad_fn=<AddBackward0>), loss_pre: tensor(0.2102, device='cuda:0', grad_fn=<NllLossBackward0>)[0m[0m
experiment  : INFO     [32m[32mstep: 49800 	 meta_lr 0.001000 	 training acc 0.828125 and training loss tensor(0.7776, device='cuda:0', grad_fn=<AddBackward0>), loss_auto: tensor(0.2650, device='cuda:0', grad_fn=<AddBackward0>), loss_pre: tensor(0.7511, device='cuda:0', grad_fn=<NllLossBackward0>)[0m[0m
experiment  : INFO     [32m[32mstep: 49840 	 meta_lr 0.001000 	 training acc 0.9375 and training loss tensor(0.2345, device='cuda:0', grad_fn=<AddBackward0>), loss_auto: tensor(0.2689, device='cuda:0', grad_fn=<AddBackward0>), loss_pre: tensor(0.2076, device='cuda:0', grad_fn=<NllLossBackward0>)[0m[0m
experiment  : INFO     [32m[32mstep: 49880 	 meta_lr 0.001000 	 training acc 0.84375 and training loss tensor(0.6869, device='cuda:0', grad_fn=<AddBackward0>), loss_auto: tensor(0.2653, device='cuda:0', grad_fn=<AddBackward0>), loss_pre: tensor(0.6604, device='cuda:0', grad_fn=<NllLossBackward0>)[0m[0m
experiment  : INFO     [32m[32mstep: 49920 	 meta_lr 0.001000 	 training acc 0.859375 and training loss tensor(0.5253, device='cuda:0', grad_fn=<AddBackward0>), loss_auto: tensor(0.2687, device='cuda:0', grad_fn=<AddBackward0>), loss_pre: tensor(0.4985, device='cuda:0', grad_fn=<NllLossBackward0>)[0m[0m
experiment  : INFO     [32m[32mstep: 49960 	 meta_lr 0.001000 	 training acc 0.875 and training loss tensor(0.7163, device='cuda:0', grad_fn=<AddBackward0>), loss_auto: tensor(0.2655, device='cuda:0', grad_fn=<AddBackward0>), loss_pre: tensor(0.6897, device='cuda:0', grad_fn=<NllLossBackward0>)[0m[0m
experiment  : INFO     [32m[32mstep: 50000 	 meta_lr 0.001000 	 training acc 0.921875 and training loss tensor(0.2984, device='cuda:0', grad_fn=<AddBackward0>), loss_auto: tensor(0.2684, device='cuda:0', grad_fn=<AddBackward0>), loss_pre: tensor(0.2716, device='cuda:0', grad_fn=<NllLossBackward0>)[0m[0m
experiment  : INFO     [32m[32mTrain Accuracy = 0.9237551867220041[0m[0m
experiment  : INFO     [32m[32mTest Accuracy = 0.9235995850622549[0m[0m
experiment  : INFO     [32m[32mstep: 50040 	 meta_lr 0.001000 	 training acc 0.84375 and training loss tensor(0.5679, device='cuda:0', grad_fn=<AddBackward0>), loss_auto: tensor(0.2718, device='cuda:0', grad_fn=<AddBackward0>), loss_pre: tensor(0.5407, device='cuda:0', grad_fn=<NllLossBackward0>)[0m[0m
experiment  : INFO     [32m[32mstep: 50080 	 meta_lr 0.001000 	 training acc 0.953125 and training loss tensor(0.2763, device='cuda:0', grad_fn=<AddBackward0>), loss_auto: tensor(0.2641, device='cuda:0', grad_fn=<AddBackward0>), loss_pre: tensor(0.2499, device='cuda:0', grad_fn=<NllLossBackward0>)[0m[0m
experiment  : INFO     [32m[32mstep: 50120 	 meta_lr 0.001000 	 training acc 0.890625 and training loss tensor(0.6468, device='cuda:0', grad_fn=<AddBackward0>), loss_auto: tensor(0.2625, device='cuda:0', grad_fn=<AddBackward0>), loss_pre: tensor(0.6206, device='cuda:0', grad_fn=<NllLossBackward0>)[0m[0m
experiment  : INFO     [32m[32mstep: 50160 	 meta_lr 0.001000 	 training acc 0.921875 and training loss tensor(0.2964, device='cuda:0', grad_fn=<AddBackward0>), loss_auto: tensor(0.2678, device='cuda:0', grad_fn=<AddBackward0>), loss_pre: tensor(0.2696, device='cuda:0', grad_fn=<NllLossBackward0>)[0m[0m
experiment  : INFO     [32m[32mstep: 50200 	 meta_lr 0.001000 	 training acc 0.90625 and training loss tensor(0.4386, device='cuda:0', grad_fn=<AddBackward0>), loss_auto: tensor(0.2622, device='cuda:0', grad_fn=<AddBackward0>), loss_pre: tensor(0.4124, device='cuda:0', grad_fn=<NllLossBackward0>)[0m[0m
experiment  : INFO     [32m[32mstep: 50240 	 meta_lr 0.001000 	 training acc 0.921875 and training loss tensor(0.3381, device='cuda:0', grad_fn=<AddBackward0>), loss_auto: tensor(0.2634, device='cuda:0', grad_fn=<AddBackward0>), loss_pre: tensor(0.3118, device='cuda:0', grad_fn=<NllLossBackward0>)[0m[0m
experiment  : INFO     [32m[32mstep: 50280 	 meta_lr 0.001000 	 training acc 0.9375 and training loss tensor(0.2509, device='cuda:0', grad_fn=<AddBackward0>), loss_auto: tensor(0.2668, device='cuda:0', grad_fn=<AddBackward0>), loss_pre: tensor(0.2242, device='cuda:0', grad_fn=<NllLossBackward0>)[0m[0m
experiment  : INFO     [32m[32mstep: 50320 	 meta_lr 0.001000 	 training acc 0.875 and training loss tensor(0.7226, device='cuda:0', grad_fn=<AddBackward0>), loss_auto: tensor(0.2650, device='cuda:0', grad_fn=<AddBackward0>), loss_pre: tensor(0.6961, device='cuda:0', grad_fn=<NllLossBackward0>)[0m[0m
experiment  : INFO     [32m[32mstep: 50360 	 meta_lr 0.001000 	 training acc 0.921875 and training loss tensor(0.3207, device='cuda:0', grad_fn=<AddBackward0>), loss_auto: tensor(0.2688, device='cuda:0', grad_fn=<AddBackward0>), loss_pre: tensor(0.2938, device='cuda:0', grad_fn=<NllLossBackward0>)[0m[0m
experiment  : INFO     [32m[32mstep: 50400 	 meta_lr 0.001000 	 training acc 0.84375 and training loss tensor(1.0802, device='cuda:0', grad_fn=<AddBackward0>), loss_auto: tensor(0.2613, device='cuda:0', grad_fn=<AddBackward0>), loss_pre: tensor(1.0541, device='cuda:0', grad_fn=<NllLossBackward0>)[0m[0m
experiment  : INFO     [32m[32mstep: 50440 	 meta_lr 0.001000 	 training acc 0.90625 and training loss tensor(0.5653, device='cuda:0', grad_fn=<AddBackward0>), loss_auto: tensor(0.2664, device='cuda:0', grad_fn=<AddBackward0>), loss_pre: tensor(0.5386, device='cuda:0', grad_fn=<NllLossBackward0>)[0m[0m
experiment  : INFO     [32m[32mstep: 50480 	 meta_lr 0.001000 	 training acc 0.859375 and training loss tensor(0.5540, device='cuda:0', grad_fn=<AddBackward0>), loss_auto: tensor(0.2641, device='cuda:0', grad_fn=<AddBackward0>), loss_pre: tensor(0.5276, device='cuda:0', grad_fn=<NllLossBackward0>)[0m[0m
experiment  : INFO     [32m[32mTrain Accuracy = 0.9317946058091393[0m[0m
experiment  : INFO     [32m[32mTest Accuracy = 0.9318464730290595[0m[0m
experiment  : INFO     [32m[32mstep: 50520 	 meta_lr 0.001000 	 training acc 0.96875 and training loss tensor(0.2540, device='cuda:0', grad_fn=<AddBackward0>), loss_auto: tensor(0.2669, device='cuda:0', grad_fn=<AddBackward0>), loss_pre: tensor(0.2273, device='cuda:0', grad_fn=<NllLossBackward0>)[0m[0m
experiment  : INFO     [32m[32mstep: 50560 	 meta_lr 0.001000 	 training acc 0.90625 and training loss tensor(0.4754, device='cuda:0', grad_fn=<AddBackward0>), loss_auto: tensor(0.2658, device='cuda:0', grad_fn=<AddBackward0>), loss_pre: tensor(0.4488, device='cuda:0', grad_fn=<NllLossBackward0>)[0m[0m
experiment  : INFO     [32m[32mstep: 50600 	 meta_lr 0.001000 	 training acc 0.9375 and training loss tensor(0.6181, device='cuda:0', grad_fn=<AddBackward0>), loss_auto: tensor(0.2669, device='cuda:0', grad_fn=<AddBackward0>), loss_pre: tensor(0.5914, device='cuda:0', grad_fn=<NllLossBackward0>)[0m[0m
experiment  : INFO     [32m[32mstep: 50640 	 meta_lr 0.001000 	 training acc 0.890625 and training loss tensor(0.4412, device='cuda:0', grad_fn=<AddBackward0>), loss_auto: tensor(0.2665, device='cuda:0', grad_fn=<AddBackward0>), loss_pre: tensor(0.4146, device='cuda:0', grad_fn=<NllLossBackward0>)[0m[0m
experiment  : INFO     [32m[32mstep: 50680 	 meta_lr 0.001000 	 training acc 0.859375 and training loss tensor(0.9026, device='cuda:0', grad_fn=<AddBackward0>), loss_auto: tensor(0.2700, device='cuda:0', grad_fn=<AddBackward0>), loss_pre: tensor(0.8756, device='cuda:0', grad_fn=<NllLossBackward0>)[0m[0m
experiment  : INFO     [32m[32mstep: 50720 	 meta_lr 0.001000 	 training acc 0.953125 and training loss tensor(0.1308, device='cuda:0', grad_fn=<AddBackward0>), loss_auto: tensor(0.2654, device='cuda:0', grad_fn=<AddBackward0>), loss_pre: tensor(0.1042, device='cuda:0', grad_fn=<NllLossBackward0>)[0m[0m
experiment  : INFO     [32m[32mstep: 50760 	 meta_lr 0.001000 	 training acc 0.953125 and training loss tensor(0.2853, device='cuda:0', grad_fn=<AddBackward0>), loss_auto: tensor(0.2690, device='cuda:0', grad_fn=<AddBackward0>), loss_pre: tensor(0.2584, device='cuda:0', grad_fn=<NllLossBackward0>)[0m[0m
experiment  : INFO     [32m[32mstep: 50800 	 meta_lr 0.001000 	 training acc 0.890625 and training loss tensor(0.7122, device='cuda:0', grad_fn=<AddBackward0>), loss_auto: tensor(0.2653, device='cuda:0', grad_fn=<AddBackward0>), loss_pre: tensor(0.6857, device='cuda:0', grad_fn=<NllLossBackward0>)[0m[0m
experiment  : INFO     [32m[32mstep: 50840 	 meta_lr 0.001000 	 training acc 0.9375 and training loss tensor(0.4132, device='cuda:0', grad_fn=<AddBackward0>), loss_auto: tensor(0.2731, device='cuda:0', grad_fn=<AddBackward0>), loss_pre: tensor(0.3859, device='cuda:0', grad_fn=<NllLossBackward0>)[0m[0m
experiment  : INFO     [32m[32mstep: 50880 	 meta_lr 0.001000 	 training acc 0.859375 and training loss tensor(0.4806, device='cuda:0', grad_fn=<AddBackward0>), loss_auto: tensor(0.2712, device='cuda:0', grad_fn=<AddBackward0>), loss_pre: tensor(0.4534, device='cuda:0', grad_fn=<NllLossBackward0>)[0m[0m
experiment  : INFO     [32m[32mstep: 50920 	 meta_lr 0.001000 	 training acc 0.921875 and training loss tensor(0.4020, device='cuda:0', grad_fn=<AddBackward0>), loss_auto: tensor(0.2704, device='cuda:0', grad_fn=<AddBackward0>), loss_pre: tensor(0.3749, device='cuda:0', grad_fn=<NllLossBackward0>)[0m[0m
experiment  : INFO     [32m[32mstep: 50960 	 meta_lr 0.001000 	 training acc 0.828125 and training loss tensor(0.9731, device='cuda:0', grad_fn=<AddBackward0>), loss_auto: tensor(0.2670, device='cuda:0', grad_fn=<AddBackward0>), loss_pre: tensor(0.9464, device='cuda:0', grad_fn=<NllLossBackward0>)[0m[0m
experiment  : INFO     [32m[32mstep: 51000 	 meta_lr 0.001000 	 training acc 0.921875 and training loss tensor(0.5466, device='cuda:0', grad_fn=<AddBackward0>), loss_auto: tensor(0.2644, device='cuda:0', grad_fn=<AddBackward0>), loss_pre: tensor(0.5202, device='cuda:0', grad_fn=<NllLossBackward0>)[0m[0m
experiment  : INFO     [32m[32mTrain Accuracy = 0.9269190871369437[0m[0m
experiment  : INFO     [32m[32mTest Accuracy = 0.9274896265560298[0m[0m
experiment  : INFO     [32m[32mstep: 51040 	 meta_lr 0.001000 	 training acc 0.90625 and training loss tensor(0.5782, device='cuda:0', grad_fn=<AddBackward0>), loss_auto: tensor(0.2710, device='cuda:0', grad_fn=<AddBackward0>), loss_pre: tensor(0.5511, device='cuda:0', grad_fn=<NllLossBackward0>)[0m[0m
experiment  : INFO     [32m[32mstep: 51080 	 meta_lr 0.001000 	 training acc 0.75 and training loss tensor(1.1168, device='cuda:0', grad_fn=<AddBackward0>), loss_auto: tensor(0.2690, device='cuda:0', grad_fn=<AddBackward0>), loss_pre: tensor(1.0899, device='cuda:0', grad_fn=<NllLossBackward0>)[0m[0m
experiment  : INFO     [32m[32mstep: 51120 	 meta_lr 0.001000 	 training acc 0.875 and training loss tensor(0.4756, device='cuda:0', grad_fn=<AddBackward0>), loss_auto: tensor(0.2635, device='cuda:0', grad_fn=<AddBackward0>), loss_pre: tensor(0.4493, device='cuda:0', grad_fn=<NllLossBackward0>)[0m[0m
experiment  : INFO     [32m[32mstep: 51160 	 meta_lr 0.001000 	 training acc 0.921875 and training loss tensor(0.5289, device='cuda:0', grad_fn=<AddBackward0>), loss_auto: tensor(0.2685, device='cuda:0', grad_fn=<AddBackward0>), loss_pre: tensor(0.5020, device='cuda:0', grad_fn=<NllLossBackward0>)[0m[0m
experiment  : INFO     [32m[32mstep: 51200 	 meta_lr 0.001000 	 training acc 0.875 and training loss tensor(0.6727, device='cuda:0', grad_fn=<AddBackward0>), loss_auto: tensor(0.2638, device='cuda:0', grad_fn=<AddBackward0>), loss_pre: tensor(0.6463, device='cuda:0', grad_fn=<NllLossBackward0>)[0m[0m
experiment  : INFO     [32m[32mstep: 51240 	 meta_lr 0.001000 	 training acc 0.875 and training loss tensor(0.4115, device='cuda:0', grad_fn=<AddBackward0>), loss_auto: tensor(0.2664, device='cuda:0', grad_fn=<AddBackward0>), loss_pre: tensor(0.3849, device='cuda:0', grad_fn=<NllLossBackward0>)[0m[0m
experiment  : INFO     [32m[32mstep: 51280 	 meta_lr 0.001000 	 training acc 0.90625 and training loss tensor(0.7014, device='cuda:0', grad_fn=<AddBackward0>), loss_auto: tensor(0.2690, device='cuda:0', grad_fn=<AddBackward0>), loss_pre: tensor(0.6745, device='cuda:0', grad_fn=<NllLossBackward0>)[0m[0m
experiment  : INFO     [32m[32mstep: 51320 	 meta_lr 0.001000 	 training acc 0.84375 and training loss tensor(0.7747, device='cuda:0', grad_fn=<AddBackward0>), loss_auto: tensor(0.2670, device='cuda:0', grad_fn=<AddBackward0>), loss_pre: tensor(0.7480, device='cuda:0', grad_fn=<NllLossBackward0>)[0m[0m
experiment  : INFO     [32m[32mstep: 51360 	 meta_lr 0.001000 	 training acc 0.90625 and training loss tensor(0.9109, device='cuda:0', grad_fn=<AddBackward0>), loss_auto: tensor(0.2666, device='cuda:0', grad_fn=<AddBackward0>), loss_pre: tensor(0.8842, device='cuda:0', grad_fn=<NllLossBackward0>)[0m[0m
experiment  : INFO     [32m[32mstep: 51400 	 meta_lr 0.001000 	 training acc 0.796875 and training loss tensor(0.8811, device='cuda:0', grad_fn=<AddBackward0>), loss_auto: tensor(0.2701, device='cuda:0', grad_fn=<AddBackward0>), loss_pre: tensor(0.8541, device='cuda:0', grad_fn=<NllLossBackward0>)[0m[0m
experiment  : INFO     [32m[32mstep: 51440 	 meta_lr 0.001000 	 training acc 0.859375 and training loss tensor(0.6420, device='cuda:0', grad_fn=<AddBackward0>), loss_auto: tensor(0.2647, device='cuda:0', grad_fn=<AddBackward0>), loss_pre: tensor(0.6155, device='cuda:0', grad_fn=<NllLossBackward0>)[0m[0m
experiment  : INFO     [32m[32mstep: 51480 	 meta_lr 0.001000 	 training acc 0.9375 and training loss tensor(0.4052, device='cuda:0', grad_fn=<AddBackward0>), loss_auto: tensor(0.2657, device='cuda:0', grad_fn=<AddBackward0>), loss_pre: tensor(0.3786, device='cuda:0', grad_fn=<NllLossBackward0>)[0m[0m
experiment  : INFO     [32m[32mTrain Accuracy = 0.9321576763485594[0m[0m
experiment  : INFO     [32m[32mTest Accuracy = 0.9315352697095565[0m[0m
experiment  : INFO     [32m[32mstep: 51520 	 meta_lr 0.001000 	 training acc 0.875 and training loss tensor(0.7581, device='cuda:0', grad_fn=<AddBackward0>), loss_auto: tensor(0.2687, device='cuda:0', grad_fn=<AddBackward0>), loss_pre: tensor(0.7312, device='cuda:0', grad_fn=<NllLossBackward0>)[0m[0m
experiment  : INFO     [32m[32mstep: 51560 	 meta_lr 0.001000 	 training acc 0.875 and training loss tensor(0.9743, device='cuda:0', grad_fn=<AddBackward0>), loss_auto: tensor(0.2653, device='cuda:0', grad_fn=<AddBackward0>), loss_pre: tensor(0.9478, device='cuda:0', grad_fn=<NllLossBackward0>)[0m[0m
experiment  : INFO     [32m[32mstep: 51600 	 meta_lr 0.001000 	 training acc 0.921875 and training loss tensor(0.2756, device='cuda:0', grad_fn=<AddBackward0>), loss_auto: tensor(0.2701, device='cuda:0', grad_fn=<AddBackward0>), loss_pre: tensor(0.2486, device='cuda:0', grad_fn=<NllLossBackward0>)[0m[0m
experiment  : INFO     [32m[32mstep: 51640 	 meta_lr 0.001000 	 training acc 0.90625 and training loss tensor(0.3440, device='cuda:0', grad_fn=<AddBackward0>), loss_auto: tensor(0.2712, device='cuda:0', grad_fn=<AddBackward0>), loss_pre: tensor(0.3168, device='cuda:0', grad_fn=<NllLossBackward0>)[0m[0m
experiment  : INFO     [32m[32mstep: 51680 	 meta_lr 0.001000 	 training acc 0.875 and training loss tensor(0.5822, device='cuda:0', grad_fn=<AddBackward0>), loss_auto: tensor(0.2644, device='cuda:0', grad_fn=<AddBackward0>), loss_pre: tensor(0.5557, device='cuda:0', grad_fn=<NllLossBackward0>)[0m[0m
experiment  : INFO     [32m[32mstep: 51720 	 meta_lr 0.001000 	 training acc 0.921875 and training loss tensor(0.3965, device='cuda:0', grad_fn=<AddBackward0>), loss_auto: tensor(0.2699, device='cuda:0', grad_fn=<AddBackward0>), loss_pre: tensor(0.3695, device='cuda:0', grad_fn=<NllLossBackward0>)[0m[0m
experiment  : INFO     [32m[32mstep: 51760 	 meta_lr 0.001000 	 training acc 0.90625 and training loss tensor(0.4971, device='cuda:0', grad_fn=<AddBackward0>), loss_auto: tensor(0.2683, device='cuda:0', grad_fn=<AddBackward0>), loss_pre: tensor(0.4702, device='cuda:0', grad_fn=<NllLossBackward0>)[0m[0m
experiment  : INFO     [32m[32mstep: 51800 	 meta_lr 0.001000 	 training acc 0.890625 and training loss tensor(0.9783, device='cuda:0', grad_fn=<AddBackward0>), loss_auto: tensor(0.2678, device='cuda:0', grad_fn=<AddBackward0>), loss_pre: tensor(0.9515, device='cuda:0', grad_fn=<NllLossBackward0>)[0m[0m
experiment  : INFO     [32m[32mstep: 51840 	 meta_lr 0.001000 	 training acc 0.921875 and training loss tensor(0.2666, device='cuda:0', grad_fn=<AddBackward0>), loss_auto: tensor(0.2634, device='cuda:0', grad_fn=<AddBackward0>), loss_pre: tensor(0.2403, device='cuda:0', grad_fn=<NllLossBackward0>)[0m[0m
experiment  : INFO     [32m[32mstep: 51880 	 meta_lr 0.001000 	 training acc 0.890625 and training loss tensor(0.5519, device='cuda:0', grad_fn=<AddBackward0>), loss_auto: tensor(0.2701, device='cuda:0', grad_fn=<AddBackward0>), loss_pre: tensor(0.5249, device='cuda:0', grad_fn=<NllLossBackward0>)[0m[0m
experiment  : INFO     [32m[32mstep: 51920 	 meta_lr 0.001000 	 training acc 0.90625 and training loss tensor(0.4980, device='cuda:0', grad_fn=<AddBackward0>), loss_auto: tensor(0.2681, device='cuda:0', grad_fn=<AddBackward0>), loss_pre: tensor(0.4712, device='cuda:0', grad_fn=<NllLossBackward0>)[0m[0m
experiment  : INFO     [32m[32mstep: 51960 	 meta_lr 0.001000 	 training acc 0.921875 and training loss tensor(0.3980, device='cuda:0', grad_fn=<AddBackward0>), loss_auto: tensor(0.2676, device='cuda:0', grad_fn=<AddBackward0>), loss_pre: tensor(0.3712, device='cuda:0', grad_fn=<NllLossBackward0>)[0m[0m
experiment  : INFO     [32m[32mstep: 52000 	 meta_lr 0.001000 	 training acc 0.90625 and training loss tensor(0.9974, device='cuda:0', grad_fn=<AddBackward0>), loss_auto: tensor(0.2685, device='cuda:0', grad_fn=<AddBackward0>), loss_pre: tensor(0.9705, device='cuda:0', grad_fn=<NllLossBackward0>)[0m[0m
experiment  : INFO     [32m[32mTrain Accuracy = 0.9258298755186875[0m[0m
experiment  : INFO     [32m[32mTest Accuracy = 0.9265560165975241[0m[0m
experiment  : INFO     [32m[32mstep: 52040 	 meta_lr 0.001000 	 training acc 0.875 and training loss tensor(0.6036, device='cuda:0', grad_fn=<AddBackward0>), loss_auto: tensor(0.2624, device='cuda:0', grad_fn=<AddBackward0>), loss_pre: tensor(0.5774, device='cuda:0', grad_fn=<NllLossBackward0>)[0m[0m
experiment  : INFO     [32m[32mstep: 52080 	 meta_lr 0.001000 	 training acc 0.984375 and training loss tensor(0.1063, device='cuda:0', grad_fn=<AddBackward0>), loss_auto: tensor(0.2604, device='cuda:0', grad_fn=<AddBackward0>), loss_pre: tensor(0.0803, device='cuda:0', grad_fn=<NllLossBackward0>)[0m[0m
experiment  : INFO     [32m[32mstep: 52120 	 meta_lr 0.001000 	 training acc 0.90625 and training loss tensor(0.3314, device='cuda:0', grad_fn=<AddBackward0>), loss_auto: tensor(0.2628, device='cuda:0', grad_fn=<AddBackward0>), loss_pre: tensor(0.3051, device='cuda:0', grad_fn=<NllLossBackward0>)[0m[0m
experiment  : INFO     [32m[32mstep: 52160 	 meta_lr 0.001000 	 training acc 0.96875 and training loss tensor(0.1696, device='cuda:0', grad_fn=<AddBackward0>), loss_auto: tensor(0.2622, device='cuda:0', grad_fn=<AddBackward0>), loss_pre: tensor(0.1434, device='cuda:0', grad_fn=<NllLossBackward0>)[0m[0m
experiment  : INFO     [32m[32mstep: 52200 	 meta_lr 0.001000 	 training acc 0.9375 and training loss tensor(0.3986, device='cuda:0', grad_fn=<AddBackward0>), loss_auto: tensor(0.2609, device='cuda:0', grad_fn=<AddBackward0>), loss_pre: tensor(0.3725, device='cuda:0', grad_fn=<NllLossBackward0>)[0m[0m
experiment  : INFO     [32m[32mstep: 52240 	 meta_lr 0.001000 	 training acc 0.90625 and training loss tensor(0.5158, device='cuda:0', grad_fn=<AddBackward0>), loss_auto: tensor(0.2672, device='cuda:0', grad_fn=<AddBackward0>), loss_pre: tensor(0.4891, device='cuda:0', grad_fn=<NllLossBackward0>)[0m[0m
experiment  : INFO     [32m[32mstep: 52280 	 meta_lr 0.001000 	 training acc 0.953125 and training loss tensor(0.3220, device='cuda:0', grad_fn=<AddBackward0>), loss_auto: tensor(0.2659, device='cuda:0', grad_fn=<AddBackward0>), loss_pre: tensor(0.2954, device='cuda:0', grad_fn=<NllLossBackward0>)[0m[0m
experiment  : INFO     [32m[32mstep: 52320 	 meta_lr 0.001000 	 training acc 0.921875 and training loss tensor(0.3055, device='cuda:0', grad_fn=<AddBackward0>), loss_auto: tensor(0.2658, device='cuda:0', grad_fn=<AddBackward0>), loss_pre: tensor(0.2790, device='cuda:0', grad_fn=<NllLossBackward0>)[0m[0m
experiment  : INFO     [32m[32mstep: 52360 	 meta_lr 0.001000 	 training acc 0.890625 and training loss tensor(0.4255, device='cuda:0', grad_fn=<AddBackward0>), loss_auto: tensor(0.2660, device='cuda:0', grad_fn=<AddBackward0>), loss_pre: tensor(0.3989, device='cuda:0', grad_fn=<NllLossBackward0>)[0m[0m
experiment  : INFO     [32m[32mstep: 52400 	 meta_lr 0.001000 	 training acc 0.921875 and training loss tensor(0.4601, device='cuda:0', grad_fn=<AddBackward0>), loss_auto: tensor(0.2637, device='cuda:0', grad_fn=<AddBackward0>), loss_pre: tensor(0.4337, device='cuda:0', grad_fn=<NllLossBackward0>)[0m[0m
experiment  : INFO     [32m[32mstep: 52440 	 meta_lr 0.001000 	 training acc 0.953125 and training loss tensor(0.4051, device='cuda:0', grad_fn=<AddBackward0>), loss_auto: tensor(0.2626, device='cuda:0', grad_fn=<AddBackward0>), loss_pre: tensor(0.3789, device='cuda:0', grad_fn=<NllLossBackward0>)[0m[0m
experiment  : INFO     [32m[32mstep: 52480 	 meta_lr 0.001000 	 training acc 0.921875 and training loss tensor(0.2722, device='cuda:0', grad_fn=<AddBackward0>), loss_auto: tensor(0.2669, device='cuda:0', grad_fn=<AddBackward0>), loss_pre: tensor(0.2455, device='cuda:0', grad_fn=<NllLossBackward0>)[0m[0m
experiment  : INFO     [32m[32mTrain Accuracy = 0.9339730290456569[0m[0m
experiment  : INFO     [32m[32mTest Accuracy = 0.9333506224066523[0m[0m
experiment  : INFO     [32m[32mstep: 52520 	 meta_lr 0.001000 	 training acc 0.859375 and training loss tensor(0.7814, device='cuda:0', grad_fn=<AddBackward0>), loss_auto: tensor(0.2685, device='cuda:0', grad_fn=<AddBackward0>), loss_pre: tensor(0.7545, device='cuda:0', grad_fn=<NllLossBackward0>)[0m[0m
experiment  : INFO     [32m[32mstep: 52560 	 meta_lr 0.001000 	 training acc 0.875 and training loss tensor(0.6666, device='cuda:0', grad_fn=<AddBackward0>), loss_auto: tensor(0.2632, device='cuda:0', grad_fn=<AddBackward0>), loss_pre: tensor(0.6403, device='cuda:0', grad_fn=<NllLossBackward0>)[0m[0m
experiment  : INFO     [32m[32mstep: 52600 	 meta_lr 0.001000 	 training acc 0.953125 and training loss tensor(0.2759, device='cuda:0', grad_fn=<AddBackward0>), loss_auto: tensor(0.2621, device='cuda:0', grad_fn=<AddBackward0>), loss_pre: tensor(0.2497, device='cuda:0', grad_fn=<NllLossBackward0>)[0m[0m
experiment  : INFO     [32m[32mstep: 52640 	 meta_lr 0.001000 	 training acc 0.953125 and training loss tensor(0.2988, device='cuda:0', grad_fn=<AddBackward0>), loss_auto: tensor(0.2602, device='cuda:0', grad_fn=<AddBackward0>), loss_pre: tensor(0.2728, device='cuda:0', grad_fn=<NllLossBackward0>)[0m[0m
experiment  : INFO     [32m[32mstep: 52680 	 meta_lr 0.001000 	 training acc 0.921875 and training loss tensor(0.3602, device='cuda:0', grad_fn=<AddBackward0>), loss_auto: tensor(0.2597, device='cuda:0', grad_fn=<AddBackward0>), loss_pre: tensor(0.3342, device='cuda:0', grad_fn=<NllLossBackward0>)[0m[0m
experiment  : INFO     [32m[32mstep: 52720 	 meta_lr 0.001000 	 training acc 0.953125 and training loss tensor(0.1709, device='cuda:0', grad_fn=<AddBackward0>), loss_auto: tensor(0.2592, device='cuda:0', grad_fn=<AddBackward0>), loss_pre: tensor(0.1449, device='cuda:0', grad_fn=<NllLossBackward0>)[0m[0m
experiment  : INFO     [32m[32mstep: 52760 	 meta_lr 0.001000 	 training acc 0.875 and training loss tensor(0.4454, device='cuda:0', grad_fn=<AddBackward0>), loss_auto: tensor(0.2664, device='cuda:0', grad_fn=<AddBackward0>), loss_pre: tensor(0.4188, device='cuda:0', grad_fn=<NllLossBackward0>)[0m[0m
experiment  : INFO     [32m[32mstep: 52800 	 meta_lr 0.001000 	 training acc 0.875 and training loss tensor(0.5664, device='cuda:0', grad_fn=<AddBackward0>), loss_auto: tensor(0.2648, device='cuda:0', grad_fn=<AddBackward0>), loss_pre: tensor(0.5399, device='cuda:0', grad_fn=<NllLossBackward0>)[0m[0m
experiment  : INFO     [32m[32mstep: 52840 	 meta_lr 0.001000 	 training acc 0.90625 and training loss tensor(0.3334, device='cuda:0', grad_fn=<AddBackward0>), loss_auto: tensor(0.2659, device='cuda:0', grad_fn=<AddBackward0>), loss_pre: tensor(0.3068, device='cuda:0', grad_fn=<NllLossBackward0>)[0m[0m
experiment  : INFO     [32m[32mstep: 52880 	 meta_lr 0.001000 	 training acc 0.875 and training loss tensor(0.6905, device='cuda:0', grad_fn=<AddBackward0>), loss_auto: tensor(0.2683, device='cuda:0', grad_fn=<AddBackward0>), loss_pre: tensor(0.6637, device='cuda:0', grad_fn=<NllLossBackward0>)[0m[0m
experiment  : INFO     [32m[32mstep: 52920 	 meta_lr 0.001000 	 training acc 0.984375 and training loss tensor(0.1219, device='cuda:0', grad_fn=<AddBackward0>), loss_auto: tensor(0.2643, device='cuda:0', grad_fn=<AddBackward0>), loss_pre: tensor(0.0955, device='cuda:0', grad_fn=<NllLossBackward0>)[0m[0m
experiment  : INFO     [32m[32mstep: 52960 	 meta_lr 0.001000 	 training acc 0.90625 and training loss tensor(0.4769, device='cuda:0', grad_fn=<AddBackward0>), loss_auto: tensor(0.2593, device='cuda:0', grad_fn=<AddBackward0>), loss_pre: tensor(0.4510, device='cuda:0', grad_fn=<NllLossBackward0>)[0m[0m
experiment  : INFO     [32m[32mstep: 53000 	 meta_lr 0.001000 	 training acc 0.90625 and training loss tensor(0.4531, device='cuda:0', grad_fn=<AddBackward0>), loss_auto: tensor(0.2657, device='cuda:0', grad_fn=<AddBackward0>), loss_pre: tensor(0.4266, device='cuda:0', grad_fn=<NllLossBackward0>)[0m[0m
experiment  : INFO     [32m[32mTrain Accuracy = 0.9272302904564436[0m[0m
experiment  : INFO     [32m[32mTest Accuracy = 0.9286307053942032[0m[0m
experiment  : INFO     [32m[32mstep: 53040 	 meta_lr 0.001000 	 training acc 0.921875 and training loss tensor(0.3466, device='cuda:0', grad_fn=<AddBackward0>), loss_auto: tensor(0.2650, device='cuda:0', grad_fn=<AddBackward0>), loss_pre: tensor(0.3201, device='cuda:0', grad_fn=<NllLossBackward0>)[0m[0m
experiment  : INFO     [32m[32mstep: 53080 	 meta_lr 0.001000 	 training acc 0.921875 and training loss tensor(0.4652, device='cuda:0', grad_fn=<AddBackward0>), loss_auto: tensor(0.2668, device='cuda:0', grad_fn=<AddBackward0>), loss_pre: tensor(0.4386, device='cuda:0', grad_fn=<NllLossBackward0>)[0m[0m
experiment  : INFO     [32m[32mstep: 53120 	 meta_lr 0.001000 	 training acc 0.9375 and training loss tensor(0.3217, device='cuda:0', grad_fn=<AddBackward0>), loss_auto: tensor(0.2711, device='cuda:0', grad_fn=<AddBackward0>), loss_pre: tensor(0.2946, device='cuda:0', grad_fn=<NllLossBackward0>)[0m[0m
experiment  : INFO     [32m[32mstep: 53160 	 meta_lr 0.001000 	 training acc 0.90625 and training loss tensor(0.5347, device='cuda:0', grad_fn=<AddBackward0>), loss_auto: tensor(0.2651, device='cuda:0', grad_fn=<AddBackward0>), loss_pre: tensor(0.5082, device='cuda:0', grad_fn=<NllLossBackward0>)[0m[0m
experiment  : INFO     [32m[32mstep: 53200 	 meta_lr 0.001000 	 training acc 0.921875 and training loss tensor(0.4976, device='cuda:0', grad_fn=<AddBackward0>), loss_auto: tensor(0.2658, device='cuda:0', grad_fn=<AddBackward0>), loss_pre: tensor(0.4711, device='cuda:0', grad_fn=<NllLossBackward0>)[0m[0m
experiment  : INFO     [32m[32mstep: 53240 	 meta_lr 0.001000 	 training acc 0.953125 and training loss tensor(0.1548, device='cuda:0', grad_fn=<AddBackward0>), loss_auto: tensor(0.2645, device='cuda:0', grad_fn=<AddBackward0>), loss_pre: tensor(0.1284, device='cuda:0', grad_fn=<NllLossBackward0>)[0m[0m
experiment  : INFO     [32m[32mstep: 53280 	 meta_lr 0.001000 	 training acc 0.953125 and training loss tensor(0.4394, device='cuda:0', grad_fn=<AddBackward0>), loss_auto: tensor(0.2672, device='cuda:0', grad_fn=<AddBackward0>), loss_pre: tensor(0.4126, device='cuda:0', grad_fn=<NllLossBackward0>)[0m[0m
experiment  : INFO     [32m[32mstep: 53320 	 meta_lr 0.001000 	 training acc 0.921875 and training loss tensor(0.2255, device='cuda:0', grad_fn=<AddBackward0>), loss_auto: tensor(0.2657, device='cuda:0', grad_fn=<AddBackward0>), loss_pre: tensor(0.1989, device='cuda:0', grad_fn=<NllLossBackward0>)[0m[0m
experiment  : INFO     [32m[32mstep: 53360 	 meta_lr 0.001000 	 training acc 0.890625 and training loss tensor(0.5694, device='cuda:0', grad_fn=<AddBackward0>), loss_auto: tensor(0.2678, device='cuda:0', grad_fn=<AddBackward0>), loss_pre: tensor(0.5426, device='cuda:0', grad_fn=<NllLossBackward0>)[0m[0m
experiment  : INFO     [32m[32mstep: 53400 	 meta_lr 0.001000 	 training acc 0.9375 and training loss tensor(0.2713, device='cuda:0', grad_fn=<AddBackward0>), loss_auto: tensor(0.2671, device='cuda:0', grad_fn=<AddBackward0>), loss_pre: tensor(0.2446, device='cuda:0', grad_fn=<NllLossBackward0>)[0m[0m
experiment  : INFO     [32m[32mstep: 53440 	 meta_lr 0.001000 	 training acc 0.875 and training loss tensor(0.5871, device='cuda:0', grad_fn=<AddBackward0>), loss_auto: tensor(0.2649, device='cuda:0', grad_fn=<AddBackward0>), loss_pre: tensor(0.5606, device='cuda:0', grad_fn=<NllLossBackward0>)[0m[0m
experiment  : INFO     [32m[32mstep: 53480 	 meta_lr 0.001000 	 training acc 0.96875 and training loss tensor(0.1613, device='cuda:0', grad_fn=<AddBackward0>), loss_auto: tensor(0.2719, device='cuda:0', grad_fn=<AddBackward0>), loss_pre: tensor(0.1341, device='cuda:0', grad_fn=<NllLossBackward0>)[0m[0m
experiment  : INFO     [32m[32mTrain Accuracy = 0.9190871369294746[0m[0m
experiment  : INFO     [32m[32mTest Accuracy = 0.9205394190871496[0m[0m
experiment  : INFO     [32m[32mstep: 53520 	 meta_lr 0.001000 	 training acc 0.9375 and training loss tensor(0.3567, device='cuda:0', grad_fn=<AddBackward0>), loss_auto: tensor(0.2620, device='cuda:0', grad_fn=<AddBackward0>), loss_pre: tensor(0.3305, device='cuda:0', grad_fn=<NllLossBackward0>)[0m[0m
experiment  : INFO     [32m[32mstep: 53560 	 meta_lr 0.001000 	 training acc 0.921875 and training loss tensor(0.3345, device='cuda:0', grad_fn=<AddBackward0>), loss_auto: tensor(0.2643, device='cuda:0', grad_fn=<AddBackward0>), loss_pre: tensor(0.3081, device='cuda:0', grad_fn=<NllLossBackward0>)[0m[0m
experiment  : INFO     [32m[32mstep: 53600 	 meta_lr 0.001000 	 training acc 0.9375 and training loss tensor(0.3547, device='cuda:0', grad_fn=<AddBackward0>), loss_auto: tensor(0.2673, device='cuda:0', grad_fn=<AddBackward0>), loss_pre: tensor(0.3279, device='cuda:0', grad_fn=<NllLossBackward0>)[0m[0m
experiment  : INFO     [32m[32mstep: 53640 	 meta_lr 0.001000 	 training acc 0.84375 and training loss tensor(0.5486, device='cuda:0', grad_fn=<AddBackward0>), loss_auto: tensor(0.2696, device='cuda:0', grad_fn=<AddBackward0>), loss_pre: tensor(0.5216, device='cuda:0', grad_fn=<NllLossBackward0>)[0m[0m
experiment  : INFO     [32m[32mstep: 53680 	 meta_lr 0.001000 	 training acc 0.84375 and training loss tensor(0.9052, device='cuda:0', grad_fn=<AddBackward0>), loss_auto: tensor(0.2687, device='cuda:0', grad_fn=<AddBackward0>), loss_pre: tensor(0.8783, device='cuda:0', grad_fn=<NllLossBackward0>)[0m[0m
experiment  : INFO     [32m[32mstep: 53720 	 meta_lr 0.001000 	 training acc 0.90625 and training loss tensor(0.8399, device='cuda:0', grad_fn=<AddBackward0>), loss_auto: tensor(0.2690, device='cuda:0', grad_fn=<AddBackward0>), loss_pre: tensor(0.8130, device='cuda:0', grad_fn=<NllLossBackward0>)[0m[0m
experiment  : INFO     [32m[32mstep: 53760 	 meta_lr 0.001000 	 training acc 0.9375 and training loss tensor(0.2678, device='cuda:0', grad_fn=<AddBackward0>), loss_auto: tensor(0.2674, device='cuda:0', grad_fn=<AddBackward0>), loss_pre: tensor(0.2411, device='cuda:0', grad_fn=<NllLossBackward0>)[0m[0m
experiment  : INFO     [32m[32mstep: 53800 	 meta_lr 0.001000 	 training acc 0.9375 and training loss tensor(0.2865, device='cuda:0', grad_fn=<AddBackward0>), loss_auto: tensor(0.2658, device='cuda:0', grad_fn=<AddBackward0>), loss_pre: tensor(0.2599, device='cuda:0', grad_fn=<NllLossBackward0>)[0m[0m
experiment  : INFO     [32m[32mstep: 53840 	 meta_lr 0.001000 	 training acc 0.875 and training loss tensor(0.3015, device='cuda:0', grad_fn=<AddBackward0>), loss_auto: tensor(0.2702, device='cuda:0', grad_fn=<AddBackward0>), loss_pre: tensor(0.2745, device='cuda:0', grad_fn=<NllLossBackward0>)[0m[0m
experiment  : INFO     [32m[32mstep: 53880 	 meta_lr 0.001000 	 training acc 0.890625 and training loss tensor(0.4677, device='cuda:0', grad_fn=<AddBackward0>), loss_auto: tensor(0.2708, device='cuda:0', grad_fn=<AddBackward0>), loss_pre: tensor(0.4406, device='cuda:0', grad_fn=<NllLossBackward0>)[0m[0m
experiment  : INFO     [32m[32mstep: 53920 	 meta_lr 0.001000 	 training acc 0.953125 and training loss tensor(0.2262, device='cuda:0', grad_fn=<AddBackward0>), loss_auto: tensor(0.2745, device='cuda:0', grad_fn=<AddBackward0>), loss_pre: tensor(0.1988, device='cuda:0', grad_fn=<NllLossBackward0>)[0m[0m
experiment  : INFO     [32m[32mstep: 53960 	 meta_lr 0.001000 	 training acc 0.9375 and training loss tensor(0.3471, device='cuda:0', grad_fn=<AddBackward0>), loss_auto: tensor(0.2707, device='cuda:0', grad_fn=<AddBackward0>), loss_pre: tensor(0.3200, device='cuda:0', grad_fn=<NllLossBackward0>)[0m[0m
experiment  : INFO     [32m[32mstep: 54000 	 meta_lr 0.001000 	 training acc 0.953125 and training loss tensor(0.2629, device='cuda:0', grad_fn=<AddBackward0>), loss_auto: tensor(0.2697, device='cuda:0', grad_fn=<AddBackward0>), loss_pre: tensor(0.2360, device='cuda:0', grad_fn=<NllLossBackward0>)[0m[0m
experiment  : INFO     [32m[32mTrain Accuracy = 0.9241182572614227[0m[0m
experiment  : INFO     [32m[32mTest Accuracy = 0.9230290456431666[0m[0m
experiment  : INFO     [32m[32mstep: 54040 	 meta_lr 0.001000 	 training acc 0.859375 and training loss tensor(0.7012, device='cuda:0', grad_fn=<AddBackward0>), loss_auto: tensor(0.2695, device='cuda:0', grad_fn=<AddBackward0>), loss_pre: tensor(0.6742, device='cuda:0', grad_fn=<NllLossBackward0>)[0m[0m
experiment  : INFO     [32m[32mstep: 54080 	 meta_lr 0.001000 	 training acc 0.921875 and training loss tensor(0.3635, device='cuda:0', grad_fn=<AddBackward0>), loss_auto: tensor(0.2695, device='cuda:0', grad_fn=<AddBackward0>), loss_pre: tensor(0.3366, device='cuda:0', grad_fn=<NllLossBackward0>)[0m[0m
experiment  : INFO     [32m[32mstep: 54120 	 meta_lr 0.001000 	 training acc 0.890625 and training loss tensor(0.6184, device='cuda:0', grad_fn=<AddBackward0>), loss_auto: tensor(0.2675, device='cuda:0', grad_fn=<AddBackward0>), loss_pre: tensor(0.5916, device='cuda:0', grad_fn=<NllLossBackward0>)[0m[0m
experiment  : INFO     [32m[32mstep: 54160 	 meta_lr 0.001000 	 training acc 0.953125 and training loss tensor(0.2685, device='cuda:0', grad_fn=<AddBackward0>), loss_auto: tensor(0.2711, device='cuda:0', grad_fn=<AddBackward0>), loss_pre: tensor(0.2414, device='cuda:0', grad_fn=<NllLossBackward0>)[0m[0m
experiment  : INFO     [32m[32mstep: 54200 	 meta_lr 0.001000 	 training acc 0.921875 and training loss tensor(0.4436, device='cuda:0', grad_fn=<AddBackward0>), loss_auto: tensor(0.2658, device='cuda:0', grad_fn=<AddBackward0>), loss_pre: tensor(0.4170, device='cuda:0', grad_fn=<NllLossBackward0>)[0m[0m
experiment  : INFO     [32m[32mstep: 54240 	 meta_lr 0.001000 	 training acc 0.921875 and training loss tensor(0.3789, device='cuda:0', grad_fn=<AddBackward0>), loss_auto: tensor(0.2704, device='cuda:0', grad_fn=<AddBackward0>), loss_pre: tensor(0.3519, device='cuda:0', grad_fn=<NllLossBackward0>)[0m[0m
experiment  : INFO     [32m[32mstep: 54280 	 meta_lr 0.001000 	 training acc 0.953125 and training loss tensor(0.3720, device='cuda:0', grad_fn=<AddBackward0>), loss_auto: tensor(0.2688, device='cuda:0', grad_fn=<AddBackward0>), loss_pre: tensor(0.3451, device='cuda:0', grad_fn=<NllLossBackward0>)[0m[0m
experiment  : INFO     [32m[32mstep: 54320 	 meta_lr 0.001000 	 training acc 0.921875 and training loss tensor(0.6531, device='cuda:0', grad_fn=<AddBackward0>), loss_auto: tensor(0.2661, device='cuda:0', grad_fn=<AddBackward0>), loss_pre: tensor(0.6265, device='cuda:0', grad_fn=<NllLossBackward0>)[0m[0m
experiment  : INFO     [32m[32mstep: 54360 	 meta_lr 0.001000 	 training acc 0.90625 and training loss tensor(0.3925, device='cuda:0', grad_fn=<AddBackward0>), loss_auto: tensor(0.2675, device='cuda:0', grad_fn=<AddBackward0>), loss_pre: tensor(0.3658, device='cuda:0', grad_fn=<NllLossBackward0>)[0m[0m
experiment  : INFO     [32m[32mstep: 54400 	 meta_lr 0.001000 	 training acc 0.859375 and training loss tensor(0.5573, device='cuda:0', grad_fn=<AddBackward0>), loss_auto: tensor(0.2641, device='cuda:0', grad_fn=<AddBackward0>), loss_pre: tensor(0.5309, device='cuda:0', grad_fn=<NllLossBackward0>)[0m[0m
experiment  : INFO     [32m[32mstep: 54440 	 meta_lr 0.001000 	 training acc 0.953125 and training loss tensor(0.2178, device='cuda:0', grad_fn=<AddBackward0>), loss_auto: tensor(0.2656, device='cuda:0', grad_fn=<AddBackward0>), loss_pre: tensor(0.1912, device='cuda:0', grad_fn=<NllLossBackward0>)[0m[0m
experiment  : INFO     [32m[32mstep: 54480 	 meta_lr 0.001000 	 training acc 0.890625 and training loss tensor(0.4513, device='cuda:0', grad_fn=<AddBackward0>), loss_auto: tensor(0.2633, device='cuda:0', grad_fn=<AddBackward0>), loss_pre: tensor(0.4250, device='cuda:0', grad_fn=<NllLossBackward0>)[0m[0m
experiment  : INFO     [32m[32mTrain Accuracy = 0.9296161825726258[0m[0m
experiment  : INFO     [32m[32mTest Accuracy = 0.9296161825726286[0m[0m
experiment  : INFO     [32m[32mstep: 54520 	 meta_lr 0.001000 	 training acc 0.953125 and training loss tensor(0.1880, device='cuda:0', grad_fn=<AddBackward0>), loss_auto: tensor(0.2706, device='cuda:0', grad_fn=<AddBackward0>), loss_pre: tensor(0.1609, device='cuda:0', grad_fn=<NllLossBackward0>)[0m[0m
experiment  : INFO     [32m[32mstep: 54560 	 meta_lr 0.001000 	 training acc 0.859375 and training loss tensor(0.8376, device='cuda:0', grad_fn=<AddBackward0>), loss_auto: tensor(0.2643, device='cuda:0', grad_fn=<AddBackward0>), loss_pre: tensor(0.8112, device='cuda:0', grad_fn=<NllLossBackward0>)[0m[0m
experiment  : INFO     [32m[32mstep: 54600 	 meta_lr 0.001000 	 training acc 0.90625 and training loss tensor(0.4603, device='cuda:0', grad_fn=<AddBackward0>), loss_auto: tensor(0.2692, device='cuda:0', grad_fn=<AddBackward0>), loss_pre: tensor(0.4334, device='cuda:0', grad_fn=<NllLossBackward0>)[0m[0m
experiment  : INFO     [32m[32mstep: 54640 	 meta_lr 0.001000 	 training acc 0.921875 and training loss tensor(0.3626, device='cuda:0', grad_fn=<AddBackward0>), loss_auto: tensor(0.2706, device='cuda:0', grad_fn=<AddBackward0>), loss_pre: tensor(0.3355, device='cuda:0', grad_fn=<NllLossBackward0>)[0m[0m
experiment  : INFO     [32m[32mstep: 54680 	 meta_lr 0.001000 	 training acc 0.953125 and training loss tensor(0.2042, device='cuda:0', grad_fn=<AddBackward0>), loss_auto: tensor(0.2690, device='cuda:0', grad_fn=<AddBackward0>), loss_pre: tensor(0.1773, device='cuda:0', grad_fn=<NllLossBackward0>)[0m[0m
experiment  : INFO     [32m[32mstep: 54720 	 meta_lr 0.001000 	 training acc 0.96875 and training loss tensor(0.1871, device='cuda:0', grad_fn=<AddBackward0>), loss_auto: tensor(0.2674, device='cuda:0', grad_fn=<AddBackward0>), loss_pre: tensor(0.1604, device='cuda:0', grad_fn=<NllLossBackward0>)[0m[0m
experiment  : INFO     [32m[32mstep: 54760 	 meta_lr 0.001000 	 training acc 0.90625 and training loss tensor(0.2896, device='cuda:0', grad_fn=<AddBackward0>), loss_auto: tensor(0.2677, device='cuda:0', grad_fn=<AddBackward0>), loss_pre: tensor(0.2628, device='cuda:0', grad_fn=<NllLossBackward0>)[0m[0m
experiment  : INFO     [32m[32mstep: 54800 	 meta_lr 0.001000 	 training acc 0.828125 and training loss tensor(0.8820, device='cuda:0', grad_fn=<AddBackward0>), loss_auto: tensor(0.2658, device='cuda:0', grad_fn=<AddBackward0>), loss_pre: tensor(0.8554, device='cuda:0', grad_fn=<NllLossBackward0>)[0m[0m
experiment  : INFO     [32m[32mstep: 54840 	 meta_lr 0.001000 	 training acc 0.953125 and training loss tensor(0.2193, device='cuda:0', grad_fn=<AddBackward0>), loss_auto: tensor(0.2677, device='cuda:0', grad_fn=<AddBackward0>), loss_pre: tensor(0.1926, device='cuda:0', grad_fn=<NllLossBackward0>)[0m[0m
experiment  : INFO     [32m[32mstep: 54880 	 meta_lr 0.001000 	 training acc 0.828125 and training loss tensor(0.8287, device='cuda:0', grad_fn=<AddBackward0>), loss_auto: tensor(0.2731, device='cuda:0', grad_fn=<AddBackward0>), loss_pre: tensor(0.8014, device='cuda:0', grad_fn=<NllLossBackward0>)[0m[0m
experiment  : INFO     [32m[32mstep: 54920 	 meta_lr 0.001000 	 training acc 0.984375 and training loss tensor(0.1511, device='cuda:0', grad_fn=<AddBackward0>), loss_auto: tensor(0.2703, device='cuda:0', grad_fn=<AddBackward0>), loss_pre: tensor(0.1240, device='cuda:0', grad_fn=<NllLossBackward0>)[0m[0m
experiment  : INFO     [32m[32mstep: 54960 	 meta_lr 0.001000 	 training acc 0.90625 and training loss tensor(0.3543, device='cuda:0', grad_fn=<AddBackward0>), loss_auto: tensor(0.2669, device='cuda:0', grad_fn=<AddBackward0>), loss_pre: tensor(0.3276, device='cuda:0', grad_fn=<NllLossBackward0>)[0m[0m
experiment  : INFO     [32m[32mstep: 55000 	 meta_lr 0.001000 	 training acc 0.890625 and training loss tensor(0.9635, device='cuda:0', grad_fn=<AddBackward0>), loss_auto: tensor(0.2703, device='cuda:0', grad_fn=<AddBackward0>), loss_pre: tensor(0.9365, device='cuda:0', grad_fn=<NllLossBackward0>)[0m[0m
experiment  : INFO     [32m[32mTrain Accuracy = 0.9243257261410922[0m[0m
experiment  : INFO     [32m[32mTest Accuracy = 0.9267116182572757[0m[0m
experiment  : INFO     [32m[32mstep: 55040 	 meta_lr 0.001000 	 training acc 0.984375 and training loss tensor(0.1094, device='cuda:0', grad_fn=<AddBackward0>), loss_auto: tensor(0.2706, device='cuda:0', grad_fn=<AddBackward0>), loss_pre: tensor(0.0823, device='cuda:0', grad_fn=<NllLossBackward0>)[0m[0m
experiment  : INFO     [32m[32mstep: 55080 	 meta_lr 0.001000 	 training acc 0.921875 and training loss tensor(0.3651, device='cuda:0', grad_fn=<AddBackward0>), loss_auto: tensor(0.2683, device='cuda:0', grad_fn=<AddBackward0>), loss_pre: tensor(0.3383, device='cuda:0', grad_fn=<NllLossBackward0>)[0m[0m
experiment  : INFO     [32m[32mstep: 55120 	 meta_lr 0.001000 	 training acc 0.875 and training loss tensor(0.7777, device='cuda:0', grad_fn=<AddBackward0>), loss_auto: tensor(0.2675, device='cuda:0', grad_fn=<AddBackward0>), loss_pre: tensor(0.7510, device='cuda:0', grad_fn=<NllLossBackward0>)[0m[0m
experiment  : INFO     [32m[32mstep: 55160 	 meta_lr 0.001000 	 training acc 0.890625 and training loss tensor(0.6282, device='cuda:0', grad_fn=<AddBackward0>), loss_auto: tensor(0.2724, device='cuda:0', grad_fn=<AddBackward0>), loss_pre: tensor(0.6009, device='cuda:0', grad_fn=<NllLossBackward0>)[0m[0m
experiment  : INFO     [32m[32mstep: 55200 	 meta_lr 0.001000 	 training acc 0.953125 and training loss tensor(0.3636, device='cuda:0', grad_fn=<AddBackward0>), loss_auto: tensor(0.2661, device='cuda:0', grad_fn=<AddBackward0>), loss_pre: tensor(0.3370, device='cuda:0', grad_fn=<NllLossBackward0>)[0m[0m
experiment  : INFO     [32m[32mstep: 55240 	 meta_lr 0.001000 	 training acc 0.96875 and training loss tensor(0.2833, device='cuda:0', grad_fn=<AddBackward0>), loss_auto: tensor(0.2681, device='cuda:0', grad_fn=<AddBackward0>), loss_pre: tensor(0.2565, device='cuda:0', grad_fn=<NllLossBackward0>)[0m[0m
experiment  : INFO     [32m[32mstep: 55280 	 meta_lr 0.001000 	 training acc 0.890625 and training loss tensor(0.5704, device='cuda:0', grad_fn=<AddBackward0>), loss_auto: tensor(0.2666, device='cuda:0', grad_fn=<AddBackward0>), loss_pre: tensor(0.5437, device='cuda:0', grad_fn=<NllLossBackward0>)[0m[0m
experiment  : INFO     [32m[32mstep: 55320 	 meta_lr 0.001000 	 training acc 0.921875 and training loss tensor(0.4478, device='cuda:0', grad_fn=<AddBackward0>), loss_auto: tensor(0.2657, device='cuda:0', grad_fn=<AddBackward0>), loss_pre: tensor(0.4213, device='cuda:0', grad_fn=<NllLossBackward0>)[0m[0m
experiment  : INFO     [32m[32mstep: 55360 	 meta_lr 0.001000 	 training acc 0.875 and training loss tensor(0.4693, device='cuda:0', grad_fn=<AddBackward0>), loss_auto: tensor(0.2647, device='cuda:0', grad_fn=<AddBackward0>), loss_pre: tensor(0.4429, device='cuda:0', grad_fn=<NllLossBackward0>)[0m[0m
experiment  : INFO     [32m[32mstep: 55400 	 meta_lr 0.001000 	 training acc 0.9375 and training loss tensor(0.2409, device='cuda:0', grad_fn=<AddBackward0>), loss_auto: tensor(0.2643, device='cuda:0', grad_fn=<AddBackward0>), loss_pre: tensor(0.2144, device='cuda:0', grad_fn=<NllLossBackward0>)[0m[0m
experiment  : INFO     [32m[32mstep: 55440 	 meta_lr 0.001000 	 training acc 0.953125 and training loss tensor(0.2411, device='cuda:0', grad_fn=<AddBackward0>), loss_auto: tensor(0.2633, device='cuda:0', grad_fn=<AddBackward0>), loss_pre: tensor(0.2148, device='cuda:0', grad_fn=<NllLossBackward0>)[0m[0m
experiment  : INFO     [32m[32mstep: 55480 	 meta_lr 0.001000 	 training acc 0.859375 and training loss tensor(1.1371, device='cuda:0', grad_fn=<AddBackward0>), loss_auto: tensor(0.2615, device='cuda:0', grad_fn=<AddBackward0>), loss_pre: tensor(1.1110, device='cuda:0', grad_fn=<NllLossBackward0>)[0m[0m
experiment  : INFO     [32m[32mTrain Accuracy = 0.9338692946058232[0m[0m
experiment  : INFO     [32m[32mTest Accuracy = 0.9329875518672321[0m[0m
experiment  : INFO     [32m[32mstep: 55520 	 meta_lr 0.001000 	 training acc 0.9375 and training loss tensor(0.5875, device='cuda:0', grad_fn=<AddBackward0>), loss_auto: tensor(0.2625, device='cuda:0', grad_fn=<AddBackward0>), loss_pre: tensor(0.5613, device='cuda:0', grad_fn=<NllLossBackward0>)[0m[0m
experiment  : INFO     [32m[32mstep: 55560 	 meta_lr 0.001000 	 training acc 0.953125 and training loss tensor(0.2419, device='cuda:0', grad_fn=<AddBackward0>), loss_auto: tensor(0.2662, device='cuda:0', grad_fn=<AddBackward0>), loss_pre: tensor(0.2153, device='cuda:0', grad_fn=<NllLossBackward0>)[0m[0m
experiment  : INFO     [32m[32mstep: 55600 	 meta_lr 0.001000 	 training acc 0.9375 and training loss tensor(0.3339, device='cuda:0', grad_fn=<AddBackward0>), loss_auto: tensor(0.2605, device='cuda:0', grad_fn=<AddBackward0>), loss_pre: tensor(0.3079, device='cuda:0', grad_fn=<NllLossBackward0>)[0m[0m
experiment  : INFO     [32m[32mstep: 55640 	 meta_lr 0.001000 	 training acc 0.859375 and training loss tensor(0.7376, device='cuda:0', grad_fn=<AddBackward0>), loss_auto: tensor(0.2623, device='cuda:0', grad_fn=<AddBackward0>), loss_pre: tensor(0.7114, device='cuda:0', grad_fn=<NllLossBackward0>)[0m[0m
experiment  : INFO     [32m[32mstep: 55680 	 meta_lr 0.001000 	 training acc 0.96875 and training loss tensor(0.1404, device='cuda:0', grad_fn=<AddBackward0>), loss_auto: tensor(0.2591, device='cuda:0', grad_fn=<AddBackward0>), loss_pre: tensor(0.1145, device='cuda:0', grad_fn=<NllLossBackward0>)[0m[0m
experiment  : INFO     [32m[32mstep: 55720 	 meta_lr 0.001000 	 training acc 0.859375 and training loss tensor(0.4739, device='cuda:0', grad_fn=<AddBackward0>), loss_auto: tensor(0.2696, device='cuda:0', grad_fn=<AddBackward0>), loss_pre: tensor(0.4469, device='cuda:0', grad_fn=<NllLossBackward0>)[0m[0m
experiment  : INFO     [32m[32mstep: 55760 	 meta_lr 0.001000 	 training acc 0.859375 and training loss tensor(0.6253, device='cuda:0', grad_fn=<AddBackward0>), loss_auto: tensor(0.2669, device='cuda:0', grad_fn=<AddBackward0>), loss_pre: tensor(0.5986, device='cuda:0', grad_fn=<NllLossBackward0>)[0m[0m
experiment  : INFO     [32m[32mstep: 55800 	 meta_lr 0.001000 	 training acc 0.921875 and training loss tensor(0.4381, device='cuda:0', grad_fn=<AddBackward0>), loss_auto: tensor(0.2663, device='cuda:0', grad_fn=<AddBackward0>), loss_pre: tensor(0.4115, device='cuda:0', grad_fn=<NllLossBackward0>)[0m[0m
experiment  : INFO     [32m[32mstep: 55840 	 meta_lr 0.001000 	 training acc 0.90625 and training loss tensor(0.8219, device='cuda:0', grad_fn=<AddBackward0>), loss_auto: tensor(0.2657, device='cuda:0', grad_fn=<AddBackward0>), loss_pre: tensor(0.7953, device='cuda:0', grad_fn=<NllLossBackward0>)[0m[0m
experiment  : INFO     [32m[32mstep: 55880 	 meta_lr 0.001000 	 training acc 0.90625 and training loss tensor(0.5067, device='cuda:0', grad_fn=<AddBackward0>), loss_auto: tensor(0.2670, device='cuda:0', grad_fn=<AddBackward0>), loss_pre: tensor(0.4800, device='cuda:0', grad_fn=<NllLossBackward0>)[0m[0m
experiment  : INFO     [32m[32mstep: 55920 	 meta_lr 0.001000 	 training acc 0.828125 and training loss tensor(0.7754, device='cuda:0', grad_fn=<AddBackward0>), loss_auto: tensor(0.2702, device='cuda:0', grad_fn=<AddBackward0>), loss_pre: tensor(0.7483, device='cuda:0', grad_fn=<NllLossBackward0>)[0m[0m
experiment  : INFO     [32m[32mstep: 55960 	 meta_lr 0.001000 	 training acc 0.890625 and training loss tensor(0.6239, device='cuda:0', grad_fn=<AddBackward0>), loss_auto: tensor(0.2688, device='cuda:0', grad_fn=<AddBackward0>), loss_pre: tensor(0.5970, device='cuda:0', grad_fn=<NllLossBackward0>)[0m[0m
experiment  : INFO     [32m[32mstep: 56000 	 meta_lr 0.001000 	 training acc 0.921875 and training loss tensor(0.1815, device='cuda:0', grad_fn=<AddBackward0>), loss_auto: tensor(0.2619, device='cuda:0', grad_fn=<AddBackward0>), loss_pre: tensor(0.1553, device='cuda:0', grad_fn=<NllLossBackward0>)[0m[0m
experiment  : INFO     [32m[32mTrain Accuracy = 0.9269709543568608[0m[0m
experiment  : INFO     [32m[32mTest Accuracy = 0.9292012448132935[0m[0m
experiment  : INFO     [32m[32mstep: 56040 	 meta_lr 0.001000 	 training acc 0.875 and training loss tensor(0.7574, device='cuda:0', grad_fn=<AddBackward0>), loss_auto: tensor(0.2653, device='cuda:0', grad_fn=<AddBackward0>), loss_pre: tensor(0.7308, device='cuda:0', grad_fn=<NllLossBackward0>)[0m[0m
experiment  : INFO     [32m[32mstep: 56080 	 meta_lr 0.001000 	 training acc 0.96875 and training loss tensor(0.3109, device='cuda:0', grad_fn=<AddBackward0>), loss_auto: tensor(0.2678, device='cuda:0', grad_fn=<AddBackward0>), loss_pre: tensor(0.2842, device='cuda:0', grad_fn=<NllLossBackward0>)[0m[0m
experiment  : INFO     [32m[32mstep: 56120 	 meta_lr 0.001000 	 training acc 0.953125 and training loss tensor(0.1943, device='cuda:0', grad_fn=<AddBackward0>), loss_auto: tensor(0.2689, device='cuda:0', grad_fn=<AddBackward0>), loss_pre: tensor(0.1674, device='cuda:0', grad_fn=<NllLossBackward0>)[0m[0m
experiment  : INFO     [32m[32mstep: 56160 	 meta_lr 0.001000 	 training acc 0.984375 and training loss tensor(0.2193, device='cuda:0', grad_fn=<AddBackward0>), loss_auto: tensor(0.2631, device='cuda:0', grad_fn=<AddBackward0>), loss_pre: tensor(0.1930, device='cuda:0', grad_fn=<NllLossBackward0>)[0m[0m
experiment  : INFO     [32m[32mstep: 56200 	 meta_lr 0.001000 	 training acc 0.921875 and training loss tensor(0.5491, device='cuda:0', grad_fn=<AddBackward0>), loss_auto: tensor(0.2643, device='cuda:0', grad_fn=<AddBackward0>), loss_pre: tensor(0.5226, device='cuda:0', grad_fn=<NllLossBackward0>)[0m[0m
experiment  : INFO     [32m[32mstep: 56240 	 meta_lr 0.001000 	 training acc 0.875 and training loss tensor(0.5804, device='cuda:0', grad_fn=<AddBackward0>), loss_auto: tensor(0.2651, device='cuda:0', grad_fn=<AddBackward0>), loss_pre: tensor(0.5539, device='cuda:0', grad_fn=<NllLossBackward0>)[0m[0m
experiment  : INFO     [32m[32mstep: 56280 	 meta_lr 0.001000 	 training acc 0.890625 and training loss tensor(0.4891, device='cuda:0', grad_fn=<AddBackward0>), loss_auto: tensor(0.2676, device='cuda:0', grad_fn=<AddBackward0>), loss_pre: tensor(0.4623, device='cuda:0', grad_fn=<NllLossBackward0>)[0m[0m
experiment  : INFO     [32m[32mstep: 56320 	 meta_lr 0.001000 	 training acc 0.84375 and training loss tensor(0.8105, device='cuda:0', grad_fn=<AddBackward0>), loss_auto: tensor(0.2631, device='cuda:0', grad_fn=<AddBackward0>), loss_pre: tensor(0.7842, device='cuda:0', grad_fn=<NllLossBackward0>)[0m[0m
experiment  : INFO     [32m[32mstep: 56360 	 meta_lr 0.001000 	 training acc 0.875 and training loss tensor(0.6442, device='cuda:0', grad_fn=<AddBackward0>), loss_auto: tensor(0.2648, device='cuda:0', grad_fn=<AddBackward0>), loss_pre: tensor(0.6177, device='cuda:0', grad_fn=<NllLossBackward0>)[0m[0m
experiment  : INFO     [32m[32mstep: 56400 	 meta_lr 0.001000 	 training acc 0.890625 and training loss tensor(0.4952, device='cuda:0', grad_fn=<AddBackward0>), loss_auto: tensor(0.2687, device='cuda:0', grad_fn=<AddBackward0>), loss_pre: tensor(0.4683, device='cuda:0', grad_fn=<NllLossBackward0>)[0m[0m
experiment  : INFO     [32m[32mstep: 56440 	 meta_lr 0.001000 	 training acc 0.90625 and training loss tensor(0.4880, device='cuda:0', grad_fn=<AddBackward0>), loss_auto: tensor(0.2668, device='cuda:0', grad_fn=<AddBackward0>), loss_pre: tensor(0.4614, device='cuda:0', grad_fn=<NllLossBackward0>)[0m[0m
experiment  : INFO     [32m[32mstep: 56480 	 meta_lr 0.001000 	 training acc 0.96875 and training loss tensor(0.1796, device='cuda:0', grad_fn=<AddBackward0>), loss_auto: tensor(0.2690, device='cuda:0', grad_fn=<AddBackward0>), loss_pre: tensor(0.1527, device='cuda:0', grad_fn=<NllLossBackward0>)[0m[0m
experiment  : INFO     [32m[32mTrain Accuracy = 0.937344398340262[0m[0m
experiment  : INFO     [32m[32mTest Accuracy = 0.9392634854771916[0m[0m
experiment  : INFO     [32m[32mstep: 56520 	 meta_lr 0.001000 	 training acc 0.953125 and training loss tensor(0.1450, device='cuda:0', grad_fn=<AddBackward0>), loss_auto: tensor(0.2707, device='cuda:0', grad_fn=<AddBackward0>), loss_pre: tensor(0.1180, device='cuda:0', grad_fn=<NllLossBackward0>)[0m[0m
experiment  : INFO     [32m[32mstep: 56560 	 meta_lr 0.001000 	 training acc 0.9375 and training loss tensor(0.4600, device='cuda:0', grad_fn=<AddBackward0>), loss_auto: tensor(0.2615, device='cuda:0', grad_fn=<AddBackward0>), loss_pre: tensor(0.4339, device='cuda:0', grad_fn=<NllLossBackward0>)[0m[0m
experiment  : INFO     [32m[32mstep: 56600 	 meta_lr 0.001000 	 training acc 1.0 and training loss tensor(0.0701, device='cuda:0', grad_fn=<AddBackward0>), loss_auto: tensor(0.2670, device='cuda:0', grad_fn=<AddBackward0>), loss_pre: tensor(0.0434, device='cuda:0', grad_fn=<NllLossBackward0>)[0m[0m
experiment  : INFO     [32m[32mstep: 56640 	 meta_lr 0.001000 	 training acc 0.890625 and training loss tensor(0.7825, device='cuda:0', grad_fn=<AddBackward0>), loss_auto: tensor(0.2654, device='cuda:0', grad_fn=<AddBackward0>), loss_pre: tensor(0.7559, device='cuda:0', grad_fn=<NllLossBackward0>)[0m[0m
experiment  : INFO     [32m[32mstep: 56680 	 meta_lr 0.001000 	 training acc 0.8125 and training loss tensor(0.7748, device='cuda:0', grad_fn=<AddBackward0>), loss_auto: tensor(0.2721, device='cuda:0', grad_fn=<AddBackward0>), loss_pre: tensor(0.7476, device='cuda:0', grad_fn=<NllLossBackward0>)[0m[0m
experiment  : INFO     [32m[32mstep: 56720 	 meta_lr 0.001000 	 training acc 0.828125 and training loss tensor(1.1734, device='cuda:0', grad_fn=<AddBackward0>), loss_auto: tensor(0.2716, device='cuda:0', grad_fn=<AddBackward0>), loss_pre: tensor(1.1463, device='cuda:0', grad_fn=<NllLossBackward0>)[0m[0m
experiment  : INFO     [32m[32mstep: 56760 	 meta_lr 0.001000 	 training acc 0.921875 and training loss tensor(0.4156, device='cuda:0', grad_fn=<AddBackward0>), loss_auto: tensor(0.2690, device='cuda:0', grad_fn=<AddBackward0>), loss_pre: tensor(0.3887, device='cuda:0', grad_fn=<NllLossBackward0>)[0m[0m
experiment  : INFO     [32m[32mstep: 56800 	 meta_lr 0.001000 	 training acc 0.90625 and training loss tensor(1.3285, device='cuda:0', grad_fn=<AddBackward0>), loss_auto: tensor(0.2704, device='cuda:0', grad_fn=<AddBackward0>), loss_pre: tensor(1.3014, device='cuda:0', grad_fn=<NllLossBackward0>)[0m[0m
experiment  : INFO     [32m[32mstep: 56840 	 meta_lr 0.001000 	 training acc 0.921875 and training loss tensor(0.3501, device='cuda:0', grad_fn=<AddBackward0>), loss_auto: tensor(0.2700, device='cuda:0', grad_fn=<AddBackward0>), loss_pre: tensor(0.3232, device='cuda:0', grad_fn=<NllLossBackward0>)[0m[0m
experiment  : INFO     [32m[32mstep: 56880 	 meta_lr 0.001000 	 training acc 0.859375 and training loss tensor(0.7571, device='cuda:0', grad_fn=<AddBackward0>), loss_auto: tensor(0.2713, device='cuda:0', grad_fn=<AddBackward0>), loss_pre: tensor(0.7299, device='cuda:0', grad_fn=<NllLossBackward0>)[0m[0m
experiment  : INFO     [32m[32mstep: 56920 	 meta_lr 0.001000 	 training acc 0.96875 and training loss tensor(0.2527, device='cuda:0', grad_fn=<AddBackward0>), loss_auto: tensor(0.2711, device='cuda:0', grad_fn=<AddBackward0>), loss_pre: tensor(0.2256, device='cuda:0', grad_fn=<NllLossBackward0>)[0m[0m
experiment  : INFO     [32m[32mstep: 56960 	 meta_lr 0.001000 	 training acc 0.921875 and training loss tensor(0.4054, device='cuda:0', grad_fn=<AddBackward0>), loss_auto: tensor(0.2699, device='cuda:0', grad_fn=<AddBackward0>), loss_pre: tensor(0.3784, device='cuda:0', grad_fn=<NllLossBackward0>)[0m[0m
experiment  : INFO     [32m[32mstep: 57000 	 meta_lr 0.001000 	 training acc 0.9375 and training loss tensor(0.2883, device='cuda:0', grad_fn=<AddBackward0>), loss_auto: tensor(0.2654, device='cuda:0', grad_fn=<AddBackward0>), loss_pre: tensor(0.2617, device='cuda:0', grad_fn=<NllLossBackward0>)[0m[0m
experiment  : INFO     [32m[32mTrain Accuracy = 0.9311203319502199[0m[0m
experiment  : INFO     [32m[32mTest Accuracy = 0.9291493775933748[0m[0m
experiment  : INFO     [32m[32mstep: 57040 	 meta_lr 0.001000 	 training acc 0.9375 and training loss tensor(0.3320, device='cuda:0', grad_fn=<AddBackward0>), loss_auto: tensor(0.2650, device='cuda:0', grad_fn=<AddBackward0>), loss_pre: tensor(0.3055, device='cuda:0', grad_fn=<NllLossBackward0>)[0m[0m
experiment  : INFO     [32m[32mstep: 57080 	 meta_lr 0.001000 	 training acc 0.890625 and training loss tensor(0.3920, device='cuda:0', grad_fn=<AddBackward0>), loss_auto: tensor(0.2687, device='cuda:0', grad_fn=<AddBackward0>), loss_pre: tensor(0.3652, device='cuda:0', grad_fn=<NllLossBackward0>)[0m[0m
experiment  : INFO     [32m[32mstep: 57120 	 meta_lr 0.001000 	 training acc 0.9375 and training loss tensor(0.3229, device='cuda:0', grad_fn=<AddBackward0>), loss_auto: tensor(0.2683, device='cuda:0', grad_fn=<AddBackward0>), loss_pre: tensor(0.2961, device='cuda:0', grad_fn=<NllLossBackward0>)[0m[0m
experiment  : INFO     [32m[32mstep: 57160 	 meta_lr 0.001000 	 training acc 0.9375 and training loss tensor(0.2651, device='cuda:0', grad_fn=<AddBackward0>), loss_auto: tensor(0.2680, device='cuda:0', grad_fn=<AddBackward0>), loss_pre: tensor(0.2383, device='cuda:0', grad_fn=<NllLossBackward0>)[0m[0m
experiment  : INFO     [32m[32mstep: 57200 	 meta_lr 0.001000 	 training acc 0.921875 and training loss tensor(0.3112, device='cuda:0', grad_fn=<AddBackward0>), loss_auto: tensor(0.2674, device='cuda:0', grad_fn=<AddBackward0>), loss_pre: tensor(0.2845, device='cuda:0', grad_fn=<NllLossBackward0>)[0m[0m
experiment  : INFO     [32m[32mstep: 57240 	 meta_lr 0.001000 	 training acc 0.890625 and training loss tensor(0.5916, device='cuda:0', grad_fn=<AddBackward0>), loss_auto: tensor(0.2655, device='cuda:0', grad_fn=<AddBackward0>), loss_pre: tensor(0.5651, device='cuda:0', grad_fn=<NllLossBackward0>)[0m[0m
experiment  : INFO     [32m[32mstep: 57280 	 meta_lr 0.001000 	 training acc 0.875 and training loss tensor(0.5933, device='cuda:0', grad_fn=<AddBackward0>), loss_auto: tensor(0.2632, device='cuda:0', grad_fn=<AddBackward0>), loss_pre: tensor(0.5670, device='cuda:0', grad_fn=<NllLossBackward0>)[0m[0m
experiment  : INFO     [32m[32mstep: 57320 	 meta_lr 0.001000 	 training acc 0.953125 and training loss tensor(0.3010, device='cuda:0', grad_fn=<AddBackward0>), loss_auto: tensor(0.2668, device='cuda:0', grad_fn=<AddBackward0>), loss_pre: tensor(0.2743, device='cuda:0', grad_fn=<NllLossBackward0>)[0m[0m
experiment  : INFO     [32m[32mstep: 57360 	 meta_lr 0.001000 	 training acc 0.96875 and training loss tensor(0.1960, device='cuda:0', grad_fn=<AddBackward0>), loss_auto: tensor(0.2661, device='cuda:0', grad_fn=<AddBackward0>), loss_pre: tensor(0.1694, device='cuda:0', grad_fn=<NllLossBackward0>)[0m[0m
experiment  : INFO     [32m[32mstep: 57400 	 meta_lr 0.001000 	 training acc 0.921875 and training loss tensor(0.4627, device='cuda:0', grad_fn=<AddBackward0>), loss_auto: tensor(0.2662, device='cuda:0', grad_fn=<AddBackward0>), loss_pre: tensor(0.4361, device='cuda:0', grad_fn=<NllLossBackward0>)[0m[0m
experiment  : INFO     [32m[32mstep: 57440 	 meta_lr 0.001000 	 training acc 0.890625 and training loss tensor(0.4368, device='cuda:0', grad_fn=<AddBackward0>), loss_auto: tensor(0.2644, device='cuda:0', grad_fn=<AddBackward0>), loss_pre: tensor(0.4104, device='cuda:0', grad_fn=<NllLossBackward0>)[0m[0m
experiment  : INFO     [32m[32mstep: 57480 	 meta_lr 0.001000 	 training acc 0.90625 and training loss tensor(0.5117, device='cuda:0', grad_fn=<AddBackward0>), loss_auto: tensor(0.2657, device='cuda:0', grad_fn=<AddBackward0>), loss_pre: tensor(0.4852, device='cuda:0', grad_fn=<NllLossBackward0>)[0m[0m
experiment  : INFO     [32m[32mTrain Accuracy = 0.9325726141078969[0m[0m
experiment  : INFO     [32m[32mTest Accuracy = 0.9315871369294735[0m[0m
experiment  : INFO     [32m[32mstep: 57520 	 meta_lr 0.001000 	 training acc 0.859375 and training loss tensor(0.9197, device='cuda:0', grad_fn=<AddBackward0>), loss_auto: tensor(0.2676, device='cuda:0', grad_fn=<AddBackward0>), loss_pre: tensor(0.8929, device='cuda:0', grad_fn=<NllLossBackward0>)[0m[0m
experiment  : INFO     [32m[32mstep: 57560 	 meta_lr 0.001000 	 training acc 0.96875 and training loss tensor(0.1714, device='cuda:0', grad_fn=<AddBackward0>), loss_auto: tensor(0.2690, device='cuda:0', grad_fn=<AddBackward0>), loss_pre: tensor(0.1444, device='cuda:0', grad_fn=<NllLossBackward0>)[0m[0m
experiment  : INFO     [32m[32mstep: 57600 	 meta_lr 0.001000 	 training acc 0.890625 and training loss tensor(0.3970, device='cuda:0', grad_fn=<AddBackward0>), loss_auto: tensor(0.2697, device='cuda:0', grad_fn=<AddBackward0>), loss_pre: tensor(0.3701, device='cuda:0', grad_fn=<NllLossBackward0>)[0m[0m
experiment  : INFO     [32m[32mstep: 57640 	 meta_lr 0.001000 	 training acc 0.9375 and training loss tensor(0.4130, device='cuda:0', grad_fn=<AddBackward0>), loss_auto: tensor(0.2689, device='cuda:0', grad_fn=<AddBackward0>), loss_pre: tensor(0.3861, device='cuda:0', grad_fn=<NllLossBackward0>)[0m[0m
experiment  : INFO     [32m[32mstep: 57680 	 meta_lr 0.001000 	 training acc 0.9375 and training loss tensor(0.3436, device='cuda:0', grad_fn=<AddBackward0>), loss_auto: tensor(0.2656, device='cuda:0', grad_fn=<AddBackward0>), loss_pre: tensor(0.3170, device='cuda:0', grad_fn=<NllLossBackward0>)[0m[0m
experiment  : INFO     [32m[32mstep: 57720 	 meta_lr 0.001000 	 training acc 0.9375 and training loss tensor(0.2361, device='cuda:0', grad_fn=<AddBackward0>), loss_auto: tensor(0.2656, device='cuda:0', grad_fn=<AddBackward0>), loss_pre: tensor(0.2096, device='cuda:0', grad_fn=<NllLossBackward0>)[0m[0m
experiment  : INFO     [32m[32mstep: 57760 	 meta_lr 0.001000 	 training acc 0.90625 and training loss tensor(0.5272, device='cuda:0', grad_fn=<AddBackward0>), loss_auto: tensor(0.2701, device='cuda:0', grad_fn=<AddBackward0>), loss_pre: tensor(0.5002, device='cuda:0', grad_fn=<NllLossBackward0>)[0m[0m
experiment  : INFO     [32m[32mstep: 57800 	 meta_lr 0.001000 	 training acc 0.90625 and training loss tensor(0.4493, device='cuda:0', grad_fn=<AddBackward0>), loss_auto: tensor(0.2719, device='cuda:0', grad_fn=<AddBackward0>), loss_pre: tensor(0.4222, device='cuda:0', grad_fn=<NllLossBackward0>)[0m[0m
experiment  : INFO     [32m[32mstep: 57840 	 meta_lr 0.001000 	 training acc 0.921875 and training loss tensor(0.4322, device='cuda:0', grad_fn=<AddBackward0>), loss_auto: tensor(0.2664, device='cuda:0', grad_fn=<AddBackward0>), loss_pre: tensor(0.4055, device='cuda:0', grad_fn=<NllLossBackward0>)[0m[0m
experiment  : INFO     [32m[32mstep: 57880 	 meta_lr 0.001000 	 training acc 0.859375 and training loss tensor(0.5932, device='cuda:0', grad_fn=<AddBackward0>), loss_auto: tensor(0.2718, device='cuda:0', grad_fn=<AddBackward0>), loss_pre: tensor(0.5660, device='cuda:0', grad_fn=<NllLossBackward0>)[0m[0m
experiment  : INFO     [32m[32mstep: 57920 	 meta_lr 0.001000 	 training acc 0.953125 and training loss tensor(0.2581, device='cuda:0', grad_fn=<AddBackward0>), loss_auto: tensor(0.2696, device='cuda:0', grad_fn=<AddBackward0>), loss_pre: tensor(0.2311, device='cuda:0', grad_fn=<NllLossBackward0>)[0m[0m
experiment  : INFO     [32m[32mstep: 57960 	 meta_lr 0.001000 	 training acc 0.890625 and training loss tensor(0.6548, device='cuda:0', grad_fn=<AddBackward0>), loss_auto: tensor(0.2671, device='cuda:0', grad_fn=<AddBackward0>), loss_pre: tensor(0.6281, device='cuda:0', grad_fn=<NllLossBackward0>)[0m[0m
experiment  : INFO     [32m[32mstep: 58000 	 meta_lr 0.001000 	 training acc 0.859375 and training loss tensor(0.7393, device='cuda:0', grad_fn=<AddBackward0>), loss_auto: tensor(0.2652, device='cuda:0', grad_fn=<AddBackward0>), loss_pre: tensor(0.7128, device='cuda:0', grad_fn=<NllLossBackward0>)[0m[0m
experiment  : INFO     [32m[32mTrain Accuracy = 0.9315871369294747[0m[0m
experiment  : INFO     [32m[32mTest Accuracy = 0.9290456431535388[0m[0m
experiment  : INFO     [32m[32mstep: 58040 	 meta_lr 0.001000 	 training acc 0.953125 and training loss tensor(0.2662, device='cuda:0', grad_fn=<AddBackward0>), loss_auto: tensor(0.2705, device='cuda:0', grad_fn=<AddBackward0>), loss_pre: tensor(0.2392, device='cuda:0', grad_fn=<NllLossBackward0>)[0m[0m
experiment  : INFO     [32m[32mstep: 58080 	 meta_lr 0.001000 	 training acc 0.875 and training loss tensor(0.5281, device='cuda:0', grad_fn=<AddBackward0>), loss_auto: tensor(0.2648, device='cuda:0', grad_fn=<AddBackward0>), loss_pre: tensor(0.5017, device='cuda:0', grad_fn=<NllLossBackward0>)[0m[0m
experiment  : INFO     [32m[32mstep: 58120 	 meta_lr 0.001000 	 training acc 0.875 and training loss tensor(0.5672, device='cuda:0', grad_fn=<AddBackward0>), loss_auto: tensor(0.2627, device='cuda:0', grad_fn=<AddBackward0>), loss_pre: tensor(0.5409, device='cuda:0', grad_fn=<NllLossBackward0>)[0m[0m
experiment  : INFO     [32m[32mstep: 58160 	 meta_lr 0.001000 	 training acc 0.96875 and training loss tensor(0.2663, device='cuda:0', grad_fn=<AddBackward0>), loss_auto: tensor(0.2677, device='cuda:0', grad_fn=<AddBackward0>), loss_pre: tensor(0.2395, device='cuda:0', grad_fn=<NllLossBackward0>)[0m[0m
experiment  : INFO     [32m[32mstep: 58200 	 meta_lr 0.001000 	 training acc 0.9375 and training loss tensor(0.3906, device='cuda:0', grad_fn=<AddBackward0>), loss_auto: tensor(0.2721, device='cuda:0', grad_fn=<AddBackward0>), loss_pre: tensor(0.3634, device='cuda:0', grad_fn=<NllLossBackward0>)[0m[0m
experiment  : INFO     [32m[32mstep: 58240 	 meta_lr 0.001000 	 training acc 0.921875 and training loss tensor(0.6592, device='cuda:0', grad_fn=<AddBackward0>), loss_auto: tensor(0.2670, device='cuda:0', grad_fn=<AddBackward0>), loss_pre: tensor(0.6325, device='cuda:0', grad_fn=<NllLossBackward0>)[0m[0m
experiment  : INFO     [32m[32mstep: 58280 	 meta_lr 0.001000 	 training acc 0.8125 and training loss tensor(0.9723, device='cuda:0', grad_fn=<AddBackward0>), loss_auto: tensor(0.2620, device='cuda:0', grad_fn=<AddBackward0>), loss_pre: tensor(0.9461, device='cuda:0', grad_fn=<NllLossBackward0>)[0m[0m
experiment  : INFO     [32m[32mstep: 58320 	 meta_lr 0.001000 	 training acc 0.90625 and training loss tensor(0.4638, device='cuda:0', grad_fn=<AddBackward0>), loss_auto: tensor(0.2677, device='cuda:0', grad_fn=<AddBackward0>), loss_pre: tensor(0.4371, device='cuda:0', grad_fn=<NllLossBackward0>)[0m[0m
experiment  : INFO     [32m[32mstep: 58360 	 meta_lr 0.001000 	 training acc 0.9375 and training loss tensor(0.2550, device='cuda:0', grad_fn=<AddBackward0>), loss_auto: tensor(0.2700, device='cuda:0', grad_fn=<AddBackward0>), loss_pre: tensor(0.2280, device='cuda:0', grad_fn=<NllLossBackward0>)[0m[0m
experiment  : INFO     [32m[32mstep: 58400 	 meta_lr 0.001000 	 training acc 0.921875 and training loss tensor(0.3805, device='cuda:0', grad_fn=<AddBackward0>), loss_auto: tensor(0.2658, device='cuda:0', grad_fn=<AddBackward0>), loss_pre: tensor(0.3539, device='cuda:0', grad_fn=<NllLossBackward0>)[0m[0m
experiment  : INFO     [32m[32mstep: 58440 	 meta_lr 0.001000 	 training acc 0.90625 and training loss tensor(0.4502, device='cuda:0', grad_fn=<AddBackward0>), loss_auto: tensor(0.2697, device='cuda:0', grad_fn=<AddBackward0>), loss_pre: tensor(0.4232, device='cuda:0', grad_fn=<NllLossBackward0>)[0m[0m
experiment  : INFO     [32m[32mstep: 58480 	 meta_lr 0.001000 	 training acc 0.953125 and training loss tensor(0.2685, device='cuda:0', grad_fn=<AddBackward0>), loss_auto: tensor(0.2684, device='cuda:0', grad_fn=<AddBackward0>), loss_pre: tensor(0.2417, device='cuda:0', grad_fn=<NllLossBackward0>)[0m[0m
experiment  : INFO     [32m[32mTrain Accuracy = 0.9356846473029182[0m[0m
experiment  : INFO     [32m[32mTest Accuracy = 0.9343360995850752[0m[0m
experiment  : INFO     [32m[32mstep: 58520 	 meta_lr 0.001000 	 training acc 0.890625 and training loss tensor(0.6861, device='cuda:0', grad_fn=<AddBackward0>), loss_auto: tensor(0.2666, device='cuda:0', grad_fn=<AddBackward0>), loss_pre: tensor(0.6595, device='cuda:0', grad_fn=<NllLossBackward0>)[0m[0m
experiment  : INFO     [32m[32mstep: 58560 	 meta_lr 0.001000 	 training acc 0.9375 and training loss tensor(0.1829, device='cuda:0', grad_fn=<AddBackward0>), loss_auto: tensor(0.2644, device='cuda:0', grad_fn=<AddBackward0>), loss_pre: tensor(0.1565, device='cuda:0', grad_fn=<NllLossBackward0>)[0m[0m
experiment  : INFO     [32m[32mstep: 58600 	 meta_lr 0.001000 	 training acc 0.890625 and training loss tensor(0.7516, device='cuda:0', grad_fn=<AddBackward0>), loss_auto: tensor(0.2689, device='cuda:0', grad_fn=<AddBackward0>), loss_pre: tensor(0.7248, device='cuda:0', grad_fn=<NllLossBackward0>)[0m[0m
experiment  : INFO     [32m[32mstep: 58640 	 meta_lr 0.001000 	 training acc 0.953125 and training loss tensor(0.2677, device='cuda:0', grad_fn=<AddBackward0>), loss_auto: tensor(0.2675, device='cuda:0', grad_fn=<AddBackward0>), loss_pre: tensor(0.2410, device='cuda:0', grad_fn=<NllLossBackward0>)[0m[0m
experiment  : INFO     [32m[32mstep: 58680 	 meta_lr 0.001000 	 training acc 0.921875 and training loss tensor(0.4770, device='cuda:0', grad_fn=<AddBackward0>), loss_auto: tensor(0.2688, device='cuda:0', grad_fn=<AddBackward0>), loss_pre: tensor(0.4502, device='cuda:0', grad_fn=<NllLossBackward0>)[0m[0m
experiment  : INFO     [32m[32mstep: 58720 	 meta_lr 0.001000 	 training acc 0.9375 and training loss tensor(0.3984, device='cuda:0', grad_fn=<AddBackward0>), loss_auto: tensor(0.2713, device='cuda:0', grad_fn=<AddBackward0>), loss_pre: tensor(0.3713, device='cuda:0', grad_fn=<NllLossBackward0>)[0m[0m
experiment  : INFO     [32m[32mstep: 58760 	 meta_lr 0.001000 	 training acc 0.9375 and training loss tensor(0.2996, device='cuda:0', grad_fn=<AddBackward0>), loss_auto: tensor(0.2698, device='cuda:0', grad_fn=<AddBackward0>), loss_pre: tensor(0.2726, device='cuda:0', grad_fn=<NllLossBackward0>)[0m[0m
experiment  : INFO     [32m[32mstep: 58800 	 meta_lr 0.001000 	 training acc 0.78125 and training loss tensor(0.9952, device='cuda:0', grad_fn=<AddBackward0>), loss_auto: tensor(0.2639, device='cuda:0', grad_fn=<AddBackward0>), loss_pre: tensor(0.9688, device='cuda:0', grad_fn=<NllLossBackward0>)[0m[0m
experiment  : INFO     [32m[32mstep: 58840 	 meta_lr 0.001000 	 training acc 0.953125 and training loss tensor(0.2050, device='cuda:0', grad_fn=<AddBackward0>), loss_auto: tensor(0.2695, device='cuda:0', grad_fn=<AddBackward0>), loss_pre: tensor(0.1780, device='cuda:0', grad_fn=<NllLossBackward0>)[0m[0m
experiment  : INFO     [32m[32mstep: 58880 	 meta_lr 0.001000 	 training acc 0.890625 and training loss tensor(0.7531, device='cuda:0', grad_fn=<AddBackward0>), loss_auto: tensor(0.2651, device='cuda:0', grad_fn=<AddBackward0>), loss_pre: tensor(0.7266, device='cuda:0', grad_fn=<NllLossBackward0>)[0m[0m
experiment  : INFO     [32m[32mstep: 58920 	 meta_lr 0.001000 	 training acc 0.890625 and training loss tensor(0.8127, device='cuda:0', grad_fn=<AddBackward0>), loss_auto: tensor(0.2673, device='cuda:0', grad_fn=<AddBackward0>), loss_pre: tensor(0.7860, device='cuda:0', grad_fn=<NllLossBackward0>)[0m[0m
experiment  : INFO     [32m[32mstep: 58960 	 meta_lr 0.001000 	 training acc 0.953125 and training loss tensor(0.3191, device='cuda:0', grad_fn=<AddBackward0>), loss_auto: tensor(0.2699, device='cuda:0', grad_fn=<AddBackward0>), loss_pre: tensor(0.2921, device='cuda:0', grad_fn=<NllLossBackward0>)[0m[0m
experiment  : INFO     [32m[32mstep: 59000 	 meta_lr 0.001000 	 training acc 0.953125 and training loss tensor(0.2595, device='cuda:0', grad_fn=<AddBackward0>), loss_auto: tensor(0.2695, device='cuda:0', grad_fn=<AddBackward0>), loss_pre: tensor(0.2326, device='cuda:0', grad_fn=<NllLossBackward0>)[0m[0m
experiment  : INFO     [32m[32mTrain Accuracy = 0.9302904564315477[0m[0m
experiment  : INFO     [32m[32mTest Accuracy = 0.9306016597510508[0m[0m
experiment  : INFO     [32m[32mstep: 59040 	 meta_lr 0.001000 	 training acc 0.890625 and training loss tensor(0.5144, device='cuda:0', grad_fn=<AddBackward0>), loss_auto: tensor(0.2654, device='cuda:0', grad_fn=<AddBackward0>), loss_pre: tensor(0.4878, device='cuda:0', grad_fn=<NllLossBackward0>)[0m[0m
experiment  : INFO     [32m[32mstep: 59080 	 meta_lr 0.001000 	 training acc 0.953125 and training loss tensor(0.3178, device='cuda:0', grad_fn=<AddBackward0>), loss_auto: tensor(0.2643, device='cuda:0', grad_fn=<AddBackward0>), loss_pre: tensor(0.2913, device='cuda:0', grad_fn=<NllLossBackward0>)[0m[0m
experiment  : INFO     [32m[32mstep: 59120 	 meta_lr 0.001000 	 training acc 0.875 and training loss tensor(1.0910, device='cuda:0', grad_fn=<AddBackward0>), loss_auto: tensor(0.2638, device='cuda:0', grad_fn=<AddBackward0>), loss_pre: tensor(1.0647, device='cuda:0', grad_fn=<NllLossBackward0>)[0m[0m
experiment  : INFO     [32m[32mstep: 59160 	 meta_lr 0.001000 	 training acc 0.9375 and training loss tensor(0.3113, device='cuda:0', grad_fn=<AddBackward0>), loss_auto: tensor(0.2705, device='cuda:0', grad_fn=<AddBackward0>), loss_pre: tensor(0.2843, device='cuda:0', grad_fn=<NllLossBackward0>)[0m[0m
experiment  : INFO     [32m[32mstep: 59200 	 meta_lr 0.001000 	 training acc 0.96875 and training loss tensor(0.2403, device='cuda:0', grad_fn=<AddBackward0>), loss_auto: tensor(0.2711, device='cuda:0', grad_fn=<AddBackward0>), loss_pre: tensor(0.2132, device='cuda:0', grad_fn=<NllLossBackward0>)[0m[0m
experiment  : INFO     [32m[32mstep: 59240 	 meta_lr 0.001000 	 training acc 0.9375 and training loss tensor(0.3855, device='cuda:0', grad_fn=<AddBackward0>), loss_auto: tensor(0.2677, device='cuda:0', grad_fn=<AddBackward0>), loss_pre: tensor(0.3587, device='cuda:0', grad_fn=<NllLossBackward0>)[0m[0m
experiment  : INFO     [32m[32mstep: 59280 	 meta_lr 0.001000 	 training acc 0.90625 and training loss tensor(0.3669, device='cuda:0', grad_fn=<AddBackward0>), loss_auto: tensor(0.2725, device='cuda:0', grad_fn=<AddBackward0>), loss_pre: tensor(0.3397, device='cuda:0', grad_fn=<NllLossBackward0>)[0m[0m
experiment  : INFO     [32m[32mstep: 59320 	 meta_lr 0.001000 	 training acc 0.953125 and training loss tensor(0.4831, device='cuda:0', grad_fn=<AddBackward0>), loss_auto: tensor(0.2712, device='cuda:0', grad_fn=<AddBackward0>), loss_pre: tensor(0.4560, device='cuda:0', grad_fn=<NllLossBackward0>)[0m[0m
experiment  : INFO     [32m[32mstep: 59360 	 meta_lr 0.001000 	 training acc 0.90625 and training loss tensor(0.4465, device='cuda:0', grad_fn=<AddBackward0>), loss_auto: tensor(0.2684, device='cuda:0', grad_fn=<AddBackward0>), loss_pre: tensor(0.4196, device='cuda:0', grad_fn=<NllLossBackward0>)[0m[0m
experiment  : INFO     [32m[32mstep: 59400 	 meta_lr 0.001000 	 training acc 0.890625 and training loss tensor(0.5735, device='cuda:0', grad_fn=<AddBackward0>), loss_auto: tensor(0.2683, device='cuda:0', grad_fn=<AddBackward0>), loss_pre: tensor(0.5467, device='cuda:0', grad_fn=<NllLossBackward0>)[0m[0m
experiment  : INFO     [32m[32mstep: 59440 	 meta_lr 0.001000 	 training acc 0.890625 and training loss tensor(0.6888, device='cuda:0', grad_fn=<AddBackward0>), loss_auto: tensor(0.2701, device='cuda:0', grad_fn=<AddBackward0>), loss_pre: tensor(0.6618, device='cuda:0', grad_fn=<NllLossBackward0>)[0m[0m
experiment  : INFO     [32m[32mstep: 59480 	 meta_lr 0.001000 	 training acc 0.875 and training loss tensor(0.6069, device='cuda:0', grad_fn=<AddBackward0>), loss_auto: tensor(0.2702, device='cuda:0', grad_fn=<AddBackward0>), loss_pre: tensor(0.5799, device='cuda:0', grad_fn=<NllLossBackward0>)[0m[0m
experiment  : INFO     [32m[32mTrain Accuracy = 0.9383817427386002[0m[0m
experiment  : INFO     [32m[32mTest Accuracy = 0.9376556016597626[0m[0m
experiment  : INFO     [32m[32mstep: 59520 	 meta_lr 0.001000 	 training acc 0.9375 and training loss tensor(0.5309, device='cuda:0', grad_fn=<AddBackward0>), loss_auto: tensor(0.2664, device='cuda:0', grad_fn=<AddBackward0>), loss_pre: tensor(0.5042, device='cuda:0', grad_fn=<NllLossBackward0>)[0m[0m
experiment  : INFO     [32m[32mstep: 59560 	 meta_lr 0.001000 	 training acc 0.859375 and training loss tensor(0.9292, device='cuda:0', grad_fn=<AddBackward0>), loss_auto: tensor(0.2660, device='cuda:0', grad_fn=<AddBackward0>), loss_pre: tensor(0.9026, device='cuda:0', grad_fn=<NllLossBackward0>)[0m[0m
experiment  : INFO     [32m[32mstep: 59600 	 meta_lr 0.001000 	 training acc 0.875 and training loss tensor(0.7317, device='cuda:0', grad_fn=<AddBackward0>), loss_auto: tensor(0.2655, device='cuda:0', grad_fn=<AddBackward0>), loss_pre: tensor(0.7051, device='cuda:0', grad_fn=<NllLossBackward0>)[0m[0m
experiment  : INFO     [32m[32mstep: 59640 	 meta_lr 0.001000 	 training acc 0.96875 and training loss tensor(0.2511, device='cuda:0', grad_fn=<AddBackward0>), loss_auto: tensor(0.2682, device='cuda:0', grad_fn=<AddBackward0>), loss_pre: tensor(0.2243, device='cuda:0', grad_fn=<NllLossBackward0>)[0m[0m
experiment  : INFO     [32m[32mstep: 59680 	 meta_lr 0.001000 	 training acc 0.9375 and training loss tensor(0.2223, device='cuda:0', grad_fn=<AddBackward0>), loss_auto: tensor(0.2698, device='cuda:0', grad_fn=<AddBackward0>), loss_pre: tensor(0.1953, device='cuda:0', grad_fn=<NllLossBackward0>)[0m[0m
experiment  : INFO     [32m[32mstep: 59720 	 meta_lr 0.001000 	 training acc 0.90625 and training loss tensor(0.4236, device='cuda:0', grad_fn=<AddBackward0>), loss_auto: tensor(0.2689, device='cuda:0', grad_fn=<AddBackward0>), loss_pre: tensor(0.3967, device='cuda:0', grad_fn=<NllLossBackward0>)[0m[0m
experiment  : INFO     [32m[32mstep: 59760 	 meta_lr 0.001000 	 training acc 0.9375 and training loss tensor(0.3045, device='cuda:0', grad_fn=<AddBackward0>), loss_auto: tensor(0.2723, device='cuda:0', grad_fn=<AddBackward0>), loss_pre: tensor(0.2773, device='cuda:0', grad_fn=<NllLossBackward0>)[0m[0m
experiment  : INFO     [32m[32mstep: 59800 	 meta_lr 0.001000 	 training acc 0.9375 and training loss tensor(0.3946, device='cuda:0', grad_fn=<AddBackward0>), loss_auto: tensor(0.2715, device='cuda:0', grad_fn=<AddBackward0>), loss_pre: tensor(0.3674, device='cuda:0', grad_fn=<NllLossBackward0>)[0m[0m
experiment  : INFO     [32m[32mstep: 59840 	 meta_lr 0.001000 	 training acc 0.9375 and training loss tensor(0.3385, device='cuda:0', grad_fn=<AddBackward0>), loss_auto: tensor(0.2612, device='cuda:0', grad_fn=<AddBackward0>), loss_pre: tensor(0.3123, device='cuda:0', grad_fn=<NllLossBackward0>)[0m[0m
experiment  : INFO     [32m[32mstep: 59880 	 meta_lr 0.001000 	 training acc 0.765625 and training loss tensor(1.2418, device='cuda:0', grad_fn=<AddBackward0>), loss_auto: tensor(0.2671, device='cuda:0', grad_fn=<AddBackward0>), loss_pre: tensor(1.2151, device='cuda:0', grad_fn=<NllLossBackward0>)[0m[0m
experiment  : INFO     [32m[32mstep: 59920 	 meta_lr 0.001000 	 training acc 0.90625 and training loss tensor(0.7364, device='cuda:0', grad_fn=<AddBackward0>), loss_auto: tensor(0.2682, device='cuda:0', grad_fn=<AddBackward0>), loss_pre: tensor(0.7095, device='cuda:0', grad_fn=<NllLossBackward0>)[0m[0m
experiment  : INFO     [32m[32mstep: 59960 	 meta_lr 0.001000 	 training acc 0.921875 and training loss tensor(0.2928, device='cuda:0', grad_fn=<AddBackward0>), loss_auto: tensor(0.2679, device='cuda:0', grad_fn=<AddBackward0>), loss_pre: tensor(0.2660, device='cuda:0', grad_fn=<NllLossBackward0>)[0m[0m
experiment  : INFO     [32m[32mstep: 60000 	 meta_lr 0.001000 	 training acc 0.921875 and training loss tensor(0.3051, device='cuda:0', grad_fn=<AddBackward0>), loss_auto: tensor(0.2711, device='cuda:0', grad_fn=<AddBackward0>), loss_pre: tensor(0.2780, device='cuda:0', grad_fn=<NllLossBackward0>)[0m[0m
experiment  : INFO     [32m[32mTrain Accuracy = 0.9343360995850755[0m[0m
experiment  : INFO     [32m[32mTest Accuracy = 0.9358402489626688[0m[0m
experiment  : INFO     [32m[32mstep: 60040 	 meta_lr 0.001000 	 training acc 0.921875 and training loss tensor(0.2772, device='cuda:0', grad_fn=<AddBackward0>), loss_auto: tensor(0.2667, device='cuda:0', grad_fn=<AddBackward0>), loss_pre: tensor(0.2506, device='cuda:0', grad_fn=<NllLossBackward0>)[0m[0m
experiment  : INFO     [32m[32mstep: 60080 	 meta_lr 0.001000 	 training acc 0.90625 and training loss tensor(0.3165, device='cuda:0', grad_fn=<AddBackward0>), loss_auto: tensor(0.2710, device='cuda:0', grad_fn=<AddBackward0>), loss_pre: tensor(0.2894, device='cuda:0', grad_fn=<NllLossBackward0>)[0m[0m
experiment  : INFO     [32m[32mstep: 60120 	 meta_lr 0.001000 	 training acc 0.859375 and training loss tensor(0.4524, device='cuda:0', grad_fn=<AddBackward0>), loss_auto: tensor(0.2709, device='cuda:0', grad_fn=<AddBackward0>), loss_pre: tensor(0.4253, device='cuda:0', grad_fn=<NllLossBackward0>)[0m[0m
experiment  : INFO     [32m[32mstep: 60160 	 meta_lr 0.001000 	 training acc 0.78125 and training loss tensor(1.2556, device='cuda:0', grad_fn=<AddBackward0>), loss_auto: tensor(0.2704, device='cuda:0', grad_fn=<AddBackward0>), loss_pre: tensor(1.2286, device='cuda:0', grad_fn=<NllLossBackward0>)[0m[0m
experiment  : INFO     [32m[32mstep: 60200 	 meta_lr 0.001000 	 training acc 0.953125 and training loss tensor(0.3359, device='cuda:0', grad_fn=<AddBackward0>), loss_auto: tensor(0.2647, device='cuda:0', grad_fn=<AddBackward0>), loss_pre: tensor(0.3095, device='cuda:0', grad_fn=<NllLossBackward0>)[0m[0m
experiment  : INFO     [32m[32mstep: 60240 	 meta_lr 0.001000 	 training acc 0.859375 and training loss tensor(0.7888, device='cuda:0', grad_fn=<AddBackward0>), loss_auto: tensor(0.2705, device='cuda:0', grad_fn=<AddBackward0>), loss_pre: tensor(0.7617, device='cuda:0', grad_fn=<NllLossBackward0>)[0m[0m
experiment  : INFO     [32m[32mstep: 60280 	 meta_lr 0.001000 	 training acc 0.953125 and training loss tensor(0.1533, device='cuda:0', grad_fn=<AddBackward0>), loss_auto: tensor(0.2664, device='cuda:0', grad_fn=<AddBackward0>), loss_pre: tensor(0.1267, device='cuda:0', grad_fn=<NllLossBackward0>)[0m[0m
experiment  : INFO     [32m[32mstep: 60320 	 meta_lr 0.001000 	 training acc 0.890625 and training loss tensor(0.3856, device='cuda:0', grad_fn=<AddBackward0>), loss_auto: tensor(0.2701, device='cuda:0', grad_fn=<AddBackward0>), loss_pre: tensor(0.3585, device='cuda:0', grad_fn=<NllLossBackward0>)[0m[0m
experiment  : INFO     [32m[32mstep: 60360 	 meta_lr 0.001000 	 training acc 0.8125 and training loss tensor(1.5663, device='cuda:0', grad_fn=<AddBackward0>), loss_auto: tensor(0.2700, device='cuda:0', grad_fn=<AddBackward0>), loss_pre: tensor(1.5393, device='cuda:0', grad_fn=<NllLossBackward0>)[0m[0m
experiment  : INFO     [32m[32mstep: 60400 	 meta_lr 0.001000 	 training acc 0.953125 and training loss tensor(0.2670, device='cuda:0', grad_fn=<AddBackward0>), loss_auto: tensor(0.2708, device='cuda:0', grad_fn=<AddBackward0>), loss_pre: tensor(0.2399, device='cuda:0', grad_fn=<NllLossBackward0>)[0m[0m
experiment  : INFO     [32m[32mstep: 60440 	 meta_lr 0.001000 	 training acc 0.96875 and training loss tensor(0.1171, device='cuda:0', grad_fn=<AddBackward0>), loss_auto: tensor(0.2703, device='cuda:0', grad_fn=<AddBackward0>), loss_pre: tensor(0.0901, device='cuda:0', grad_fn=<NllLossBackward0>)[0m[0m
experiment  : INFO     [32m[32mstep: 60480 	 meta_lr 0.001000 	 training acc 0.984375 and training loss tensor(0.1281, device='cuda:0', grad_fn=<AddBackward0>), loss_auto: tensor(0.2701, device='cuda:0', grad_fn=<AddBackward0>), loss_pre: tensor(0.1011, device='cuda:0', grad_fn=<NllLossBackward0>)[0m[0m
experiment  : INFO     [32m[32mTrain Accuracy = 0.9341804979253242[0m[0m
experiment  : INFO     [32m[32mTest Accuracy = 0.932831950207482[0m[0m
experiment  : INFO     [32m[32mstep: 60520 	 meta_lr 0.001000 	 training acc 0.921875 and training loss tensor(0.4465, device='cuda:0', grad_fn=<AddBackward0>), loss_auto: tensor(0.2686, device='cuda:0', grad_fn=<AddBackward0>), loss_pre: tensor(0.4196, device='cuda:0', grad_fn=<NllLossBackward0>)[0m[0m
experiment  : INFO     [32m[32mstep: 60560 	 meta_lr 0.001000 	 training acc 0.9375 and training loss tensor(0.5438, device='cuda:0', grad_fn=<AddBackward0>), loss_auto: tensor(0.2694, device='cuda:0', grad_fn=<AddBackward0>), loss_pre: tensor(0.5169, device='cuda:0', grad_fn=<NllLossBackward0>)[0m[0m
experiment  : INFO     [32m[32mstep: 60600 	 meta_lr 0.001000 	 training acc 0.96875 and training loss tensor(0.1622, device='cuda:0', grad_fn=<AddBackward0>), loss_auto: tensor(0.2705, device='cuda:0', grad_fn=<AddBackward0>), loss_pre: tensor(0.1351, device='cuda:0', grad_fn=<NllLossBackward0>)[0m[0m
experiment  : INFO     [32m[32mstep: 60640 	 meta_lr 0.001000 	 training acc 0.953125 and training loss tensor(0.2282, device='cuda:0', grad_fn=<AddBackward0>), loss_auto: tensor(0.2649, device='cuda:0', grad_fn=<AddBackward0>), loss_pre: tensor(0.2017, device='cuda:0', grad_fn=<NllLossBackward0>)[0m[0m
experiment  : INFO     [32m[32mstep: 60680 	 meta_lr 0.001000 	 training acc 0.921875 and training loss tensor(0.4374, device='cuda:0', grad_fn=<AddBackward0>), loss_auto: tensor(0.2695, device='cuda:0', grad_fn=<AddBackward0>), loss_pre: tensor(0.4104, device='cuda:0', grad_fn=<NllLossBackward0>)[0m[0m
experiment  : INFO     [32m[32mstep: 60720 	 meta_lr 0.001000 	 training acc 0.890625 and training loss tensor(0.6045, device='cuda:0', grad_fn=<AddBackward0>), loss_auto: tensor(0.2675, device='cuda:0', grad_fn=<AddBackward0>), loss_pre: tensor(0.5778, device='cuda:0', grad_fn=<NllLossBackward0>)[0m[0m
experiment  : INFO     [32m[32mstep: 60760 	 meta_lr 0.001000 	 training acc 0.953125 and training loss tensor(0.3718, device='cuda:0', grad_fn=<AddBackward0>), loss_auto: tensor(0.2692, device='cuda:0', grad_fn=<AddBackward0>), loss_pre: tensor(0.3449, device='cuda:0', grad_fn=<NllLossBackward0>)[0m[0m
experiment  : INFO     [32m[32mstep: 60800 	 meta_lr 0.001000 	 training acc 0.9375 and training loss tensor(0.2879, device='cuda:0', grad_fn=<AddBackward0>), loss_auto: tensor(0.2739, device='cuda:0', grad_fn=<AddBackward0>), loss_pre: tensor(0.2605, device='cuda:0', grad_fn=<NllLossBackward0>)[0m[0m
experiment  : INFO     [32m[32mstep: 60840 	 meta_lr 0.001000 	 training acc 0.890625 and training loss tensor(0.3628, device='cuda:0', grad_fn=<AddBackward0>), loss_auto: tensor(0.2646, device='cuda:0', grad_fn=<AddBackward0>), loss_pre: tensor(0.3364, device='cuda:0', grad_fn=<NllLossBackward0>)[0m[0m
experiment  : INFO     [32m[32mstep: 60880 	 meta_lr 0.001000 	 training acc 0.90625 and training loss tensor(0.5388, device='cuda:0', grad_fn=<AddBackward0>), loss_auto: tensor(0.2686, device='cuda:0', grad_fn=<AddBackward0>), loss_pre: tensor(0.5120, device='cuda:0', grad_fn=<NllLossBackward0>)[0m[0m
experiment  : INFO     [32m[32mstep: 60920 	 meta_lr 0.001000 	 training acc 0.953125 and training loss tensor(0.2583, device='cuda:0', grad_fn=<AddBackward0>), loss_auto: tensor(0.2660, device='cuda:0', grad_fn=<AddBackward0>), loss_pre: tensor(0.2317, device='cuda:0', grad_fn=<NllLossBackward0>)[0m[0m
experiment  : INFO     [32m[32mstep: 60960 	 meta_lr 0.001000 	 training acc 0.984375 and training loss tensor(0.2216, device='cuda:0', grad_fn=<AddBackward0>), loss_auto: tensor(0.2670, device='cuda:0', grad_fn=<AddBackward0>), loss_pre: tensor(0.1949, device='cuda:0', grad_fn=<NllLossBackward0>)[0m[0m
experiment  : INFO     [32m[32mstep: 61000 	 meta_lr 0.001000 	 training acc 0.9375 and training loss tensor(0.8273, device='cuda:0', grad_fn=<AddBackward0>), loss_auto: tensor(0.2644, device='cuda:0', grad_fn=<AddBackward0>), loss_pre: tensor(0.8009, device='cuda:0', grad_fn=<NllLossBackward0>)[0m[0m
experiment  : INFO     [32m[32mTrain Accuracy = 0.9305497925311329[0m[0m
experiment  : INFO     [32m[32mTest Accuracy = 0.9309128630705518[0m[0m
experiment  : INFO     [32m[32mstep: 61040 	 meta_lr 0.001000 	 training acc 0.875 and training loss tensor(1.1112, device='cuda:0', grad_fn=<AddBackward0>), loss_auto: tensor(0.2664, device='cuda:0', grad_fn=<AddBackward0>), loss_pre: tensor(1.0846, device='cuda:0', grad_fn=<NllLossBackward0>)[0m[0m
experiment  : INFO     [32m[32mstep: 61080 	 meta_lr 0.001000 	 training acc 0.953125 and training loss tensor(0.2540, device='cuda:0', grad_fn=<AddBackward0>), loss_auto: tensor(0.2675, device='cuda:0', grad_fn=<AddBackward0>), loss_pre: tensor(0.2272, device='cuda:0', grad_fn=<NllLossBackward0>)[0m[0m
experiment  : INFO     [32m[32mstep: 61120 	 meta_lr 0.001000 	 training acc 0.90625 and training loss tensor(0.4143, device='cuda:0', grad_fn=<AddBackward0>), loss_auto: tensor(0.2693, device='cuda:0', grad_fn=<AddBackward0>), loss_pre: tensor(0.3874, device='cuda:0', grad_fn=<NllLossBackward0>)[0m[0m
experiment  : INFO     [32m[32mstep: 61160 	 meta_lr 0.001000 	 training acc 0.90625 and training loss tensor(0.4557, device='cuda:0', grad_fn=<AddBackward0>), loss_auto: tensor(0.2668, device='cuda:0', grad_fn=<AddBackward0>), loss_pre: tensor(0.4291, device='cuda:0', grad_fn=<NllLossBackward0>)[0m[0m
experiment  : INFO     [32m[32mstep: 61200 	 meta_lr 0.001000 	 training acc 0.90625 and training loss tensor(0.3103, device='cuda:0', grad_fn=<AddBackward0>), loss_auto: tensor(0.2703, device='cuda:0', grad_fn=<AddBackward0>), loss_pre: tensor(0.2832, device='cuda:0', grad_fn=<NllLossBackward0>)[0m[0m
experiment  : INFO     [32m[32mstep: 61240 	 meta_lr 0.001000 	 training acc 0.890625 and training loss tensor(0.6475, device='cuda:0', grad_fn=<AddBackward0>), loss_auto: tensor(0.2679, device='cuda:0', grad_fn=<AddBackward0>), loss_pre: tensor(0.6208, device='cuda:0', grad_fn=<NllLossBackward0>)[0m[0m
experiment  : INFO     [32m[32mstep: 61280 	 meta_lr 0.001000 	 training acc 0.875 and training loss tensor(0.3575, device='cuda:0', grad_fn=<AddBackward0>), loss_auto: tensor(0.2646, device='cuda:0', grad_fn=<AddBackward0>), loss_pre: tensor(0.3310, device='cuda:0', grad_fn=<NllLossBackward0>)[0m[0m
experiment  : INFO     [32m[32mstep: 61320 	 meta_lr 0.001000 	 training acc 0.953125 and training loss tensor(0.2585, device='cuda:0', grad_fn=<AddBackward0>), loss_auto: tensor(0.2679, device='cuda:0', grad_fn=<AddBackward0>), loss_pre: tensor(0.2317, device='cuda:0', grad_fn=<NllLossBackward0>)[0m[0m
experiment  : INFO     [32m[32mstep: 61360 	 meta_lr 0.001000 	 training acc 0.96875 and training loss tensor(0.2099, device='cuda:0', grad_fn=<AddBackward0>), loss_auto: tensor(0.2717, device='cuda:0', grad_fn=<AddBackward0>), loss_pre: tensor(0.1827, device='cuda:0', grad_fn=<NllLossBackward0>)[0m[0m
experiment  : INFO     [32m[32mstep: 61400 	 meta_lr 0.001000 	 training acc 0.984375 and training loss tensor(0.1107, device='cuda:0', grad_fn=<AddBackward0>), loss_auto: tensor(0.2724, device='cuda:0', grad_fn=<AddBackward0>), loss_pre: tensor(0.0835, device='cuda:0', grad_fn=<NllLossBackward0>)[0m[0m
experiment  : INFO     [32m[32mstep: 61440 	 meta_lr 0.001000 	 training acc 0.96875 and training loss tensor(0.2446, device='cuda:0', grad_fn=<AddBackward0>), loss_auto: tensor(0.2702, device='cuda:0', grad_fn=<AddBackward0>), loss_pre: tensor(0.2175, device='cuda:0', grad_fn=<NllLossBackward0>)[0m[0m
experiment  : INFO     [32m[32mstep: 61480 	 meta_lr 0.001000 	 training acc 0.953125 and training loss tensor(0.2442, device='cuda:0', grad_fn=<AddBackward0>), loss_auto: tensor(0.2704, device='cuda:0', grad_fn=<AddBackward0>), loss_pre: tensor(0.2172, device='cuda:0', grad_fn=<NllLossBackward0>)[0m[0m
experiment  : INFO     [32m[32mTrain Accuracy = 0.9339730290456566[0m[0m
experiment  : INFO     [32m[32mTest Accuracy = 0.9332468879668171[0m[0m
experiment  : INFO     [32m[32mstep: 61520 	 meta_lr 0.001000 	 training acc 0.9375 and training loss tensor(0.3784, device='cuda:0', grad_fn=<AddBackward0>), loss_auto: tensor(0.2704, device='cuda:0', grad_fn=<AddBackward0>), loss_pre: tensor(0.3513, device='cuda:0', grad_fn=<NllLossBackward0>)[0m[0m
experiment  : INFO     [32m[32mstep: 61560 	 meta_lr 0.001000 	 training acc 0.953125 and training loss tensor(0.3872, device='cuda:0', grad_fn=<AddBackward0>), loss_auto: tensor(0.2679, device='cuda:0', grad_fn=<AddBackward0>), loss_pre: tensor(0.3604, device='cuda:0', grad_fn=<NllLossBackward0>)[0m[0m
experiment  : INFO     [32m[32mstep: 61600 	 meta_lr 0.001000 	 training acc 0.9375 and training loss tensor(0.3462, device='cuda:0', grad_fn=<AddBackward0>), loss_auto: tensor(0.2693, device='cuda:0', grad_fn=<AddBackward0>), loss_pre: tensor(0.3193, device='cuda:0', grad_fn=<NllLossBackward0>)[0m[0m
experiment  : INFO     [32m[32mstep: 61640 	 meta_lr 0.001000 	 training acc 0.953125 and training loss tensor(0.3482, device='cuda:0', grad_fn=<AddBackward0>), loss_auto: tensor(0.2677, device='cuda:0', grad_fn=<AddBackward0>), loss_pre: tensor(0.3215, device='cuda:0', grad_fn=<NllLossBackward0>)[0m[0m
experiment  : INFO     [32m[32mstep: 61680 	 meta_lr 0.001000 	 training acc 0.875 and training loss tensor(0.5553, device='cuda:0', grad_fn=<AddBackward0>), loss_auto: tensor(0.2719, device='cuda:0', grad_fn=<AddBackward0>), loss_pre: tensor(0.5281, device='cuda:0', grad_fn=<NllLossBackward0>)[0m[0m
experiment  : INFO     [32m[32mstep: 61720 	 meta_lr 0.001000 	 training acc 0.859375 and training loss tensor(0.6895, device='cuda:0', grad_fn=<AddBackward0>), loss_auto: tensor(0.2685, device='cuda:0', grad_fn=<AddBackward0>), loss_pre: tensor(0.6626, device='cuda:0', grad_fn=<NllLossBackward0>)[0m[0m
experiment  : INFO     [32m[32mstep: 61760 	 meta_lr 0.001000 	 training acc 0.9375 and training loss tensor(0.4143, device='cuda:0', grad_fn=<AddBackward0>), loss_auto: tensor(0.2751, device='cuda:0', grad_fn=<AddBackward0>), loss_pre: tensor(0.3868, device='cuda:0', grad_fn=<NllLossBackward0>)[0m[0m
experiment  : INFO     [32m[32mstep: 61800 	 meta_lr 0.001000 	 training acc 0.90625 and training loss tensor(0.4053, device='cuda:0', grad_fn=<AddBackward0>), loss_auto: tensor(0.2694, device='cuda:0', grad_fn=<AddBackward0>), loss_pre: tensor(0.3784, device='cuda:0', grad_fn=<NllLossBackward0>)[0m[0m
experiment  : INFO     [32m[32mstep: 61840 	 meta_lr 0.001000 	 training acc 0.875 and training loss tensor(0.4745, device='cuda:0', grad_fn=<AddBackward0>), loss_auto: tensor(0.2692, device='cuda:0', grad_fn=<AddBackward0>), loss_pre: tensor(0.4476, device='cuda:0', grad_fn=<NllLossBackward0>)[0m[0m
experiment  : INFO     [32m[32mstep: 61880 	 meta_lr 0.001000 	 training acc 0.953125 and training loss tensor(0.2250, device='cuda:0', grad_fn=<AddBackward0>), loss_auto: tensor(0.2641, device='cuda:0', grad_fn=<AddBackward0>), loss_pre: tensor(0.1986, device='cuda:0', grad_fn=<NllLossBackward0>)[0m[0m
experiment  : INFO     [32m[32mstep: 61920 	 meta_lr 0.001000 	 training acc 0.90625 and training loss tensor(0.5806, device='cuda:0', grad_fn=<AddBackward0>), loss_auto: tensor(0.2678, device='cuda:0', grad_fn=<AddBackward0>), loss_pre: tensor(0.5538, device='cuda:0', grad_fn=<NllLossBackward0>)[0m[0m
experiment  : INFO     [32m[32mstep: 61960 	 meta_lr 0.001000 	 training acc 0.921875 and training loss tensor(0.3720, device='cuda:0', grad_fn=<AddBackward0>), loss_auto: tensor(0.2677, device='cuda:0', grad_fn=<AddBackward0>), loss_pre: tensor(0.3452, device='cuda:0', grad_fn=<NllLossBackward0>)[0m[0m
experiment  : INFO     [32m[32mstep: 62000 	 meta_lr 0.001000 	 training acc 0.890625 and training loss tensor(0.7582, device='cuda:0', grad_fn=<AddBackward0>), loss_auto: tensor(0.2664, device='cuda:0', grad_fn=<AddBackward0>), loss_pre: tensor(0.7316, device='cuda:0', grad_fn=<NllLossBackward0>)[0m[0m
experiment  : INFO     [32m[32mTrain Accuracy = 0.925103734439847[0m[0m
experiment  : INFO     [32m[32mTest Accuracy = 0.9255705394191011[0m[0m
experiment  : INFO     [32m[32mstep: 62040 	 meta_lr 0.001000 	 training acc 0.84375 and training loss tensor(0.7380, device='cuda:0', grad_fn=<AddBackward0>), loss_auto: tensor(0.2678, device='cuda:0', grad_fn=<AddBackward0>), loss_pre: tensor(0.7112, device='cuda:0', grad_fn=<NllLossBackward0>)[0m[0m
experiment  : INFO     [32m[32mstep: 62080 	 meta_lr 0.001000 	 training acc 0.921875 and training loss tensor(0.3216, device='cuda:0', grad_fn=<AddBackward0>), loss_auto: tensor(0.2640, device='cuda:0', grad_fn=<AddBackward0>), loss_pre: tensor(0.2952, device='cuda:0', grad_fn=<NllLossBackward0>)[0m[0m
experiment  : INFO     [32m[32mstep: 62120 	 meta_lr 0.001000 	 training acc 0.921875 and training loss tensor(0.3259, device='cuda:0', grad_fn=<AddBackward0>), loss_auto: tensor(0.2635, device='cuda:0', grad_fn=<AddBackward0>), loss_pre: tensor(0.2995, device='cuda:0', grad_fn=<NllLossBackward0>)[0m[0m
experiment  : INFO     [32m[32mstep: 62160 	 meta_lr 0.001000 	 training acc 0.96875 and training loss tensor(0.1753, device='cuda:0', grad_fn=<AddBackward0>), loss_auto: tensor(0.2668, device='cuda:0', grad_fn=<AddBackward0>), loss_pre: tensor(0.1486, device='cuda:0', grad_fn=<NllLossBackward0>)[0m[0m
experiment  : INFO     [32m[32mstep: 62200 	 meta_lr 0.001000 	 training acc 0.921875 and training loss tensor(0.3999, device='cuda:0', grad_fn=<AddBackward0>), loss_auto: tensor(0.2641, device='cuda:0', grad_fn=<AddBackward0>), loss_pre: tensor(0.3735, device='cuda:0', grad_fn=<NllLossBackward0>)[0m[0m
experiment  : INFO     [32m[32mstep: 62240 	 meta_lr 0.001000 	 training acc 0.953125 and training loss tensor(0.5185, device='cuda:0', grad_fn=<AddBackward0>), loss_auto: tensor(0.2697, device='cuda:0', grad_fn=<AddBackward0>), loss_pre: tensor(0.4915, device='cuda:0', grad_fn=<NllLossBackward0>)[0m[0m
experiment  : INFO     [32m[32mstep: 62280 	 meta_lr 0.001000 	 training acc 0.875 and training loss tensor(0.6139, device='cuda:0', grad_fn=<AddBackward0>), loss_auto: tensor(0.2692, device='cuda:0', grad_fn=<AddBackward0>), loss_pre: tensor(0.5870, device='cuda:0', grad_fn=<NllLossBackward0>)[0m[0m
experiment  : INFO     [32m[32mstep: 62320 	 meta_lr 0.001000 	 training acc 0.96875 and training loss tensor(0.2459, device='cuda:0', grad_fn=<AddBackward0>), loss_auto: tensor(0.2694, device='cuda:0', grad_fn=<AddBackward0>), loss_pre: tensor(0.2190, device='cuda:0', grad_fn=<NllLossBackward0>)[0m[0m
experiment  : INFO     [32m[32mstep: 62360 	 meta_lr 0.001000 	 training acc 0.9375 and training loss tensor(0.3201, device='cuda:0', grad_fn=<AddBackward0>), loss_auto: tensor(0.2678, device='cuda:0', grad_fn=<AddBackward0>), loss_pre: tensor(0.2934, device='cuda:0', grad_fn=<NllLossBackward0>)[0m[0m
experiment  : INFO     [32m[32mstep: 62400 	 meta_lr 0.001000 	 training acc 1.0 and training loss tensor(0.0585, device='cuda:0', grad_fn=<AddBackward0>), loss_auto: tensor(0.2714, device='cuda:0', grad_fn=<AddBackward0>), loss_pre: tensor(0.0313, device='cuda:0', grad_fn=<NllLossBackward0>)[0m[0m
experiment  : INFO     [32m[32mstep: 62440 	 meta_lr 0.001000 	 training acc 0.921875 and training loss tensor(0.3445, device='cuda:0', grad_fn=<AddBackward0>), loss_auto: tensor(0.2706, device='cuda:0', grad_fn=<AddBackward0>), loss_pre: tensor(0.3174, device='cuda:0', grad_fn=<NllLossBackward0>)[0m[0m
experiment  : INFO     [32m[32mstep: 62480 	 meta_lr 0.001000 	 training acc 0.859375 and training loss tensor(0.8689, device='cuda:0', grad_fn=<AddBackward0>), loss_auto: tensor(0.2701, device='cuda:0', grad_fn=<AddBackward0>), loss_pre: tensor(0.8419, device='cuda:0', grad_fn=<NllLossBackward0>)[0m[0m
experiment  : INFO     [32m[32mTrain Accuracy = 0.9351659751037473[0m[0m
experiment  : INFO     [32m[32mTest Accuracy = 0.9355290456431662[0m[0m
experiment  : INFO     [32m[32mstep: 62520 	 meta_lr 0.001000 	 training acc 0.890625 and training loss tensor(0.8051, device='cuda:0', grad_fn=<AddBackward0>), loss_auto: tensor(0.2677, device='cuda:0', grad_fn=<AddBackward0>), loss_pre: tensor(0.7784, device='cuda:0', grad_fn=<NllLossBackward0>)[0m[0m
experiment  : INFO     [32m[32mstep: 62560 	 meta_lr 0.001000 	 training acc 0.9375 and training loss tensor(0.4897, device='cuda:0', grad_fn=<AddBackward0>), loss_auto: tensor(0.2720, device='cuda:0', grad_fn=<AddBackward0>), loss_pre: tensor(0.4625, device='cuda:0', grad_fn=<NllLossBackward0>)[0m[0m
experiment  : INFO     [32m[32mstep: 62600 	 meta_lr 0.001000 	 training acc 0.875 and training loss tensor(0.7827, device='cuda:0', grad_fn=<AddBackward0>), loss_auto: tensor(0.2715, device='cuda:0', grad_fn=<AddBackward0>), loss_pre: tensor(0.7555, device='cuda:0', grad_fn=<NllLossBackward0>)[0m[0m
experiment  : INFO     [32m[32mstep: 62640 	 meta_lr 0.001000 	 training acc 0.90625 and training loss tensor(0.4443, device='cuda:0', grad_fn=<AddBackward0>), loss_auto: tensor(0.2720, device='cuda:0', grad_fn=<AddBackward0>), loss_pre: tensor(0.4171, device='cuda:0', grad_fn=<NllLossBackward0>)[0m[0m
experiment  : INFO     [32m[32mstep: 62680 	 meta_lr 0.001000 	 training acc 0.875 and training loss tensor(0.5341, device='cuda:0', grad_fn=<AddBackward0>), loss_auto: tensor(0.2688, device='cuda:0', grad_fn=<AddBackward0>), loss_pre: tensor(0.5072, device='cuda:0', grad_fn=<NllLossBackward0>)[0m[0m
experiment  : INFO     [32m[32mstep: 62720 	 meta_lr 0.001000 	 training acc 0.9375 and training loss tensor(0.1905, device='cuda:0', grad_fn=<AddBackward0>), loss_auto: tensor(0.2674, device='cuda:0', grad_fn=<AddBackward0>), loss_pre: tensor(0.1638, device='cuda:0', grad_fn=<NllLossBackward0>)[0m[0m
experiment  : INFO     [32m[32mstep: 62760 	 meta_lr 0.001000 	 training acc 1.0 and training loss tensor(0.0526, device='cuda:0', grad_fn=<AddBackward0>), loss_auto: tensor(0.2674, device='cuda:0', grad_fn=<AddBackward0>), loss_pre: tensor(0.0259, device='cuda:0', grad_fn=<NllLossBackward0>)[0m[0m
experiment  : INFO     [32m[32mstep: 62800 	 meta_lr 0.001000 	 training acc 0.953125 and training loss tensor(0.3103, device='cuda:0', grad_fn=<AddBackward0>), loss_auto: tensor(0.2720, device='cuda:0', grad_fn=<AddBackward0>), loss_pre: tensor(0.2831, device='cuda:0', grad_fn=<NllLossBackward0>)[0m[0m
experiment  : INFO     [32m[32mstep: 62840 	 meta_lr 0.001000 	 training acc 0.9375 and training loss tensor(0.3328, device='cuda:0', grad_fn=<AddBackward0>), loss_auto: tensor(0.2677, device='cuda:0', grad_fn=<AddBackward0>), loss_pre: tensor(0.3060, device='cuda:0', grad_fn=<NllLossBackward0>)[0m[0m
experiment  : INFO     [32m[32mstep: 62880 	 meta_lr 0.001000 	 training acc 0.90625 and training loss tensor(0.3448, device='cuda:0', grad_fn=<AddBackward0>), loss_auto: tensor(0.2689, device='cuda:0', grad_fn=<AddBackward0>), loss_pre: tensor(0.3179, device='cuda:0', grad_fn=<NllLossBackward0>)[0m[0m
experiment  : INFO     [32m[32mstep: 62920 	 meta_lr 0.001000 	 training acc 0.859375 and training loss tensor(0.6315, device='cuda:0', grad_fn=<AddBackward0>), loss_auto: tensor(0.2684, device='cuda:0', grad_fn=<AddBackward0>), loss_pre: tensor(0.6047, device='cuda:0', grad_fn=<NllLossBackward0>)[0m[0m
experiment  : INFO     [32m[32mstep: 62960 	 meta_lr 0.001000 	 training acc 0.875 and training loss tensor(0.5727, device='cuda:0', grad_fn=<AddBackward0>), loss_auto: tensor(0.2669, device='cuda:0', grad_fn=<AddBackward0>), loss_pre: tensor(0.5461, device='cuda:0', grad_fn=<NllLossBackward0>)[0m[0m
experiment  : INFO     [32m[32mstep: 63000 	 meta_lr 0.001000 	 training acc 0.984375 and training loss tensor(0.1496, device='cuda:0', grad_fn=<AddBackward0>), loss_auto: tensor(0.2665, device='cuda:0', grad_fn=<AddBackward0>), loss_pre: tensor(0.1230, device='cuda:0', grad_fn=<NllLossBackward0>)[0m[0m
experiment  : INFO     [32m[32mTrain Accuracy = 0.9351141078838303[0m[0m
experiment  : INFO     [32m[32mTest Accuracy = 0.9342323651452409[0m[0m
experiment  : INFO     [32m[32mstep: 63040 	 meta_lr 0.001000 	 training acc 0.9375 and training loss tensor(0.7044, device='cuda:0', grad_fn=<AddBackward0>), loss_auto: tensor(0.2636, device='cuda:0', grad_fn=<AddBackward0>), loss_pre: tensor(0.6780, device='cuda:0', grad_fn=<NllLossBackward0>)[0m[0m
experiment  : INFO     [32m[32mstep: 63080 	 meta_lr 0.001000 	 training acc 0.9375 and training loss tensor(0.2236, device='cuda:0', grad_fn=<AddBackward0>), loss_auto: tensor(0.2687, device='cuda:0', grad_fn=<AddBackward0>), loss_pre: tensor(0.1968, device='cuda:0', grad_fn=<NllLossBackward0>)[0m[0m
experiment  : INFO     [32m[32mstep: 63120 	 meta_lr 0.001000 	 training acc 0.8125 and training loss tensor(1.5948, device='cuda:0', grad_fn=<AddBackward0>), loss_auto: tensor(0.2652, device='cuda:0', grad_fn=<AddBackward0>), loss_pre: tensor(1.5683, device='cuda:0', grad_fn=<NllLossBackward0>)[0m[0m
experiment  : INFO     [32m[32mstep: 63160 	 meta_lr 0.001000 	 training acc 0.96875 and training loss tensor(0.1514, device='cuda:0', grad_fn=<AddBackward0>), loss_auto: tensor(0.2675, device='cuda:0', grad_fn=<AddBackward0>), loss_pre: tensor(0.1246, device='cuda:0', grad_fn=<NllLossBackward0>)[0m[0m
experiment  : INFO     [32m[32mstep: 63200 	 meta_lr 0.001000 	 training acc 0.921875 and training loss tensor(0.3436, device='cuda:0', grad_fn=<AddBackward0>), loss_auto: tensor(0.2637, device='cuda:0', grad_fn=<AddBackward0>), loss_pre: tensor(0.3172, device='cuda:0', grad_fn=<NllLossBackward0>)[0m[0m
experiment  : INFO     [32m[32mstep: 63240 	 meta_lr 0.001000 	 training acc 0.921875 and training loss tensor(0.3484, device='cuda:0', grad_fn=<AddBackward0>), loss_auto: tensor(0.2669, device='cuda:0', grad_fn=<AddBackward0>), loss_pre: tensor(0.3217, device='cuda:0', grad_fn=<NllLossBackward0>)[0m[0m
experiment  : INFO     [32m[32mstep: 63280 	 meta_lr 0.001000 	 training acc 0.890625 and training loss tensor(0.4173, device='cuda:0', grad_fn=<AddBackward0>), loss_auto: tensor(0.2704, device='cuda:0', grad_fn=<AddBackward0>), loss_pre: tensor(0.3902, device='cuda:0', grad_fn=<NllLossBackward0>)[0m[0m
experiment  : INFO     [32m[32mstep: 63320 	 meta_lr 0.001000 	 training acc 0.890625 and training loss tensor(0.4102, device='cuda:0', grad_fn=<AddBackward0>), loss_auto: tensor(0.2710, device='cuda:0', grad_fn=<AddBackward0>), loss_pre: tensor(0.3831, device='cuda:0', grad_fn=<NllLossBackward0>)[0m[0m
experiment  : INFO     [32m[32mstep: 63360 	 meta_lr 0.001000 	 training acc 0.96875 and training loss tensor(0.2380, device='cuda:0', grad_fn=<AddBackward0>), loss_auto: tensor(0.2655, device='cuda:0', grad_fn=<AddBackward0>), loss_pre: tensor(0.2115, device='cuda:0', grad_fn=<NllLossBackward0>)[0m[0m
experiment  : INFO     [32m[32mstep: 63400 	 meta_lr 0.001000 	 training acc 0.9375 and training loss tensor(0.2479, device='cuda:0', grad_fn=<AddBackward0>), loss_auto: tensor(0.2686, device='cuda:0', grad_fn=<AddBackward0>), loss_pre: tensor(0.2210, device='cuda:0', grad_fn=<NllLossBackward0>)[0m[0m
experiment  : INFO     [32m[32mstep: 63440 	 meta_lr 0.001000 	 training acc 0.9375 and training loss tensor(0.4077, device='cuda:0', grad_fn=<AddBackward0>), loss_auto: tensor(0.2709, device='cuda:0', grad_fn=<AddBackward0>), loss_pre: tensor(0.3806, device='cuda:0', grad_fn=<NllLossBackward0>)[0m[0m
experiment  : INFO     [32m[32mstep: 63480 	 meta_lr 0.001000 	 training acc 0.875 and training loss tensor(0.5233, device='cuda:0', grad_fn=<AddBackward0>), loss_auto: tensor(0.2633, device='cuda:0', grad_fn=<AddBackward0>), loss_pre: tensor(0.4970, device='cuda:0', grad_fn=<NllLossBackward0>)[0m[0m
experiment  : INFO     [32m[32mTrain Accuracy = 0.9271784232365291[0m[0m
experiment  : INFO     [32m[32mTest Accuracy = 0.9279045643153657[0m[0m
experiment  : INFO     [32m[32mstep: 63520 	 meta_lr 0.001000 	 training acc 0.9375 and training loss tensor(0.2309, device='cuda:0', grad_fn=<AddBackward0>), loss_auto: tensor(0.2703, device='cuda:0', grad_fn=<AddBackward0>), loss_pre: tensor(0.2039, device='cuda:0', grad_fn=<NllLossBackward0>)[0m[0m
experiment  : INFO     [32m[32mstep: 63560 	 meta_lr 0.001000 	 training acc 0.921875 and training loss tensor(0.4918, device='cuda:0', grad_fn=<AddBackward0>), loss_auto: tensor(0.2680, device='cuda:0', grad_fn=<AddBackward0>), loss_pre: tensor(0.4650, device='cuda:0', grad_fn=<NllLossBackward0>)[0m[0m
experiment  : INFO     [32m[32mstep: 63600 	 meta_lr 0.001000 	 training acc 0.859375 and training loss tensor(0.4823, device='cuda:0', grad_fn=<AddBackward0>), loss_auto: tensor(0.2719, device='cuda:0', grad_fn=<AddBackward0>), loss_pre: tensor(0.4551, device='cuda:0', grad_fn=<NllLossBackward0>)[0m[0m
experiment  : INFO     [32m[32mstep: 63640 	 meta_lr 0.001000 	 training acc 0.890625 and training loss tensor(0.4648, device='cuda:0', grad_fn=<AddBackward0>), loss_auto: tensor(0.2728, device='cuda:0', grad_fn=<AddBackward0>), loss_pre: tensor(0.4375, device='cuda:0', grad_fn=<NllLossBackward0>)[0m[0m
experiment  : INFO     [32m[32mstep: 63680 	 meta_lr 0.001000 	 training acc 0.9375 and training loss tensor(0.2507, device='cuda:0', grad_fn=<AddBackward0>), loss_auto: tensor(0.2715, device='cuda:0', grad_fn=<AddBackward0>), loss_pre: tensor(0.2235, device='cuda:0', grad_fn=<NllLossBackward0>)[0m[0m
experiment  : INFO     [32m[32mstep: 63720 	 meta_lr 0.001000 	 training acc 0.953125 and training loss tensor(0.2622, device='cuda:0', grad_fn=<AddBackward0>), loss_auto: tensor(0.2726, device='cuda:0', grad_fn=<AddBackward0>), loss_pre: tensor(0.2349, device='cuda:0', grad_fn=<NllLossBackward0>)[0m[0m
experiment  : INFO     [32m[32mstep: 63760 	 meta_lr 0.001000 	 training acc 0.9375 and training loss tensor(0.2956, device='cuda:0', grad_fn=<AddBackward0>), loss_auto: tensor(0.2713, device='cuda:0', grad_fn=<AddBackward0>), loss_pre: tensor(0.2685, device='cuda:0', grad_fn=<NllLossBackward0>)[0m[0m
experiment  : INFO     [32m[32mstep: 63800 	 meta_lr 0.001000 	 training acc 0.9375 and training loss tensor(0.2937, device='cuda:0', grad_fn=<AddBackward0>), loss_auto: tensor(0.2698, device='cuda:0', grad_fn=<AddBackward0>), loss_pre: tensor(0.2668, device='cuda:0', grad_fn=<NllLossBackward0>)[0m[0m
experiment  : INFO     [32m[32mstep: 63840 	 meta_lr 0.001000 	 training acc 0.875 and training loss tensor(0.5671, device='cuda:0', grad_fn=<AddBackward0>), loss_auto: tensor(0.2673, device='cuda:0', grad_fn=<AddBackward0>), loss_pre: tensor(0.5403, device='cuda:0', grad_fn=<NllLossBackward0>)[0m[0m
experiment  : INFO     [32m[32mstep: 63880 	 meta_lr 0.001000 	 training acc 0.953125 and training loss tensor(0.2646, device='cuda:0', grad_fn=<AddBackward0>), loss_auto: tensor(0.2656, device='cuda:0', grad_fn=<AddBackward0>), loss_pre: tensor(0.2380, device='cuda:0', grad_fn=<NllLossBackward0>)[0m[0m
experiment  : INFO     [32m[32mstep: 63920 	 meta_lr 0.001000 	 training acc 1.0 and training loss tensor(0.0906, device='cuda:0', grad_fn=<AddBackward0>), loss_auto: tensor(0.2686, device='cuda:0', grad_fn=<AddBackward0>), loss_pre: tensor(0.0637, device='cuda:0', grad_fn=<NllLossBackward0>)[0m[0m
experiment  : INFO     [32m[32mstep: 63960 	 meta_lr 0.001000 	 training acc 0.9375 and training loss tensor(0.4611, device='cuda:0', grad_fn=<AddBackward0>), loss_auto: tensor(0.2721, device='cuda:0', grad_fn=<AddBackward0>), loss_pre: tensor(0.4339, device='cuda:0', grad_fn=<NllLossBackward0>)[0m[0m
experiment  : INFO     [32m[32mstep: 64000 	 meta_lr 0.001000 	 training acc 0.90625 and training loss tensor(0.4300, device='cuda:0', grad_fn=<AddBackward0>), loss_auto: tensor(0.2744, device='cuda:0', grad_fn=<AddBackward0>), loss_pre: tensor(0.4025, device='cuda:0', grad_fn=<NllLossBackward0>)[0m[0m
experiment  : INFO     [32m[32mTrain Accuracy = 0.9380186721991808[0m[0m
experiment  : INFO     [32m[32mTest Accuracy = 0.9375000000000141[0m[0m
experiment  : INFO     [32m[32mstep: 64040 	 meta_lr 0.001000 	 training acc 0.953125 and training loss tensor(0.2086, device='cuda:0', grad_fn=<AddBackward0>), loss_auto: tensor(0.2714, device='cuda:0', grad_fn=<AddBackward0>), loss_pre: tensor(0.1815, device='cuda:0', grad_fn=<NllLossBackward0>)[0m[0m
experiment  : INFO     [32m[32mstep: 64080 	 meta_lr 0.001000 	 training acc 0.890625 and training loss tensor(0.5246, device='cuda:0', grad_fn=<AddBackward0>), loss_auto: tensor(0.2690, device='cuda:0', grad_fn=<AddBackward0>), loss_pre: tensor(0.4977, device='cuda:0', grad_fn=<NllLossBackward0>)[0m[0m
experiment  : INFO     [32m[32mstep: 64120 	 meta_lr 0.001000 	 training acc 0.84375 and training loss tensor(0.8596, device='cuda:0', grad_fn=<AddBackward0>), loss_auto: tensor(0.2689, device='cuda:0', grad_fn=<AddBackward0>), loss_pre: tensor(0.8327, device='cuda:0', grad_fn=<NllLossBackward0>)[0m[0m
experiment  : INFO     [32m[32mstep: 64160 	 meta_lr 0.001000 	 training acc 0.9375 and training loss tensor(0.3451, device='cuda:0', grad_fn=<AddBackward0>), loss_auto: tensor(0.2654, device='cuda:0', grad_fn=<AddBackward0>), loss_pre: tensor(0.3186, device='cuda:0', grad_fn=<NllLossBackward0>)[0m[0m
experiment  : INFO     [32m[32mstep: 64200 	 meta_lr 0.001000 	 training acc 0.921875 and training loss tensor(0.4298, device='cuda:0', grad_fn=<AddBackward0>), loss_auto: tensor(0.2707, device='cuda:0', grad_fn=<AddBackward0>), loss_pre: tensor(0.4028, device='cuda:0', grad_fn=<NllLossBackward0>)[0m[0m
experiment  : INFO     [32m[32mstep: 64240 	 meta_lr 0.001000 	 training acc 0.96875 and training loss tensor(0.2385, device='cuda:0', grad_fn=<AddBackward0>), loss_auto: tensor(0.2700, device='cuda:0', grad_fn=<AddBackward0>), loss_pre: tensor(0.2115, device='cuda:0', grad_fn=<NllLossBackward0>)[0m[0m
experiment  : INFO     [32m[32mstep: 64280 	 meta_lr 0.001000 	 training acc 0.890625 and training loss tensor(0.4876, device='cuda:0', grad_fn=<AddBackward0>), loss_auto: tensor(0.2700, device='cuda:0', grad_fn=<AddBackward0>), loss_pre: tensor(0.4606, device='cuda:0', grad_fn=<NllLossBackward0>)[0m[0m
experiment  : INFO     [32m[32mstep: 64320 	 meta_lr 0.001000 	 training acc 0.921875 and training loss tensor(0.6361, device='cuda:0', grad_fn=<AddBackward0>), loss_auto: tensor(0.2750, device='cuda:0', grad_fn=<AddBackward0>), loss_pre: tensor(0.6086, device='cuda:0', grad_fn=<NllLossBackward0>)[0m[0m
experiment  : INFO     [32m[32mstep: 64360 	 meta_lr 0.001000 	 training acc 0.984375 and training loss tensor(0.1924, device='cuda:0', grad_fn=<AddBackward0>), loss_auto: tensor(0.2727, device='cuda:0', grad_fn=<AddBackward0>), loss_pre: tensor(0.1651, device='cuda:0', grad_fn=<NllLossBackward0>)[0m[0m
experiment  : INFO     [32m[32mstep: 64400 	 meta_lr 0.001000 	 training acc 0.84375 and training loss tensor(1.0826, device='cuda:0', grad_fn=<AddBackward0>), loss_auto: tensor(0.2688, device='cuda:0', grad_fn=<AddBackward0>), loss_pre: tensor(1.0557, device='cuda:0', grad_fn=<NllLossBackward0>)[0m[0m
experiment  : INFO     [32m[32mstep: 64440 	 meta_lr 0.001000 	 training acc 0.859375 and training loss tensor(0.5782, device='cuda:0', grad_fn=<AddBackward0>), loss_auto: tensor(0.2677, device='cuda:0', grad_fn=<AddBackward0>), loss_pre: tensor(0.5515, device='cuda:0', grad_fn=<NllLossBackward0>)[0m[0m
experiment  : INFO     [32m[32mstep: 64480 	 meta_lr 0.001000 	 training acc 0.859375 and training loss tensor(0.6941, device='cuda:0', grad_fn=<AddBackward0>), loss_auto: tensor(0.2674, device='cuda:0', grad_fn=<AddBackward0>), loss_pre: tensor(0.6674, device='cuda:0', grad_fn=<NllLossBackward0>)[0m[0m
experiment  : INFO     [32m[32mTrain Accuracy = 0.9347510373444126[0m[0m
experiment  : INFO     [32m[32mTest Accuracy = 0.9338692946058214[0m[0m
experiment  : INFO     [32m[32mstep: 64520 	 meta_lr 0.001000 	 training acc 0.9375 and training loss tensor(0.3980, device='cuda:0', grad_fn=<AddBackward0>), loss_auto: tensor(0.2682, device='cuda:0', grad_fn=<AddBackward0>), loss_pre: tensor(0.3712, device='cuda:0', grad_fn=<NllLossBackward0>)[0m[0m
experiment  : INFO     [32m[32mstep: 64560 	 meta_lr 0.001000 	 training acc 0.90625 and training loss tensor(0.4257, device='cuda:0', grad_fn=<AddBackward0>), loss_auto: tensor(0.2630, device='cuda:0', grad_fn=<AddBackward0>), loss_pre: tensor(0.3994, device='cuda:0', grad_fn=<NllLossBackward0>)[0m[0m
experiment  : INFO     [32m[32mstep: 64600 	 meta_lr 0.001000 	 training acc 0.984375 and training loss tensor(0.1440, device='cuda:0', grad_fn=<AddBackward0>), loss_auto: tensor(0.2720, device='cuda:0', grad_fn=<AddBackward0>), loss_pre: tensor(0.1168, device='cuda:0', grad_fn=<NllLossBackward0>)[0m[0m
experiment  : INFO     [32m[32mstep: 64640 	 meta_lr 0.001000 	 training acc 0.953125 and training loss tensor(0.2470, device='cuda:0', grad_fn=<AddBackward0>), loss_auto: tensor(0.2698, device='cuda:0', grad_fn=<AddBackward0>), loss_pre: tensor(0.2200, device='cuda:0', grad_fn=<NllLossBackward0>)[0m[0m
experiment  : INFO     [32m[32mstep: 64680 	 meta_lr 0.001000 	 training acc 0.984375 and training loss tensor(0.1370, device='cuda:0', grad_fn=<AddBackward0>), loss_auto: tensor(0.2716, device='cuda:0', grad_fn=<AddBackward0>), loss_pre: tensor(0.1099, device='cuda:0', grad_fn=<NllLossBackward0>)[0m[0m
experiment  : INFO     [32m[32mstep: 64720 	 meta_lr 0.001000 	 training acc 0.828125 and training loss tensor(0.9376, device='cuda:0', grad_fn=<AddBackward0>), loss_auto: tensor(0.2651, device='cuda:0', grad_fn=<AddBackward0>), loss_pre: tensor(0.9111, device='cuda:0', grad_fn=<NllLossBackward0>)[0m[0m
experiment  : INFO     [32m[32mstep: 64760 	 meta_lr 0.001000 	 training acc 0.890625 and training loss tensor(0.6253, device='cuda:0', grad_fn=<AddBackward0>), loss_auto: tensor(0.2738, device='cuda:0', grad_fn=<AddBackward0>), loss_pre: tensor(0.5979, device='cuda:0', grad_fn=<NllLossBackward0>)[0m[0m
experiment  : INFO     [32m[32mstep: 64800 	 meta_lr 0.001000 	 training acc 0.921875 and training loss tensor(0.5734, device='cuda:0', grad_fn=<AddBackward0>), loss_auto: tensor(0.2672, device='cuda:0', grad_fn=<AddBackward0>), loss_pre: tensor(0.5467, device='cuda:0', grad_fn=<NllLossBackward0>)[0m[0m
experiment  : INFO     [32m[32mstep: 64840 	 meta_lr 0.001000 	 training acc 0.9375 and training loss tensor(0.3156, device='cuda:0', grad_fn=<AddBackward0>), loss_auto: tensor(0.2729, device='cuda:0', grad_fn=<AddBackward0>), loss_pre: tensor(0.2884, device='cuda:0', grad_fn=<NllLossBackward0>)[0m[0m
experiment  : INFO     [32m[32mstep: 64880 	 meta_lr 0.001000 	 training acc 0.859375 and training loss tensor(0.6483, device='cuda:0', grad_fn=<AddBackward0>), loss_auto: tensor(0.2720, device='cuda:0', grad_fn=<AddBackward0>), loss_pre: tensor(0.6211, device='cuda:0', grad_fn=<NllLossBackward0>)[0m[0m
experiment  : INFO     [32m[32mstep: 64920 	 meta_lr 0.001000 	 training acc 0.953125 and training loss tensor(0.1426, device='cuda:0', grad_fn=<AddBackward0>), loss_auto: tensor(0.2712, device='cuda:0', grad_fn=<AddBackward0>), loss_pre: tensor(0.1155, device='cuda:0', grad_fn=<NllLossBackward0>)[0m[0m
experiment  : INFO     [32m[32mstep: 64960 	 meta_lr 0.001000 	 training acc 1.0 and training loss tensor(0.0642, device='cuda:0', grad_fn=<AddBackward0>), loss_auto: tensor(0.2711, device='cuda:0', grad_fn=<AddBackward0>), loss_pre: tensor(0.0371, device='cuda:0', grad_fn=<NllLossBackward0>)[0m[0m
experiment  : INFO     [32m[32mstep: 65000 	 meta_lr 0.001000 	 training acc 0.921875 and training loss tensor(0.5031, device='cuda:0', grad_fn=<AddBackward0>), loss_auto: tensor(0.2728, device='cuda:0', grad_fn=<AddBackward0>), loss_pre: tensor(0.4759, device='cuda:0', grad_fn=<NllLossBackward0>)[0m[0m
experiment  : INFO     [32m[32mTrain Accuracy = 0.9442946058091398[0m[0m
experiment  : INFO     [32m[32mTest Accuracy = 0.9424273858921279[0m[0m
experiment  : INFO     [32m[32mstep: 65040 	 meta_lr 0.001000 	 training acc 0.875 and training loss tensor(0.8662, device='cuda:0', grad_fn=<AddBackward0>), loss_auto: tensor(0.2712, device='cuda:0', grad_fn=<AddBackward0>), loss_pre: tensor(0.8391, device='cuda:0', grad_fn=<NllLossBackward0>)[0m[0m
experiment  : INFO     [32m[32mstep: 65080 	 meta_lr 0.001000 	 training acc 0.953125 and training loss tensor(0.2828, device='cuda:0', grad_fn=<AddBackward0>), loss_auto: tensor(0.2700, device='cuda:0', grad_fn=<AddBackward0>), loss_pre: tensor(0.2558, device='cuda:0', grad_fn=<NllLossBackward0>)[0m[0m
experiment  : INFO     [32m[32mstep: 65120 	 meta_lr 0.001000 	 training acc 0.828125 and training loss tensor(0.8878, device='cuda:0', grad_fn=<AddBackward0>), loss_auto: tensor(0.2693, device='cuda:0', grad_fn=<AddBackward0>), loss_pre: tensor(0.8609, device='cuda:0', grad_fn=<NllLossBackward0>)[0m[0m
experiment  : INFO     [32m[32mstep: 65160 	 meta_lr 0.001000 	 training acc 0.953125 and training loss tensor(0.2252, device='cuda:0', grad_fn=<AddBackward0>), loss_auto: tensor(0.2686, device='cuda:0', grad_fn=<AddBackward0>), loss_pre: tensor(0.1984, device='cuda:0', grad_fn=<NllLossBackward0>)[0m[0m
experiment  : INFO     [32m[32mstep: 65200 	 meta_lr 0.001000 	 training acc 0.96875 and training loss tensor(0.4706, device='cuda:0', grad_fn=<AddBackward0>), loss_auto: tensor(0.2760, device='cuda:0', grad_fn=<AddBackward0>), loss_pre: tensor(0.4430, device='cuda:0', grad_fn=<NllLossBackward0>)[0m[0m
experiment  : INFO     [32m[32mstep: 65240 	 meta_lr 0.001000 	 training acc 0.859375 and training loss tensor(0.6152, device='cuda:0', grad_fn=<AddBackward0>), loss_auto: tensor(0.2692, device='cuda:0', grad_fn=<AddBackward0>), loss_pre: tensor(0.5883, device='cuda:0', grad_fn=<NllLossBackward0>)[0m[0m
experiment  : INFO     [32m[32mstep: 65280 	 meta_lr 0.001000 	 training acc 0.9375 and training loss tensor(0.2941, device='cuda:0', grad_fn=<AddBackward0>), loss_auto: tensor(0.2692, device='cuda:0', grad_fn=<AddBackward0>), loss_pre: tensor(0.2672, device='cuda:0', grad_fn=<NllLossBackward0>)[0m[0m
experiment  : INFO     [32m[32mstep: 65320 	 meta_lr 0.001000 	 training acc 0.890625 and training loss tensor(0.5559, device='cuda:0', grad_fn=<AddBackward0>), loss_auto: tensor(0.2735, device='cuda:0', grad_fn=<AddBackward0>), loss_pre: tensor(0.5285, device='cuda:0', grad_fn=<NllLossBackward0>)[0m[0m
experiment  : INFO     [32m[32mstep: 65360 	 meta_lr 0.001000 	 training acc 0.953125 and training loss tensor(0.2697, device='cuda:0', grad_fn=<AddBackward0>), loss_auto: tensor(0.2753, device='cuda:0', grad_fn=<AddBackward0>), loss_pre: tensor(0.2422, device='cuda:0', grad_fn=<NllLossBackward0>)[0m[0m
experiment  : INFO     [32m[32mstep: 65400 	 meta_lr 0.001000 	 training acc 0.921875 and training loss tensor(0.3457, device='cuda:0', grad_fn=<AddBackward0>), loss_auto: tensor(0.2708, device='cuda:0', grad_fn=<AddBackward0>), loss_pre: tensor(0.3186, device='cuda:0', grad_fn=<NllLossBackward0>)[0m[0m
experiment  : INFO     [32m[32mstep: 65440 	 meta_lr 0.001000 	 training acc 0.953125 and training loss tensor(0.2627, device='cuda:0', grad_fn=<AddBackward0>), loss_auto: tensor(0.2687, device='cuda:0', grad_fn=<AddBackward0>), loss_pre: tensor(0.2359, device='cuda:0', grad_fn=<NllLossBackward0>)[0m[0m
experiment  : INFO     [32m[32mstep: 65480 	 meta_lr 0.001000 	 training acc 0.96875 and training loss tensor(0.2504, device='cuda:0', grad_fn=<AddBackward0>), loss_auto: tensor(0.2696, device='cuda:0', grad_fn=<AddBackward0>), loss_pre: tensor(0.2234, device='cuda:0', grad_fn=<NllLossBackward0>)[0m[0m
experiment  : INFO     [32m[32mTrain Accuracy = 0.9416493775933722[0m[0m
experiment  : INFO     [32m[32mTest Accuracy = 0.9406639004149501[0m[0m
experiment  : INFO     [32m[32mstep: 65520 	 meta_lr 0.001000 	 training acc 0.921875 and training loss tensor(0.4843, device='cuda:0', grad_fn=<AddBackward0>), loss_auto: tensor(0.2719, device='cuda:0', grad_fn=<AddBackward0>), loss_pre: tensor(0.4572, device='cuda:0', grad_fn=<NllLossBackward0>)[0m[0m
experiment  : INFO     [32m[32mstep: 65560 	 meta_lr 0.001000 	 training acc 0.859375 and training loss tensor(0.6234, device='cuda:0', grad_fn=<AddBackward0>), loss_auto: tensor(0.2734, device='cuda:0', grad_fn=<AddBackward0>), loss_pre: tensor(0.5961, device='cuda:0', grad_fn=<NllLossBackward0>)[0m[0m
experiment  : INFO     [32m[32mstep: 65600 	 meta_lr 0.001000 	 training acc 0.921875 and training loss tensor(0.3322, device='cuda:0', grad_fn=<AddBackward0>), loss_auto: tensor(0.2733, device='cuda:0', grad_fn=<AddBackward0>), loss_pre: tensor(0.3049, device='cuda:0', grad_fn=<NllLossBackward0>)[0m[0m
experiment  : INFO     [32m[32mstep: 65640 	 meta_lr 0.001000 	 training acc 0.90625 and training loss tensor(1.0076, device='cuda:0', grad_fn=<AddBackward0>), loss_auto: tensor(0.2729, device='cuda:0', grad_fn=<AddBackward0>), loss_pre: tensor(0.9803, device='cuda:0', grad_fn=<NllLossBackward0>)[0m[0m
experiment  : INFO     [32m[32mstep: 65680 	 meta_lr 0.001000 	 training acc 0.921875 and training loss tensor(0.4068, device='cuda:0', grad_fn=<AddBackward0>), loss_auto: tensor(0.2730, device='cuda:0', grad_fn=<AddBackward0>), loss_pre: tensor(0.3795, device='cuda:0', grad_fn=<NllLossBackward0>)[0m[0m
experiment  : INFO     [32m[32mstep: 65720 	 meta_lr 0.001000 	 training acc 0.8125 and training loss tensor(1.2349, device='cuda:0', grad_fn=<AddBackward0>), loss_auto: tensor(0.2725, device='cuda:0', grad_fn=<AddBackward0>), loss_pre: tensor(1.2076, device='cuda:0', grad_fn=<NllLossBackward0>)[0m[0m
experiment  : INFO     [32m[32mstep: 65760 	 meta_lr 0.001000 	 training acc 0.953125 and training loss tensor(0.2123, device='cuda:0', grad_fn=<AddBackward0>), loss_auto: tensor(0.2715, device='cuda:0', grad_fn=<AddBackward0>), loss_pre: tensor(0.1852, device='cuda:0', grad_fn=<NllLossBackward0>)[0m[0m
experiment  : INFO     [32m[32mstep: 65800 	 meta_lr 0.001000 	 training acc 0.984375 and training loss tensor(0.0986, device='cuda:0', grad_fn=<AddBackward0>), loss_auto: tensor(0.2737, device='cuda:0', grad_fn=<AddBackward0>), loss_pre: tensor(0.0712, device='cuda:0', grad_fn=<NllLossBackward0>)[0m[0m
experiment  : INFO     [32m[32mstep: 65840 	 meta_lr 0.001000 	 training acc 0.921875 and training loss tensor(0.6387, device='cuda:0', grad_fn=<AddBackward0>), loss_auto: tensor(0.2696, device='cuda:0', grad_fn=<AddBackward0>), loss_pre: tensor(0.6117, device='cuda:0', grad_fn=<NllLossBackward0>)[0m[0m
experiment  : INFO     [32m[32mstep: 65880 	 meta_lr 0.001000 	 training acc 0.921875 and training loss tensor(0.3547, device='cuda:0', grad_fn=<AddBackward0>), loss_auto: tensor(0.2715, device='cuda:0', grad_fn=<AddBackward0>), loss_pre: tensor(0.3276, device='cuda:0', grad_fn=<NllLossBackward0>)[0m[0m
experiment  : INFO     [32m[32mstep: 65920 	 meta_lr 0.001000 	 training acc 0.890625 and training loss tensor(0.4024, device='cuda:0', grad_fn=<AddBackward0>), loss_auto: tensor(0.2692, device='cuda:0', grad_fn=<AddBackward0>), loss_pre: tensor(0.3755, device='cuda:0', grad_fn=<NllLossBackward0>)[0m[0m
experiment  : INFO     [32m[32mstep: 65960 	 meta_lr 0.001000 	 training acc 0.984375 and training loss tensor(0.1494, device='cuda:0', grad_fn=<AddBackward0>), loss_auto: tensor(0.2743, device='cuda:0', grad_fn=<AddBackward0>), loss_pre: tensor(0.1219, device='cuda:0', grad_fn=<NllLossBackward0>)[0m[0m
experiment  : INFO     [32m[32mstep: 66000 	 meta_lr 0.001000 	 training acc 0.953125 and training loss tensor(0.2940, device='cuda:0', grad_fn=<AddBackward0>), loss_auto: tensor(0.2672, device='cuda:0', grad_fn=<AddBackward0>), loss_pre: tensor(0.2673, device='cuda:0', grad_fn=<NllLossBackward0>)[0m[0m
experiment  : INFO     [32m[32mTrain Accuracy = 0.9346473029045759[0m[0m
experiment  : INFO     [32m[32mTest Accuracy = 0.9360477178423369[0m[0m
experiment  : INFO     [32m[32mstep: 66040 	 meta_lr 0.001000 	 training acc 0.921875 and training loss tensor(0.4154, device='cuda:0', grad_fn=<AddBackward0>), loss_auto: tensor(0.2692, device='cuda:0', grad_fn=<AddBackward0>), loss_pre: tensor(0.3885, device='cuda:0', grad_fn=<NllLossBackward0>)[0m[0m
experiment  : INFO     [32m[32mstep: 66080 	 meta_lr 0.001000 	 training acc 0.9375 and training loss tensor(0.2876, device='cuda:0', grad_fn=<AddBackward0>), loss_auto: tensor(0.2698, device='cuda:0', grad_fn=<AddBackward0>), loss_pre: tensor(0.2607, device='cuda:0', grad_fn=<NllLossBackward0>)[0m[0m
experiment  : INFO     [32m[32mstep: 66120 	 meta_lr 0.001000 	 training acc 0.953125 and training loss tensor(0.3691, device='cuda:0', grad_fn=<AddBackward0>), loss_auto: tensor(0.2698, device='cuda:0', grad_fn=<AddBackward0>), loss_pre: tensor(0.3421, device='cuda:0', grad_fn=<NllLossBackward0>)[0m[0m
experiment  : INFO     [32m[32mstep: 66160 	 meta_lr 0.001000 	 training acc 0.953125 and training loss tensor(0.3117, device='cuda:0', grad_fn=<AddBackward0>), loss_auto: tensor(0.2706, device='cuda:0', grad_fn=<AddBackward0>), loss_pre: tensor(0.2847, device='cuda:0', grad_fn=<NllLossBackward0>)[0m[0m
experiment  : INFO     [32m[32mstep: 66200 	 meta_lr 0.001000 	 training acc 0.953125 and training loss tensor(0.2859, device='cuda:0', grad_fn=<AddBackward0>), loss_auto: tensor(0.2723, device='cuda:0', grad_fn=<AddBackward0>), loss_pre: tensor(0.2586, device='cuda:0', grad_fn=<NllLossBackward0>)[0m[0m
experiment  : INFO     [32m[32mstep: 66240 	 meta_lr 0.001000 	 training acc 0.890625 and training loss tensor(0.5508, device='cuda:0', grad_fn=<AddBackward0>), loss_auto: tensor(0.2675, device='cuda:0', grad_fn=<AddBackward0>), loss_pre: tensor(0.5240, device='cuda:0', grad_fn=<NllLossBackward0>)[0m[0m
experiment  : INFO     [32m[32mstep: 66280 	 meta_lr 0.001000 	 training acc 0.90625 and training loss tensor(0.5240, device='cuda:0', grad_fn=<AddBackward0>), loss_auto: tensor(0.2702, device='cuda:0', grad_fn=<AddBackward0>), loss_pre: tensor(0.4970, device='cuda:0', grad_fn=<NllLossBackward0>)[0m[0m
experiment  : INFO     [32m[32mstep: 66320 	 meta_lr 0.001000 	 training acc 0.9375 and training loss tensor(0.3567, device='cuda:0', grad_fn=<AddBackward0>), loss_auto: tensor(0.2647, device='cuda:0', grad_fn=<AddBackward0>), loss_pre: tensor(0.3303, device='cuda:0', grad_fn=<NllLossBackward0>)[0m[0m
experiment  : INFO     [32m[32mstep: 66360 	 meta_lr 0.001000 	 training acc 0.9375 and training loss tensor(0.1951, device='cuda:0', grad_fn=<AddBackward0>), loss_auto: tensor(0.2698, device='cuda:0', grad_fn=<AddBackward0>), loss_pre: tensor(0.1681, device='cuda:0', grad_fn=<NllLossBackward0>)[0m[0m
experiment  : INFO     [32m[32mstep: 66400 	 meta_lr 0.001000 	 training acc 0.96875 and training loss tensor(0.3650, device='cuda:0', grad_fn=<AddBackward0>), loss_auto: tensor(0.2708, device='cuda:0', grad_fn=<AddBackward0>), loss_pre: tensor(0.3380, device='cuda:0', grad_fn=<NllLossBackward0>)[0m[0m
experiment  : INFO     [32m[32mstep: 66440 	 meta_lr 0.001000 	 training acc 0.96875 and training loss tensor(0.2497, device='cuda:0', grad_fn=<AddBackward0>), loss_auto: tensor(0.2714, device='cuda:0', grad_fn=<AddBackward0>), loss_pre: tensor(0.2225, device='cuda:0', grad_fn=<NllLossBackward0>)[0m[0m
experiment  : INFO     [32m[32mstep: 66480 	 meta_lr 0.001000 	 training acc 0.84375 and training loss tensor(0.5562, device='cuda:0', grad_fn=<AddBackward0>), loss_auto: tensor(0.2771, device='cuda:0', grad_fn=<AddBackward0>), loss_pre: tensor(0.5285, device='cuda:0', grad_fn=<NllLossBackward0>)[0m[0m
experiment  : INFO     [32m[32mTrain Accuracy = 0.9328319502074808[0m[0m
experiment  : INFO     [32m[32mTest Accuracy = 0.9326244813278118[0m[0m
experiment  : INFO     [32m[32mstep: 66520 	 meta_lr 0.001000 	 training acc 0.859375 and training loss tensor(0.9112, device='cuda:0', grad_fn=<AddBackward0>), loss_auto: tensor(0.2713, device='cuda:0', grad_fn=<AddBackward0>), loss_pre: tensor(0.8841, device='cuda:0', grad_fn=<NllLossBackward0>)[0m[0m
experiment  : INFO     [32m[32mstep: 66560 	 meta_lr 0.001000 	 training acc 0.96875 and training loss tensor(0.2724, device='cuda:0', grad_fn=<AddBackward0>), loss_auto: tensor(0.2699, device='cuda:0', grad_fn=<AddBackward0>), loss_pre: tensor(0.2454, device='cuda:0', grad_fn=<NllLossBackward0>)[0m[0m
experiment  : INFO     [32m[32mstep: 66600 	 meta_lr 0.001000 	 training acc 0.890625 and training loss tensor(0.4140, device='cuda:0', grad_fn=<AddBackward0>), loss_auto: tensor(0.2729, device='cuda:0', grad_fn=<AddBackward0>), loss_pre: tensor(0.3867, device='cuda:0', grad_fn=<NllLossBackward0>)[0m[0m
experiment  : INFO     [32m[32mstep: 66640 	 meta_lr 0.001000 	 training acc 0.90625 and training loss tensor(0.4374, device='cuda:0', grad_fn=<AddBackward0>), loss_auto: tensor(0.2746, device='cuda:0', grad_fn=<AddBackward0>), loss_pre: tensor(0.4099, device='cuda:0', grad_fn=<NllLossBackward0>)[0m[0m
experiment  : INFO     [32m[32mstep: 66680 	 meta_lr 0.001000 	 training acc 0.921875 and training loss tensor(0.5428, device='cuda:0', grad_fn=<AddBackward0>), loss_auto: tensor(0.2694, device='cuda:0', grad_fn=<AddBackward0>), loss_pre: tensor(0.5158, device='cuda:0', grad_fn=<NllLossBackward0>)[0m[0m
experiment  : INFO     [32m[32mstep: 66720 	 meta_lr 0.001000 	 training acc 0.90625 and training loss tensor(0.4439, device='cuda:0', grad_fn=<AddBackward0>), loss_auto: tensor(0.2757, device='cuda:0', grad_fn=<AddBackward0>), loss_pre: tensor(0.4164, device='cuda:0', grad_fn=<NllLossBackward0>)[0m[0m
experiment  : INFO     [32m[32mstep: 66760 	 meta_lr 0.001000 	 training acc 0.90625 and training loss tensor(0.2626, device='cuda:0', grad_fn=<AddBackward0>), loss_auto: tensor(0.2725, device='cuda:0', grad_fn=<AddBackward0>), loss_pre: tensor(0.2353, device='cuda:0', grad_fn=<NllLossBackward0>)[0m[0m
experiment  : INFO     [32m[32mstep: 66800 	 meta_lr 0.001000 	 training acc 0.828125 and training loss tensor(0.6258, device='cuda:0', grad_fn=<AddBackward0>), loss_auto: tensor(0.2692, device='cuda:0', grad_fn=<AddBackward0>), loss_pre: tensor(0.5989, device='cuda:0', grad_fn=<NllLossBackward0>)[0m[0m
experiment  : INFO     [32m[32mstep: 66840 	 meta_lr 0.001000 	 training acc 0.96875 and training loss tensor(0.1468, device='cuda:0', grad_fn=<AddBackward0>), loss_auto: tensor(0.2709, device='cuda:0', grad_fn=<AddBackward0>), loss_pre: tensor(0.1197, device='cuda:0', grad_fn=<NllLossBackward0>)[0m[0m
experiment  : INFO     [32m[32mstep: 66880 	 meta_lr 0.001000 	 training acc 0.9375 and training loss tensor(0.2122, device='cuda:0', grad_fn=<AddBackward0>), loss_auto: tensor(0.2734, device='cuda:0', grad_fn=<AddBackward0>), loss_pre: tensor(0.1848, device='cuda:0', grad_fn=<NllLossBackward0>)[0m[0m
experiment  : INFO     [32m[32mstep: 66920 	 meta_lr 0.001000 	 training acc 0.921875 and training loss tensor(0.8131, device='cuda:0', grad_fn=<AddBackward0>), loss_auto: tensor(0.2783, device='cuda:0', grad_fn=<AddBackward0>), loss_pre: tensor(0.7852, device='cuda:0', grad_fn=<NllLossBackward0>)[0m[0m
experiment  : INFO     [32m[32mstep: 66960 	 meta_lr 0.001000 	 training acc 0.953125 and training loss tensor(0.2870, device='cuda:0', grad_fn=<AddBackward0>), loss_auto: tensor(0.2708, device='cuda:0', grad_fn=<AddBackward0>), loss_pre: tensor(0.2599, device='cuda:0', grad_fn=<NllLossBackward0>)[0m[0m
experiment  : INFO     [32m[32mstep: 67000 	 meta_lr 0.001000 	 training acc 0.9375 and training loss tensor(0.2123, device='cuda:0', grad_fn=<AddBackward0>), loss_auto: tensor(0.2713, device='cuda:0', grad_fn=<AddBackward0>), loss_pre: tensor(0.1852, device='cuda:0', grad_fn=<NllLossBackward0>)[0m[0m
experiment  : INFO     [32m[32mTrain Accuracy = 0.9394709543568601[0m[0m
experiment  : INFO     [32m[32mTest Accuracy = 0.9377074688796811[0m[0m
experiment  : INFO     [32m[32mstep: 67040 	 meta_lr 0.001000 	 training acc 0.90625 and training loss tensor(0.2851, device='cuda:0', grad_fn=<AddBackward0>), loss_auto: tensor(0.2715, device='cuda:0', grad_fn=<AddBackward0>), loss_pre: tensor(0.2580, device='cuda:0', grad_fn=<NllLossBackward0>)[0m[0m
experiment  : INFO     [32m[32mstep: 67080 	 meta_lr 0.001000 	 training acc 0.890625 and training loss tensor(0.4082, device='cuda:0', grad_fn=<AddBackward0>), loss_auto: tensor(0.2762, device='cuda:0', grad_fn=<AddBackward0>), loss_pre: tensor(0.3806, device='cuda:0', grad_fn=<NllLossBackward0>)[0m[0m
experiment  : INFO     [32m[32mstep: 67120 	 meta_lr 0.001000 	 training acc 0.9375 and training loss tensor(0.2063, device='cuda:0', grad_fn=<AddBackward0>), loss_auto: tensor(0.2719, device='cuda:0', grad_fn=<AddBackward0>), loss_pre: tensor(0.1791, device='cuda:0', grad_fn=<NllLossBackward0>)[0m[0m
experiment  : INFO     [32m[32mstep: 67160 	 meta_lr 0.001000 	 training acc 0.90625 and training loss tensor(0.8262, device='cuda:0', grad_fn=<AddBackward0>), loss_auto: tensor(0.2709, device='cuda:0', grad_fn=<AddBackward0>), loss_pre: tensor(0.7991, device='cuda:0', grad_fn=<NllLossBackward0>)[0m[0m
experiment  : INFO     [32m[32mstep: 67200 	 meta_lr 0.001000 	 training acc 0.921875 and training loss tensor(0.4000, device='cuda:0', grad_fn=<AddBackward0>), loss_auto: tensor(0.2701, device='cuda:0', grad_fn=<AddBackward0>), loss_pre: tensor(0.3730, device='cuda:0', grad_fn=<NllLossBackward0>)[0m[0m
experiment  : INFO     [32m[32mstep: 67240 	 meta_lr 0.001000 	 training acc 0.90625 and training loss tensor(0.5040, device='cuda:0', grad_fn=<AddBackward0>), loss_auto: tensor(0.2749, device='cuda:0', grad_fn=<AddBackward0>), loss_pre: tensor(0.4766, device='cuda:0', grad_fn=<NllLossBackward0>)[0m[0m
experiment  : INFO     [32m[32mstep: 67280 	 meta_lr 0.001000 	 training acc 0.921875 and training loss tensor(0.3088, device='cuda:0', grad_fn=<AddBackward0>), loss_auto: tensor(0.2708, device='cuda:0', grad_fn=<AddBackward0>), loss_pre: tensor(0.2817, device='cuda:0', grad_fn=<NllLossBackward0>)[0m[0m
experiment  : INFO     [32m[32mstep: 67320 	 meta_lr 0.001000 	 training acc 0.875 and training loss tensor(0.6607, device='cuda:0', grad_fn=<AddBackward0>), loss_auto: tensor(0.2717, device='cuda:0', grad_fn=<AddBackward0>), loss_pre: tensor(0.6335, device='cuda:0', grad_fn=<NllLossBackward0>)[0m[0m
experiment  : INFO     [32m[32mstep: 67360 	 meta_lr 0.001000 	 training acc 0.96875 and training loss tensor(0.2295, device='cuda:0', grad_fn=<AddBackward0>), loss_auto: tensor(0.2744, device='cuda:0', grad_fn=<AddBackward0>), loss_pre: tensor(0.2021, device='cuda:0', grad_fn=<NllLossBackward0>)[0m[0m
experiment  : INFO     [32m[32mstep: 67400 	 meta_lr 0.001000 	 training acc 0.90625 and training loss tensor(0.5390, device='cuda:0', grad_fn=<AddBackward0>), loss_auto: tensor(0.2742, device='cuda:0', grad_fn=<AddBackward0>), loss_pre: tensor(0.5116, device='cuda:0', grad_fn=<NllLossBackward0>)[0m[0m
experiment  : INFO     [32m[32mstep: 67440 	 meta_lr 0.001000 	 training acc 0.921875 and training loss tensor(0.3244, device='cuda:0', grad_fn=<AddBackward0>), loss_auto: tensor(0.2751, device='cuda:0', grad_fn=<AddBackward0>), loss_pre: tensor(0.2969, device='cuda:0', grad_fn=<NllLossBackward0>)[0m[0m
experiment  : INFO     [32m[32mstep: 67480 	 meta_lr 0.001000 	 training acc 0.890625 and training loss tensor(0.4630, device='cuda:0', grad_fn=<AddBackward0>), loss_auto: tensor(0.2730, device='cuda:0', grad_fn=<AddBackward0>), loss_pre: tensor(0.4357, device='cuda:0', grad_fn=<NllLossBackward0>)[0m[0m
experiment  : INFO     [32m[32mTrain Accuracy = 0.9347510373444099[0m[0m
experiment  : INFO     [32m[32mTest Accuracy = 0.9364626556016739[0m[0m
experiment  : INFO     [32m[32mstep: 67520 	 meta_lr 0.001000 	 training acc 0.8125 and training loss tensor(0.9065, device='cuda:0', grad_fn=<AddBackward0>), loss_auto: tensor(0.2773, device='cuda:0', grad_fn=<AddBackward0>), loss_pre: tensor(0.8787, device='cuda:0', grad_fn=<NllLossBackward0>)[0m[0m
experiment  : INFO     [32m[32mstep: 67560 	 meta_lr 0.001000 	 training acc 0.953125 and training loss tensor(0.3630, device='cuda:0', grad_fn=<AddBackward0>), loss_auto: tensor(0.2720, device='cuda:0', grad_fn=<AddBackward0>), loss_pre: tensor(0.3358, device='cuda:0', grad_fn=<NllLossBackward0>)[0m[0m
experiment  : INFO     [32m[32mstep: 67600 	 meta_lr 0.001000 	 training acc 0.84375 and training loss tensor(0.8283, device='cuda:0', grad_fn=<AddBackward0>), loss_auto: tensor(0.2729, device='cuda:0', grad_fn=<AddBackward0>), loss_pre: tensor(0.8010, device='cuda:0', grad_fn=<NllLossBackward0>)[0m[0m
experiment  : INFO     [32m[32mstep: 67640 	 meta_lr 0.001000 	 training acc 0.90625 and training loss tensor(0.4409, device='cuda:0', grad_fn=<AddBackward0>), loss_auto: tensor(0.2705, device='cuda:0', grad_fn=<AddBackward0>), loss_pre: tensor(0.4139, device='cuda:0', grad_fn=<NllLossBackward0>)[0m[0m
experiment  : INFO     [32m[32mstep: 67680 	 meta_lr 0.001000 	 training acc 0.9375 and training loss tensor(0.4590, device='cuda:0', grad_fn=<AddBackward0>), loss_auto: tensor(0.2695, device='cuda:0', grad_fn=<AddBackward0>), loss_pre: tensor(0.4320, device='cuda:0', grad_fn=<NllLossBackward0>)[0m[0m
experiment  : INFO     [32m[32mstep: 67720 	 meta_lr 0.001000 	 training acc 0.859375 and training loss tensor(0.7504, device='cuda:0', grad_fn=<AddBackward0>), loss_auto: tensor(0.2741, device='cuda:0', grad_fn=<AddBackward0>), loss_pre: tensor(0.7230, device='cuda:0', grad_fn=<NllLossBackward0>)[0m[0m
experiment  : INFO     [32m[32mstep: 67760 	 meta_lr 0.001000 	 training acc 0.90625 and training loss tensor(0.3736, device='cuda:0', grad_fn=<AddBackward0>), loss_auto: tensor(0.2689, device='cuda:0', grad_fn=<AddBackward0>), loss_pre: tensor(0.3468, device='cuda:0', grad_fn=<NllLossBackward0>)[0m[0m
experiment  : INFO     [32m[32mstep: 67800 	 meta_lr 0.001000 	 training acc 0.9375 and training loss tensor(0.3618, device='cuda:0', grad_fn=<AddBackward0>), loss_auto: tensor(0.2693, device='cuda:0', grad_fn=<AddBackward0>), loss_pre: tensor(0.3348, device='cuda:0', grad_fn=<NllLossBackward0>)[0m[0m
experiment  : INFO     [32m[32mstep: 67840 	 meta_lr 0.001000 	 training acc 0.96875 and training loss tensor(0.1593, device='cuda:0', grad_fn=<AddBackward0>), loss_auto: tensor(0.2741, device='cuda:0', grad_fn=<AddBackward0>), loss_pre: tensor(0.1319, device='cuda:0', grad_fn=<NllLossBackward0>)[0m[0m
experiment  : INFO     [32m[32mstep: 67880 	 meta_lr 0.001000 	 training acc 0.9375 and training loss tensor(0.3882, device='cuda:0', grad_fn=<AddBackward0>), loss_auto: tensor(0.2745, device='cuda:0', grad_fn=<AddBackward0>), loss_pre: tensor(0.3608, device='cuda:0', grad_fn=<NllLossBackward0>)[0m[0m
experiment  : INFO     [32m[32mstep: 67920 	 meta_lr 0.001000 	 training acc 0.953125 and training loss tensor(0.2233, device='cuda:0', grad_fn=<AddBackward0>), loss_auto: tensor(0.2691, device='cuda:0', grad_fn=<AddBackward0>), loss_pre: tensor(0.1964, device='cuda:0', grad_fn=<NllLossBackward0>)[0m[0m
experiment  : INFO     [32m[32mstep: 67960 	 meta_lr 0.001000 	 training acc 0.890625 and training loss tensor(0.7906, device='cuda:0', grad_fn=<AddBackward0>), loss_auto: tensor(0.2754, device='cuda:0', grad_fn=<AddBackward0>), loss_pre: tensor(0.7630, device='cuda:0', grad_fn=<NllLossBackward0>)[0m[0m
experiment  : INFO     [32m[32mstep: 68000 	 meta_lr 0.001000 	 training acc 0.90625 and training loss tensor(0.7223, device='cuda:0', grad_fn=<AddBackward0>), loss_auto: tensor(0.2736, device='cuda:0', grad_fn=<AddBackward0>), loss_pre: tensor(0.6950, device='cuda:0', grad_fn=<NllLossBackward0>)[0m[0m
experiment  : INFO     [32m[32mTrain Accuracy = 0.9321576763485606[0m[0m
experiment  : INFO     [32m[32mTest Accuracy = 0.9322095435684774[0m[0m
experiment  : INFO     [32m[32mstep: 68040 	 meta_lr 0.001000 	 training acc 0.953125 and training loss tensor(0.7100, device='cuda:0', grad_fn=<AddBackward0>), loss_auto: tensor(0.2756, device='cuda:0', grad_fn=<AddBackward0>), loss_pre: tensor(0.6824, device='cuda:0', grad_fn=<NllLossBackward0>)[0m[0m
experiment  : INFO     [32m[32mstep: 68080 	 meta_lr 0.001000 	 training acc 0.890625 and training loss tensor(0.4030, device='cuda:0', grad_fn=<AddBackward0>), loss_auto: tensor(0.2785, device='cuda:0', grad_fn=<AddBackward0>), loss_pre: tensor(0.3752, device='cuda:0', grad_fn=<NllLossBackward0>)[0m[0m
experiment  : INFO     [32m[32mstep: 68120 	 meta_lr 0.001000 	 training acc 0.859375 and training loss tensor(0.6232, device='cuda:0', grad_fn=<AddBackward0>), loss_auto: tensor(0.2732, device='cuda:0', grad_fn=<AddBackward0>), loss_pre: tensor(0.5958, device='cuda:0', grad_fn=<NllLossBackward0>)[0m[0m
experiment  : INFO     [32m[32mstep: 68160 	 meta_lr 0.001000 	 training acc 0.9375 and training loss tensor(0.2718, device='cuda:0', grad_fn=<AddBackward0>), loss_auto: tensor(0.2740, device='cuda:0', grad_fn=<AddBackward0>), loss_pre: tensor(0.2444, device='cuda:0', grad_fn=<NllLossBackward0>)[0m[0m
experiment  : INFO     [32m[32mstep: 68200 	 meta_lr 0.001000 	 training acc 0.875 and training loss tensor(0.5354, device='cuda:0', grad_fn=<AddBackward0>), loss_auto: tensor(0.2727, device='cuda:0', grad_fn=<AddBackward0>), loss_pre: tensor(0.5082, device='cuda:0', grad_fn=<NllLossBackward0>)[0m[0m
experiment  : INFO     [32m[32mstep: 68240 	 meta_lr 0.001000 	 training acc 0.953125 and training loss tensor(0.2385, device='cuda:0', grad_fn=<AddBackward0>), loss_auto: tensor(0.2732, device='cuda:0', grad_fn=<AddBackward0>), loss_pre: tensor(0.2112, device='cuda:0', grad_fn=<NllLossBackward0>)[0m[0m
experiment  : INFO     [32m[32mstep: 68280 	 meta_lr 0.001000 	 training acc 0.875 and training loss tensor(0.5085, device='cuda:0', grad_fn=<AddBackward0>), loss_auto: tensor(0.2749, device='cuda:0', grad_fn=<AddBackward0>), loss_pre: tensor(0.4810, device='cuda:0', grad_fn=<NllLossBackward0>)[0m[0m
experiment  : INFO     [32m[32mstep: 68320 	 meta_lr 0.001000 	 training acc 0.953125 and training loss tensor(0.3457, device='cuda:0', grad_fn=<AddBackward0>), loss_auto: tensor(0.2765, device='cuda:0', grad_fn=<AddBackward0>), loss_pre: tensor(0.3180, device='cuda:0', grad_fn=<NllLossBackward0>)[0m[0m
experiment  : INFO     [32m[32mstep: 68360 	 meta_lr 0.001000 	 training acc 0.921875 and training loss tensor(0.4927, device='cuda:0', grad_fn=<AddBackward0>), loss_auto: tensor(0.2738, device='cuda:0', grad_fn=<AddBackward0>), loss_pre: tensor(0.4653, device='cuda:0', grad_fn=<NllLossBackward0>)[0m[0m
experiment  : INFO     [32m[32mstep: 68400 	 meta_lr 0.001000 	 training acc 0.9375 and training loss tensor(0.3069, device='cuda:0', grad_fn=<AddBackward0>), loss_auto: tensor(0.2704, device='cuda:0', grad_fn=<AddBackward0>), loss_pre: tensor(0.2799, device='cuda:0', grad_fn=<NllLossBackward0>)[0m[0m
experiment  : INFO     [32m[32mstep: 68440 	 meta_lr 0.001000 	 training acc 0.953125 and training loss tensor(0.2406, device='cuda:0', grad_fn=<AddBackward0>), loss_auto: tensor(0.2707, device='cuda:0', grad_fn=<AddBackward0>), loss_pre: tensor(0.2136, device='cuda:0', grad_fn=<NllLossBackward0>)[0m[0m
experiment  : INFO     [32m[32mstep: 68480 	 meta_lr 0.001000 	 training acc 0.90625 and training loss tensor(0.5454, device='cuda:0', grad_fn=<AddBackward0>), loss_auto: tensor(0.2705, device='cuda:0', grad_fn=<AddBackward0>), loss_pre: tensor(0.5184, device='cuda:0', grad_fn=<NllLossBackward0>)[0m[0m
experiment  : INFO     [32m[32mTrain Accuracy = 0.9390041493776062[0m[0m
experiment  : INFO     [32m[32mTest Accuracy = 0.9398340248962787[0m[0m
experiment  : INFO     [32m[32mstep: 68520 	 meta_lr 0.001000 	 training acc 0.9375 and training loss tensor(0.3151, device='cuda:0', grad_fn=<AddBackward0>), loss_auto: tensor(0.2706, device='cuda:0', grad_fn=<AddBackward0>), loss_pre: tensor(0.2881, device='cuda:0', grad_fn=<NllLossBackward0>)[0m[0m
experiment  : INFO     [32m[32mstep: 68560 	 meta_lr 0.001000 	 training acc 0.90625 and training loss tensor(0.4134, device='cuda:0', grad_fn=<AddBackward0>), loss_auto: tensor(0.2701, device='cuda:0', grad_fn=<AddBackward0>), loss_pre: tensor(0.3864, device='cuda:0', grad_fn=<NllLossBackward0>)[0m[0m
experiment  : INFO     [32m[32mstep: 68600 	 meta_lr 0.001000 	 training acc 0.921875 and training loss tensor(0.3999, device='cuda:0', grad_fn=<AddBackward0>), loss_auto: tensor(0.2741, device='cuda:0', grad_fn=<AddBackward0>), loss_pre: tensor(0.3725, device='cuda:0', grad_fn=<NllLossBackward0>)[0m[0m
experiment  : INFO     [32m[32mstep: 68640 	 meta_lr 0.001000 	 training acc 0.953125 and training loss tensor(0.2764, device='cuda:0', grad_fn=<AddBackward0>), loss_auto: tensor(0.2698, device='cuda:0', grad_fn=<AddBackward0>), loss_pre: tensor(0.2494, device='cuda:0', grad_fn=<NllLossBackward0>)[0m[0m
experiment  : INFO     [32m[32mstep: 68680 	 meta_lr 0.001000 	 training acc 0.90625 and training loss tensor(0.3926, device='cuda:0', grad_fn=<AddBackward0>), loss_auto: tensor(0.2694, device='cuda:0', grad_fn=<AddBackward0>), loss_pre: tensor(0.3657, device='cuda:0', grad_fn=<NllLossBackward0>)[0m[0m
experiment  : INFO     [32m[32mstep: 68720 	 meta_lr 0.001000 	 training acc 0.859375 and training loss tensor(0.5797, device='cuda:0', grad_fn=<AddBackward0>), loss_auto: tensor(0.2706, device='cuda:0', grad_fn=<AddBackward0>), loss_pre: tensor(0.5527, device='cuda:0', grad_fn=<NllLossBackward0>)[0m[0m
experiment  : INFO     [32m[32mstep: 68760 	 meta_lr 0.001000 	 training acc 0.875 and training loss tensor(0.5850, device='cuda:0', grad_fn=<AddBackward0>), loss_auto: tensor(0.2727, device='cuda:0', grad_fn=<AddBackward0>), loss_pre: tensor(0.5578, device='cuda:0', grad_fn=<NllLossBackward0>)[0m[0m
experiment  : INFO     [32m[32mstep: 68800 	 meta_lr 0.001000 	 training acc 0.921875 and training loss tensor(0.4761, device='cuda:0', grad_fn=<AddBackward0>), loss_auto: tensor(0.2750, device='cuda:0', grad_fn=<AddBackward0>), loss_pre: tensor(0.4486, device='cuda:0', grad_fn=<NllLossBackward0>)[0m[0m
experiment  : INFO     [32m[32mstep: 68840 	 meta_lr 0.001000 	 training acc 0.921875 and training loss tensor(0.2955, device='cuda:0', grad_fn=<AddBackward0>), loss_auto: tensor(0.2724, device='cuda:0', grad_fn=<AddBackward0>), loss_pre: tensor(0.2683, device='cuda:0', grad_fn=<NllLossBackward0>)[0m[0m
experiment  : INFO     [32m[32mstep: 68880 	 meta_lr 0.001000 	 training acc 0.96875 and training loss tensor(0.1784, device='cuda:0', grad_fn=<AddBackward0>), loss_auto: tensor(0.2732, device='cuda:0', grad_fn=<AddBackward0>), loss_pre: tensor(0.1511, device='cuda:0', grad_fn=<NllLossBackward0>)[0m[0m
experiment  : INFO     [32m[32mstep: 68920 	 meta_lr 0.001000 	 training acc 0.890625 and training loss tensor(0.4834, device='cuda:0', grad_fn=<AddBackward0>), loss_auto: tensor(0.2734, device='cuda:0', grad_fn=<AddBackward0>), loss_pre: tensor(0.4561, device='cuda:0', grad_fn=<NllLossBackward0>)[0m[0m
experiment  : INFO     [32m[32mstep: 68960 	 meta_lr 0.001000 	 training acc 0.90625 and training loss tensor(0.4896, device='cuda:0', grad_fn=<AddBackward0>), loss_auto: tensor(0.2739, device='cuda:0', grad_fn=<AddBackward0>), loss_pre: tensor(0.4622, device='cuda:0', grad_fn=<NllLossBackward0>)[0m[0m
experiment  : INFO     [32m[32mstep: 69000 	 meta_lr 0.001000 	 training acc 0.9375 and training loss tensor(0.3129, device='cuda:0', grad_fn=<AddBackward0>), loss_auto: tensor(0.2780, device='cuda:0', grad_fn=<AddBackward0>), loss_pre: tensor(0.2851, device='cuda:0', grad_fn=<NllLossBackward0>)[0m[0m
experiment  : INFO     [32m[32mTrain Accuracy = 0.9382261410788495[0m[0m
experiment  : INFO     [32m[32mTest Accuracy = 0.9373962655601804[0m[0m
experiment  : INFO     [32m[32mstep: 69040 	 meta_lr 0.001000 	 training acc 0.96875 and training loss tensor(0.2606, device='cuda:0', grad_fn=<AddBackward0>), loss_auto: tensor(0.2737, device='cuda:0', grad_fn=<AddBackward0>), loss_pre: tensor(0.2332, device='cuda:0', grad_fn=<NllLossBackward0>)[0m[0m
experiment  : INFO     [32m[32mstep: 69080 	 meta_lr 0.001000 	 training acc 0.984375 and training loss tensor(0.1868, device='cuda:0', grad_fn=<AddBackward0>), loss_auto: tensor(0.2720, device='cuda:0', grad_fn=<AddBackward0>), loss_pre: tensor(0.1596, device='cuda:0', grad_fn=<NllLossBackward0>)[0m[0m
experiment  : INFO     [32m[32mstep: 69120 	 meta_lr 0.001000 	 training acc 0.9375 and training loss tensor(0.5217, device='cuda:0', grad_fn=<AddBackward0>), loss_auto: tensor(0.2744, device='cuda:0', grad_fn=<AddBackward0>), loss_pre: tensor(0.4943, device='cuda:0', grad_fn=<NllLossBackward0>)[0m[0m
experiment  : INFO     [32m[32mstep: 69160 	 meta_lr 0.001000 	 training acc 0.984375 and training loss tensor(0.1106, device='cuda:0', grad_fn=<AddBackward0>), loss_auto: tensor(0.2721, device='cuda:0', grad_fn=<AddBackward0>), loss_pre: tensor(0.0833, device='cuda:0', grad_fn=<NllLossBackward0>)[0m[0m
experiment  : INFO     [32m[32mstep: 69200 	 meta_lr 0.001000 	 training acc 0.90625 and training loss tensor(0.5467, device='cuda:0', grad_fn=<AddBackward0>), loss_auto: tensor(0.2715, device='cuda:0', grad_fn=<AddBackward0>), loss_pre: tensor(0.5196, device='cuda:0', grad_fn=<NllLossBackward0>)[0m[0m
experiment  : INFO     [32m[32mstep: 69240 	 meta_lr 0.001000 	 training acc 0.953125 and training loss tensor(0.2340, device='cuda:0', grad_fn=<AddBackward0>), loss_auto: tensor(0.2689, device='cuda:0', grad_fn=<AddBackward0>), loss_pre: tensor(0.2071, device='cuda:0', grad_fn=<NllLossBackward0>)[0m[0m
experiment  : INFO     [32m[32mstep: 69280 	 meta_lr 0.001000 	 training acc 0.90625 and training loss tensor(0.3393, device='cuda:0', grad_fn=<AddBackward0>), loss_auto: tensor(0.2766, device='cuda:0', grad_fn=<AddBackward0>), loss_pre: tensor(0.3116, device='cuda:0', grad_fn=<NllLossBackward0>)[0m[0m
experiment  : INFO     [32m[32mstep: 69320 	 meta_lr 0.001000 	 training acc 0.953125 and training loss tensor(0.3251, device='cuda:0', grad_fn=<AddBackward0>), loss_auto: tensor(0.2739, device='cuda:0', grad_fn=<AddBackward0>), loss_pre: tensor(0.2977, device='cuda:0', grad_fn=<NllLossBackward0>)[0m[0m
experiment  : INFO     [32m[32mstep: 69360 	 meta_lr 0.001000 	 training acc 0.84375 and training loss tensor(1.5057, device='cuda:0', grad_fn=<AddBackward0>), loss_auto: tensor(0.2726, device='cuda:0', grad_fn=<AddBackward0>), loss_pre: tensor(1.4785, device='cuda:0', grad_fn=<NllLossBackward0>)[0m[0m
experiment  : INFO     [32m[32mstep: 69400 	 meta_lr 0.001000 	 training acc 0.90625 and training loss tensor(0.6060, device='cuda:0', grad_fn=<AddBackward0>), loss_auto: tensor(0.2743, device='cuda:0', grad_fn=<AddBackward0>), loss_pre: tensor(0.5786, device='cuda:0', grad_fn=<NllLossBackward0>)[0m[0m
experiment  : INFO     [32m[32mstep: 69440 	 meta_lr 0.001000 	 training acc 0.875 and training loss tensor(0.7033, device='cuda:0', grad_fn=<AddBackward0>), loss_auto: tensor(0.2697, device='cuda:0', grad_fn=<AddBackward0>), loss_pre: tensor(0.6763, device='cuda:0', grad_fn=<NllLossBackward0>)[0m[0m
experiment  : INFO     [32m[32mstep: 69480 	 meta_lr 0.001000 	 training acc 0.890625 and training loss tensor(0.5725, device='cuda:0', grad_fn=<AddBackward0>), loss_auto: tensor(0.2675, device='cuda:0', grad_fn=<AddBackward0>), loss_pre: tensor(0.5458, device='cuda:0', grad_fn=<NllLossBackward0>)[0m[0m
experiment  : INFO     [32m[32mTrain Accuracy = 0.9436721991701369[0m[0m
experiment  : INFO     [32m[32mTest Accuracy = 0.9450207468879788[0m[0m
experiment  : INFO     [32m[32mstep: 69520 	 meta_lr 0.001000 	 training acc 0.921875 and training loss tensor(0.3662, device='cuda:0', grad_fn=<AddBackward0>), loss_auto: tensor(0.2718, device='cuda:0', grad_fn=<AddBackward0>), loss_pre: tensor(0.3390, device='cuda:0', grad_fn=<NllLossBackward0>)[0m[0m
experiment  : INFO     [32m[32mstep: 69560 	 meta_lr 0.001000 	 training acc 0.953125 and training loss tensor(0.2276, device='cuda:0', grad_fn=<AddBackward0>), loss_auto: tensor(0.2707, device='cuda:0', grad_fn=<AddBackward0>), loss_pre: tensor(0.2005, device='cuda:0', grad_fn=<NllLossBackward0>)[0m[0m
experiment  : INFO     [32m[32mstep: 69600 	 meta_lr 0.001000 	 training acc 0.90625 and training loss tensor(0.5321, device='cuda:0', grad_fn=<AddBackward0>), loss_auto: tensor(0.2726, device='cuda:0', grad_fn=<AddBackward0>), loss_pre: tensor(0.5048, device='cuda:0', grad_fn=<NllLossBackward0>)[0m[0m
experiment  : INFO     [32m[32mstep: 69640 	 meta_lr 0.001000 	 training acc 0.890625 and training loss tensor(0.5401, device='cuda:0', grad_fn=<AddBackward0>), loss_auto: tensor(0.2771, device='cuda:0', grad_fn=<AddBackward0>), loss_pre: tensor(0.5123, device='cuda:0', grad_fn=<NllLossBackward0>)[0m[0m
experiment  : INFO     [32m[32mstep: 69680 	 meta_lr 0.001000 	 training acc 0.953125 and training loss tensor(0.2996, device='cuda:0', grad_fn=<AddBackward0>), loss_auto: tensor(0.2708, device='cuda:0', grad_fn=<AddBackward0>), loss_pre: tensor(0.2725, device='cuda:0', grad_fn=<NllLossBackward0>)[0m[0m
experiment  : INFO     [32m[32mstep: 69720 	 meta_lr 0.001000 	 training acc 0.9375 and training loss tensor(0.3176, device='cuda:0', grad_fn=<AddBackward0>), loss_auto: tensor(0.2745, device='cuda:0', grad_fn=<AddBackward0>), loss_pre: tensor(0.2901, device='cuda:0', grad_fn=<NllLossBackward0>)[0m[0m
experiment  : INFO     [32m[32mstep: 69760 	 meta_lr 0.001000 	 training acc 0.890625 and training loss tensor(0.4388, device='cuda:0', grad_fn=<AddBackward0>), loss_auto: tensor(0.2675, device='cuda:0', grad_fn=<AddBackward0>), loss_pre: tensor(0.4121, device='cuda:0', grad_fn=<NllLossBackward0>)[0m[0m
experiment  : INFO     [32m[32mstep: 69800 	 meta_lr 0.001000 	 training acc 0.859375 and training loss tensor(1.3840, device='cuda:0', grad_fn=<AddBackward0>), loss_auto: tensor(0.2768, device='cuda:0', grad_fn=<AddBackward0>), loss_pre: tensor(1.3563, device='cuda:0', grad_fn=<NllLossBackward0>)[0m[0m
experiment  : INFO     [32m[32mstep: 69840 	 meta_lr 0.001000 	 training acc 0.875 and training loss tensor(0.6746, device='cuda:0', grad_fn=<AddBackward0>), loss_auto: tensor(0.2710, device='cuda:0', grad_fn=<AddBackward0>), loss_pre: tensor(0.6475, device='cuda:0', grad_fn=<NllLossBackward0>)[0m[0m
experiment  : INFO     [32m[32mstep: 69880 	 meta_lr 0.001000 	 training acc 0.90625 and training loss tensor(0.4401, device='cuda:0', grad_fn=<AddBackward0>), loss_auto: tensor(0.2710, device='cuda:0', grad_fn=<AddBackward0>), loss_pre: tensor(0.4130, device='cuda:0', grad_fn=<NllLossBackward0>)[0m[0m
experiment  : INFO     [32m[32mstep: 69920 	 meta_lr 0.001000 	 training acc 0.90625 and training loss tensor(0.6071, device='cuda:0', grad_fn=<AddBackward0>), loss_auto: tensor(0.2698, device='cuda:0', grad_fn=<AddBackward0>), loss_pre: tensor(0.5801, device='cuda:0', grad_fn=<NllLossBackward0>)[0m[0m
experiment  : INFO     [32m[32mstep: 69960 	 meta_lr 0.001000 	 training acc 0.984375 and training loss tensor(0.1427, device='cuda:0', grad_fn=<AddBackward0>), loss_auto: tensor(0.2760, device='cuda:0', grad_fn=<AddBackward0>), loss_pre: tensor(0.1151, device='cuda:0', grad_fn=<NllLossBackward0>)[0m[0m
